{"0": {"index": [0, 1, 2, 3, 4, 5, 6, 7, 8, 9, 10, 11, 12, 13, 14, 15, 16, 17, 18, 19, 20, 21, 22, 23, 24], "columns": {"0": "eneral information", "1": "Unnamed: 0"}, "data": [["Survey name", "ABP22106"], ["Legal basis", "Petroleumsforskriften jf Ressursforskriften"], ["NPDID for survey", "10416"], ["Factmaps - new window", "link to map"], ["Status", "Avlyst"], ["Area", "Nordsj\u00f8en"], ["Market available", "Ja"], ["Category", "Andre unders\u00f8kelser"], ["Main type", "Grunnunders\u00f8kelse"], ["Sub type", "Ikke seismikk"], ["Company - responsible", "Aker BP ASA"], ["Source type", NaN], ["Number of sources", NaN], ["Source size", NaN], ["Source pressure", NaN], ["Sensor type", NaN], ["Numbers of sensors", NaN], ["Sensor length [m]", NaN], ["Sensor width [m]", NaN], ["Start date - planned", "07.06.2022"], ["Start date", NaN], ["Completed date - planned", "11.06.2022"], ["Completed date", NaN], ["Total length [boat km]", NaN], ["Net area - actual 3D/4D [km2]", NaN]]}, "1": {"index": [], "columns": {"0": "Unnamed: 0"}, "data": []}, "2": {"index": [0, 1, 2, 3, 4], "columns": {"0": "Date", "1": "Type of update", "2": "Information"}, "data": [["07.06.2022", "Status", "Avlyst"], ["07.06.2022", "Melding - Unders\u00f8kelsen avlyses", NaN], ["07.06.2022", "Fiskeridirektoratets uttalelse tilendringsmelding", "Vi har ingen merknader p\u00e5 fiskerifaglig grunnlag ogopprettholder v\u00e5r tidligere uttalelse i saken."], ["05.06.2022", "Melding - Endringsmelding somkrever saksbehandling", "Mindre forsinkelse oppst\u00e5tt p\u00e5grunn av v\u00e6r."], ["27.05.2022", "Status", "Planlagt"]]}, "3": {"index": [0, 1, 2, 3, 4, 5, 6, 7, 8, 9, 10, 11, 12, 13, 14, 15, 16, 17, 18, 19, 20], "columns": {"0": "23.05.2022", "1": "Fiskeridirektoratets uttalelse til", "2": "Det ventes ikke stor fiskeriaktivitet i omr\u00e5det for"}, "data": [[NaN, "innmelding", "unders\u00f8kelse i den innmeldte perioden, men sporadisk"], [NaN, NaN, "fiskeriaktivitet kan ikke utelukkes."], [NaN, NaN, "Vi forutsetter at unders\u00f8kelsen utf\u00f8res med den st\u00f8rste"], [NaN, NaN, "aktsomhet, uten \u00e5 v\u00e6re til hinder for fiskeriaktiviteten i"], [NaN, NaN, "omr\u00e5det som nevnt over. Unders\u00f8kelsen kan bli"], [NaN, NaN, "anmodet endret og stanset dersom det oppst\u00e5r"], [NaN, NaN, "konflikter med fiskeriene."], [NaN, NaN, "Etter en helhetsvurdering, med bakgrunn i type"], [NaN, NaN, "unders\u00f8kelse, og under forutsetning av at det ikke skal"], [NaN, NaN, "slepes utstyr i sj\u00f8en eller samles inn seismikk, vil vi ikke"], [NaN, NaN, "kreve fiskerikyndig for denne unders\u00f8kelsen. Vi r\u00e5der"], [NaN, NaN, "dere imidlertid til \u00e5 planlegge grunnunders\u00f8kelsen godt"], [NaN, NaN, "p\u00e5 forh\u00e5nd ut fra fiskeriaktiviteten som nevnt over."], ["19.05.2022", "Havforskningsinstituttets", "Havforskningsinstituttet har ingen merknader til de"], [NaN, "uttalelse til innmelding", "planlagte unders\u00f8kelsene."], ["18.05.2022", "Status", "Under behandling"], ["18.05.2022", "Melding - Innmelding", "Det planlegges gjennomf\u00f8rt geoteknisk"], [NaN, NaN, "grunnunders\u00f8kelse med bruk av sj\u00f8bunns CPT utstyr"], [NaN, NaN, "iforbindelse med conductor lokasjon og anker"], [NaN, NaN, "lokasjoner. CPT unders\u00f8kelsen til minimum dybde p\u00e5 20"], [NaN, NaN, "meter. Fart\u00f8yet er statisk under unders\u00f8kelsen."]]}, "4": {"index": [0], "columns": {"0": "Type of licence", "1": "Licence name"}, "data": [["Utvinningstillatelse", 932]]}, "5": {"index": [], "columns": {"0": "Type data", "1": "Format", "2": "Medium", "3": "Comment"}, "data": []}, "6": {"index": [0, 1, 2, 3], "columns": {"0": "Vessel Name", "1": "Type of vessel", "2": "Phone", "3": "IMO-number", "4": "Call", "5": "Nation"}, "data": [[NaN, NaN, "number", NaN, "signal", NaN], ["Normand", "Hovedfart\u00f8y", NaN, 9249348.0, "LAXH7", "Norge"], ["Mermaid", "(innsamlingsfa", NaN, NaN, NaN, NaN], [NaN, "rt\u00f8y)", NaN, NaN, NaN, NaN]]}, "7": {"index": [], "columns": {"0": "From date", "1": "To date", "2": "Name", "3": "Phone number"}, "data": []}, "8": {"index": [0, 1, 2, 3, 4], "columns": {"0": "Point", "1": "NS", "2": "NS minutes", "3": "Unnamed: 0", "4": "EW", "5": "EW minutes", "6": "Unnamed: 1"}, "data": [["number", "degrees", "(decimal)", NaN, "degrees", "(decimal)", NaN], ["1", "61", "45.01", "N", "2", "57.57", "E"], ["2", "61", "44.99", "N", "2", "58.00", "E"], ["3", "61", "44.81", "N", "2", "57.79", "E"], ["4", "61", "44.84", "N", "2", "57.47", "E"]]}, "9": {"index": [0, 1, 2, 3, 4], "columns": {"0": "Point", "1": "NS", "2": "NS.1", "3": "NS.2", "4": "Unnamed: 0", "5": "EW", "6": "EW.1", "7": "EW.2", "8": "Unnamed: 1"}, "data": [["number", "degrees", "minutes", "seconds", NaN, "degrees", "minutes", "seconds", NaN], ["1", "61", "45", "0.67", "N", "2", "57", "34.22", "E"], ["2", "61", "44", "59.67", "N", "2", "58", "0.22", "E"], ["3", "61", "44", "48.67", "N", "2", "57", "47.22", "E"], ["4", "61", "44", "50.67", "N", "2", "57", "28.22", "E"]]}, "kind": "osdu:wks:master-data--Survey:1.0.0 ", "id": "npd:master-data--Factpages-Survey:10416"}