{"0": {"index": [0, 1, 2, 3, 4, 5, 6, 7, 8, 9, 10, 11, 12, 13, 14, 15, 16, 17, 18, 19, 20, 21, 22, 23, 24], "columns": {"0": "eneral information", "1": "Unnamed: 0"}, "data": [["Survey name", "PGU22100"], ["Legal basis", "Petroleumsforskriften jf Ressursforskriften"], ["NPDID for survey", "10441"], ["Factmaps - new window", "link to map"], ["Status", "Ferdig"], ["Area", "Norskehavet"], ["Market available", "Nei"], ["Category", "Andre unders\u00f8kelser"], ["Main type", "Grunnunders\u00f8kelse"], ["Sub type", "Ikke seismikk"], ["Company - responsible", "PGNiG Upstream Norway AS"], ["Source type", NaN], ["Number of sources", NaN], ["Source size", NaN], ["Source pressure", NaN], ["Sensor type", NaN], ["Numbers of sensors", NaN], ["Sensor length [m]", NaN], ["Sensor width [m]", NaN], ["Start date - planned", "24.06.2022"], ["Start date", "06.07.2022"], ["Completed date - planned", "30.07.2022"], ["Completed date", "10.07.2022"], ["Total length [boat km]", NaN], ["Net area - actual 3D/4D [km2]", NaN]]}, "1": {"index": [], "columns": {"0": "Unnamed: 0"}, "data": []}, "2": {"index": [0, 1, 2, 3, 4, 5], "columns": {"0": "Date", "1": "Type of update", "2": "Information"}, "data": [["10.07.2022", "Melding - Unders\u00f8kelsen er ferdig", NaN], ["10.07.2022", "Status", "Ferdig"], ["06.07.2022", "Status", "P\u00e5g\u00e5ende"], ["06.07.2022", "Melding - Unders\u00f8kelsen startesopp", NaN], ["01.07.2022", "Havforskningsinstituttetsuttalelse til endringsmelding", "Havforskningsinstituttet har ingen merknader til mottattendringsmelding."], ["23.06.2022", "Melding - Endringsmelding - tilinfo", NaN]]}, "3": {"index": [0, 1, 2, 3, 4, 5, 6, 7, 8, 9, 10, 11, 12, 13, 14, 15, 16, 17, 18, 19, 20, 21, 22], "columns": {"0": "21.06.2022", "1": "Oljedirektoratets uttalelse til", "2": "Oljedirektoratet (OD) viser til melding om endring av"}, "data": [[NaN, "endringsmelding", "tidsrom for unders\u00f8kelsen. P\u00e5 bakgrunn av innmeldt"], [NaN, NaN, "endring og ny uttalelse fra Fiskeridirektoratet, har OD"], [NaN, NaN, "ingen ytterligere merknader til at unders\u00f8kelsen kan"], [NaN, NaN, "gjennomf\u00f8res som planlagt dersom disse blir fulgt."], ["17.06.2022", "Melding - Endringsmelding - til", NaN], [NaN, "info", NaN], ["17.06.2022", "Melding - Endringsmelding - til", NaN], [NaN, "info", NaN], ["15.06.2022", "Melding - Endringsmelding - til", NaN], [NaN, "info", NaN], ["13.06.2022", "Fiskeridirektoratets uttalelse til", "Vi har foretatt en ny fiskerifaglig vurdering som viser at"], [NaN, "endringsmelding", "endring av oppstartsdato fra 10. juni 2022 til 20. juni"], [NaN, NaN, "2022 og endring av sluttdato fra 1. juli 2022 til 30. juli"], [NaN, NaN, "2022. Endring av tidspunktet for gjennomf\u00f8ring av"], [NaN, NaN, "unders\u00f8kelsen ber\u00f8rer ikke nye fiskerier."], [NaN, NaN, "Da det ikke er endring i fiskeriene som unders\u00f8kelsen"], [NaN, NaN, "vil ber\u00f8re, vil uttalelsen som ble utarbeidet i"], [NaN, NaN, "oversendelsen datert 8. juni 2022 fortsatt legges til"], [NaN, NaN, "grunn"], [NaN, NaN, "Utfra en helhetsvurdering av fiskeriaktivitet samt type"], [NaN, NaN, "av oms\u00f8kte unders\u00f8kelse, vil ikke Fiskeridirektoratet"], [NaN, NaN, "anmode om fiskerikyndig bemanning."], ["13.06.2022", "Status", "Planlagt"]]}, "4": {"index": [0, 1, 2, 3, 4, 5, 6, 7, 8, 9, 10, 11, 12, 13, 14, 15, 16, 17, 18, 19, 20, 21, 22, 23, 24, 25, 26, 27, 28, 29, 30, 31, 32, 33, 34, 35, 36, 37, 38, 39, 40, 41, 42, 43, 44, 45, 46], "columns": {"0": "13.06.2022", "1": "Oljedirektoratet uttalelse til", "2": "Oljedirektoratet (OD) viser til deres melding vedr\u00f8rende"}, "data": [[NaN, "innmelding", "denne unders\u00f8kelsen."], [NaN, NaN, "OD gj\u00f8r s\u00e6rlig oppmerksom p\u00e5 at fart\u00f8y som foretar en"], [NaN, NaN, "unders\u00f8kelse, skal holde forsvarlig avstand til fart\u00f8y"], [NaN, NaN, "som driver fiske, og til fastst\u00e5ende og flytende"], [NaN, NaN, "fiskeredskap. S\u00e6rlig aktsomhet skal utvises n\u00e5r st\u00f8rre"], [NaN, NaN, "ansamlinger av fiskefart\u00f8y observeres, jf. forskrift om"], [NaN, NaN, "ressursforvaltning innen petroleumsvirksomheten av"], [NaN, NaN, "13.12.2017 (ressursforskriften) \u00a7 8 andre ledd."], [NaN, NaN, "Uttalelser som er gitt av adressatene innenfor"], [NaN, NaN, "meldesystemet (jf. petroleumsforskriften \u00a7 6/"], [NaN, NaN, "ressursforskriften \u00a7 6) f\u00f8lger vedlagt. OD har ingen"], [NaN, NaN, "merknader til at unders\u00f8kelsen gjennomf\u00f8res som"], [NaN, NaN, "planlagt dersom tilr\u00e5dningene som angitt blir fulgt. Det"], [NaN, NaN, "er ikke stilt krav om fiskerikyndig bemanning for denne"], [NaN, NaN, "unders\u00f8kelsen."], [NaN, NaN, "Unders\u00f8kelser skal meldes inn i meldesystemet fem"], [NaN, NaN, "uker f\u00f8r planlagt oppstart, jfr. ressursforskriften \u00a7 6"], [NaN, NaN, "tredje ledd. Oljedirektoratet kan i s\u00e6rlige tilfeller"], [NaN, NaN, "dispensere fra bestemmelsen. I dette tilfellet er der"], [NaN, NaN, "ingen innvendinger til unders\u00f8kelsen. P\u00e5 denne"], [NaN, NaN, "bakgrunn gir OD i dette tilfelle dispensasjon fra fem-"], [NaN, NaN, "ukers-fristen, jfr. ressursforskriften \u00a7 6 siste ledd og \u00a7"], [NaN, NaN, "38. Dette inneb\u00e6rer at dere kan iverksette"], [NaN, NaN, "unders\u00f8kelsene som planlagt."], [NaN, NaN, "Dersom unders\u00f8kelsen aksepteres gjennomf\u00f8rt slik den"], [NaN, NaN, "er tilr\u00e5dd, stadfestes dette gjennom at det sendes inn"], [NaN, NaN, "oppstartsmelding n\u00e5r unders\u00f8kelsen starter, jf."], [NaN, NaN, "ressursforskriften \u00a7 6, 3.ledd."], [NaN, NaN, "Skulle det oppst\u00e5 situasjoner i forhold til"], [NaN, NaN, "fiskeriaktiviteten, ber vi om \u00e5 bli underrettet om dette."], [NaN, NaN, "Unders\u00f8kelsen kan bli stanset eller endret p\u00e5 kort varsel"], [NaN, NaN, "dersom det oppst\u00e5r konflikt med fiskeriene."], [NaN, NaN, "OD gj\u00f8r ogs\u00e5 oppmerksom p\u00e5 at ev. endringer m\u00e5"], [NaN, NaN, "meldes inn i henhold til ressursforskriften \u00a7 6. Det er"], [NaN, NaN, "krav om at alle slike regelverkspliktige meldinger,"], [NaN, NaN, "herunder oppstartsmelding, endringsmelding,"], [NaN, NaN, "ukemelding og sluttmelding \u2013 skal rapporteres gjennom"], [NaN, NaN, "ODs meldingssystem for unders\u00f8kelser."], [NaN, NaN, "Rettighetshaver og/eller den som st\u00e5r for driften av"], [NaN, NaN, "fart\u00f8yet skal for \u00f8vrig gj\u00f8re relevant regelverk,"], [NaN, NaN, "dokumenter og data tilgjengelig for den fiskerikyndige."], [NaN, NaN, "Regelverk og dokumenter skal foreligge p\u00e5 b\u00e5de norsk"], [NaN, NaN, "og engelsk. Det skal ogs\u00e5 legges til rette for at den"], [NaN, NaN, "fiskerikyndige har tilgang til internett og andre"], [NaN, NaN, "n\u00f8dvendige hjelpemidler jf. ressursforskriften \u00a7 9."], ["10.06.2022", "Melding - Endringsmelding som", NaN], [NaN, "krever saksbehandling", NaN]]}, "5": {"index": [0, 1, 2, 3, 4, 5, 6, 7, 8, 9, 10, 11, 12, 13, 14, 15, 16, 17, 18, 19, 20, 21, 22, 23, 24, 25, 26, 27, 28, 29, 30, 31], "columns": {"0": "09.06.2022", "1": "Havforskningsinstituttets", "2": "Selve unders\u00f8kelsesomr\u00e5det er ikke blitt grundig"}, "data": [[NaN, "uttalelse til innmelding", "kartlagt for forekomst av s\u00e5rbare \u00f8kosystemer men det"], [NaN, NaN, "finnes dokumenterte korallrev i n\u00e6rheten av"], [NaN, NaN, "unders\u00f8kelsesomr\u00e5det. Havforskningsinstituttet r\u00e5der til"], [NaN, NaN, "at det tas s\u00e6rlig hensyn til dette, og at det brukes"], [NaN, NaN, "visuelt utstyr ved pr\u00f8vetaking slik at man kan unng\u00e5 \u00e5"], [NaN, NaN, "fysisk skade korall. Ellers har havforskningsinstituttet"], [NaN, NaN, "ingen merknader til den planlagte unders\u00f8kelsen. Vi ber"], [NaN, NaN, "ogs\u00e5 om at nye oppdagelser av korall og svamp meldes"], [NaN, NaN, "in (postjournal@hi.no)."], ["08.06.2022", "Fiskeridirektoratets uttalelse til", "Fiskerifaglig uttalelse"], [NaN, "innmelding", "Unders\u00f8kelsen skal foreg\u00e5 p\u00e5 Gamlembanken i"], [NaN, NaN, "tidsrommet 10. juni 2022 -1. juli 2022. Unders\u00f8kelsen"], [NaN, NaN, "inneholder unders\u00f8kelse og pr\u00f8vetaking av havbunn"], [NaN, NaN, "som vil bli utf\u00f8rt med ROV. Fiskeriaktiviteten i"], [NaN, NaN, "unders\u00f8kelsesomr\u00e5det varierer noe fra \u00e5r til \u00e5r."], [NaN, NaN, "Historiske fiskeridata viser at det i denne perioden kan"], [NaN, NaN, "p\u00e5ventes direktefiske etter bl\u00e5kveite og fiske etter"], [NaN, NaN, "brosme og lange av havg\u00e5ende konvensjonelle"], [NaN, NaN, "fiskefart\u00f8y i, eller i n\u00e6rheten av unders\u00f8kelsesomr\u00e5det."], [NaN, NaN, "Sammendrag og tilr\u00e5ding:"], [NaN, NaN, "Vi forutsetter at unders\u00f8kelsen utf\u00f8res med den st\u00f8rste"], [NaN, NaN, "aktsomhet, uten \u00e5 v\u00e6re til hinder for fiskeriaktiviteten i"], [NaN, NaN, "omr\u00e5det. Det oppfordres til at det etableres kontakt"], [NaN, NaN, "med Kystvaktsentralen/Kystvakt for \u00e5 orientere seg om"], [NaN, NaN, "fiskeriaktivitet og st\u00e5ende fiskeredskap i omr\u00e5det."], [NaN, NaN, "Unders\u00f8kelsen m\u00e5 stanses eller endres p\u00e5 kort varsel"], [NaN, NaN, "dersom det oppst\u00e5r konflikter med fiskeriene."], [NaN, NaN, "Utfra en helhetsvurdering av fiskeriaktivitet samt type"], [NaN, NaN, "av oms\u00f8kte unders\u00f8kelse, vil ikke Fiskeridirektoratet"], [NaN, NaN, "anmode om fiskerikyndig bemanning."], ["03.06.2022", "Melding - Innmelding", NaN], ["03.06.2022", "Status", "Under behandling"]]}, "6": {"index": [0], "columns": {"0": "Type of licence", "1": "Licence name"}, "data": [["Utvinningstillatelse", 1017]]}, "7": {"index": [], "columns": {"0": "Type data", "1": "Format", "2": "Medium", "3": "Comment"}, "data": []}, "8": {"index": [0, 1, 2, 3], "columns": {"0": "Vessel Name", "1": "Type of vessel", "2": "Phone", "3": "IMO-number", "4": "Call", "5": "Nation"}, "data": [[NaN, NaN, "number", NaN, "signal", NaN], ["Fugro", "Hovedfart\u00f8y", "+44 (0)", 8101331.0, "C6QR4", "Baham"], ["Meridian", "(innsamlingsfa", "1224 051", NaN, NaN, "as"], [NaN, "rt\u00f8y)", "608", NaN, NaN, NaN]]}, "9": {"index": [0, 1], "columns": {"0": "From date", "1": "To date", "2": "Name", "3": "Phone number"}, "data": [["24.06.2022", "30.07.2022", "Sverre Normann", 90692485.0], [NaN, NaN, "Angelsen", NaN]]}, "10": {"index": [0, 1, 2, 3, 4], "columns": {"0": "Point", "1": "NS", "2": "NS minutes", "3": "Unnamed: 0", "4": "EW", "5": "EW minutes", "6": "Unnamed: 1"}, "data": [["number", "degrees", "(decimal)", NaN, "degrees", "(decimal)", NaN], ["1", "66", "53.58", "N", "8", "5.44", "E"], ["2", "66", "57.35", "N", "8", "5.30", "E"], ["3", "66", "57.40", "N", "8", "14.91", "E"], ["4", "66", "53.63", "N", "8", "15.02", "E"]]}, "11": {"index": [0, 1, 2, 3, 4], "columns": {"0": "Point", "1": "NS", "2": "NS.1", "3": "NS.2", "4": "Unnamed: 0", "5": "EW", "6": "EW.1", "7": "EW.2", "8": "Unnamed: 1"}, "data": [["number", "degrees", "minutes", "seconds", NaN, "degrees", "minutes", "seconds", NaN], ["1", "66", "53", "34.85", "N", "8", "5", "26.12", "E"], ["2", "66", "57", "20.86", "N", "8", "5", "17.70", "E"], ["3", "66", "57", "23.88", "N", "8", "14", "54.50", "E"], ["4", "66", "53", "37.86", "N", "8", "15", "1.44", "E"]]}, "kind": "osdu:wks:master-data--Survey:1.0.0 ", "id": "npd:master-data--Factpages-Survey:10441"}