{"0": {"index": [0, 1, 2, 3, 4, 5, 6, 7, 8, 9, 10, 11, 12, 13, 14, 15, 16, 17, 18, 19, 20, 21, 22, 23, 24], "columns": {"0": "eneral information", "1": "Unnamed: 0"}, "data": [["Survey name", "EQ22310"], ["Legal basis", "Petroleumsforskriften jf Ressursforskriften"], ["NPDID for survey", "10378"], ["Factmaps - new window", "link to map"], ["Status", "Ferdig"], ["Area", "Nordsj\u00f8en"], ["Market available", "Ja"], ["Category", "Seismisk unders\u00f8kelse"], ["Main type", "Borestedunders\u00f8kelse"], ["Sub type", "3D"], ["Company - responsible", "Equinor Energy AS"], ["Source type", "seismicSource"], ["Number of sources", "2"], ["Source size", "160"], ["Source pressure", "2000"], ["Sensor type", "cables"], ["Numbers of sensors", "2"], ["Sensor length [m]", "600"], ["Sensor width [m]", NaN], ["Start date - planned", "10.07.2022"], ["Start date", "31.07.2022"], ["Completed date - planned", "31.08.2022"], ["Completed date", "15.08.2022"], ["Total length [boat km]", "36"], ["Net area - actual 3D/4D [km2]", NaN]]}, "1": {"index": [], "columns": {"0": "Unnamed: 0"}, "data": []}, "2": {"index": [0, 1, 2], "columns": {"0": "Date", "1": "Type of update", "2": "Information"}, "data": [["15.08.2022", "Melding - Unders\u00f8kelsen er ferdig", NaN], ["14.08.2022", "Status", "Ferdig"], ["12.08.2022", "Oljedirektoratets uttalelse tilendringsmelding", "Oljedirektoratet (OD) viser til melding om endring avtidsrom for unders\u00f8kelsen. P\u00e5 bakgrunn av innmeldtendring og nye uttalelser fra Havforskningsinstituttet ogFiskeridirektoratet, har OD ingen ytterligere merknadertil at unders\u00f8kelsen kan gjennomf\u00f8res som planlagtdersom disse blir fulgt."]]}, "3": {"index": [0, 1, 2, 3, 4, 5, 6, 7, 8, 9, 10, 11, 12, 13, 14], "columns": {"0": "11.08.2022", "1": "Havforskningsinstituttetsuttalelse til endringsmelding", "2": "Havforskningsinstituttet har ingen merknader tilendrignene i den planlagte unders\u00f8kelsen. Vurderingener gjort med hensyn til aktive gytefelt og konsentrertegytevandringer for aktuelle fiskebestander(p\u00e5virkningsavstand 5 nmi) , beiteomr\u00e5der for hval ogforekomst av koraller."}, "data": [["09.08.2022", "Melding - Ordin\u00e6r ukemelding", "-"], ["08.08.2022", "Fiskeridirektoratets uttalelse tilendringsmelding", "Vi har ingen merknader p\u00e5 fiskerifaglig grunnlag ogopprettholder v\u00e5r tidligere uttalelse i saken."], ["03.08.2022", "Melding - Endringsmelding - tilinfo", "Grunnet mye d\u00e5rlig v\u00e6r vil det ta lenger tid \u00e5 fullf\u00f8reundes\u00f8kelsen"], ["03.08.2022", "Melding - Endringsmelding - tilinfo", "Grunnet mye d\u00e5rlig v\u00e6r vil det ta lenger tid \u00e5 fullf\u00f8reundes\u00f8kelsen"], ["03.08.2022", "Melding - Endringsmelding somkrever saksbehandling", "Grunnet mye d\u00e5rlig v\u00e6r vil det ta lenger tid \u00e5 fullf\u00f8reundes\u00f8kelsen"], ["31.07.2022", "Status", "P\u00e5g\u00e5ende"], ["31.07.2022", "Melding - Unders\u00f8kelsen startesopp", NaN], ["28.06.2022", "Melding - Endringsmelding - tilinfo", "Oppstart forsinket pga my d\u00e5rlig v\u00e6r Norsj\u00f8en i mai ogjuni"], ["13.06.2022", "Oljedirektoratets uttalelse tilendringsmelding", "Oljedirektoratet (OD) viser til melding om endring avtidsrom for unders\u00f8kelsen. P\u00e5 bakgrunn av innmeldtendring og nye uttalelser fra Havforskningsinstituttet ogFiskeridirektoratet, har OD ingen ytterligere merknadertil at unders\u00f8kelsen kan gjennomf\u00f8res som planlagtdersom disse blir fulgt."], ["07.06.2022", "Fiskeridirektoratets uttalelse tilendringsmelding", "Vi har ingen merknader p\u00e5 fiskerifaglig grunnlag ogopprettholder v\u00e5r tidligere uttalelse i saken."], ["02.06.2022", "Havforskningsinstituttetsuttalelse til endringsmelding", "Havforskningsinstituttet har ingen merknader tilendrignene i den planlagte unders\u00f8kelsen. Vurderingener gjort med hensyn til aktive gytefelt og konsentrertegytevandringer for aktuelle fiskebestander(p\u00e5virkningsavstand 5 nmi) , beiteomr\u00e5der for hval ogforekomst av koraller."], ["01.06.2022", "Melding - Endringsmelding - tilinfo", "Forsinket oppstart grunnet mye d\u00e5rlig v\u00e6r i Norsj\u00f8en imai"], ["01.06.2022", "Melding - Endringsmelding - tilinfo", "Forsinket oppstart grunnet mye d\u00e5rlig v\u00e6r i Norsj\u00f8en imai"], ["01.06.2022", "Melding - Endringsmelding somkrever saksbehandling", "Forsinket oppstart grunnet mye d\u00e5rlig v\u00e6r i Norsj\u00f8en imai"], ["22.04.2022", "Status", "Planlagt"]]}, "4": {"index": [0, 1, 2, 3, 4, 5, 6, 7, 8, 9, 10, 11, 12, 13, 14, 15, 16, 17, 18, 19, 20, 21, 22, 23, 24, 25, 26, 27, 28, 29, 30, 31], "columns": {"0": "11.04.2022", "1": "Fiskeridirektoratets uttalelse til", "2": "Hele unders\u00f8kelsen ligger i og ved Norskerenna. Her"}, "data": [[NaN, "innmelding", "kan det ventes h\u00f8y fiskeriaktivitet i hele den innmeldte"], [NaN, NaN, "perioden. Det ventes hovedsakelig fiske etter hvit fisk"], [NaN, NaN, "og kolmule med tr\u00e5l, samt fiske etter lange med garn"], [NaN, NaN, "og line."], [NaN, NaN, "I juni m\u00e5ned kan det ogs\u00e5 ventes fiske etter nordsj\u00f8sild"], [NaN, NaN, "med not. Dersom silda er tilgjengelig for fangst i"], [NaN, NaN, "omr\u00e5det kan det ventes at mange ringnotfart\u00f8y vil lete"], [NaN, NaN, "og drive fiske, og da kan fart\u00f8yene ligge tett."], [NaN, NaN, "Vi venter stor \u00f8kning i deltakelse av norske fart\u00f8y i fiske"], [NaN, NaN, "etter nordsj\u00f8sild sammenliknet med tidligere \u00e5r, og"], [NaN, NaN, "risikoen for konflikt er tilsvarende st\u00f8rre."], [NaN, NaN, "Annen sporadisk fiskeriaktivitet kan heller ikke"], [NaN, NaN, "utelukkes."], [NaN, NaN, "Det skal v\u00e6re fiskerikyndig bemanning p\u00e5 fart\u00f8yet som"], [NaN, NaN, "ut\u00f8ver unders\u00f8kelsen, med mindre annet fremg\u00e5r av"], [NaN, NaN, "ODs tilbakemelding."], [NaN, NaN, "Vi forutsetter at unders\u00f8kelsen utf\u00f8res med den st\u00f8rste"], [NaN, NaN, "aktsomhet, uten \u00e5 v\u00e6re til hinder for fiskeriaktiviteten i"], [NaN, NaN, "omr\u00e5det som nevnt over. Det oppfordres til at den"], [NaN, NaN, "fiskerikyndige blir delaktig tidlig i den operative"], [NaN, NaN, "planleggingsfasen av unders\u00f8kelsen."], [NaN, NaN, "Vi ber om at unders\u00f8kelsen stanses eller endres p\u00e5 kort"], [NaN, NaN, "varsel dersom det oppst\u00e5r konflikter med fiskeriene."], ["31.03.2022", "Havforskningsinstituttets", "Havforskningsinstituttet har ingen merknader til den"], [NaN, "uttalelse til innmelding", "planlagte unders\u00f8kelsen. Vurderingen er gjort med"], [NaN, NaN, "hensyn til aktive gytefelt og konsentrerte"], [NaN, NaN, "gytevandringer for aktuelle fiskebestander"], [NaN, NaN, "(p\u00e5virkningsavstand 5 nmi) , beiteomr\u00e5der for hval og"], [NaN, NaN, "forekomst av koraller."], ["30.03.2022", "Status", "Under behandling"], ["30.03.2022", "Melding - Innmelding", "Bernt M. Christiansen bmc@equinor.com \u2013 41411263 vil"], [NaN, NaN, "v\u00e6re back-up kontakt for denne unders\u00f8kelsen"]]}, "5": {"index": [0, 1], "columns": {"0": "Type of licence", "1": "Licence name"}, "data": [["Unders\u00f8kelsestillatelse", 774], ["Utvinningstillatelse", 89]]}, "6": {"index": [], "columns": {"0": "Type data", "1": "Format", "2": "Medium", "3": "Comment"}, "data": []}, "7": {"index": [0, 1, 2, 3], "columns": {"0": "Vessel Name", "1": "Type of vessel", "2": "Phone", "3": "IMO-number", "4": "Call", "5": "Nation"}, "data": [[NaN, NaN, "number", NaN, "signal", NaN], ["Ocean", "Hovedfart\u00f8y", "+441493236", 9779446.0, "3EIP9", "Panam"], ["Resolution", "(innsamlingsfa", "004", NaN, NaN, "a"], [NaN, "rt\u00f8y)", NaN, NaN, NaN, NaN]]}, "8": {"index": [0], "columns": {"0": "From date", "1": "To date", "2": "Name", "3": "Phone number"}, "data": [["24.06.2022", "31.08.2022", "Arnulf Svendsen", 99412491]]}, "9": {"index": [0, 1, 2, 3, 4], "columns": {"0": "Point", "1": "NS", "2": "NS minutes", "3": "Unnamed: 0", "4": "EW", "5": "EW minutes", "6": "Unnamed: 1"}, "data": [["number", "degrees", "(decimal)", NaN, "degrees", "(decimal)", NaN], ["1", "61", "19.55", "N", "1", "59.24", "E"], ["2", "61", "19.69", "N", "2", "14.99", "E"], ["3", "61", "13.55", "N", "2", "15.21", "E"], ["4", "61", "13.41", "N", "1", "59.51", "E"]]}, "10": {"index": [0, 1, 2, 3, 4], "columns": {"0": "Point", "1": "NS", "2": "NS.1", "3": "NS.2", "4": "Unnamed: 0", "5": "EW", "6": "EW.1", "7": "EW.2", "8": "Unnamed: 1"}, "data": [["number", "degrees", "minutes", "seconds", NaN, "degrees", "minutes", "seconds", NaN], ["1", "61", "19", "32.73", "N", "1", "59", "14.40", "E"], ["2", "61", "19", "41.37", "N", "2", "14", "59.49", "E"], ["3", "61", "13", "33.10", "N", "2", "15", "12.49", "E"], ["4", "61", "13", "24.49", "N", "1", "59", "30.46", "E"]]}, "kind": "osdu:wks:master-data--Survey:1.0.0 ", "id": "npd:master-data--Factpages-Survey:10378"}