{"0": {"index": [0, 1, 2, 3, 4, 5, 6, 7, 8, 9, 10, 11, 12, 13, 14, 15, 16, 17, 18, 19, 20, 21, 22, 23, 24], "columns": {"0": "eneral information", "1": "Unnamed: 0"}, "data": [["Survey name", "WD22102"], ["Legal basis", "Petroleumsforskriften jf Ressursforskriften"], ["NPDID for survey", "10420"], ["Factmaps - new window", "link to map"], ["Status", "Ferdig"], ["Area", "Norskehavet"], ["Market available", "Nei"], ["Category", "Andre unders\u00f8kelser"], ["Main type", "Grunnunders\u00f8kelse"], ["Sub type", "Ikke seismikk"], ["Company - responsible", "Wintershall Dea Norge AS"], ["Source type", NaN], ["Number of sources", NaN], ["Source size", NaN], ["Source pressure", NaN], ["Sensor type", NaN], ["Numbers of sensors", NaN], ["Sensor length [m]", NaN], ["Sensor width [m]", NaN], ["Start date - planned", "27.08.2022"], ["Start date", "20.08.2022"], ["Completed date - planned", "31.08.2022"], ["Completed date", "23.08.2022"], ["Total length [boat km]", NaN], ["Net area - actual 3D/4D [km2]", NaN]]}, "1": {"index": [], "columns": {"0": "Unnamed: 0"}, "data": []}, "2": {"index": [0, 1, 2, 3, 4], "columns": {"0": "Date", "1": "Type of update", "2": "Information"}, "data": [["23.08.2022", "Melding - Unders\u00f8kelsen er ferdig", NaN], ["23.08.2022", "Status", "Ferdig"], ["20.08.2022", "Status", "P\u00e5g\u00e5ende"], ["20.08.2022", "Melding - Unders\u00f8kelsen startesopp", NaN], ["27.07.2022", "Oljedirektoratets uttalelse tilendringsmelding", "Oljedirektoratet (OD) viser til melding om endring avtidsrom for unders\u00f8kelsen. P\u00e5 bakgrunn av innmeldtendring og nye uttalelser fra Havforskningsinstituttet ogFiskeridirektoratet, har OD ingen ytterligere merknadertil at unders\u00f8kelsen kan gjennomf\u00f8res som planlagtdersom disse blir fulgt."]]}, "3": {"index": [0, 1, 2, 3, 4, 5, 6, 7, 8, 9, 10, 11, 12, 13, 14, 15, 16, 17, 18, 19, 20, 21, 22, 23, 24, 25, 26, 27, 28, 29, 30, 31, 32, 33, 34, 35, 36, 37, 38, 39], "columns": {"0": "20.07.2022", "1": "Fiskeridirektoratets uttalelse til", "2": "Vi har foretatt en ny fiskerifaglig vurdering av"}, "data": [[NaN, "endringsmelding", "unders\u00f8kelsen mtp endring av oppstartsdato og endring"], [NaN, NaN, "av sluttdato. Endring av tidspunktet for gjennomf\u00f8ring"], [NaN, NaN, "av unders\u00f8kelsen ber\u00f8rer ikke nye fiskerier."], [NaN, NaN, "Da det ikke er endring i fiskeriene som unders\u00f8kelsen"], [NaN, NaN, "vil ber\u00f8re, vil uttalelsen som ble utarbeidet i"], [NaN, NaN, "oversendelsen datert 23. mai 2022 fortsatt legges til"], [NaN, NaN, "grunn."], [NaN, NaN, "Utfra en helhetsvurdering av fiskeriaktivitet samt type"], [NaN, NaN, "av oms\u00f8kte unders\u00f8kelse, vil ikke Fiskeridirektoratet"], [NaN, NaN, "anmode om fiskerikyndig bemanning."], ["15.07.2022", "Havforskningsinstituttets", NaN], [NaN, "uttalelse til endringsmelding", "Havforskningsinstituttet har ingen merknader til mottatt"], [NaN, NaN, "endringsmelding."], ["07.07.2022", "Melding - Endringsmelding som", NaN], [NaN, "krever saksbehandling", NaN], ["07.07.2022", "Melding - Endringsmelding - til", NaN], [NaN, "info", NaN], ["01.07.2022", "Havforskningsinstituttets", "Havforskningsinstituttet har ingen merknader til mottatt"], [NaN, "uttalelse til endringsmelding", "endringsmelding."], ["30.06.2022", "Melding - Endringsmelding - til", NaN], [NaN, "info", NaN], ["28.06.2022", "Oljedirektoratets uttalelse til", "Oljedirektoratet (OD) viser til melding om endring av"], [NaN, "endringsmelding", "tidsrom for unders\u00f8kelsen. P\u00e5 bakgrunn av innmeldt"], [NaN, NaN, "endring og ny uttalelse fra Fiskeridirektoratet, har OD"], [NaN, NaN, "ingen ytterligere merknader til at unders\u00f8kelsen kan"], [NaN, NaN, "gjennomf\u00f8res som planlagt dersom disse blir fulgt."], ["22.06.2022", "Fiskeridirektoratets uttalelse til", "Vi har foretatt en ny fiskerifaglig vurdering som viser at"], [NaN, "endringsmelding", "endring av oppstartsdato fra 19. juni 2022 til 23. juli"], [NaN, NaN, "2022 og endring av sluttdato fra 3. juli 2022 til 5."], [NaN, NaN, "august 2022. Endring av tidspunktet for gjennomf\u00f8ring"], [NaN, NaN, "av unders\u00f8kelsen ber\u00f8rer ikke nye fiskerier."], [NaN, NaN, "Da det ikke er endring i fiskeriene som unders\u00f8kelsen"], [NaN, NaN, "vil ber\u00f8re, vil uttalelsen som ble utarbeidet i"], [NaN, NaN, "oversendelsen datert 23. mai 2022 fortsatt legges til"], [NaN, NaN, "grunn."], [NaN, NaN, "Utfra en helhetsvurdering av fiskeriaktivitet samt type"], [NaN, NaN, "av oms\u00f8kte unders\u00f8kelse, vil ikke Fiskeridirektoratet"], [NaN, NaN, "anmode om fiskerikyndig bemanning."], ["20.06.2022", "Melding - Endringsmelding som", NaN], [NaN, "krever saksbehandling", NaN]]}, "4": {"index": [0, 1, 2, 3, 4, 5, 6, 7, 8, 9, 10, 11, 12, 13, 14, 15, 16, 17, 18, 19, 20, 21, 22, 23, 24, 25, 26, 27, 28, 29, 30, 31, 32, 33, 34, 35, 36, 37, 38, 39, 40, 41, 42, 43, 44, 45, 46, 47], "columns": {"0": "27.05.2022", "1": "Oljedirektoratet uttalelse til", "2": "Oljedirektoratet (OD) viser til deres melding vedr\u00f8rende"}, "data": [[NaN, "innmelding", "denne unders\u00f8kelsen."], [NaN, NaN, "OD gj\u00f8r s\u00e6rlig oppmerksom p\u00e5 at fart\u00f8y som foretar en"], [NaN, NaN, "unders\u00f8kelse, skal holde forsvarlig avstand til fart\u00f8y"], [NaN, NaN, "som driver fiske, og til fastst\u00e5ende og flytende"], [NaN, NaN, "fiskeredskap. S\u00e6rlig aktsomhet skal utvises n\u00e5r st\u00f8rre"], [NaN, NaN, "ansamlinger av fiskefart\u00f8y observeres, jf. forskrift om"], [NaN, NaN, "ressursforvaltning innen petroleumsvirksomheten av"], [NaN, NaN, "13.12.2017 (ressursforskriften) \u00a7 8 andre ledd."], [NaN, NaN, "Uttalelser som er gitt av adressatene innenfor"], [NaN, NaN, "meldesystemet (jf. petroleumsforskriften \u00a7 6/"], [NaN, NaN, "ressursforskriften \u00a7 6) f\u00f8lger vedlagt. OD har ingen"], [NaN, NaN, "merknader til at unders\u00f8kelsen gjennomf\u00f8res som"], [NaN, NaN, "planlagt dersom tilr\u00e5dningene som angitt blir fulgt. Det"], [NaN, NaN, "er ikke stilt krav om fiskerikyndig bemanning for denne"], [NaN, NaN, "unders\u00f8kelsen."], [NaN, NaN, "Unders\u00f8kelser skal meldes inn i meldesystemet fem"], [NaN, NaN, "uker f\u00f8r planlagt oppstart, jfr. ressursforskriften \u00a7 6"], [NaN, NaN, "tredje ledd. Oljedirektoratet kan i s\u00e6rlige tilfeller"], [NaN, NaN, "dispensere fra bestemmelsen. I dette tilfellet er der"], [NaN, NaN, "ingen innvendinger til unders\u00f8kelsen. P\u00e5 denne"], [NaN, NaN, "bakgrunn gir OD i dette tilfelle dispensasjon fra fem-"], [NaN, NaN, "ukers-fristen, jfr. ressursforskriften \u00a7 6 siste ledd og \u00a7"], [NaN, NaN, "38. Dette inneb\u00e6rer at dere kan iverksette"], [NaN, NaN, "unders\u00f8kelsene som planlagt."], [NaN, NaN, "Dersom unders\u00f8kelsen aksepteres gjennomf\u00f8rt slik den"], [NaN, NaN, "er tilr\u00e5dd, stadfestes dette gjennom at det sendes inn"], [NaN, NaN, "oppstartsmelding n\u00e5r unders\u00f8kelsen starter, jf."], [NaN, NaN, "ressursforskriften \u00a7 6, 3.ledd."], [NaN, NaN, "Skulle det oppst\u00e5 situasjoner i forhold til"], [NaN, NaN, "fiskeriaktiviteten, ber vi om \u00e5 bli underrettet om dette."], [NaN, NaN, "Unders\u00f8kelsen kan bli stanset eller endret p\u00e5 kort varsel"], [NaN, NaN, "dersom det oppst\u00e5r konflikt med fiskeriene."], [NaN, NaN, "OD gj\u00f8r ogs\u00e5 oppmerksom p\u00e5 at ev. endringer m\u00e5"], [NaN, NaN, "meldes inn i henhold til ressursforskriften \u00a7 6. Det er"], [NaN, NaN, "krav om at alle slike regelverkspliktige meldinger,"], [NaN, NaN, "herunder oppstartsmelding, endringsmelding,"], [NaN, NaN, "ukemelding og sluttmelding \u2013 skal rapporteres gjennom"], [NaN, NaN, "ODs meldingssystem for unders\u00f8kelser."], [NaN, NaN, "Rettighetshaver og/eller den som st\u00e5r for driften av"], [NaN, NaN, "fart\u00f8yet skal for \u00f8vrig gj\u00f8re relevant regelverk,"], [NaN, NaN, "dokumenter og data tilgjengelig for den fiskerikyndige."], [NaN, NaN, "Regelverk og dokumenter skal foreligge p\u00e5 b\u00e5de norsk"], [NaN, NaN, "og engelsk. Det skal ogs\u00e5 legges til rette for at den"], [NaN, NaN, "fiskerikyndige har tilgang til internett og andre"], [NaN, NaN, "n\u00f8dvendige hjelpemidler jf. ressursforskriften \u00a7 9."], ["27.05.2022", "Status", "Planlagt"], ["26.05.2022", "Havforskningsinstituttets", "Havforskningsinstituttet har ingen merknader til de"], [NaN, "uttalelse til innmelding", "planlagte unders\u00f8kelsene."]]}, "5": {"index": [0, 1, 2, 3, 4, 5, 6, 7, 8, 9, 10, 11, 12, 13, 14, 15, 16, 17], "columns": {"0": "23.05.2022", "1": "Fiskeridirektoratets uttalelse tilinnmelding", "2": "Fiskerifaglig uttalelse:Unders\u00f8kelsen skal foreg\u00e5 nord p\u00e5 Garsholbanken itidsrommet 19. juni 2022 - 3. juli 2022. Unders\u00f8kelseninneholder ikke seismikk. Fiskeriaktiviteten iunders\u00f8kelsesomr\u00e5det varierer noe fra \u00e5r til \u00e5r.Historiske fiskeridata viser at det kan forventes Ingen tilliten fiskeriaktivitet med havg\u00e5ende konvensjonellefiskefart\u00f8y etter brosme og lange iunders\u00f8kelsesperioden.Sammendrag:Vi forutsetter at unders\u00f8kelsen utf\u00f8res med den st\u00f8rsteaktsomhet, uten \u00e5 v\u00e6re til hinder for fiskeriaktiviteten iomr\u00e5det. Det oppfordres til at etableres kontakt medKystvaktsentralen/Kystvakt for \u00e5 orientere seg omfiskeriaktivitet og st\u00e5ende fiskeredskap i omr\u00e5det.Unders\u00f8kelsen m\u00e5 stanses eller endres p\u00e5 kort varseldersom det oppst\u00e5r konflikter med fiskeriene.Utfra en helhetsvurdering av fiskeriaktivitet samt typeav oms\u00f8kte unders\u00f8kelse, vil ikke Fiskeridirektoratetanmode om fiskerikyndig bemanning.", "3": "Unnamed: 0"}, "data": [["21.05.2022", "Status", "Under behandling", NaN], ["21.05.2022", "Melding - Innmelding", NaN, NaN], [NaN, NaN, NaN, NaN], ["icences", NaN, NaN, NaN], ["Type of licence", "Licence name", NaN, NaN], ["Utvinningstillatelse", "435", NaN, NaN], ["Utvinningstillatelse", "211", NaN, NaN], [NaN, NaN, NaN, NaN], ["ompany the acquisition is done for", NaN, NaN, NaN], ["Company name", NaN, NaN, NaN], ["Wintershall Dea Norge AS", NaN, NaN, NaN], [NaN, NaN, NaN, NaN], ["ompany doing the acquisition", NaN, NaN, NaN], ["Company name", NaN, NaN, NaN], ["DeepOcean AS", NaN, NaN, NaN], [NaN, NaN, NaN, NaN], ["ata format", NaN, NaN, NaN], ["Type data", "Format", "Medium", "Comment"]]}, "6": {"index": [0], "columns": {"0": "Unnamed: 0"}, "data": [["essel"]]}, "7": {"index": [0, 1, 2, 3], "columns": {"0": "Vessel Name", "1": "Type of vessel", "2": "Phone", "3": "IMO-number", "4": "Call", "5": "Nation"}, "data": [[NaN, NaN, "number", NaN, "signal", NaN], ["Dina Star", "Hovedfart\u00f8y", "+47 57 98", 9648697.0, "LDJG3", "Norge"], [NaN, "(innsamlingsfa", "90 20", NaN, NaN, NaN], [NaN, "rt\u00f8y)", NaN, NaN, NaN, NaN]]}, "8": {"index": [], "columns": {"0": "From date", "1": "To date", "2": "Name", "3": "Phone number"}, "data": []}, "9": {"index": [0, 1, 2, 3, 4, 5], "columns": {"0": "Point", "1": "NS", "2": "NS minutes", "3": "Unnamed: 0", "4": "EW", "5": "EW minutes", "6": "Unnamed: 1"}, "data": [["number", "degrees", "(decimal)", NaN, "degrees", "(decimal)", NaN], ["1", "65", "25.99", "N", "7", "7.81", "E"], ["2", "65", "31.14", "N", "7", "11.78", "E"], ["3", "65", "31.01", "N", "7", "13.03", "E"], ["4", "65", "26.00", "N", "7", "9.10", "E"], ["5", "65", "31.14", "N", "7", "11.78", "E"]]}, "10": {"index": [0, 1, 2, 3, 4, 5], "columns": {"0": "Point", "1": "NS", "2": "NS.1", "3": "NS.2", "4": "Unnamed: 0", "5": "EW", "6": "EW.1", "7": "EW.2", "8": "Unnamed: 1"}, "data": [["number", "degrees", "minutes", "seconds", NaN, "degrees", "minutes", "seconds", NaN], ["1", "65", "25", "59.22", "N", "7", "7", "48.68", "E"], ["2", "65", "31", "8.53", "N", "7", "11", "46.60", "E"], ["3", "65", "31", "0.32", "N", "7", "13", "1.90", "E"], ["4", "65", "26", "0.20", "N", "7", "9", "6.23", "E"], ["5", "65", "31", "8.53", "N", "7", "11", "46.59", "E"]]}, "kind": "osdu:wks:master-data--Survey:1.0.0 ", "id": "npd:master-data--Factpages-Survey:10420"}