{"0": {"index": [0, 1, 2, 3, 4, 5, 6], "columns": {"0": "Field name", "1": "BYRDING"}, "data": [["Factmaps in new window", "link to map"], ["Current activity status", "Producing"], ["Discovery wellbore", "35/11-13"], ["Discovery year.", "2005"], ["Main area", "North sea"], ["Main supply base", "Mongstad"], ["NPDID field", "28975067"]]}, "1": {"index": [0, 1, 2], "columns": {"0": "Status", "1": "Status from", "2": "Status to"}, "data": [["Producing", "12.07.2017", NaN], ["Approved for", "17.01.2017", "11.07.2017"], ["production", NaN, NaN]]}, "2": {"index": [0, 1, 2], "columns": {"0": "Block name", "1": "Prod. licence"}, "data": [["35/11", "090 B"], ["35/11", "090 C"], ["35/11", "248"]]}, "3": {"index": [0], "columns": {"0": "Owner kind", "1": "Owner name"}, "data": [["PRODUCTION LICENSE", "090 B"]]}, "4": {"index": [0, 1], "columns": {"0": "Unnamed: 0", "1": "Company name", "2": "Nation code", "3": "Company share [%]"}, "data": [["Equinor Energy AS", NaN, "NO", 70.0], ["INPEX Idemitsu Norge AS", NaN, "NO", 15.0]]}, "5": {"index": [0, 1, 2], "columns": {"0": "Orig. recoverable", "1": "Orig. recoverable.1", "2": "Orig. recoverable.2", "3": "Orig. recoverable.3", "4": "Orig. recoverable.4"}, "data": [["oil", "gas", "NGL", "cond.", "oil eq."], ["[mill Sm3]", "[bill Sm3]", "[mill tonn]", "[mill Sm3]", "[mill Sm3 o.e]"], ["1.01", "0.81", "0.08", "0.00", "1.97"]]}, "6": {"index": [0, 1], "columns": {"0": "Remaining oil", "1": "Remaining gas", "2": "Remaining NGL", "3": "Remaining cond.", "4": "Remaining oil eq."}, "data": [["[mill Sm3]", "[bill Sm3]", "[mill tonn]", "[mill Sm3]", "[mill Sm3 o.e]"], ["0.13", "0.34", "0.03", "0.00", "0.53"]]}, "7": {"index": [0, 1, 2], "columns": {"0": "Orig. inplace oil", "1": "Orig. inplace ass.", "2": "Orig. inplace ass..1", "3": "Orig. inplace free"}, "data": [["[mill Sm3]", "liquid", "gas", "gas"], [NaN, "[mill Sm3]", "[bill Sm3]", "[bill Sm3]"], ["7.00", "0.00", "1.00", "1.00"]]}, "8": {"index": [0, 1, 2, 3, 4, 5, 6, 7, 8, 9, 10, 11, 12, 13, 14, 15, 16, 17, 18], "columns": {"0": "Type", "1": "Text", "2": "Date"}, "data": [[NaN, NaN, "updated"], ["Development", "Byrding is a field in the northern part of the North Sea, four", "28.02.2023"], [NaN, "kilometres north of the Fram H-Nord field and 30 kilometres", NaN], [NaN, "north of the Troll C facility. The water depth is 360 metres.", NaN], [NaN, "Byrding was discovered in 2005, and the plan for development", NaN], [NaN, "and operation (PDO) was approved in 2017. The development", NaN], [NaN, "concept is a two-branch multilateral (MLT) well drilled from the", NaN], [NaN, "Fram H-Nord template. Production started in 2017.", NaN], ["Reservoir", "Byrding produces oil and gas from turbiditic sandstone of Late", "28.02.2023"], [NaN, "Jurassic age in the Heather Formation. The reservoir lies at a", NaN], [NaN, "depth of 3,050 metres. It is structurally complex and has good", NaN], [NaN, "reservoir quality.", NaN], ["Recovery strategy", "The field is produced by pressure depletion.", "28.02.2023"], ["Transport", "The well stream is routed through Fram Vest to Troll C for", "28.02.2023"], [NaN, "processing. The oil is transported further in the Troll Oil Pipeline", NaN], [NaN, "II to the Mongstad terminal and the gas is exported via Troll A", NaN], [NaN, "to the Kollsnes terminal.", NaN], ["Status", "The field has been shut-in for a period in 2022, but is now", "28.02.2023"], [NaN, "producing again after a light well intervention operation.", NaN]]}, "9": {"index": [0, 1, 2, 3, 4, 5, 6, 7, 8], "columns": {"0": "Unnamed: 0", "1": "Investments"}, "data": [[NaN, "[mill NOK nominal"], [NaN, "values]"], ["Sum", "1053"], ["2021", "80"], ["2020", "-3"], ["2019", "-14"], ["2018", "20"], ["2017", "930"], ["2016", "40"]]}, "10": {"index": [0, 1, 2, 3, 4, 5, 6, 7, 8, 9, 10, 11, 12, 13, 14, 15, 16, 17, 18, 19, 20, 21, 22, 23, 24, 25, 26, 27, 28, 29, 30], "columns": {"0": "Unnamed: 0", "1": "Month", "2": "Net - oil", "3": "Net - gas", "4": "Net -", "5": "Net - NGL", "6": "Net - oil equivalents"}, "data": [[NaN, NaN, "[mill Sm3]", "[bill Sm3]", "condensate", "[mill Sm3]", NaN], [NaN, NaN, NaN, NaN, "[mill Sm3]", NaN, "[mill Sm3]"], ["Sum", NaN, "0.827639", "0.000000", "0.000000", "0.000000", "0.827639"], ["2023", NaN, "0.005935", "0.000000", "0.000000", "0.000000", "0.005935"], [NaN, 1.0, "0.001074", "0.000000", "0.000000", "0.000000", "0.001074"], [NaN, 2.0, "0.000980", "0.000000", "0.000000", "0.000000", "0.000980"], [NaN, 3.0, "0.000967", "0.000000", "0.000000", "0.000000", "0.000967"], [NaN, 4.0, "0.000967", "0.000000", "0.000000", "0.000000", "0.000967"], [NaN, 5.0, "0.000976", "0.000000", "0.000000", "0.000000", "0.000976"], [NaN, 6.0, "0.000971", "0.000000", "0.000000", "0.000000", "0.000971"], ["2022", NaN, "0.053445", "0.000000", "0.000000", "0.000000", "0.053445"], [NaN, 1.0, "0.007728", "0.000000", "0.000000", "0.000000", "0.007728"], [NaN, 2.0, "0.004071", "0.000000", "0.000000", "0.000000", "0.004071"], [NaN, 3.0, "0.007445", "0.000000", "0.000000", "0.000000", "0.007445"], [NaN, 4.0, "0.000753", "0.000000", "0.000000", "0.000000", "0.000753"], [NaN, 5.0, "0.006187", "0.000000", "0.000000", "0.000000", "0.006187"], [NaN, 6.0, "0.010562", "0.000000", "0.000000", "0.000000", "0.010562"], [NaN, 7.0, "0.006950", "0.000000", "0.000000", "0.000000", "0.006950"], [NaN, 8.0, "0.000772", "0.000000", "0.000000", "0.000000", "0.000772"], [NaN, 9.0, "0.000751", "0.000000", "0.000000", "0.000000", "0.000751"], [NaN, 10.0, "0.000759", "0.000000", "0.000000", "0.000000", "0.000759"], [NaN, 11.0, "0.004763", "0.000000", "0.000000", "0.000000", "0.004763"], [NaN, 12.0, "0.002704", "0.000000", "0.000000", "0.000000", "0.002704"], ["2021", NaN, "0.112199", "0.000000", "0.000000", "0.000000", "0.112199"], [NaN, 1.0, "0.011766", "0.000000", "0.000000", "0.000000", "0.011766"], [NaN, 2.0, "0.009231", "0.000000", "0.000000", "0.000000", "0.009231"], [NaN, 3.0, "0.010071", "0.000000", "0.000000", "0.000000", "0.010071"], [NaN, 4.0, "0.003418", "0.000000", "0.000000", "0.000000", "0.003418"], [NaN, 5.0, "0.008117", "0.000000", "0.000000", "0.000000", "0.008117"], [NaN, 6.0, "0.013379", "0.000000", "0.000000", "0.000000", "0.013379"], [NaN, 7.0, "0.013821", "0.000000", "0.000000", "0.000000", "0.013821"]]}, "11": {"index": [0, 1, 2, 3, 4, 5, 6, 7, 8, 9, 10, 11, 12, 13, 14, 15, 16, 17, 18, 19, 20, 21, 22, 23, 24, 25, 26, 27, 28, 29, 30, 31, 32, 33, 34, 35, 36, 37, 38, 39, 40, 41], "columns": {"0": "2021", "1": "8", "2": "0.008868", "3": "0.000000", "4": "0.000000.1", "5": "0.000000.2", "6": "0.008868.1"}, "data": [[NaN, 9.0, 0.009036, 0.0, 0.0, 0.0, 0.009036], [NaN, 10.0, 0.007646, 0.0, 0.0, 0.0, 0.007646], [NaN, 11.0, 0.012729, 0.0, 0.0, 0.0, 0.012729], [NaN, 12.0, 0.004117, 0.0, 0.0, 0.0, 0.004117], [2020.0, NaN, 0.134196, 0.0, 0.0, 0.0, 0.134196], [NaN, 1.0, 0.014201, 0.0, 0.0, 0.0, 0.014201], [NaN, 2.0, 0.010739, 0.0, 0.0, 0.0, 0.010739], [NaN, 3.0, 0.013741, 0.0, 0.0, 0.0, 0.013741], [NaN, 4.0, 0.011966, 0.0, 0.0, 0.0, 0.011966], [NaN, 5.0, 0.011831, 0.0, 0.0, 0.0, 0.011831], [NaN, 6.0, 0.010648, 0.0, 0.0, 0.0, 0.010648], [NaN, 7.0, 0.008577, 0.0, 0.0, 0.0, 0.008577], [NaN, 8.0, 0.009416, 0.0, 0.0, 0.0, 0.009416], [NaN, 9.0, 0.006103, 0.0, 0.0, 0.0, 0.006103], [NaN, 10.0, 0.012656, 0.0, 0.0, 0.0, 0.012656], [NaN, 11.0, 0.01287, 0.0, 0.0, 0.0, 0.01287], [NaN, 12.0, 0.011448, 0.0, 0.0, 0.0, 0.011448], [2019.0, NaN, 0.181203, 0.0, 0.0, 0.0, 0.181203], [NaN, 1.0, 0.022114, 0.0, 0.0, 0.0, 0.022114], [NaN, 2.0, 0.017817, 0.0, 0.0, 0.0, 0.017817], [NaN, 3.0, 0.018844, 0.0, 0.0, 0.0, 0.018844], [NaN, 4.0, 0.02071, 0.0, 0.0, 0.0, 0.02071], [NaN, 5.0, 0.015234, 0.0, 0.0, 0.0, 0.015234], [NaN, 6.0, 0.009952, 0.0, 0.0, 0.0, 0.009952], [NaN, 7.0, 0.012818, 0.0, 0.0, 0.0, 0.012818], [NaN, 8.0, 0.01342, 0.0, 0.0, 0.0, 0.01342], [NaN, 9.0, 0.01551, 0.0, 0.0, 0.0, 0.01551], [NaN, 10.0, 0.010196, 0.0, 0.0, 0.0, 0.010196], [NaN, 11.0, 0.012791, 0.0, 0.0, 0.0, 0.012791], [NaN, 12.0, 0.011797, 0.0, 0.0, 0.0, 0.011797], [2018.0, NaN, 0.209394, 0.0, 0.0, 0.0, 0.209394], [1.0, 0.024155, 0.0, 0.0, 0.0, 0.024155, NaN], [2.0, 0.019798, 0.0, 0.0, 0.0, 0.019798, NaN], [3.0, 0.019292, 0.0, 0.0, 0.0, 0.019292, NaN], [4.0, 0.018139, 0.0, 0.0, 0.0, 0.018139, NaN], [5.0, 0.020069, 0.0, 0.0, 0.0, 0.020069, NaN], [6.0, 0.020824, 0.0, 0.0, 0.0, 0.020824, NaN], [7.0, 0.020609, 0.0, 0.0, 0.0, 0.020609, NaN], [8.0, 0.016308, 0.0, 0.0, 0.0, 0.016308, NaN], [9.0, 0.0, 0.0, 0.0, 0.0, 0.0, NaN], [10.0, 0.017561, 0.0, 0.0, 0.0, 0.017561, NaN], [11.0, 0.01224, 0.0, 0.0, 0.0, 0.01224, NaN]]}, "12": {"index": [0, 1, 2, 3, 4, 5, 6, 7, 8, 9, 10, 11, 12], "columns": {"0": "2018", "1": "12", "2": "0.020399", "3": "0.000000", "4": "0.000000.1", "5": "0.000000.2", "6": "Unnamed: 0"}, "data": [[2017, NaN, 0.131267, 0.0, 0.0, 0.0, 0.131267], [1, 0.0, 0.0, 0.0, 0.0, 0.0, NaN], [2, 0.0, 0.0, 0.0, 0.0, 0.0, NaN], [3, 0.0, 0.0, 0.0, 0.0, 0.0, NaN], [4, 0.0, 0.0, 0.0, 0.0, 0.0, NaN], [5, 0.0, 0.0, 0.0, 0.0, 0.0, NaN], [6, 0.0, 0.0, 0.0, 0.0, 0.0, NaN], [7, 0.016519, 0.0, 0.0, 0.0, 0.016519, NaN], [8, 0.034978, 0.0, 0.0, 0.0, 0.034978, NaN], [9, 0.022571, 0.0, 0.0, 0.0, 0.022571, NaN], [10, 0.013086, 0.0, 0.0, 0.0, 0.013086, NaN], [11, 0.020902, 0.0, 0.0, 0.0, 0.020902, NaN], [12, 0.023211, 0.0, 0.0, 0.0, 0.023211, NaN]]}, "13": {"index": [0, 1, 2, 3, 4, 5, 6, 7, 8, 9, 10, 11, 12, 13, 14, 15, 16, 17, 18, 19, 20, 21, 22, 23, 24], "columns": {"0": "Unnamed: 0", "1": "Month", "2": "Gross - oil[mill Sm3]", "3": "Gross - gas[bill Sm3]", "4": "Gross -condensate[mill Sm3]", "5": "Gross - oilequivalents[mill Sm3]"}, "data": [["Sum", NaN, 0.88879, 0.516701, 0.0, 1.405491], ["2023", NaN, 0.0, 0.0, 0.0, 0.0], [NaN, 1.0, 0.0, 0.0, 0.0, 0.0], [NaN, 2.0, 0.0, 0.0, 0.0, 0.0], [NaN, 3.0, 0.0, 0.0, 0.0, 0.0], [NaN, 4.0, 0.0, 0.0, 0.0, 0.0], [NaN, 5.0, 0.0, 0.0, 0.0, 0.0], [NaN, 6.0, 0.0, 0.0, 0.0, 0.0], ["2022", NaN, 0.044994, 0.040687, 0.0, 0.085681], [NaN, 1.0, 0.007916, 0.006461, 0.0, 0.014377], [NaN, 2.0, 0.003377, 0.002946, 0.0, 0.006323], [NaN, 3.0, 0.006611, 0.005864, 0.0, 0.012475], [NaN, 4.0, 0.0, 0.0, 0.0, 0.0], [NaN, 5.0, 0.005357, 0.004266, 0.0, 0.009623], [NaN, 6.0, 0.009741, 0.007892, 0.0, 0.017633], [NaN, 7.0, 0.006114, 0.006005, 0.0, 0.012119], [NaN, 8.0, 0.0, 0.0, 0.0, 0.0], [NaN, 9.0, 0.0, 0.0, 0.0, 0.0], [NaN, 10.0, 0.0, 0.0, 0.0, 0.0], [NaN, 11.0, 0.003962, 0.004991, 0.0, 0.008953], [NaN, 12.0, 0.001916, 0.002262, 0.0, 0.004178], ["2021", NaN, 0.102488, 0.076498, 0.0, 0.178986], ["1", 0.01094, 0.008941, 0.0, 0.019881, NaN], ["2", 0.008354, 0.007186, 0.0, 0.01554, NaN], ["3", 0.009235, 0.008164, 0.0, 0.017399, NaN]]}, "14": {"index": [0, 1, 2, 3, 4, 5, 6, 7, 8, 9, 10, 11, 12, 13, 14, 15, 16, 17, 18, 19, 20, 21, 22, 23, 24, 25, 26, 27, 28, 29, 30, 31, 32, 33, 34, 35, 36, 37, 38, 39, 40, 41], "columns": {"0": "2021", "1": "4", "2": "0.002545", "3": "0.002188", "4": "0.000000", "5": "0.004733"}, "data": [[NaN, 5.0, 0.007273, 0.00404, 0.0, 0.011313], [NaN, 6.0, 0.012605, 0.007647, 0.0, 0.020252], [NaN, 7.0, 0.012846, 0.008461, 0.0, 0.021307], [NaN, 8.0, 0.008032, 0.005727, 0.0, 0.013759], [NaN, 9.0, 0.008329, 0.006659, 0.0, 0.014988], [NaN, 10.0, 0.007212, 0.005645, 0.0, 0.012857], [NaN, 11.0, 0.011429, 0.008845, 0.0, 0.020274], [NaN, 12.0, 0.003688, 0.002995, 0.0, 0.006683], [2020.0, NaN, 0.122405, 0.077505, 0.0, 0.19991], [NaN, 1.0, 0.013221, 0.007248, 0.0, 0.020469], [NaN, 2.0, 0.009718, 0.00599, 0.0, 0.015708], [NaN, 3.0, 0.012718, 0.008733, 0.0, 0.021451], [NaN, 4.0, 0.011137, 0.006467, 0.0, 0.017604], [NaN, 5.0, 0.01087, 0.006912, 0.0, 0.017782], [NaN, 6.0, 0.009518, 0.006166, 0.0, 0.015684], [NaN, 7.0, 0.007397, 0.005613, 0.0, 0.01301], [NaN, 8.0, 0.00855, 0.005277, 0.0, 0.013827], [NaN, 9.0, 0.004984, 0.003195, 0.0, 0.008179], [NaN, 10.0, 0.011431, 0.00668, 0.0, 0.018111], [NaN, 11.0, 0.011851, 0.007362, 0.0, 0.019213], [NaN, 12.0, 0.01101, 0.007862, 0.0, 0.018872], [2019.0, NaN, 0.197559, 0.113375, 0.0, 0.310934], [NaN, 1.0, 0.022917, 0.013761, 0.0, 0.036678], [NaN, 2.0, 0.018741, 0.012369, 0.0, 0.03111], [NaN, 3.0, 0.019788, 0.011182, 0.0, 0.03097], [NaN, 4.0, 0.02147, 0.012829, 0.0, 0.034299], [NaN, 5.0, 0.016185, 0.009242, 0.0, 0.025427], [NaN, 6.0, 0.011292, 0.006036, 0.0, 0.017328], [NaN, 7.0, 0.01375, 0.006697, 0.0, 0.020447], [NaN, 8.0, 0.014369, 0.0076, 0.0, 0.021969], [NaN, 9.0, 0.016425, 0.01053, 0.0, 0.026955], [NaN, 10.0, 0.01134, 0.00675, 0.0, 0.01809], [NaN, 11.0, 0.014095, 0.00756, 0.0, 0.021655], [NaN, 12.0, 0.017187, 0.008819, 0.0, 0.026006], [2018.0, NaN, 0.270407, 0.145254, 0.0, 0.415661], [1.0, 0.029135, 0.013911, 0.0, 0.043046, NaN], [2.0, 0.024637, 0.012832, 0.0, 0.037469, NaN], [3.0, 0.024052, 0.012939, 0.0, 0.036991, NaN], [4.0, 0.022917, 0.012254, 0.0, 0.035171, NaN], [5.0, 0.024931, 0.013417, 0.0, 0.038348, NaN], [6.0, 0.025595, 0.013641, 0.0, 0.039236, NaN], [7.0, 0.025325, 0.014517, 0.0, 0.039842, NaN]]}, "15": {"index": [0, 1, 2, 3, 4, 5, 6, 7, 8, 9, 10, 11, 12, 13, 14, 15, 16], "columns": {"0": "2018", "1": "8", "2": "0.021180", "3": "0.012579", "4": "0.000000", "5": "0.033759"}, "data": [[NaN, 9.0, 0.003608, 0.002898, 0.0, 0.006506], [NaN, 10.0, 0.023598, 0.011543, 0.0, 0.035141], [NaN, 11.0, 0.018753, 0.010842, 0.0, 0.029595], [NaN, 12.0, 0.026676, 0.013881, 0.0, 0.040557], [2017.0, NaN, 0.150937, 0.063382, 0.0, 0.214319], [1.0, 0.0, 0.0, 0.0, 0.0, NaN], [2.0, 0.0, 0.0, 0.0, 0.0, NaN], [3.0, 0.0, 0.0, 0.0, 0.0, NaN], [4.0, 0.0, 0.0, 0.0, 0.0, NaN], [5.0, 0.0, 0.0, 0.0, 0.0, NaN], [6.0, 0.0, 0.0, 0.0, 0.0, NaN], [7.0, 0.019537, 0.007714, 0.0, 0.027251, NaN], [8.0, 0.038968, 0.0148, 0.0, 0.053768, NaN], [9.0, 0.023075, 0.009798, 0.0, 0.032873, NaN], [10.0, 0.015628, 0.007378, 0.0, 0.023006, NaN], [11.0, 0.023283, 0.010017, 0.0, 0.0333, NaN], [12.0, 0.030446, 0.013675, 0.0, 0.044121, NaN]]}, "16": {"index": [], "columns": {"0": "Unnamed: 0"}, "data": []}, "17": {"index": [0, 1, 2], "columns": {"0": "Wellbore name", "1": "Entered date", "2": "Completed", "3": "Purpose", "4": "Status", "5": "Content"}, "data": [[NaN, NaN, "date", NaN, NaN, NaN], ["35/11-13", "18.03.2005", "28.05.2005", "WILDCAT", "P&A", "OIL/GAS"], ["35/11-14 S", "23.08.2006", "07.12.2006", "APPRAISAL", "P&A", "OIL/GAS"]]}, "18": {"index": [0, 1, 2], "columns": {"0": "Wellbore name", "1": "Entered date", "2": "Completed", "3": "Purpose", "4": "Content"}, "data": [[NaN, NaN, "date", NaN, NaN], ["35/11-A-33 Y1H", "07.02.2017", "24.05.2017", "PRODUCTION", "OIL"], ["35/11-A-33 Y2H", "25.05.2017", "09.06.2017", "PRODUCTION", "OIL"]]}, "19": {"index": [0], "columns": {"0": "Wellbore name", "1": "Entered date", "2": "Completed", "3": "Purpose", "4": "Status"}, "data": [[NaN, NaN, "date", NaN, NaN]]}, "kind": "osdu:wks:master-data--Field:1.0.0 ", "id": "npd:master-data--Factpages-Field:28975067"}