{"0": {"index": [0, 1, 2, 3, 4, 5, 6], "columns": {"0": "Field name", "1": "FRAM H-NORD"}, "data": [["Factmaps in new window", "link to map"], ["Current activity status", "Producing"], ["Discovery wellbore", "35/11-15 S"], ["Discovery year.", "2007"], ["Main area", "North sea"], ["Main supply base", "Mongstad"], ["NPDID field", "23410947"]]}, "1": {"index": [0, 1, 2], "columns": {"0": "Status", "1": "Status from", "2": "Status to"}, "data": [["Producing", "06.09.2014", NaN], ["Approved for", "07.06.2013", "05.09.2014"], ["production", NaN, NaN]]}, "2": {"index": [0, 1], "columns": {"0": "Block name", "1": "Prod. licence"}, "data": [["35/11", "248 E"], ["35/11", "090 G"]]}, "3": {"index": [0, 1], "columns": {"0": "Owner kind", "1": "Owner name"}, "data": [["BUSINESS ARRANGEMENT", "FRAM H-NORD UNIT"], ["AREA", NaN]]}, "4": {"index": [0, 1, 2, 3], "columns": {"0": "Unnamed: 0", "1": "Company name", "2": "Nation code", "3": "Company share [%]"}, "data": [["Equinor Energy AS", NaN, "NO", 49.2], ["INPEX Idemitsu Norge AS", NaN, "NO", 28.8], ["Petoro AS", NaN, "NO", 11.2], ["Neptune Energy Norge AS", NaN, "NO", 10.8]]}, "5": {"index": [0, 1, 2], "columns": {"0": "Orig. recoverable", "1": "Orig. recoverable.1", "2": "Orig. recoverable.2", "3": "Orig. recoverable.3", "4": "Orig. recoverable.4"}, "data": [["oil", "gas", "NGL", "cond.", "oil eq."], ["[mill Sm3]", "[bill Sm3]", "[mill tonn]", "[mill Sm3]", "[mill Sm3 o.e]"], ["0.69", "0.00", "0.00", "0.00", "0.69"]]}, "6": {"index": [0, 1], "columns": {"0": "Remaining oil", "1": "Remaining gas", "2": "Remaining NGL", "3": "Remaining cond.", "4": "Remaining oil eq."}, "data": [["[mill Sm3]", "[bill Sm3]", "[mill tonn]", "[mill Sm3]", "[mill Sm3 o.e]"], ["0.06", "0.00", "0.00", "0.00", "0.06"]]}, "7": {"index": [0, 1, 2], "columns": {"0": "Orig. inplace oil", "1": "Orig. inplace ass.", "2": "Orig. inplace ass..1", "3": "Orig. inplace free"}, "data": [["[mill Sm3]", "liquid", "gas", "gas"], [NaN, "[mill Sm3]", "[bill Sm3]", "[bill Sm3]"], ["6.00", "0.00", "1.00", "0.00"]]}, "8": {"index": [0, 1, 2, 3, 4, 5, 6, 7, 8, 9, 10, 11, 12, 13, 14, 15, 16, 17, 18, 19, 20, 21], "columns": {"0": "Type", "1": "Text", "2": "Date"}, "data": [[NaN, NaN, "updated"], ["Development", "Fram H-Nord is a field just north of the Fram field in the", "28.02.2023"], [NaN, "northern part of the North Sea. The water depth is 360 metres.", NaN], [NaN, "Fram H-Nord was discovered in 2007, and the authorities", NaN], [NaN, "granted an exemption from the plan for development and", NaN], [NaN, "operation (PDO) requirement in 2013. The field is developed", NaN], [NaN, "with a two-branch multilateral (MLT) well from a 4-slot", NaN], [NaN, "template. Production started in 2014. The Byrding field is also", NaN], [NaN, "drilled from the Fram H-Nord template.", NaN], ["Reservoir", "Fram H-Nord produces oil and gas from turbiditic sandstone of", "28.02.2023"], [NaN, "Late Jurassic age in the Heather Formation. The reservoir lies at", NaN], [NaN, "a depth of 2,950 metres and has good quality.", NaN], ["Recovery strategy", "The field is produced by pressure depletion.", "28.02.2023"], ["Transport", "The well stream is routed through a template on Fram Vest and", "28.02.2023"], [NaN, "further to the Troll C facility for processing. The oil is", NaN], [NaN, "transported further by the Troll Oil Pipeline II to the Mongstad", NaN], [NaN, "terminal, and the gas is exported via the Troll A platform to the", NaN], [NaN, "Kollsnes terminal.", NaN], ["Status", "Fram H-Nord has produced below expectations and has been", "28.02.2023"], [NaN, "shut-in for a while because of severe problems with the well", NaN], [NaN, "stream (slugging). Slugging is manageable at present, and", NaN], [NaN, "production started again in August 2022.", NaN]]}, "9": {"index": [0, 1, 2, 3, 4, 5, 6, 7, 8, 9, 10, 11, 12], "columns": {"0": "Unnamed: 0", "1": "Investments"}, "data": [[NaN, "[mill NOK nominal"], [NaN, "values]"], ["Sum", "2555"], ["2021", "13"], ["2020", "0"], ["2019", "0"], ["2018", "0"], ["2017", "0"], ["2016", "0"], ["2015", "38"], ["2014", "1238"], ["2013", "1024"], ["2012", "242"]]}, "10": {"index": [0, 1, 2, 3, 4, 5, 6, 7, 8, 9, 10, 11, 12, 13, 14, 15, 16, 17, 18, 19, 20, 21, 22], "columns": {"0": "Unnamed: 0", "1": "Month", "2": "Net - oil", "3": "Net - gas", "4": "Net -", "5": "Net - NGL", "6": "Net - oil equivalents"}, "data": [[NaN, NaN, "[mill Sm3]", "[bill Sm3]", "condensate", "[mill Sm3]", NaN], [NaN, NaN, NaN, NaN, "[mill Sm3]", NaN, "[mill Sm3]"], ["Sum", NaN, "0.639100", "0.000000", "0.000000", "0.000000", "0.639100"], ["2023", NaN, "0.025876", "0.000000", "0.000000", "0.000000", "0.025876"], [NaN, 1.0, "0.003938", "0.000000", "0.000000", "0.000000", "0.003938"], [NaN, 2.0, "0.004766", "0.000000", "0.000000", "0.000000", "0.004766"], [NaN, 3.0, "0.004473", "0.000000", "0.000000", "0.000000", "0.004473"], [NaN, 4.0, "0.004337", "0.000000", "0.000000", "0.000000", "0.004337"], [NaN, 5.0, "0.004200", "0.000000", "0.000000", "0.000000", "0.004200"], [NaN, 6.0, "0.004162", "0.000000", "0.000000", "0.000000", "0.004162"], ["2022", NaN, "0.028110", "0.000000", "0.000000", "0.000000", "0.028110"], [NaN, 1.0, "0.000000", "0.000000", "0.000000", "0.000000", "0.000000"], [NaN, 2.0, "0.000000", "0.000000", "0.000000", "0.000000", "0.000000"], [NaN, 3.0, "0.000000", "0.000000", "0.000000", "0.000000", "0.000000"], [NaN, 4.0, "0.000000", "0.000000", "0.000000", "0.000000", "0.000000"], [NaN, 5.0, "0.000000", "0.000000", "0.000000", "0.000000", "0.000000"], [NaN, 6.0, "0.000000", "0.000000", "0.000000", "0.000000", "0.000000"], [NaN, 7.0, "0.000000", "0.000000", "0.000000", "0.000000", "0.000000"], [NaN, 8.0, "0.002207", "0.000000", "0.000000", "0.000000", "0.002207"], [NaN, 9.0, "0.005000", "0.000000", "0.000000", "0.000000", "0.005000"], [NaN, 10.0, "0.008930", "0.000000", "0.000000", "0.000000", "0.008930"], [NaN, 11.0, "0.006012", "0.000000", "0.000000", "0.000000", "0.006012"], [NaN, 12.0, "0.005961", "0.000000", "0.000000", "0.000000", "0.005961"]]}, "11": {"index": [0, 1, 2, 3, 4, 5, 6, 7, 8, 9, 10, 11, 12, 13, 14, 15, 16, 17, 18, 19, 20, 21, 22, 23, 24, 25, 26, 27, 28, 29, 30, 31, 32, 33, 34, 35, 36, 37, 38, 39, 40, 41], "columns": {"0": "2021", "1": "Unnamed: 0", "2": "0.000000", "3": "0.000000.1", "4": "0.000000.2", "5": "0.000000.3", "6": "0.000000.4"}, "data": [[NaN, 1.0, 0.0, 0.0, 0.0, 0.0, 0.0], [NaN, 2.0, 0.0, 0.0, 0.0, 0.0, 0.0], [NaN, 3.0, 0.0, 0.0, 0.0, 0.0, 0.0], [NaN, 4.0, 0.0, 0.0, 0.0, 0.0, 0.0], [NaN, 5.0, 0.0, 0.0, 0.0, 0.0, 0.0], [NaN, 6.0, 0.0, 0.0, 0.0, 0.0, 0.0], [NaN, 7.0, 0.0, 0.0, 0.0, 0.0, 0.0], [NaN, 8.0, 0.0, 0.0, 0.0, 0.0, 0.0], [NaN, 9.0, 0.0, 0.0, 0.0, 0.0, 0.0], [NaN, 10.0, 0.0, 0.0, 0.0, 0.0, 0.0], [NaN, 11.0, 0.0, 0.0, 0.0, 0.0, 0.0], [NaN, 12.0, 0.0, 0.0, 0.0, 0.0, 0.0], [2020.0, NaN, 0.0, 0.0, 0.0, 0.0, 0.0], [NaN, 1.0, 0.0, 0.0, 0.0, 0.0, 0.0], [NaN, 2.0, 0.0, 0.0, 0.0, 0.0, 0.0], [NaN, 3.0, 0.0, 0.0, 0.0, 0.0, 0.0], [NaN, 4.0, 0.0, 0.0, 0.0, 0.0, 0.0], [NaN, 5.0, 0.0, 0.0, 0.0, 0.0, 0.0], [NaN, 6.0, 0.0, 0.0, 0.0, 0.0, 0.0], [NaN, 7.0, 0.0, 0.0, 0.0, 0.0, 0.0], [NaN, 8.0, 0.0, 0.0, 0.0, 0.0, 0.0], [NaN, 9.0, 0.0, 0.0, 0.0, 0.0, 0.0], [NaN, 10.0, 0.0, 0.0, 0.0, 0.0, 0.0], [NaN, 11.0, 0.0, 0.0, 0.0, 0.0, 0.0], [NaN, 12.0, 0.0, 0.0, 0.0, 0.0, 0.0], [2019.0, NaN, 0.0, 0.0, 0.0, 0.0, 0.0], [NaN, 1.0, 0.0, 0.0, 0.0, 0.0, 0.0], [NaN, 2.0, 0.0, 0.0, 0.0, 0.0, 0.0], [NaN, 3.0, 0.0, 0.0, 0.0, 0.0, 0.0], [NaN, 4.0, 0.0, 0.0, 0.0, 0.0, 0.0], [NaN, 5.0, 0.0, 0.0, 0.0, 0.0, 0.0], [NaN, 6.0, 0.0, 0.0, 0.0, 0.0, 0.0], [NaN, 7.0, 0.0, 0.0, 0.0, 0.0, 0.0], [NaN, 8.0, 0.0, 0.0, 0.0, 0.0, 0.0], [NaN, 9.0, 0.0, 0.0, 0.0, 0.0, 0.0], [NaN, 10.0, 0.0, 0.0, 0.0, 0.0, 0.0], [NaN, 11.0, 0.0, 0.0, 0.0, 0.0, 0.0], [NaN, 12.0, 0.0, 0.0, 0.0, 0.0, 0.0], [2018.0, NaN, 0.000408, 0.0, 0.0, 0.0, 0.000408], [1.0, 0.0, 0.0, 0.0, 0.0, 0.0, NaN], [2.0, 0.0, 0.0, 0.0, 0.0, 0.0, NaN], [3.0, 0.0, 0.0, 0.0, 0.0, NaN, NaN]]}, "12": {"index": [0, 1, 2, 3, 4, 5, 6, 7, 8, 9, 10, 11, 12, 13, 14, 15, 16, 17, 18, 19, 20, 21, 22, 23, 24, 25, 26, 27, 28, 29, 30, 31, 32, 33, 34, 35, 36, 37, 38, 39, 40, 41], "columns": {"0": "2018", "1": "4", "2": "0.000408", "3": "0.000000", "4": "0.000000.1", "5": "0.000000.2", "6": "0.000408.1"}, "data": [[NaN, 5.0, 0.0, 0.0, 0.0, 0.0, 0.0], [NaN, 6.0, 0.0, 0.0, 0.0, 0.0, 0.0], [NaN, 7.0, 0.0, 0.0, 0.0, 0.0, 0.0], [NaN, 8.0, 0.0, 0.0, 0.0, 0.0, 0.0], [NaN, 9.0, 0.0, 0.0, 0.0, 0.0, 0.0], [NaN, 10.0, 0.0, 0.0, 0.0, 0.0, 0.0], [NaN, 11.0, 0.0, 0.0, 0.0, 0.0, 0.0], [NaN, 12.0, 0.0, 0.0, 0.0, 0.0, 0.0], [2017.0, NaN, 0.029131, 0.0, 0.0, 0.0, 0.029131], [NaN, 1.0, 0.007099, 0.0, 0.0, 0.0, 0.007099], [NaN, 2.0, 0.00664, 0.0, 0.0, 0.0, 0.00664], [NaN, 3.0, 0.000523, 0.0, 0.0, 0.0, 0.000523], [NaN, 4.0, 0.0028, 0.0, 0.0, 0.0, 0.0028], [NaN, 5.0, 0.00343, 0.0, 0.0, 0.0, 0.00343], [NaN, 6.0, 0.003722, 0.0, 0.0, 0.0, 0.003722], [NaN, 7.0, 0.004063, 0.0, 0.0, 0.0, 0.004063], [NaN, 8.0, 0.000764, 0.0, 0.0, 0.0, 0.000764], [NaN, 9.0, 9e-05, 0.0, 0.0, 0.0, 9e-05], [NaN, 10.0, 0.0, 0.0, 0.0, 0.0, 0.0], [NaN, 11.0, 0.0, 0.0, 0.0, 0.0, 0.0], [NaN, 12.0, 0.0, 0.0, 0.0, 0.0, 0.0], [2016.0, NaN, 0.160667, 0.0, 0.0, 0.0, 0.160667], [NaN, 1.0, 0.018579, 0.0, 0.0, 0.0, 0.018579], [NaN, 2.0, 0.015377, 0.0, 0.0, 0.0, 0.015377], [NaN, 3.0, 0.015996, 0.0, 0.0, 0.0, 0.015996], [NaN, 4.0, 0.015733, 0.0, 0.0, 0.0, 0.015733], [NaN, 5.0, 0.01484, 0.0, 0.0, 0.0, 0.01484], [NaN, 6.0, 0.010466, 0.0, 0.0, 0.0, 0.010466], [NaN, 7.0, 0.012951, 0.0, 0.0, 0.0, 0.012951], [NaN, 8.0, 0.012205, 0.0, 0.0, 0.0, 0.012205], [NaN, 9.0, 0.013029, 0.0, 0.0, 0.0, 0.013029], [NaN, 10.0, 0.011033, 0.0, 0.0, 0.0, 0.011033], [NaN, 11.0, 0.010363, 0.0, 0.0, 0.0, 0.010363], [NaN, 12.0, 0.010095, 0.0, 0.0, 0.0, 0.010095], [2015.0, NaN, 0.269082, 0.0, 0.0, 0.0, 0.269082], [1.0, 0.026436, 0.0, 0.0, 0.0, 0.026436, NaN], [2.0, 0.028065, 0.0, 0.0, 0.0, 0.028065, NaN], [3.0, 0.029559, 0.0, 0.0, 0.0, 0.029559, NaN], [4.0, 0.022283, 0.0, 0.0, 0.0, 0.022283, NaN], [5.0, 0.026821, 0.0, 0.0, 0.0, 0.026821, NaN], [6.0, 0.022581, 0.0, 0.0, 0.0, 0.022581, NaN], [7.0, 0.023947, 0.0, 0.0, 0.0, 0.023947, NaN]]}, "13": {"index": [0, 1, 2, 3, 4, 5, 6, 7, 8, 9, 10], "columns": {"0": "2015", "1": "8", "2": "0.019788", "3": "0.000000", "4": "0.000000.1", "5": "0.000000.2", "6": "0.019788.1"}, "data": [[9.0, 0.019223, 0.0, 0.0, 0.0, 0.019223, NaN], [10.0, 0.016466, 0.0, 0.0, 0.0, 0.016466, NaN], [11.0, 0.016972, 0.0, 0.0, 0.0, 0.016972, NaN], [NaN, 12.0, 0.016941, 0.0, 0.0, 0.0, 0.016941], [2014.0, NaN, 0.125826, 0.0, 0.0, 0.0, 0.125826], [7.0, 0.0, 0.0, 0.0, 0.0, 0.0, NaN], [8.0, 0.0, 0.0, 0.0, 0.0, 0.0, NaN], [9.0, 0.012411, 0.0, 0.0, 0.0, 0.012411, NaN], [10.0, 0.052321, 0.0, 0.0, 0.0, 0.052321, NaN], [11.0, 0.029099, 0.0, 0.0, 0.0, 0.029099, NaN], [12.0, 0.031995, 0.0, 0.0, 0.0, 0.031995, NaN]]}, "14": {"index": [0, 1, 2, 3, 4, 5, 6, 7, 8, 9, 10, 11, 12, 13, 14, 15, 16, 17, 18, 19, 20, 21, 22, 23, 24, 25, 26], "columns": {"0": "Unnamed: 0", "1": "Month", "2": "Gross - oil[mill Sm3]", "3": "Gross - gas[bill Sm3]", "4": "Gross -condensate[mill Sm3]", "5": "Gross - oilequivalents[mill Sm3]"}, "data": [["Sum", NaN, 0.666717, 0.3549, 0.0, 1.021617], ["2023", NaN, 0.025524, 0.016121, 0.0, 0.041645], [NaN, 1.0, 0.004041, 0.002924, 0.0, 0.006965], [NaN, 2.0, 0.004715, 0.002936, 0.0, 0.007651], [NaN, 3.0, 0.00406, 0.002621, 0.0, 0.006681], [NaN, 4.0, 0.00434, 0.002702, 0.0, 0.007042], [NaN, 5.0, 0.004087, 0.00243, 0.0, 0.006517], [NaN, 6.0, 0.004281, 0.002508, 0.0, 0.006789], ["2022", NaN, 0.028592, 0.019324, 0.0, 0.047916], [NaN, 1.0, 0.0, 0.0, 0.0, 0.0], [NaN, 2.0, 0.0, 0.0, 0.0, 0.0], [NaN, 3.0, 0.0, 0.0, 0.0, 0.0], [NaN, 4.0, 0.0, 0.0, 0.0, 0.0], [NaN, 5.0, 0.0, 0.0, 0.0, 0.0], [NaN, 6.0, 0.0, 0.0, 0.0, 0.0], [NaN, 7.0, 0.0, 0.0, 0.0, 0.0], [NaN, 8.0, 0.002206, 0.002425, 0.0, 0.004631], [NaN, 9.0, 0.005029, 0.00252, 0.0, 0.007549], [NaN, 10.0, 0.009054, 0.005866, 0.0, 0.01492], [NaN, 11.0, 0.006192, 0.00418, 0.0, 0.010372], [NaN, 12.0, 0.006111, 0.004333, 0.0, 0.010444], ["2021", NaN, 0.0, 0.0, 0.0, 0.0], ["1", 0.0, 0.0, 0.0, 0.0, NaN], ["2", 0.0, 0.0, 0.0, 0.0, NaN], ["3", 0.0, 0.0, 0.0, 0.0, NaN], ["4", 0.0, 0.0, 0.0, 0.0, NaN], ["5", 0.0, 0.0, 0.0, 0.0, NaN]]}, "15": {"index": [0, 1, 2, 3, 4, 5, 6, 7, 8, 9, 10, 11, 12, 13, 14, 15, 16, 17, 18, 19, 20, 21, 22, 23, 24, 25, 26, 27, 28, 29, 30, 31, 32, 33, 34, 35, 36, 37, 38, 39, 40, 41], "columns": {"0": "2021", "1": "6", "2": "0.000000", "3": "0.000000.1", "4": "0.000000.2", "5": "0.000000.3"}, "data": [[NaN, 7.0, 0.0, 0.0, 0.0, 0.0], [NaN, 8.0, 0.0, 0.0, 0.0, 0.0], [NaN, 9.0, 0.0, 0.0, 0.0, 0.0], [NaN, 10.0, 0.0, 0.0, 0.0, 0.0], [NaN, 11.0, 0.0, 0.0, 0.0, 0.0], [NaN, 12.0, 0.0, 0.0, 0.0, 0.0], [2020.0, NaN, 0.0, 0.0, 0.0, 0.0], [NaN, 1.0, 0.0, 0.0, 0.0, 0.0], [NaN, 2.0, 0.0, 0.0, 0.0, 0.0], [NaN, 3.0, 0.0, 0.0, 0.0, 0.0], [NaN, 4.0, 0.0, 0.0, 0.0, 0.0], [NaN, 5.0, 0.0, 0.0, 0.0, 0.0], [NaN, 6.0, 0.0, 0.0, 0.0, 0.0], [NaN, 7.0, 0.0, 0.0, 0.0, 0.0], [NaN, 8.0, 0.0, 0.0, 0.0, 0.0], [NaN, 9.0, 0.0, 0.0, 0.0, 0.0], [NaN, 10.0, 0.0, 0.0, 0.0, 0.0], [NaN, 11.0, 0.0, 0.0, 0.0, 0.0], [NaN, 12.0, 0.0, 0.0, 0.0, 0.0], [2019.0, NaN, 0.0, 0.0, 0.0, 0.0], [NaN, 1.0, 0.0, 0.0, 0.0, 0.0], [NaN, 2.0, 0.0, 0.0, 0.0, 0.0], [NaN, 3.0, 0.0, 0.0, 0.0, 0.0], [NaN, 4.0, 0.0, 0.0, 0.0, 0.0], [NaN, 5.0, 0.0, 0.0, 0.0, 0.0], [NaN, 6.0, 0.0, 0.0, 0.0, 0.0], [NaN, 7.0, 0.0, 0.0, 0.0, 0.0], [NaN, 8.0, 0.0, 0.0, 0.0, 0.0], [NaN, 9.0, 0.0, 0.0, 0.0, 0.0], [NaN, 10.0, 0.0, 0.0, 0.0, 0.0], [NaN, 11.0, 0.0, 0.0, 0.0, 0.0], [NaN, 12.0, 0.0, 0.0, 0.0, 0.0], [2018.0, NaN, 0.000414, 0.000326, 0.0, 0.00074], [1.0, 0.0, 0.0, 0.0, 0.0, NaN], [2.0, 0.0, 0.0, 0.0, 0.0, NaN], [3.0, 0.0, 0.0, 0.0, 0.0, NaN], [4.0, 0.000414, 0.000326, 0.0, 0.00074, NaN], [5.0, 0.0, 0.0, 0.0, 0.0, NaN], [6.0, 0.0, 0.0, 0.0, 0.0, NaN], [7.0, 0.0, 0.0, 0.0, 0.0, NaN], [8.0, 0.0, 0.0, 0.0, 0.0, NaN], [9.0, 0.0, 0.0, 0.0, 0.0, NaN]]}, "16": {"index": [0, 1, 2, 3, 4, 5, 6, 7, 8, 9, 10, 11, 12, 13, 14, 15, 16, 17, 18, 19, 20, 21, 22, 23, 24, 25, 26, 27, 28, 29, 30, 31, 32, 33, 34, 35, 36, 37, 38, 39, 40], "columns": {"0": "2018", "1": "10", "2": "0.000000", "3": "0.000000.1", "4": "0.000000.2", "5": "0.000000.3"}, "data": [[NaN, 11.0, 0.0, 0.0, 0.0, 0.0], [NaN, 12.0, 0.0, 0.0, 0.0, 0.0], [2017.0, NaN, 0.029537, 0.020116, 0.0, 0.049653], [NaN, 1.0, 0.007191, 0.005876, 0.0, 0.013067], [NaN, 2.0, 0.006879, 0.005434, 0.0, 0.012313], [NaN, 3.0, 0.000573, 0.003431, 0.0, 0.004004], [NaN, 4.0, 0.002834, 0.000473, 0.0, 0.003307], [NaN, 5.0, 0.003465, 0.001152, 0.0, 0.004617], [NaN, 6.0, 0.003824, 0.00183, 0.0, 0.005654], [NaN, 7.0, 0.00407, 0.001655, 0.0, 0.005725], [NaN, 8.0, 0.000609, 0.000227, 0.0, 0.000836], [NaN, 9.0, 9.2e-05, 3.8e-05, 0.0, 0.00013], [NaN, 10.0, 0.0, 0.0, 0.0, 0.0], [NaN, 11.0, 0.0, 0.0, 0.0, 0.0], [NaN, 12.0, 0.0, 0.0, 0.0, 0.0], [2016.0, NaN, 0.161771, 0.120209, 0.0, 0.28198], [NaN, 1.0, 0.018761, 0.010332, 0.0, 0.029093], [NaN, 2.0, 0.01539, 0.008404, 0.0, 0.023794], [NaN, 3.0, 0.016124, 0.010807, 0.0, 0.026931], [NaN, 4.0, 0.015893, 0.011508, 0.0, 0.027401], [NaN, 5.0, 0.014744, 0.010066, 0.0, 0.02481], [NaN, 6.0, 0.010579, 0.005464, 0.0, 0.016043], [NaN, 7.0, 0.013009, 0.009723, 0.0, 0.022732], [NaN, 8.0, 0.012266, 0.01146, 0.0, 0.023726], [NaN, 9.0, 0.013204, 0.012861, 0.0, 0.026065], [NaN, 10.0, 0.010897, 0.010283, 0.0, 0.02118], [NaN, 11.0, 0.010552, 0.009898, 0.0, 0.02045], [NaN, 12.0, 0.010352, 0.009403, 0.0, 0.019755], [2015.0, NaN, 0.267912, 0.139815, 0.0, 0.407727], [1.0, 0.025693, 0.008256, 0.0, 0.033949, NaN], [2.0, 0.027537, 0.01011, 0.0, 0.037647, NaN], [3.0, 0.029495, 0.012728, 0.0, 0.042223, NaN], [4.0, 0.022184, 0.013804, 0.0, 0.035988, NaN], [5.0, 0.026635, 0.015206, 0.0, 0.041841, NaN], [6.0, 0.023602, 0.013328, 0.0, 0.03693, NaN], [7.0, 0.023785, 0.013692, 0.0, 0.037477, NaN], [8.0, 0.019524, 0.011014, 0.0, 0.030538, NaN], [9.0, 0.019021, 0.01222, 0.0, 0.031241, NaN], [10.0, 0.016428, 0.009963, 0.0, 0.026391, NaN], [11.0, 0.016899, 0.010481, 0.0, 0.02738, NaN], [12.0, 0.017109, 0.009013, 0.0, 0.026122, NaN]]}, "17": {"index": [0, 1, 2, 3, 4, 5], "columns": {"0": "2014", "1": "Unnamed: 0", "2": "0.152967", "3": "0.038989", "4": "0.000000", "5": "0.191956"}, "data": [[7, 0.0, 0.0, 0.0, 0.0, NaN], [8, 0.0, 0.0, 0.0, 0.0, NaN], [9, 0.038437, 0.006561, 0.0, 0.044998, NaN], [10, 0.051007, 0.014168, 0.0, 0.065175, NaN], [11, 0.032275, 0.00903, 0.0, 0.041305, NaN], [12, 0.031248, 0.00923, 0.0, 0.040478, NaN]]}, "18": {"index": [], "columns": {"0": "Unnamed: 0"}, "data": []}, "19": {"index": [], "columns": {"0": "Unnamed: 0"}, "data": []}, "20": {"index": [0, 1], "columns": {"0": "Wellbore name", "1": "Entered date", "2": "Completed", "3": "Purpose", "4": "Status", "5": "Content"}, "data": [[NaN, NaN, "date", NaN, NaN, NaN], ["35/11-15 S", "01.04.2007", "28.06.2007", "WILDCAT", "P&A", "OIL/GAS"]]}, "21": {"index": [0, 1, 2, 3, 4, 5], "columns": {"0": "Wellbore name", "1": "Entered date", "2": "Completed", "3": "Purpose Content"}, "data": [[NaN, NaN, "date", NaN], ["35/11-A-31 H", "29.12.2013", "28.02.2014", "OBSERVATION OIL"], ["35/11-A-31", "01.03.2014", "22.05.2014", "PRODUCTION OIL"], ["AY1H", NaN, NaN, NaN], ["35/11-A-31", "23.05.2014", "08.06.2014", "PRODUCTION OIL"], ["AY2H", NaN, NaN, NaN]]}, "22": {"index": [0], "columns": {"0": "Wellbore name", "1": "Entered date", "2": "Completed", "3": "Purpose", "4": "Status"}, "data": [[NaN, NaN, "date", NaN, NaN]]}, "kind": "osdu:wks:master-data--Field:1.0.0 ", "id": "npd:master-data--Factpages-Field:23410947"}