{"0": {"index": [0, 1, 2], "columns": {"0": "Lithostrat. unit", "1": "INTRA MELKE FM SS"}, "data": [["NPDID lithostrat. unit", "104"], ["Level", "FORMATION"], ["Lithostrat. unit, parent", "VIKING GP"]]}, "1": {"index": [0, 1, 2, 3, 4, 5, 6, 7, 8, 9, 10, 11, 12, 13, 14, 15, 16], "columns": {"0": "Wellbore name", "1": "Wellbore", "2": "Top depth", "3": "Bottom"}, "data": [[NaN, "completion", "[m]", "depth [m]"], [NaN, "date", NaN, NaN], ["6306/5-2", "11.10.2015", "2952", "3217"], ["6406/12-3 A", "22.07.2014", "4124", "4180"], ["6406/12-3 B", "11.06.2014", "3761", "4264"], ["6406/12-3 S", "26.04.2014", "3514", "3912"], ["6406/12-4 A", "17.09.2015", "3529", "4058"], ["6406/12-4 S", "17.08.2015", "3951", "4318"], ["6407/10-5", "18.09.2015", "2660", "2890"], ["6407/12-3", "02.06.2010", "1781", "1816"], ["6507/5-7", "24.06.2014", "1287", "1307"], ["6608/10-4", "06.03.1994", "2484", "2533"], ["6608/10-6", "14.05.2000", "1814", "1850"], ["6608/10-6 R", "02.12.2000", "1814", "1850"], ["6608/10-6 R2", "29.08.2001", "1809", "1845"], ["6608/10-7", "23.05.2001", "1948", "2007"], ["6608/10-8", "12.04.2002", "2294", "2341"]]}, "2": {"index": [0, 1, 2, 3, 4, 5], "columns": {"0": "6608/10-8 A", "1": "26.04.2002", "2": "2434", "3": "2520"}, "data": [["6608/10-9", "18.02.2003", 2133, 2188], ["6608/10-10", "07.08.2003", 2405, 2462], ["6608/10-12", "21.12.2008", 2688, 2738], ["6608/10-12 A", "25.01.2009", 2798, 2885], ["6608/10-14 S", "01.04.2010", 2433, 2504], ["6608/10-15", "12.09.2013", 1860, 1905]]}, "3": {"index": [0, 1, 2, 3, 4, 5, 6, 7, 8, 9, 10], "columns": {"0": "Wellbore name", "1": "Wellbore", "2": "Core length"}, "data": [[NaN, "completion", "[m]"], [NaN, "date", NaN], ["6406/12-3 A", "22.07.2014", "53"], ["6406/12-3 B", "11.06.2014", "108"], ["6406/12-3 S", "26.04.2014", "210"], ["6406/12-4 S", "17.08.2015", "33"], ["6608/10-6", "14.05.2000", "16"], ["6608/10-7", "23.05.2001", "45"], ["6608/10-8", "12.04.2002", "25"], ["6608/10-9", "18.02.2003", "33"], ["6608/10-14 S", "01.04.2010", "27"]]}, "kind": "osdu:wks:master-data--Litho:1.0.0 ", "id": "npd:master-data--Factpages-Litho:104"}