{"0": {"index": [0, 1, 2, 3, 4, 5, 6, 7, 8, 9, 10, 11, 12, 13, 14, 15, 16, 17, 18, 19, 20, 21, 22, 23, 24], "columns": {"0": "eneral information", "1": "Unnamed: 0"}, "data": [["Survey name", "WD21100"], ["Legal basis", "Petroleumsforskriften jf Ressursforskriften"], ["NPDID for survey", "10171"], ["Factmaps - new window", "link to map"], ["Status", "Ferdig"], ["Area", "Norskehavet"], ["Market available", "Nei"], ["Category", "Seismisk unders\u00f8kelse"], ["Main type", "Grunnunders\u00f8kelse"], ["Sub type", "2D"], ["Company - responsible", "Wintershall Dea Norge AS"], ["Source type", "seismicSource"], ["Number of sources", "1"], ["Source size", "750"], ["Source pressure", "2000"], ["Sensor type", "notRelevant"], ["Numbers of sensors", NaN], ["Sensor length [m]", NaN], ["Sensor width [m]", NaN], ["Start date - planned", "02.08.2021"], ["Start date", "08.08.2021"], ["Completed date - planned", "14.08.2021"], ["Completed date", "09.08.2021"], ["Total length [boat km]", "9"], ["Net area - actual 3D/4D [km2]", NaN]]}, "1": {"index": [], "columns": {"0": "Unnamed: 0"}, "data": []}, "2": {"index": [0, 1, 2, 3, 4, 5], "columns": {"0": "Date", "1": "Type of update", "2": "Information"}, "data": [["09.08.2021", "Melding - Unders\u00f8kelsen er ferdig", NaN], ["09.08.2021", "Status", "Ferdig"], ["08.08.2021", "Status", "P\u00e5g\u00e5ende"], ["08.08.2021", "Melding - Unders\u00f8kelsen startesopp", NaN], ["06.08.2021", "Melding - Endringsmelding - tilinfo", NaN], ["04.08.2021", "Melding - Endringsmelding - tilinfo", NaN]]}, "3": {"index": [0, 1, 2, 3, 4, 5, 6, 7, 8, 9, 10, 11, 12, 13, 14, 15, 16, 17, 18, 19, 20, 21, 22, 23, 24, 25, 26], "columns": {"0": "04.08.2021", "1": "Oljedirektoratets uttalelse til", "2": "Oljedirektoratet (OD) viser til melding om endring av"}, "data": [[NaN, "endringsmelding", "tidsrom for unders\u00f8kelsen. P\u00e5 bakgrunn av innmeldt"], [NaN, NaN, "endring og nye uttalelser fra Havforskningsinstituttet og"], [NaN, NaN, "Fiskeridirektoratet, har OD ingen ytterligere merknader"], [NaN, NaN, "til at unders\u00f8kelsen kan gjennomf\u00f8res som planlagt"], [NaN, NaN, "dersom disse blir fulgt."], ["02.08.2021", "Fiskeridirektoratets uttalelse til", "Vi viser til mottatt melding om endret tidsperiode for"], [NaN, "endringsmelding", "nevnte unders\u00f8kelse. Vi har ikke merknader til dette og"], [NaN, NaN, "opprettholder v\u00e5rt tidligere tilsvar i saken."], ["01.08.2021", "Havforskningsinstituttets", "Unders\u00f8kelsesomr\u00e5det er ikke blitt kartlagt i regi av"], [NaN, "uttalelse til endringsmelding", "Mareano men det er kjent at denne delen av sokkelen"], [NaN, NaN, "er veldig rik p\u00e5 korallrev. Havforskningsinstituttet ber"], [NaN, NaN, "operat\u00f8ren om \u00e5 v\u00e6re oppmerksom p\u00e5 dette og vise"], [NaN, NaN, "aktsomhet ved eventuell bunnpr\u00f8vetaking. Vi ber om at"], [NaN, NaN, "nye oppdagelser av korall og svamp meldes in"], [NaN, NaN, "(postjournal@hi.no)."], [NaN, NaN, "Ellers har havforskningsinstituttet ingen merknader til"], [NaN, NaN, "den planlagte unders\u00f8kelsen. Vurderingen er gjort med"], [NaN, NaN, "hensyn til aktive gytefelt og konsentrerte"], [NaN, NaN, "gytevandringer for aktuelle fiskebestander"], [NaN, NaN, "(p\u00e5virkningsavstand 20 nmi) beiteomr\u00e5der for hval og"], [NaN, NaN, "forekomst av koraller."], ["29.07.2021", "Melding - Endringsmelding - til", NaN], [NaN, "info", NaN], ["29.07.2021", "Melding - Endringsmelding som", NaN], [NaN, "krever saksbehandling", NaN], ["29.07.2021", "Melding - Endringsmelding - til", NaN], [NaN, "info", NaN]]}, "4": {"index": [0, 1, 2, 3, 4, 5, 6, 7, 8, 9, 10, 11, 12, 13, 14, 15, 16, 17, 18, 19, 20, 21, 22, 23, 24, 25, 26, 27, 28, 29, 30, 31, 32, 33, 34, 35, 36, 37, 38, 39, 40, 41, 42, 43, 44], "columns": {"0": "15.07.2021", "1": "Oljedirektoratet uttalelse til", "2": "Oljedirektoratet (OD) viser til deres melding vedr\u00f8rende"}, "data": [[NaN, "innmelding", "denne unders\u00f8kelsen."], [NaN, NaN, "OD gj\u00f8r s\u00e6rlig oppmerksom p\u00e5 at fart\u00f8y som foretar en"], [NaN, NaN, "unders\u00f8kelse, skal holde forsvarlig avstand til fart\u00f8y"], [NaN, NaN, "som driver fiske, og til fastst\u00e5ende og flytende"], [NaN, NaN, "fiskeredskap. S\u00e6rlig aktsomhet skal utvises n\u00e5r st\u00f8rre"], [NaN, NaN, "ansamlinger av fiskefart\u00f8y observeres, jf. forskrift om"], [NaN, NaN, "ressursforvaltning innen petroleumsvirksomheten av"], [NaN, NaN, "13.12.2017 (ressursforskriften) \u00a7 8 andre ledd."], [NaN, NaN, "Det vises for \u00f8vrig til veileder om \"Gjennomf\u00f8ring av"], [NaN, NaN, "seismiske unders\u00f8kelser p\u00e5 norsk kontinentalsokkel\"."], [NaN, NaN, "OD viser til uttalelsene som er gitt av adressatene"], [NaN, NaN, "innenfor meldesystemet (jf. petroleumsforskriften \u00a7 6/"], [NaN, NaN, "ressursforskriften \u00a7 6), og har ingen merknader til at"], [NaN, NaN, "unders\u00f8kelsen  gjennomf\u00f8res som planlagt dersom"], [NaN, NaN, "disse tas til etterretning. Dette gjelder ogs\u00e5 eventuelt"], [NaN, NaN, "krav om fiskerikyndig fra Fiskeridirektoratet."], [NaN, NaN, "Dersom unders\u00f8kelsen aksepteres gjennomf\u00f8rt slik den"], [NaN, NaN, "er tilr\u00e5dd, stadfestes dette gjennom at det sendes inn"], [NaN, NaN, "melding om oppstart n\u00e5r unders\u00f8kelsen starter, jf."], [NaN, NaN, "ressursforskriften \u00a7 6, 3.ledd."], [NaN, NaN, "Skulle det oppst\u00e5 situasjoner i forbindelse med"], [NaN, NaN, "fiskeriaktiviteten, ber vi om \u00e5 bli underrettet om dette."], [NaN, NaN, "Unders\u00f8kelsen kan bli stanset eller endret p\u00e5 kort varsel"], [NaN, NaN, "dersom det oppst\u00e5r konflikt med fiskeriene."], [NaN, NaN, "OD gj\u00f8r ogs\u00e5 oppmerksom p\u00e5 at ev. endringer m\u00e5"], [NaN, NaN, "meldes inn i henhold til ressursforskriften \u00a7 6. Det er"], [NaN, NaN, "krav om at alle slike regelverkspliktige meldinger,"], [NaN, NaN, "herunder oppstartsmelding, endringsmelding,"], [NaN, NaN, "ukemelding og sluttmelding \u2013 skal rapporteres gjennom"], [NaN, NaN, "ODs innmeldingssystem for unders\u00f8kelser."], [NaN, NaN, "Rettighetshaver og/eller den som st\u00e5r for driften av"], [NaN, NaN, "fart\u00f8yet skal for \u00f8vrig gj\u00f8re relevant regelverk,"], [NaN, NaN, "dokumenter og data tilgjengelig for den fiskerikyndige."], [NaN, NaN, "Regelverk og dokumenter skal foreligge p\u00e5 b\u00e5de norsk"], [NaN, NaN, "og engelsk. Det skal ogs\u00e5 legges til rette for at den"], [NaN, NaN, "fiskerikyndige har tilgang til internett og andre"], [NaN, NaN, "n\u00f8dvendige hjelpemidler jf. ressursforskriften \u00a7 9."], ["15.07.2021", "Status", "Planlagt"], ["12.07.2021", "Havforskningsinstituttets", "Unders\u00f8kelsesomr\u00e5det er ikke blitt kartlagt i regi av"], [NaN, "uttalelse til innmelding", "Mareano men det er kjent at denne delen av sokkelen"], [NaN, NaN, "er veldig rikt p\u00e5 korallrev. Havforskningsinstituttet ber"], [NaN, NaN, "operat\u00f8ren om \u00e5 v\u00e6re oppmerksom p\u00e5 dette og vise"], [NaN, NaN, "aktsomhet ved eventuell bunnpr\u00f8vetaking. Vi ber om at"], [NaN, NaN, "nye oppdagelser av korall og svamp meldes in"], [NaN, NaN, "(postjournal@hi.no)."]]}, "5": {"index": [0, 1, 2, 3, 4, 5, 6, 7, 8, 9, 10, 11, 12, 13, 14, 15, 16, 17, 18, 19, 20, 21, 22, 23, 24, 25], "columns": {"0": "07.07.2021", "1": "Fiskeridirektoratets uttalelse til", "2": "Fiskerifaglig vurdering:"}, "data": [[NaN, "innmelding", "Unders\u00f8kelsen skal foreg\u00e5 ca. 190 km nordvest fra"], [NaN, NaN, "n\u00e6rmeste land som er Vikna i Tr\u00f8ndelag fylke."], [NaN, NaN, "Unders\u00f8kelsen skal p\u00e5g\u00e5 mellom 7. august 2021 \u2013 14."], [NaN, NaN, "august 2021. Fiskeriaktiviteten i unders\u00f8kelsesomr\u00e5det"], [NaN, NaN, "varierer noe fra \u00e5r til \u00e5r. Med grunnlag fra historiske"], [NaN, NaN, "fiskeridata kan det p\u00e5vente liten til ingen fiskeriaktivitet"], [NaN, NaN, "i unders\u00f8kelsesomr\u00e5det. I den s\u00f8rvestlige omr\u00e5det"], [NaN, NaN, "utenfor unders\u00f8kelsesomr\u00e5det kan det p\u00e5g\u00e5 et fiske"], [NaN, NaN, "etter brosme og lange av den havg\u00e5ende"], [NaN, NaN, "konvensjonelle fiskefl\u00e5ten."], [NaN, NaN, "Sammendrag og tilr\u00e5ding:"], [NaN, NaN, "Vi forutsetter at unders\u00f8kelsen utf\u00f8res med den st\u00f8rste"], [NaN, NaN, "aktsomhet, uten \u00e5 v\u00e6re til hinder for fiskeriaktiviteten i"], [NaN, NaN, "omr\u00e5det som nevnt over. Det oppfordres til at den"], [NaN, NaN, "fiskerikyndige blir delaktig tidlig i den operative"], [NaN, NaN, "planleggingsfasen av unders\u00f8kelsen, og at det etableres"], [NaN, NaN, "kontakt med Kystvaktsentralen/Kystvakt for \u00e5 orientere"], [NaN, NaN, "seg om fiskeriaktivitet og st\u00e5ende fiskeredskap i"], [NaN, NaN, "omr\u00e5det."], [NaN, NaN, "Unders\u00f8kelsen m\u00e5 stanses eller endres p\u00e5 kort varsel"], [NaN, NaN, "dersom det oppst\u00e5r konflikter med fiskeriene."], [NaN, NaN, "Det skal v\u00e6re fiskerikyndig bemanning p\u00e5 fart\u00f8yet som"], [NaN, NaN, "ut\u00f8ver unders\u00f8kelsen, med mindre annet fremg\u00e5r av"], [NaN, NaN, "ODs tilbakemelding."], ["02.07.2021", "Status", "Under behandling"], ["02.07.2021", "Melding - Innmelding", "Walk-Away VSP"]]}, "6": {"index": [0], "columns": {"0": "Type of licence", "1": "Licence name"}, "data": [["Utvinningstillatelse", "836 S"]]}, "7": {"index": [], "columns": {"0": "Type data", "1": "Format", "2": "Medium", "3": "Comment"}, "data": []}, "8": {"index": [0, 1, 2, 3], "columns": {"0": "Vessel Name", "1": "Type of vessel", "2": "Phone", "3": "IMO-number", "4": "Call", "5": "Nation"}, "data": [[NaN, NaN, "number", NaN, "signal", NaN], ["BB Ocean", "Hovedfart\u00f8y", NaN, 9196503.0, "LFBI", "Norge"], [NaN, "(innsamlingsfa", NaN, NaN, NaN, NaN], [NaN, "rt\u00f8y)", NaN, NaN, NaN, NaN]]}, "9": {"index": [0], "columns": {"0": "From date", "1": "To date", "2": "Name", "3": "Phone number"}, "data": [["02.08.2021", "14.08.2021", "Tor Bang", 4745818027]]}, "10": {"index": [0], "columns": {"0": "Point", "1": "NS", "2": "NS minutes", "3": "EW", "4": "EW minutes"}, "data": [["number", "degrees", "(decimal)", "degrees", "(decimal)"]]}, "11": {"index": [0], "columns": {"0": "Point", "1": "NS", "2": "NS.1", "3": "NS.2", "4": "EW", "5": "EW.1", "6": "EW.2"}, "data": [["number", "degrees", "minutes", "seconds", "degrees", "minutes", "seconds"]]}, "kind": "osdu:wks:master-data--Survey:1.0.0 ", "id": "npd:master-data--Factpages-Survey:10171"}