{"0": {"index": [0, 1, 2, 3, 4, 5, 6, 7, 8, 9, 10, 11, 12, 13, 14, 15, 16, 17, 18, 19, 20, 21, 22, 23, 24], "columns": {"0": "eneral information", "1": "Unnamed: 0"}, "data": [["Survey name", "EQ22304"], ["Legal basis", "Petroleumsforskriften jf Ressursforskriften"], ["NPDID for survey", "10352"], ["Factmaps - new window", "link to map"], ["Status", "Avlyst"], ["Area", "Barentshavet"], ["Market available", "Ja"], ["Category", "Seismisk unders\u00f8kelse"], ["Main type", "Borestedunders\u00f8kelse"], ["Sub type", "2D"], ["Company - responsible", "Equinor Energy AS"], ["Source type", "seismicSource"], ["Number of sources", "1"], ["Source size", "160"], ["Source pressure", "2000"], ["Sensor type", "cables"], ["Numbers of sensors", NaN], ["Sensor length [m]", "1200"], ["Sensor width [m]", NaN], ["Start date - planned", "31.05.2022"], ["Start date", NaN], ["Completed date - planned", "19.07.2022"], ["Completed date", NaN], ["Total length [boat km]", NaN], ["Net area - actual 3D/4D [km2]", NaN]]}, "1": {"index": [], "columns": {"0": "Unnamed: 0"}, "data": []}, "2": {"index": [0, 1], "columns": {"0": "Date", "1": "Type of update", "2": "Information"}, "data": [["18.05.2022", "Status", "Avlyst"], ["18.05.2022", "Melding - Unders\u00f8kelsen avlyses", NaN]]}, "3": {"index": [0, 1, 2, 3, 4, 5, 6, 7, 8, 9, 10, 11, 12, 13, 14, 15, 16, 17, 18, 19, 20, 21, 22, 23, 24, 25, 26, 27, 28, 29, 30, 31, 32, 33, 34, 35, 36, 37, 38, 39, 40, 41, 42, 43], "columns": {"0": "02.05.2022", "1": "Oljedirektoratet uttalelse til", "2": "Oljedirektoratet (OD) viser til deres melding vedr\u00f8rende"}, "data": [[NaN, "innmelding", "denne unders\u00f8kelsen."], [NaN, NaN, "OD gj\u00f8r s\u00e6rlig oppmerksom p\u00e5 at fart\u00f8y som foretar en"], [NaN, NaN, "unders\u00f8kelse, skal holde forsvarlig avstand til fart\u00f8y"], [NaN, NaN, "som driver fiske, og til fastst\u00e5ende og flytende"], [NaN, NaN, "fiskeredskap. S\u00e6rlig aktsomhet skal utvises n\u00e5r st\u00f8rre"], [NaN, NaN, "ansamlinger av fiskefart\u00f8y observeres, jf. forskrift om"], [NaN, NaN, "ressursforvaltning innen petroleumsvirksomheten av"], [NaN, NaN, "13.12.2017 (ressursforskriften) \u00a7 8 andre ledd."], [NaN, NaN, "Det vises for \u00f8vrig til veileder om \"Gjennomf\u00f8ring av"], [NaN, NaN, "seismiske unders\u00f8kelser p\u00e5 norsk kontinentalsokkel\"."], [NaN, NaN, "OD viser til uttalelsene som er gitt av adressatene"], [NaN, NaN, "innenfor meldesystemet (jf. petroleumsforskriften \u00a7 6/"], [NaN, NaN, "ressursforskriften \u00a7 6), og har ingen merknader til at"], [NaN, NaN, "unders\u00f8kelsen  gjennomf\u00f8res som planlagt dersom"], [NaN, NaN, "disse tas til etterretning. Dette gjelder ogs\u00e5 eventuelt"], [NaN, NaN, "krav om fiskerikyndig fra Fiskeridirektoratet."], [NaN, NaN, "Dersom unders\u00f8kelsen aksepteres gjennomf\u00f8rt slik den"], [NaN, NaN, "er tilr\u00e5dd, stadfestes dette gjennom at det sendes inn"], [NaN, NaN, "melding om oppstart n\u00e5r unders\u00f8kelsen starter, jf."], [NaN, NaN, "ressursforskriften \u00a7 6, 3.ledd."], [NaN, NaN, "Skulle det oppst\u00e5 situasjoner i forbindelse med"], [NaN, NaN, "fiskeriaktiviteten, ber vi om \u00e5 bli underrettet om dette."], [NaN, NaN, "Unders\u00f8kelsen kan bli stanset eller endret p\u00e5 kort varsel"], [NaN, NaN, "dersom det oppst\u00e5r konflikt med fiskeriene."], [NaN, NaN, "OD gj\u00f8r ogs\u00e5 oppmerksom p\u00e5 at ev. endringer m\u00e5"], [NaN, NaN, "meldes inn i henhold til ressursforskriften \u00a7 6. Det er"], [NaN, NaN, "krav om at alle slike regelverkspliktige meldinger,"], [NaN, NaN, "herunder oppstartsmelding, endringsmelding,"], [NaN, NaN, "ukemelding og sluttmelding \u2013 skal rapporteres gjennom"], [NaN, NaN, "ODs innmeldingssystem for unders\u00f8kelser."], [NaN, NaN, "Rettighetshaver og/eller den som st\u00e5r for driften av"], [NaN, NaN, "fart\u00f8yet skal for \u00f8vrig gj\u00f8re relevant regelverk,"], [NaN, NaN, "dokumenter og data tilgjengelig for den fiskerikyndige."], [NaN, NaN, "Regelverk og dokumenter skal foreligge p\u00e5 b\u00e5de norsk"], [NaN, NaN, "og engelsk. Det skal ogs\u00e5 legges til rette for at den"], [NaN, NaN, "fiskerikyndige har tilgang til internett og andre"], [NaN, NaN, "n\u00f8dvendige hjelpemidler jf. ressursforskriften \u00a7 9."], ["02.05.2022", "Status", "Planlagt"], ["25.03.2022", "Havforskningsinstituttets", "Havforskningsinstituttet har ingen merknader til den"], [NaN, "uttalelse til innmelding", "planlagte unders\u00f8kelsen. Vurderingen er gjort med"], [NaN, NaN, "hensyn til aktive gytefelt og konsentrerte"], [NaN, NaN, "gytevandringer for aktuelle fiskebestander"], [NaN, NaN, "(p\u00e5virkningsavstand 5/20 nmi) , beiteomr\u00e5der for hval"], [NaN, NaN, "og forekomst av koraller."]]}, "4": {"index": [0, 1, 2, 3, 4, 5, 6, 7, 8, 9, 10, 11, 12, 13, 14, 15, 16, 17, 18], "columns": {"0": "09.03.2022", "1": "Fiskeridirektoratets uttalelse tilinnmelding", "2": "Det kan forventes liten eller ingen fiskeriaktivitet iunders\u00f8kelsesomr\u00e5det.Det skal v\u00e6re fiskerikyndig bemanning p\u00e5 fart\u00f8yet somut\u00f8ver unders\u00f8kelsen, med mindre annet fremg\u00e5r avODs tilbakemelding.", "3": "Unnamed: 0"}, "data": [["22.02.2022", "Melding - Endringsmelding - tilinfo", "Hei, da EQ22304 ble meldt inn var det ikke mulig \u00e5 f\u00e5lagt inn informasjon om kontrakt\u00f8r. Melde systementhar sine \"hick-ups\" n\u00e5 og da.", NaN], ["17.02.2022", "Melding - Innmelding", "Erling Sundvor er back up kontakt for denneunders\u00f8kelsen. I tillegg til den seismiske kilden p\u00e5 160kubikk tommer, vil det ogs\u00e5 bli benyttet en kilde p\u00e5 10kubikk tommer. IDet vil ogs\u00e5 bli benyttet en kortstreamer p\u00e5 ca. 100 meter i tillegg til streameren p\u00e51200 meter.", NaN], ["17.02.2022", "Status", "Under behandling", NaN], [NaN, NaN, NaN, NaN], ["icences", NaN, NaN, NaN], ["Type of licence", "Licence name", NaN, NaN], ["Unders\u00f8kelsestillatelse", "774", NaN, NaN], ["Utvinningstillatelse", "1080", NaN, NaN], [NaN, NaN, NaN, NaN], ["ompany the acquisition is done for", NaN, NaN, NaN], ["Company name", NaN, NaN, NaN], ["Equinor Energy AS", NaN, NaN, NaN], [NaN, NaN, NaN, NaN], ["ompany doing the acquisition", NaN, NaN, NaN], ["Company name", NaN, NaN, NaN], ["Gardline Geosurvey Ltd", NaN, NaN, NaN], [NaN, NaN, NaN, NaN], ["ata format", NaN, NaN, NaN], ["Type data", "Format", "Medium", "Comment"]]}, "5": {"index": [0, 1, 2, 3, 4, 5, 6], "columns": {"0": "Unnamed: 0", "1": "Unnamed: 1", "2": "Unnamed: 2", "3": "Unnamed: 3", "4": "Unnamed: 4", "5": "Unnamed: 5"}, "data": [["essel", NaN, NaN, NaN, NaN, NaN], ["Vessel Name", "Type of vessel", "Phonenumber", "IMO-number", "Callsignal", "Nation"], ["Kommandor", "Hovedfart\u00f8y(innsamlingsfart\u00f8y)", "+44 1493236050/051/052", "8517205", "MCJO2", "UK"], [NaN, NaN, NaN, NaN, NaN, NaN], ["ishery expert", NaN, NaN, NaN, NaN, NaN], ["From date", "To date", "Name", "Phone number", NaN, NaN], ["31.05.2022", "19.07.2022", "Ronald Hansen", "901 39 732", NaN, NaN]]}, "6": {"index": [], "columns": {"0": "Unnamed: 0"}, "data": []}, "7": {"index": [0, 1, 2, 3, 4, 5, 6, 7, 8], "columns": {"0": "Point", "1": "NS", "2": "NS minutes", "3": "Unnamed: 0", "4": "EW", "5": "EW minutes", "6": "Unnamed: 1"}, "data": [["number", "degrees", "(decimal)", NaN, "degrees", "(decimal)", NaN], ["1", "72", "52.84", "N", "20", "21.21", "E"], ["2", "72", "51.10", "N", "20", "57.22", "E"], ["3", "72", "43.87", "N", "20", "53.15", "E"], ["4", "72", "42.90", "N", "20", "57.89", "E"], ["5", "72", "42.02", "N", "20", "55.82", "E"], ["6", "72", "42.70", "N", "20", "52.49", "E"], ["7", "72", "40.50", "N", "20", "51.25", "E"], ["8", "72", "42.20", "N", "20", "15.59", "E"]]}, "8": {"index": [0, 1, 2, 3, 4, 5, 6, 7, 8], "columns": {"0": "Point", "1": "NS", "2": "NS.1", "3": "NS.2", "4": "Unnamed: 0", "5": "EW", "6": "EW.1", "7": "EW.2", "8": "Unnamed: 1"}, "data": [["number", "degrees", "minutes", "seconds", NaN, "degrees", "minutes", "seconds", NaN], ["1", "72", "52", "50.24", "N", "20", "21", "12.38", "E"], ["2", "72", "51", "6.23", "N", "20", "57", "13.23", "E"], ["3", "72", "43", "52.25", "N", "20", "53", "9.21", "E"], ["4", "72", "42", "54.25", "N", "20", "57", "53.19", "E"], ["5", "72", "42", "1.25", "N", "20", "55", "49.19", "E"], ["6", "72", "42", "42.25", "N", "20", "52", "29.20", "E"], ["7", "72", "40", "30.26", "N", "20", "51", "15.20", "E"], ["8", "72", "42", "12.27", "N", "20", "15", "35.34", "E"]]}, "kind": "osdu:wks:master-data--Survey:1.0.0 ", "id": "npd:master-data--Factpages-Survey:10352"}