{"0": {"index": [0, 1, 2, 3, 4, 5, 6], "columns": {"0": "Field name", "1": "GLITNE"}, "data": [["Factmaps in new window", "link to map"], ["Current activity status", "Shut down"], ["Discovery wellbore", "15/5-5"], ["Discovery year.", "1995"], ["Main area", "North sea"], ["Main supply base", "Dusavik"], ["NPDID field", "1272071"]]}, "1": {"index": [0, 1, 2, 3], "columns": {"0": "Status", "1": "Status from", "2": "Status to"}, "data": [["Shut down", "24.02.2013", NaN], ["Producing", "29.08.2001", "23.02.2013"], ["Approved for", "08.09.2000", "28.08.2001"], ["production", NaN, NaN]]}, "2": {"index": [0, 1], "columns": {"0": "Unnamed: 0", "1": "Block name", "2": "Prod. licence"}, "data": [["15/6", NaN, 1140], ["15/5", NaN, 1140]]}, "3": {"index": [0], "columns": {"0": "Owner kind", "1": "Unnamed: 0", "2": "Owner name"}, "data": [["PRODUCTION LICENSE", 1140, NaN]]}, "4": {"index": [0, 1], "columns": {"0": "Unnamed: 0", "1": "Company name", "2": "Nation code", "3": "Company share [%]"}, "data": [["Equinor Energy AS", NaN, "NO", 60.0], ["Aker BP ASA", NaN, "NO", 40.0]]}, "5": {"index": [0, 1, 2], "columns": {"0": "Orig. recoverable", "1": "Orig. recoverable.1", "2": "Orig. recoverable.2", "3": "Orig. recoverable.3", "4": "Orig. recoverable.4"}, "data": [["oil", "gas", "NGL", "cond.", "oil eq."], ["[mill Sm3]", "[bill Sm3]", "[mill tonn]", "[mill Sm3]", "[mill Sm3 o.e]"], ["8.88", "0.00", "0.00", "0.00", "8.88"]]}, "6": {"index": [0, 1], "columns": {"0": "Remaining oil", "1": "Remaining gas", "2": "Remaining NGL", "3": "Remaining cond.", "4": "Remaining oil eq."}, "data": [["[mill Sm3]", "[bill Sm3]", "[mill tonn]", "[mill Sm3]", "[mill Sm3 o.e]"], ["0.00", "0.00", "0.00", "0.00", "0.00"]]}, "7": {"index": [0, 1, 2], "columns": {"0": "Orig. inplace oil", "1": "Orig. inplace ass.", "2": "Orig. inplace ass..1", "3": "Orig. inplace free"}, "data": [["[mill Sm3]", "liquid", "gas", "gas"], [NaN, "[mill Sm3]", "[bill Sm3]", "[bill Sm3]"], ["20.00", "0.00", "0.00", "1.00"]]}, "8": {"index": [0, 1, 2, 3, 4, 5, 6, 7, 8, 9, 10, 11, 12, 13, 14, 15, 16, 17, 18], "columns": {"0": "Type", "1": "Text", "2": "Date"}, "data": [[NaN, NaN, "updated"], ["Development", "Glitne is a field in the central part of the North Sea, 40", "28.02.2023"], [NaN, "kilometres north of the Sleipner area. The water depth is 110", NaN], [NaN, "metres. Glitne was discovered in 1995, and the plan for", NaN], [NaN, "development and operation (PDO) was approved in 2000. The", NaN], [NaN, "field was developed with six horizontal production wells and one", NaN], [NaN, "water injection well, tied-back to the production and storage", NaN], [NaN, "vessel \"Petrojarl 1\". Production started in 2001.", NaN], ["Reservoir", "Glitne produced oil from sandstone of Paleocene age in the", "28.02.2023"], [NaN, "upper part of the Heimdal Formation. The reservoir is in a deep", NaN], [NaN, "marine fan system at a depth of 2,150 metres.", NaN], ["Recovery strategy", "The field was produced with pressure support from a large", "28.02.2023"], [NaN, "natural aquifer in the Heimdal Formation. Associated gas was", NaN], [NaN, "used for gas lift in the horizontal wells until 2012.", NaN], ["Transport", "Oil from Glitne was processed and stored on the production", "28.02.2023"], [NaN, "vessel and exported by tankers. Excess gas was injected into", NaN], [NaN, "the Utsira Formation.", NaN], ["Status", "The field was shut down in 2013, and decommissioning was", "28.02.2023"], [NaN, "completed in 2015.", NaN]]}, "9": {"index": [0, 1, 2, 3, 4, 5, 6, 7, 8, 9, 10, 11, 12, 13, 14, 15, 16, 17, 18, 19, 20], "columns": {"0": "Unnamed: 0", "1": "Investments"}, "data": [[NaN, "[mill NOK nominal"], [NaN, "values]"], ["Sum", "2988"], ["2018", "0"], ["2017", "59"], ["2016", "-59"], ["2015", "0"], ["2014", "0"], ["2013", "0"], ["2012", "452"], ["2011", "47"], ["2009", "12"], ["2008", "104"], ["2007", "740"], ["2006", "57"], ["2005", "9"], ["2004", "420"], ["2003", "270"], ["2002", "0"], ["2001", "635"], ["2000", "240"]]}, "10": {"index": [0, 1, 2, 3, 4, 5, 6, 7, 8, 9, 10, 11, 12, 13, 14, 15, 16, 17], "columns": {"0": "Unnamed: 0", "1": "Month", "2": "Net - oil", "3": "Net - gas", "4": "Net -", "5": "Net - NGL", "6": "Net - oil equivalents"}, "data": [[NaN, NaN, "[mill Sm3]", "[bill Sm3]", "condensate", "[mill Sm3]", NaN], [NaN, NaN, NaN, NaN, "[mill Sm3]", NaN, "[mill Sm3]"], ["Sum", NaN, "8.880460", "0.000000", "0.000000", "0.000000", "8.880460"], ["2013", NaN, "0.006161", "0.000000", "0.000000", "0.000000", "0.006161"], [NaN, 1.0, "0.003580", "0.000000", "0.000000", "0.000000", "0.003580"], [NaN, 2.0, "0.002581", "0.000000", "0.000000", "0.000000", "0.002581"], ["2012", NaN, "0.101260", "0.000000", "0.000000", "0.000000", "0.101260"], [NaN, 1.0, "0.014675", "0.000000", "0.000000", "0.000000", "0.014675"], [NaN, 2.0, "0.014656", "0.000000", "0.000000", "0.000000", "0.014656"], [NaN, 3.0, "0.012008", "0.000000", "0.000000", "0.000000", "0.012008"], [NaN, 4.0, "0.012392", "0.000000", "0.000000", "0.000000", "0.012392"], [NaN, 5.0, "0.012810", "0.000000", "0.000000", "0.000000", "0.012810"], [NaN, 6.0, "0.009952", "0.000000", "0.000000", "0.000000", "0.009952"], [NaN, 7.0, "0.007663", "0.000000", "0.000000", "0.000000", "0.007663"], [NaN, 8.0, "0.002425", "0.000000", "0.000000", "0.000000", "0.002425"], [NaN, 9.0, "0.003784", "0.000000", "0.000000", "0.000000", "0.003784"], [NaN, 10.0, "0.003946", "0.000000", "0.000000", "0.000000", "0.003946"], [NaN, 11.0, "0.003649", "0.000000", "0.000000", "0.000000", "0.003649"]]}, "11": {"index": [0, 1, 2, 3, 4, 5, 6, 7, 8, 9, 10, 11, 12, 13, 14, 15, 16, 17, 18, 19, 20, 21, 22, 23, 24, 25, 26, 27, 28, 29, 30, 31, 32, 33, 34, 35, 36, 37, 38, 39, 40, 41], "columns": {"0": "2012", "1": "12", "2": "0.003300", "3": "0.000000", "4": "0.000000.1", "5": "0.000000.2", "6": "Unnamed: 0"}, "data": [[2011.0, NaN, 0.197921, 0.0, 0.0, 0.0, 0.197921], [NaN, 1.0, 0.012137, 0.0, 0.0, 0.0, 0.012137], [NaN, 2.0, 0.011908, 0.0, 0.0, 0.0, 0.011908], [NaN, 3.0, 0.02247, 0.0, 0.0, 0.0, 0.02247], [NaN, 4.0, 0.020401, 0.0, 0.0, 0.0, 0.020401], [NaN, 5.0, 0.018441, 0.0, 0.0, 0.0, 0.018441], [NaN, 6.0, 0.018529, 0.0, 0.0, 0.0, 0.018529], [NaN, 7.0, 0.018486, 0.0, 0.0, 0.0, 0.018486], [NaN, 8.0, 0.007995, 0.0, 0.0, 0.0, 0.007995], [NaN, 9.0, 0.018893, 0.0, 0.0, 0.0, 0.018893], [NaN, 10.0, 0.019182, 0.0, 0.0, 0.0, 0.019182], [NaN, 11.0, 0.016015, 0.0, 0.0, 0.0, 0.016015], [NaN, 12.0, 0.013464, 0.0, 0.0, 0.0, 0.013464], [2010.0, NaN, 0.259331, 0.0, 0.0, 0.0, 0.259331], [NaN, 1.0, 0.028144, 0.0, 0.0, 0.0, 0.028144], [NaN, 2.0, 0.023701, 0.0, 0.0, 0.0, 0.023701], [NaN, 3.0, 0.026646, 0.0, 0.0, 0.0, 0.026646], [NaN, 4.0, 0.018201, 0.0, 0.0, 0.0, 0.018201], [NaN, 5.0, 0.020483, 0.0, 0.0, 0.0, 0.020483], [NaN, 6.0, 0.025061, 0.0, 0.0, 0.0, 0.025061], [NaN, 7.0, 0.025422, 0.0, 0.0, 0.0, 0.025422], [NaN, 8.0, 0.02261, 0.0, 0.0, 0.0, 0.02261], [NaN, 9.0, 0.016551, 0.0, 0.0, 0.0, 0.016551], [NaN, 10.0, 0.020446, 0.0, 0.0, 0.0, 0.020446], [NaN, 11.0, 0.019933, 0.0, 0.0, 0.0, 0.019933], [NaN, 12.0, 0.012133, 0.0, 0.0, 0.0, 0.012133], [2009.0, NaN, 0.370848, 0.0, 0.0, 0.0, 0.370848], [NaN, 1.0, 0.035726, 0.0, 0.0, 0.0, 0.035726], [NaN, 2.0, 0.033103, 0.0, 0.0, 0.0, 0.033103], [NaN, 3.0, 0.034207, 0.0, 0.0, 0.0, 0.034207], [NaN, 4.0, 0.028181, 0.0, 0.0, 0.0, 0.028181], [NaN, 5.0, 0.031288, 0.0, 0.0, 0.0, 0.031288], [NaN, 6.0, 0.03355, 0.0, 0.0, 0.0, 0.03355], [NaN, 7.0, 0.034659, 0.0, 0.0, 0.0, 0.034659], [NaN, 8.0, 0.031543, 0.0, 0.0, 0.0, 0.031543], [NaN, 9.0, 0.020947, 0.0, 0.0, 0.0, 0.020947], [NaN, 10.0, 0.030325, 0.0, 0.0, 0.0, 0.030325], [NaN, 11.0, 0.028697, 0.0, 0.0, 0.0, 0.028697], [NaN, 12.0, 0.028622, 0.0, 0.0, 0.0, 0.028622], [2008.0, NaN, 0.509308, 0.0, 0.0, 0.0, 0.509308], [1.0, 0.05244, 0.0, 0.0, 0.0, 0.05244, NaN], [2.0, 0.049091, 0.0, 0.0, 0.0, 0.049091, NaN]]}, "12": {"index": [0, 1, 2, 3, 4, 5, 6, 7, 8, 9, 10, 11, 12, 13, 14, 15, 16, 17, 18, 19, 20, 21, 22, 23, 24, 25, 26, 27, 28, 29, 30, 31, 32, 33, 34, 35, 36, 37, 38, 39, 40, 41], "columns": {"0": "2008", "1": "3", "2": "0.042617", "3": "0.000000", "4": "0.000000.1", "5": "0.000000.2", "6": "0.042617.1"}, "data": [[NaN, 4.0, 0.046354, 0.0, 0.0, 0.0, 0.046354], [NaN, 5.0, 0.046816, 0.0, 0.0, 0.0, 0.046816], [NaN, 6.0, 0.045359, 0.0, 0.0, 0.0, 0.045359], [NaN, 7.0, 0.045126, 0.0, 0.0, 0.0, 0.045126], [NaN, 8.0, 0.032207, 0.0, 0.0, 0.0, 0.032207], [NaN, 9.0, 0.035725, 0.0, 0.0, 0.0, 0.035725], [NaN, 10.0, 0.03992, 0.0, 0.0, 0.0, 0.03992], [NaN, 11.0, 0.038182, 0.0, 0.0, 0.0, 0.038182], [NaN, 12.0, 0.035471, 0.0, 0.0, 0.0, 0.035471], [2007.0, NaN, 0.468716, 0.0, 0.0, 0.0, 0.468716], [NaN, 1.0, 0.045223, 0.0, 0.0, 0.0, 0.045223], [NaN, 2.0, 0.037178, 0.0, 0.0, 0.0, 0.037178], [NaN, 3.0, 0.040883, 0.0, 0.0, 0.0, 0.040883], [NaN, 4.0, 0.039005, 0.0, 0.0, 0.0, 0.039005], [NaN, 5.0, 0.027879, 0.0, 0.0, 0.0, 0.027879], [NaN, 6.0, 0.029475, 0.0, 0.0, 0.0, 0.029475], [NaN, 7.0, 0.042518, 0.0, 0.0, 0.0, 0.042518], [NaN, 8.0, 0.039949, 0.0, 0.0, 0.0, 0.039949], [NaN, 9.0, 0.03962, 0.0, 0.0, 0.0, 0.03962], [NaN, 10.0, 0.038105, 0.0, 0.0, 0.0, 0.038105], [NaN, 11.0, 0.033635, 0.0, 0.0, 0.0, 0.033635], [NaN, 12.0, 0.055246, 0.0, 0.0, 0.0, 0.055246], [2006.0, NaN, 0.581555, 0.0, 0.0, 0.0, 0.581555], [NaN, 1.0, 0.05799, 0.0, 0.0, 0.0, 0.05799], [NaN, 2.0, 0.05355, 0.0, 0.0, 0.0, 0.05355], [NaN, 3.0, 0.042349, 0.0, 0.0, 0.0, 0.042349], [NaN, 4.0, 0.054335, 0.0, 0.0, 0.0, 0.054335], [NaN, 5.0, 0.054319, 0.0, 0.0, 0.0, 0.054319], [NaN, 6.0, 0.049727, 0.0, 0.0, 0.0, 0.049727], [NaN, 7.0, 0.050418, 0.0, 0.0, 0.0, 0.050418], [NaN, 8.0, 0.050367, 0.0, 0.0, 0.0, 0.050367], [NaN, 9.0, 0.033896, 0.0, 0.0, 0.0, 0.033896], [NaN, 10.0, 0.047384, 0.0, 0.0, 0.0, 0.047384], [NaN, 11.0, 0.043719, 0.0, 0.0, 0.0, 0.043719], [NaN, 12.0, 0.043501, 0.0, 0.0, 0.0, 0.043501], [2005.0, NaN, 0.826942, 0.0, 0.0, 0.0, 0.826942], [1.0, 0.066414, 0.0, 0.0, 0.0, 0.066414, NaN], [2.0, 0.083035, 0.0, 0.0, 0.0, 0.083035, NaN], [3.0, 0.07651, 0.0, 0.0, 0.0, 0.07651, NaN], [4.0, 0.081795, 0.0, 0.0, 0.0, 0.081795, NaN], [5.0, 0.08111, 0.0, 0.0, 0.0, 0.08111, NaN], [6.0, 0.078371, 0.0, 0.0, 0.0, 0.078371, NaN]]}, "13": {"index": [0, 1, 2, 3, 4, 5, 6, 7, 8, 9, 10, 11, 12, 13, 14, 15, 16, 17, 18, 19, 20, 21, 22, 23, 24, 25, 26, 27, 28, 29, 30, 31, 32, 33, 34, 35, 36, 37, 38, 39, 40, 41], "columns": {"0": "2005", "1": "7", "2": "0.067276", "3": "0.000000", "4": "0.000000.1", "5": "0.000000.2", "6": "0.067276.1"}, "data": [[NaN, 8.0, 0.07412, 0.0, 0.0, 0.0, 0.07412], [NaN, 9.0, 0.028493, 0.0, 0.0, 0.0, 0.028493], [NaN, 10.0, 0.07093, 0.0, 0.0, 0.0, 0.07093], [NaN, 11.0, 0.05623, 0.0, 0.0, 0.0, 0.05623], [NaN, 12.0, 0.062658, 0.0, 0.0, 0.0, 0.062658], [2004.0, NaN, 0.969041, 0.0, 0.0, 0.0, 0.969041], [NaN, 1.0, 0.110694, 0.0, 0.0, 0.0, 0.110694], [NaN, 2.0, 0.115579, 0.0, 0.0, 0.0, 0.115579], [NaN, 3.0, 0.110213, 0.0, 0.0, 0.0, 0.110213], [NaN, 4.0, 0.089385, 0.0, 0.0, 0.0, 0.089385], [NaN, 5.0, 0.045546, 0.0, 0.0, 0.0, 0.045546], [NaN, 6.0, 0.085331, 0.0, 0.0, 0.0, 0.085331], [NaN, 7.0, 0.102563, 0.0, 0.0, 0.0, 0.102563], [NaN, 8.0, 0.086068, 0.0, 0.0, 0.0, 0.086068], [NaN, 9.0, 0.029273, 0.0, 0.0, 0.0, 0.029273], [NaN, 10.0, 0.001261, 0.0, 0.0, 0.0, 0.001261], [NaN, 11.0, 0.092376, 0.0, 0.0, 0.0, 0.092376], [NaN, 12.0, 0.100752, 0.0, 0.0, 0.0, 0.100752], [2003.0, NaN, 1.686418, 0.0, 0.0, 0.0, 1.686418], [NaN, 1.0, 0.170126, 0.0, 0.0, 0.0, 0.170126], [NaN, 2.0, 0.110209, 0.0, 0.0, 0.0, 0.110209], [NaN, 3.0, 0.160145, 0.0, 0.0, 0.0, 0.160145], [NaN, 4.0, 0.146131, 0.0, 0.0, 0.0, 0.146131], [NaN, 5.0, 0.152892, 0.0, 0.0, 0.0, 0.152892], [NaN, 6.0, 0.134353, 0.0, 0.0, 0.0, 0.134353], [NaN, 7.0, 0.119766, 0.0, 0.0, 0.0, 0.119766], [NaN, 8.0, 0.119849, 0.0, 0.0, 0.0, 0.119849], [NaN, 9.0, 0.145439, 0.0, 0.0, 0.0, 0.145439], [NaN, 10.0, 0.166262, 0.0, 0.0, 0.0, 0.166262], [NaN, 11.0, 0.156216, 0.0, 0.0, 0.0, 0.156216], [NaN, 12.0, 0.10503, 0.0, 0.0, 0.0, 0.10503], [2002.0, NaN, 2.157278, 0.0, 0.0, 0.0, 2.157278], [1.0, 0.201946, 0.0, 0.0, 0.0, 0.201946, NaN], [2.0, 0.165162, 0.0, 0.0, 0.0, 0.165162, NaN], [3.0, 0.191362, 0.0, 0.0, 0.0, 0.191362, NaN], [4.0, 0.212457, 0.0, 0.0, 0.0, 0.212457, NaN], [5.0, 0.199411, 0.0, 0.0, 0.0, 0.199411, NaN], [6.0, 0.132316, 0.0, 0.0, 0.0, 0.132316, NaN], [7.0, 0.181206, 0.0, 0.0, 0.0, 0.181206, NaN], [8.0, 0.188957, 0.0, 0.0, 0.0, 0.188957, NaN], [9.0, 0.172981, 0.0, 0.0, 0.0, 0.172981, NaN], [10.0, 0.181147, 0.0, 0.0, 0.0, 0.181147, NaN]]}, "14": {"index": [0, 1, 2, 3, 4, 5, 6], "columns": {"0": "2002", "1": "11", "2": "0.171634", "3": "0.000000", "4": "0.000000.1", "5": "0.000000.2", "6": "0.171634.1"}, "data": [[NaN, 12.0, 0.158699, 0.0, 0.0, 0.0, 0.158699], [2001.0, NaN, 0.745681, 0.0, 0.0, 0.0, 0.745681], [8.0, 0.006971, 0.0, 0.0, 0.0, 0.006971, NaN], [9.0, 0.172719, 0.0, 0.0, 0.0, 0.172719, NaN], [10.0, 0.188145, 0.0, 0.0, 0.0, 0.188145, NaN], [11.0, 0.178418, 0.0, 0.0, 0.0, 0.178418, NaN], [12.0, 0.199428, 0.0, 0.0, 0.0, 0.199428, NaN]]}, "15": {"index": [0, 1, 2, 3, 4, 5, 6, 7, 8, 9, 10, 11, 12, 13, 14, 15, 16, 17, 18, 19, 20, 21, 22, 23, 24, 25, 26, 27, 28, 29], "columns": {"0": "Unnamed: 0", "1": "Month", "2": "Gross - oil[mill Sm3]", "3": "Gross - gas[bill Sm3]", "4": "Gross -condensate[mill Sm3]", "5": "Gross - oilequivalents[mill Sm3]"}, "data": [["Sum", NaN, 8.881718, 0.476165, 0.0, 9.357883], ["2013", NaN, 0.006161, 0.000396, 0.0, 0.006557], [NaN, 1.0, 0.00358, 0.000233, 0.0, 0.003813], [NaN, 2.0, 0.002581, 0.000163, 0.0, 0.002744], ["2012", NaN, 0.10126, 0.006828, 0.0, 0.108088], [NaN, 1.0, 0.014675, 0.000993, 0.0, 0.015668], [NaN, 2.0, 0.014656, 0.001008, 0.0, 0.015664], [NaN, 3.0, 0.012008, 0.000839, 0.0, 0.012847], [NaN, 4.0, 0.012392, 0.00081, 0.0, 0.013202], [NaN, 5.0, 0.01281, 0.000876, 0.0, 0.013686], [NaN, 6.0, 0.009952, 0.000646, 0.0, 0.010598], [NaN, 7.0, 0.007663, 0.000549, 0.0, 0.008212], [NaN, 8.0, 0.002425, 0.000152, 0.0, 0.002577], [NaN, 9.0, 0.003784, 0.000246, 0.0, 0.00403], [NaN, 10.0, 0.003946, 0.000257, 0.0, 0.004203], [NaN, 11.0, 0.003649, 0.000237, 0.0, 0.003886], [NaN, 12.0, 0.0033, 0.000215, 0.0, 0.003515], ["2011", NaN, 0.19789, 0.012022, 0.0, 0.209912], ["1", 0.012137, 0.000744, 0.0, 0.012881, NaN], ["2", 0.011908, 0.000712, 0.0, 0.01262, NaN], ["3", 0.02247, 0.001335, 0.0, 0.023805, NaN], ["4", 0.020401, 0.001173, 0.0, 0.021574, NaN], ["5", 0.018441, 0.001049, 0.0, 0.01949, NaN], ["6", 0.018529, 0.001104, 0.0, 0.019633, NaN], ["7", 0.018486, 0.001145, 0.0, 0.019631, NaN], ["8", 0.007995, 0.000519, 0.0, 0.008514, NaN], ["9", 0.018893, 0.00115, 0.0, 0.020043, NaN], ["10", 0.019159, 0.001235, 0.0, 0.020394, NaN], ["11", 0.016007, 0.001018, 0.0, 0.017025, NaN], ["12", 0.013464, 0.000838, 0.0, 0.014302, NaN]]}, "16": {"index": [0, 1, 2, 3, 4, 5, 6, 7, 8, 9, 10, 11, 12, 13, 14, 15, 16, 17, 18, 19, 20, 21, 22, 23, 24, 25, 26, 27, 28, 29, 30, 31, 32, 33, 34, 35, 36, 37, 38, 39, 40, 41], "columns": {"0": "2010", "1": "Unnamed: 0", "2": "0.259335", "3": "0.016148", "4": "0.000000", "5": "0.275483"}, "data": [[NaN, 1.0, 0.028144, 0.00173, 0.0, 0.029874], [NaN, 2.0, 0.023701, 0.001474, 0.0, 0.025175], [NaN, 3.0, 0.026646, 0.001593, 0.0, 0.028239], [NaN, 4.0, 0.018201, 0.001128, 0.0, 0.019329], [NaN, 5.0, 0.020483, 0.001316, 0.0, 0.021799], [NaN, 6.0, 0.025061, 0.001561, 0.0, 0.026622], [NaN, 7.0, 0.025423, 0.00157, 0.0, 0.026993], [NaN, 8.0, 0.02261, 0.001373, 0.0, 0.023983], [NaN, 9.0, 0.016551, 0.001036, 0.0, 0.017587], [NaN, 10.0, 0.020446, 0.001277, 0.0, 0.021723], [NaN, 11.0, 0.019933, 0.001281, 0.0, 0.021214], [NaN, 12.0, 0.012136, 0.000809, 0.0, 0.012945], [2009.0, NaN, 0.371943, 0.022418, 0.0, 0.394361], [NaN, 1.0, 0.035726, 0.002337, 0.0, 0.038063], [NaN, 2.0, 0.033103, 0.002053, 0.0, 0.035156], [NaN, 3.0, 0.034207, 0.002067, 0.0, 0.036274], [NaN, 4.0, 0.029276, 0.001699, 0.0, 0.030975], [NaN, 5.0, 0.031288, 0.001747, 0.0, 0.033035], [NaN, 6.0, 0.03355, 0.001857, 0.0, 0.035407], [NaN, 7.0, 0.034659, 0.00218, 0.0, 0.036839], [NaN, 8.0, 0.031543, 0.001825, 0.0, 0.033368], [NaN, 9.0, 0.020947, 0.001278, 0.0, 0.022225], [NaN, 10.0, 0.030325, 0.001837, 0.0, 0.032162], [NaN, 11.0, 0.028697, 0.001796, 0.0, 0.030493], [NaN, 12.0, 0.028622, 0.001742, 0.0, 0.030364], [2008.0, NaN, 0.509505, 0.030714, 0.0, 0.540219], [NaN, 1.0, 0.05244, 0.003143, 0.0, 0.055583], [NaN, 2.0, 0.049091, 0.002866, 0.0, 0.051957], [NaN, 3.0, 0.042625, 0.00256, 0.0, 0.045185], [NaN, 4.0, 0.046879, 0.002813, 0.0, 0.049692], [NaN, 5.0, 0.046817, 0.002807, 0.0, 0.049624], [NaN, 6.0, 0.045359, 0.002725, 0.0, 0.048084], [NaN, 7.0, 0.044789, 0.002688, 0.0, 0.047477], [NaN, 8.0, 0.032207, 0.001933, 0.0, 0.03414], [NaN, 9.0, 0.035725, 0.002164, 0.0, 0.037889], [NaN, 10.0, 0.03992, 0.002406, 0.0, 0.042326], [NaN, 11.0, 0.038182, 0.002378, 0.0, 0.04056], [NaN, 12.0, 0.035471, 0.002231, 0.0, 0.037702], [2007.0, NaN, 0.468718, 0.025898, 0.0, 0.494616], [1.0, 0.045223, 0.002451, 0.0, 0.047674, NaN], [2.0, 0.037178, 0.002126, 0.0, 0.039304, NaN], [3.0, 0.040883, 0.002293, 0.0, 0.043176, NaN]]}, "17": {"index": [0, 1, 2, 3, 4, 5, 6, 7, 8, 9, 10, 11, 12, 13, 14, 15, 16, 17, 18, 19, 20, 21, 22, 23, 24, 25, 26, 27, 28, 29, 30, 31, 32, 33, 34, 35, 36, 37, 38, 39, 40, 41], "columns": {"0": "2007", "1": "4", "2": "0.039005", "3": "0.002274", "4": "0.000000", "5": "0.041279"}, "data": [[NaN, 5.0, 0.027879, 0.001387, 0.0, 0.029266], [NaN, 6.0, 0.029477, 0.001258, 0.0, 0.030735], [NaN, 7.0, 0.042518, 0.002135, 0.0, 0.044653], [NaN, 8.0, 0.039949, 0.002151, 0.0, 0.0421], [NaN, 9.0, 0.03962, 0.002108, 0.0, 0.041728], [NaN, 10.0, 0.038105, 0.002269, 0.0, 0.040374], [NaN, 11.0, 0.033635, 0.002133, 0.0, 0.035768], [NaN, 12.0, 0.055246, 0.003313, 0.0, 0.058559], [2006.0, NaN, 0.581555, 0.030523, 0.0, 0.612078], [NaN, 1.0, 0.05799, 0.003077, 0.0, 0.061067], [NaN, 2.0, 0.05355, 0.002838, 0.0, 0.056388], [NaN, 3.0, 0.042349, 0.002244, 0.0, 0.044593], [NaN, 4.0, 0.054335, 0.00288, 0.0, 0.057215], [NaN, 5.0, 0.054319, 0.002596, 0.0, 0.056915], [NaN, 6.0, 0.049727, 0.002152, 0.0, 0.051879], [NaN, 7.0, 0.050418, 0.002585, 0.0, 0.053003], [NaN, 8.0, 0.050367, 0.003106, 0.0, 0.053473], [NaN, 9.0, 0.033896, 0.00196, 0.0, 0.035856], [NaN, 10.0, 0.047384, 0.002507, 0.0, 0.049891], [NaN, 11.0, 0.043719, 0.002387, 0.0, 0.046106], [NaN, 12.0, 0.043501, 0.002191, 0.0, 0.045692], [2005.0, NaN, 0.826942, 0.044361, 0.0, 0.871303], [NaN, 1.0, 0.066414, 0.003695, 0.0, 0.070109], [NaN, 2.0, 0.083035, 0.004485, 0.0, 0.08752], [NaN, 3.0, 0.07651, 0.004143, 0.0, 0.080653], [NaN, 4.0, 0.081795, 0.004302, 0.0, 0.086097], [NaN, 5.0, 0.08111, 0.004322, 0.0, 0.085432], [NaN, 6.0, 0.078371, 0.004342, 0.0, 0.082713], [NaN, 7.0, 0.067276, 0.003604, 0.0, 0.07088], [NaN, 8.0, 0.07412, 0.003843, 0.0, 0.077963], [NaN, 9.0, 0.028493, 0.00157, 0.0, 0.030063], [NaN, 10.0, 0.07093, 0.003752, 0.0, 0.074682], [NaN, 11.0, 0.05623, 0.002983, 0.0, 0.059213], [NaN, 12.0, 0.062658, 0.00332, 0.0, 0.065978], [2004.0, NaN, 0.969036, 0.052807, 0.0, 1.021843], [1.0, 0.110694, 0.006052, 0.0, 0.116746, NaN], [2.0, 0.115579, 0.006191, 0.0, 0.12177, NaN], [3.0, 0.110213, 0.005814, 0.0, 0.116027, NaN], [4.0, 0.089385, 0.005018, 0.0, 0.094403, NaN], [5.0, 0.045546, 0.002702, 0.0, 0.048248, NaN], [6.0, 0.085331, 0.004726, 0.0, 0.090057, NaN], [7.0, 0.102563, 0.005515, 0.0, 0.108078, NaN]]}, "18": {"index": [0, 1, 2, 3, 4, 5, 6, 7, 8, 9, 10, 11, 12, 13, 14, 15, 16, 17, 18, 19, 20, 21, 22, 23, 24, 25, 26, 27, 28, 29, 30, 31, 32, 33, 34, 35], "columns": {"0": "2004", "1": "8", "2": "0.086068", "3": "0.004591", "4": "0.000000", "5": "0.090659"}, "data": [[NaN, 9.0, 0.029273, 0.00153, 0.0, 0.030803], [NaN, 10.0, 0.001261, 0.000127, 0.0, 0.001388], [NaN, 11.0, 0.092371, 0.005028, 0.0, 0.097399], [NaN, 12.0, 0.100752, 0.005513, 0.0, 0.106265], [2003.0, NaN, 1.686426, 0.086961, 0.0, 1.773387], [NaN, 1.0, 0.170126, 0.008603, 0.0, 0.178729], [NaN, 2.0, 0.110209, 0.005515, 0.0, 0.115724], [NaN, 3.0, 0.160251, 0.008147, 0.0, 0.168398], [NaN, 4.0, 0.146131, 0.007443, 0.0, 0.153574], [NaN, 5.0, 0.152892, 0.008048, 0.0, 0.16094], [NaN, 6.0, 0.134353, 0.00729, 0.0, 0.141643], [NaN, 7.0, 0.119766, 0.006344, 0.0, 0.12611], [NaN, 8.0, 0.119751, 0.006452, 0.0, 0.126203], [NaN, 9.0, 0.145439, 0.007263, 0.0, 0.152702], [NaN, 10.0, 0.166262, 0.008168, 0.0, 0.17443], [NaN, 11.0, 0.156216, 0.008016, 0.0, 0.164232], [NaN, 12.0, 0.10503, 0.005672, 0.0, 0.110702], [2002.0, NaN, 2.157273, 0.108177, 0.0, 2.26545], [NaN, 1.0, 0.201946, 0.010235, 0.0, 0.212181], [NaN, 2.0, 0.165162, 0.008359, 0.0, 0.173521], [NaN, 3.0, 0.191362, 0.009495, 0.0, 0.200857], [NaN, 4.0, 0.212457, 0.010543, 0.0, 0.223], [NaN, 5.0, 0.199411, 0.009898, 0.0, 0.209309], [NaN, 6.0, 0.132316, 0.00669, 0.0, 0.139006], [NaN, 7.0, 0.181206, 0.008784, 0.0, 0.18999], [NaN, 8.0, 0.188957, 0.00934, 0.0, 0.198297], [NaN, 9.0, 0.172981, 0.008758, 0.0, 0.181739], [NaN, 10.0, 0.181147, 0.009141, 0.0, 0.190288], [NaN, 11.0, 0.171634, 0.008644, 0.0, 0.180278], [NaN, 12.0, 0.158694, 0.00829, 0.0, 0.166984], [2001.0, NaN, 0.745674, 0.038912, 0.0, 0.784586], [8.0, 0.006971, 0.000362, 0.0, 0.007333, NaN], [9.0, 0.172712, 0.00901, 0.0, 0.181722, NaN], [10.0, 0.188145, 0.010112, 0.0, 0.198257, NaN], [11.0, 0.178417, 0.009435, 0.0, 0.187852, NaN], [12.0, 0.199429, 0.009993, 0.0, 0.209422, NaN]]}, "19": {"index": [0, 1], "columns": {"0": "Wellbore name", "1": "Entered date", "2": "Completeddate", "3": "Purpose", "4": "Status", "5": "Content"}, "data": [["15/5-5", "31.08.1995", "05.10.1995", "WILDCAT", "P&A", "OIL"], ["15/5-6", "20.06.1997", "16.07.1997", "APPRAISAL", "P&A", "OIL"]]}, "20": {"index": [0, 1, 2, 3, 4, 5, 6, 7, 8, 9, 10, 11], "columns": {"0": "Wellbore name", "1": "Entered date", "2": "Completeddate", "3": "Purpose", "4": "Content"}, "data": [["15/5-A-5 H", "21.07.2003", "19.08.2003", "PRODUCTION", "OIL"], ["15/5-A-7 H", "08.06.2007", "30.08.2007", "PRODUCTION", "OIL"], ["15/5-A-7 AH", "11.05.2012", "02.06.2012", "PRODUCTION", "OIL"], ["15/5-B-1 H", "24.02.2001", "08.03.2001", "INJECTION", "WATER"], ["15/6-A-1 H", "19.10.2000", "09.01.2001", "PRODUCTION", "OIL"], ["15/6-A-2 H", "28.10.2000", "08.11.2000", "OBSERVATION", "NOTAPPLICABLE"], ["15/6-A-2 AH", "09.11.2000", "11.12.2000", "PRODUCTION", "OIL"], ["15/6-A-3 H", "25.10.2000", "29.11.2000", "PRODUCTION", "OIL"], ["15/6-A-4 H", "20.01.2001", "02.02.2001", "OBSERVATION", "NOTAPPLICABLE"], ["15/6-A-4 AH", "03.02.2001", "16.02.2001", "PRODUCTION", "OIL"], ["15/6-A-6 Y1H", "09.04.2004", "19.05.2004", "PRODUCTION", "OIL"], ["15/6-A-6 Y2H", "20.05.2004", "21.06.2004", "PRODUCTION", "OIL"]]}, "21": {"index": [], "columns": {"0": "Wellbore name", "1": "Entered date", "2": "Completeddate", "3": "Purpose", "4": "Status"}, "data": []}, "kind": "osdu:wks:master-data--Field:1.0.0 ", "id": "npd:master-data--Factpages-Field:1272071"}