{"0": {"index": [0, 1, 2, 3, 4, 5, 6, 7, 8, 9, 10, 11, 12, 13, 14, 15, 16, 17, 18, 19, 20, 21, 22, 23, 24], "columns": {"0": "eneral information", "1": "Unnamed: 0"}, "data": [["Survey name", "PGS22002"], ["Legal basis", "Petroleumsforskriften jf Ressursforskriften"], ["NPDID for survey", "10355"], ["Factmaps - new window", "link to map"], ["Status", "Ferdig"], ["Area", "Norskehavet"], ["Market available", "Ja"], ["Category", "Seismisk unders\u00f8kelse"], ["Main type", "Ordin\u00e6r seismisk unders\u00f8kelse"], ["Sub type", "3D"], ["Company - responsible", "Multiklient Invest AS"], ["Source type", "seismicSource"], ["Number of sources", "3"], ["Source size", "3180"], ["Source pressure", "2000"], ["Sensor type", "cables"], ["Numbers of sensors", "14"], ["Sensor length [m]", "7000"], ["Sensor width [m]", NaN], ["Start date - planned", "01.08.2022"], ["Start date", "09.05.2022"], ["Completed date - planned", "30.09.2022"], ["Completed date", "22.09.2022"], ["Total length [boat km]", "13432"], ["Net area - actual 3D/4D [km2]", "6852.00"]]}, "1": {"index": [], "columns": {"0": "Unnamed: 0"}, "data": []}, "2": {"index": [0, 1, 2, 3, 4, 5, 6], "columns": {"0": "Date", "1": "Type of update", "2": "Information"}, "data": [["22.09.2022", "Melding - Unders\u00f8kelsen er ferdig", NaN], ["22.09.2022", "Status", "Ferdig"], ["17.09.2022", "Melding - Ordin\u00e6r ukemelding", "Prosjektet er n\u00e5 avsluttet  - Prosjektet er avsluttet"], ["09.09.2022", "Melding - Endringsmelding - tilinfo", NaN], ["09.09.2022", "Melding - Ordin\u00e6r ukemelding", "- Ramform Hyperion vil gj\u00f8re seg ferdig med det\u00f8stlige omr\u00e5det og bevege seg ned til den s\u00f8rlige delenav prosjektet"], ["09.09.2022", "Melding - Ordin\u00e6r ukemelding", "-"], ["09.09.2022", "Melding - Ordin\u00e6r ukemelding", "Prosjektet p\u00e5 hold inntil Ramform Hyperion er p\u00e5 plass -"]]}, "3": {"index": [0, 1, 2, 3, 4, 5, 6, 7, 8, 9, 10, 11, 12, 13, 14, 15, 16, 17, 18, 19, 20, 21, 22, 23, 24, 25, 26, 27, 28, 29, 30, 31, 32, 33, 34, 35, 36, 37, 38, 39, 40, 41, 42, 43, 44, 45], "columns": {"0": "09.09.2022", "1": "Melding - Endringsmelding - til", "2": "Ramform Vanguard vil operere i omr\u00e5det samtidig med"}, "data": [[NaN, "info", "Ramform Hyperion. Oppstart 12.09.2022 og hun vil"], [NaN, NaN, "v\u00e6re i omr\u00e5det frem til 26 september 2022. Hun vil"], [NaN, NaN, "operere innenfor omr\u00e5det som vi har tillatelse for,"], [NaN, NaN, "PGS22002"], ["31.08.2022", "Oljedirektoratets uttalelse til", "Oljedirektoratet (OD) viser til melding om endring av"], [NaN, "endringsmelding", "omr\u00e5de for unders\u00f8kelsen. P\u00e5 bakgrunn av innmeldt"], [NaN, NaN, "endring og nye uttalelser fra Havforskningsinstituttet og"], [NaN, NaN, "Fiskeridirektoratet, har OD ingen ytterligere merknader"], [NaN, NaN, "til at unders\u00f8kelsen kan gjennomf\u00f8res som planlagt"], [NaN, NaN, "dersom disse blir fulgt."], ["26.08.2022", "Havforskningsinstituttets", "Havforskningsinstituttet har ingen merknader til"], [NaN, "uttalelse til endringsmelding", "endringene i den planlagte unders\u00f8kelsen. Vurderingen"], [NaN, NaN, "er gjort med hensyn til aktive gytefelt og konsentrerte"], [NaN, NaN, "gytevandringer for aktuelle fiskebestander"], [NaN, NaN, "(p\u00e5virkningsavstand 20 nmi) , beiteomr\u00e5der for hval og"], [NaN, NaN, "forekomst av koraller."], ["22.08.2022", "Fiskeridirektoratets uttalelse til", "Endring av unders\u00f8kelsesomr\u00e5det ber\u00f8rer ikke nye"], [NaN, "endringsmelding", "fiskerier. Den fiskerifaglige vurderingen som ble gitt den"], [NaN, NaN, "07.03.2022 skal fortsatt legges til grunn for"], [NaN, NaN, "gjennomf\u00f8ring av unders\u00f8kelsen."], [NaN, NaN, "Det skal v\u00e6re fiskerikyndig bemanning p\u00e5 fart\u00f8yet som"], [NaN, NaN, "ut\u00f8ver unders\u00f8kelsen, med mindre annet fremg\u00e5r av"], [NaN, NaN, "ODs tilbakemelding."], ["17.08.2022", "Melding - Endringsmelding som", NaN], [NaN, "krever saksbehandling", NaN], ["13.08.2022", "Melding - Unders\u00f8kelsen", NaN], [NaN, "gjenopptas", NaN], ["13.08.2022", "Status", "P\u00e5g\u00e5ende"], ["02.08.2022", "Melding - Endringsmelding - til", NaN], [NaN, "info", NaN], ["02.08.2022", "Melding - Unders\u00f8kelsen er satt", NaN], [NaN, "p\u00e5 pause", NaN], ["02.08.2022", "Status", "Pause"], ["02.08.2022", "Melding - Ordin\u00e6r ukemelding", "Ramform Atlas vil n\u00e5 forlate omr\u00e5det og det vil bli en"], [NaN, NaN, "pause i prosjektet intill Ramform Hyperion kommer ned"], [NaN, NaN, "for \u00e5 fortsette p\u00e5 prosjetet. Dette er antatt til 12"], [NaN, NaN, "august. Det blir da ingen innsamling p\u00e5 surveyet fra 2"], [NaN, NaN, "august til 12 august.  - Det vil bli en pause i"], [NaN, NaN, "innsamlingen i denne perioden"], ["27.07.2022", "Oljedirektoratets uttalelse til", "Oljedirektoratet (OD) viser til melding om endring av"], [NaN, "endringsmelding", "omr\u00e5de og tidsperiode for unders\u00f8kelsen. P\u00e5 bakgrunn"], [NaN, NaN, "av innmeldt endring og nye uttalelser fra"], [NaN, NaN, "Havforskningsinstituttet og Fiskeridirektoratet, har OD"], [NaN, NaN, "ingen ytterligere merknader til at unders\u00f8kelsen kan"], [NaN, NaN, "gjennomf\u00f8res som planlagt dersom disse blir fulgt."], ["27.07.2022", "Melding - Ordin\u00e6r ukemelding", "-"]]}, "4": {"index": [0, 1, 2, 3, 4, 5, 6, 7, 8, 9, 10, 11, 12, 13, 14], "columns": {"0": "26.07.2022", "1": "Havforskningsinstituttetsuttalelse til endringsmelding", "2": "Havforskningsinstituttet har ingen merknader tilendringene den planlagte unders\u00f8kelsen. Vurderingener gjort med hensyn til aktive gytefelt og konsentrertegytevandringer for aktuelle fiskebestander(p\u00e5virkningsavstand 20 nmi) , beiteomr\u00e5der for hval ogforekomst av koraller."}, "data": [["22.07.2022", "Fiskeridirektoratets uttalelse tilendringsmelding", "Endring av unders\u00f8kelsesomr\u00e5det ber\u00f8rer ikke nyefiskerier. Den fiskerifaglige vurderingen som ble gitt den07.03.2022 skal fortsatt legges til grunn forunders\u00f8kelsen.Det skal v\u00e6re fiskerikyndig bemanning p\u00e5 fart\u00f8yet somut\u00f8ver unders\u00f8kelsen, med mindre annet fremg\u00e5r avODs tilbakemelding."], ["21.07.2022", "Melding - Ordin\u00e6r ukemelding", "-"], ["21.07.2022", "Melding - Endringsmelding somkrever saksbehandling", NaN], ["21.07.2022", "Melding - Endringsmelding - tilinfo", NaN], ["21.07.2022", "Melding - Ordin\u00e6r ukemelding", "-"], ["06.07.2022", "Melding - Ordin\u00e6r ukemelding", "-"], ["06.07.2022", "Melding - Ordin\u00e6r ukemelding", "-"], ["22.06.2022", "Melding - Ordin\u00e6r ukemelding", "-"], ["22.06.2022", "Melding - Ordin\u00e6r ukemelding", "-"], ["21.06.2022", "Oljedirektoratets uttalelse tilendringsmelding", "Oljedirektoratet (OD) viser til melding om endring avunders\u00f8kelsen. P\u00e5 bakgrunn av innmeldt endring og nyeuttalelser fra Havforskningsinstituttet ogFiskeridirektoratet, har OD ingen ytterligere merknadertil at unders\u00f8kelsen kan gjennomf\u00f8res som planlagtdersom disse blir fulgt."], ["17.06.2022", "Havforskningsinstituttetsuttalelse til endringsmelding", "Havforskningsinstituttet har ingen merknader tilendringene i den planlagte unders\u00f8kelsen. Vurderingener gjort med hensyn til aktive gytefelt og konsentrertegytevandringer for aktuelle fiskebestander(p\u00e5virkningsavstand 20 nmi) , beiteomr\u00e5der for hval ogforekomst av koraller."], ["10.06.2022", "Fiskeridirektoratets uttalelse tilendringsmelding", "Endringsmeldingen av 07.06.2022 er oppstartsdatoendret fra 08.05.2022 til 08.06.2022. Unders\u00f8kelsen vilfortsatt p\u00e5g\u00e5 i tidsrommet som beskrevet i denfiskerifaglige uttalelsen av 07.03.2022. Denneuttalelsen skal fortsatt legges til grunn forgjennomf\u00f8ringen av unders\u00f8kelsen.Det skal v\u00e6re fiskerikyndig bemanning p\u00e5 fart\u00f8yet somut\u00f8ver unders\u00f8kelsen, med mindre annet fremg\u00e5r avODs tilbakemelding."], ["07.06.2022", "Melding - Endringsmelding - tilinfo", NaN], ["07.06.2022", "Melding - Endringsmelding somkrever saksbehandling", NaN], ["07.06.2022", "Melding - Ordin\u00e6r ukemelding", "-"]]}, "5": {"index": [0, 1, 2, 3, 4, 5, 6, 7, 8, 9, 10, 11, 12, 13, 14, 15, 16, 17, 18, 19, 20, 21, 22, 23, 24, 25, 26, 27, 28, 29, 30, 31, 32, 33, 34, 35, 36, 37, 38, 39, 40, 41, 42, 43, 44, 45, 46], "columns": {"0": "01.06.2022", "1": "Melding - Ordin\u00e6r ukemelding", "2": "-"}, "data": [["24.05.2022", "Melding - Ordin\u00e6r ukemelding", "-"], ["19.05.2022", "Havforskningsinstituttets", "Havforskningsinstituttet har ingen merknader til"], [NaN, "uttalelse til endringsmelding", "endringene i den planlagte unders\u00f8kelsen. Vurderingen"], [NaN, NaN, "er gjort med hensyn til aktive gytefelt og konsentrerte"], [NaN, NaN, "gytevandringer for aktuelle fiskebestander"], [NaN, NaN, "(p\u00e5virkningsavstand 20 nmi) , beiteomr\u00e5der for hval og"], [NaN, NaN, "forekomst av koraller."], ["16.05.2022", "Oljedirektoratets uttalelse til", "Oljedirektoratet (OD) viser til melding om endring av"], [NaN, "endringsmelding", "omr\u00e5de for unders\u00f8kelsen. P\u00e5 bakgrunn av innmeldt"], [NaN, NaN, "endring og ny uttalelse fra Fiskeridirektoratet, har OD"], [NaN, NaN, "ingen ytterligere merknader til at unders\u00f8kelsen kan"], [NaN, NaN, "gjennomf\u00f8res som planlagt dersom disse blir fulgt."], ["09.05.2022", "Status", "P\u00e5g\u00e5ende"], ["09.05.2022", "Melding - Unders\u00f8kelsen startes", NaN], [NaN, "opp", NaN], ["02.05.2022", "Fiskeridirektoratets uttalelse til", "Endring av oppstartsdato fra 05.05.2022 til 08.05.2022"], [NaN, "endringsmelding", "endrer ikke den fiskerifaglige vurderingen som ble gitt"], [NaN, NaN, "den 07.03.2022. Denne fiskerifaglige  vurderingen skal"], [NaN, NaN, "fortsatt legges til grunn for unders\u00f8kelsen."], [NaN, NaN, "Det skal v\u00e6re fiskerikyndig bemanning p\u00e5 fart\u00f8yet som"], [NaN, NaN, "ut\u00f8ver unders\u00f8kelsen, med mindre annet fremg\u00e5r av"], [NaN, NaN, "ODs tilbakemelding."], ["02.05.2022", "Melding - Endringsmelding som", NaN], [NaN, "krever saksbehandling", NaN], ["01.05.2022", "Melding - Endringsmelding - til", NaN], [NaN, "info", NaN], ["27.04.2022", "Melding - Endringsmelding - til", NaN], [NaN, "info", NaN], ["27.04.2022", "Melding - Endringsmelding - til", NaN], [NaN, "info", NaN], ["27.04.2022", "Melding - Endringsmelding - til", NaN], [NaN, "info", NaN], ["12.04.2022", "Status", "Planlagt"], ["12.04.2022", "Oljedirektoratet uttalelse til", "Oljedirektoratet (OD) viser til deres melding vedr\u00f8rende"], [NaN, "innmelding", "denne unders\u00f8kelsen."], [NaN, NaN, "OD gj\u00f8r s\u00e6rlig oppmerksom p\u00e5 at fart\u00f8y som foretar en"], [NaN, NaN, "unders\u00f8kelse, skal holde forsvarlig avstand til fart\u00f8y"], [NaN, NaN, "som driver fiske, og til fastst\u00e5ende og flytende"], [NaN, NaN, "fiskeredskap. S\u00e6rlig aktsomhet skal utvises n\u00e5r st\u00f8rre"], [NaN, NaN, "ansamlinger av fiskefart\u00f8y observeres, jf. forskrift om"], [NaN, NaN, "ressursforvaltning innen petroleumsvirksomheten av"], [NaN, NaN, "13.12.2017 (ressursforskriften) \u00a7 8 andre ledd."], [NaN, NaN, "Det vises for \u00f8vrig til veileder om \"Gjennomf\u00f8ring av"], [NaN, NaN, "seismiske unders\u00f8kelser p\u00e5 norsk kontinentalsokkel\":"], [NaN, NaN, "OD viser til uttalelsene som er gitt av adressatene"], [NaN, NaN, "innenfor meldesystemet (jf. petroleumsforskriften \u00a7 6/"], [NaN, NaN, "ressursforskriften \u00a7 6), og har ingen merknader til at"]]}, "6": {"index": [0, 1, 2, 3, 4, 5, 6, 7, 8, 9, 10, 11, 12, 13, 14, 15, 16, 17, 18, 19, 20, 21, 22, 23, 24, 25, 26, 27, 28, 29, 30, 31, 32, 33, 34, 35, 36, 37, 38, 39, 40, 41], "columns": {"0": "31.03.2022", "1": "Melding - Endringsmelding - til", "2": "Unnamed: 0"}, "data": [[NaN, "info", NaN], ["07.03.2022", "Fiskeridirektoratets uttalelse til", "Fiskerifaglig vurdering:"], [NaN, "innmelding", "Unders\u00f8kelsen skal foreg\u00e5 i et stort omr\u00e5de som"], [NaN, NaN, "strekker seg fra 64oN 47 \u0301 til 66 oN 47 \u0301, og 5o\u00d8 til 9"], [NaN, NaN, "o\u00d8. Unders\u00f8kelsen vil p\u00e5g\u00e5 i Norskehavet vest p\u00e5"], [NaN, NaN, "Sklinnabanken, Tr\u00e6nabanken og p\u00e5 Garsholbanken."], [NaN, NaN, "Unders\u00f8kelsen skal p\u00e5g\u00e5 mellom 20. april 2022 \u2013 30."], [NaN, NaN, "september 2022. Fiskeriaktiviteten i"], [NaN, NaN, "unders\u00f8kelsesomr\u00e5det varierer noe fra \u00e5r til \u00e5r. Med"], [NaN, NaN, "grunnlag fra historiske fiskeridata kan det ventes"], [NaN, NaN, "fiskeriaktivitet i unders\u00f8kelsesomr\u00e5det. Det vil p\u00e5g\u00e5 et"], [NaN, NaN, "direktefiske etter bl\u00e5kveite i, eller i n\u00e6rheten av den"], [NaN, NaN, "nordlige delen av unders\u00f8kelsesomr\u00e5det i"], [NaN, NaN, "unders\u00f8kelsesperioden for fart\u00f8y under 28 meter i den."], [NaN, NaN, "Det kan ogs\u00e5 p\u00e5g\u00e5 direktefiske etter bl\u00e5kveite i den"], [NaN, NaN, "midtre delen av unders\u00f8kelsesomr\u00e5det. Den f\u00f8rste"], [NaN, NaN, "f\u00f8rste periode for dette fiskeriet starter 23. mai 2022."], [NaN, NaN, "Andre periode i direktefisket etter bl\u00e5kveite starter 8."], [NaN, NaN, "august 2022. Fiskeridirekt\u00f8ren stopper fisket n\u00e5r"], [NaN, NaN, "periodekvotene er oppfisket. I samme omr\u00e5det vil det"], [NaN, NaN, "p\u00e5g\u00e5 fiske etter breiflabb, brosme og lange av den"], [NaN, NaN, "samme fart\u00f8ygruppen."], [NaN, NaN, "I unders\u00f8kelsesomr\u00e5det vil det ogs\u00e5 p\u00e5g\u00e5 fiske etter"], [NaN, NaN, "bl\u00e5kveite, brosme og lange av den havg\u00e5ende"], [NaN, NaN, "konvensjonelle fiskefl\u00e5ten"], [NaN, NaN, "Sammendrag og tilr\u00e5ding:"], [NaN, NaN, "Vi forutsetter at unders\u00f8kelsen utf\u00f8res med den st\u00f8rste"], [NaN, NaN, "aktsomhet, uten \u00e5 v\u00e6re til hinder for fiskeriaktiviteten i"], [NaN, NaN, "omr\u00e5det som nevnt over. I omr\u00e5der og tider hvor"], [NaN, NaN, "direktefisket etter bl\u00e5kveite p\u00e5g\u00e5r, tilr\u00e5der vi at at det"], [NaN, NaN, "ikke foreg\u00e5r seismisk aktivitet. Det oppfordres til at den"], [NaN, NaN, "fiskerikyndige blir delaktig tidlig i den operative"], [NaN, NaN, "planleggingsfasen av unders\u00f8kelsen, og at det etableres"], [NaN, NaN, "kontakt med Kystvaktsentralen/Kystvakt for \u00e5 orientere"], [NaN, NaN, "seg om fiskeriaktivitet og st\u00e5ende fiskeredskap i"], [NaN, NaN, "omr\u00e5det."], [NaN, NaN, "Unders\u00f8kelsen m\u00e5 stanses eller endres p\u00e5 kort varsel"], [NaN, NaN, "dersom det oppst\u00e5r konflikter med fiskeriene."], [NaN, NaN, "Det skal v\u00e6re fiskerikyndig bemanning p\u00e5 fart\u00f8yet som"], [NaN, NaN, "ut\u00f8ver unders\u00f8kelsen, med mindre annet fremg\u00e5r av"], [NaN, NaN, "ODs tilbakemelding."], ["27.02.2022", "Status", "Under behandling"]]}, "7": {"index": [0, 1, 2, 3, 4, 5], "columns": {"0": "27.02.2022", "1": "Melding - Innmelding", "2": "Innsamling vil starte i den \u00f8stlige delen frem til 1 mai"}, "data": [[NaN, NaN, "for \u00e5 unng\u00e5 gyteomr\u00e5det med god margin."], [NaN, NaN, "Vi vil starte innsamling rundt 5 mai og starter i den"], [NaN, NaN, "\u00f8stelige delen. Polygonet er noe endret, se oppdatert"], [NaN, NaN, "kart."], [NaN, NaN, "Vi samler inn gravimetri data sammtidig som"], [NaN, NaN, "seismikken"]]}, "8": {"index": [0], "columns": {"0": "Type of licence", "1": "Licence name"}, "data": [["Unders\u00f8kelsestillatelse", 777]]}, "9": {"index": [], "columns": {"0": "Type data", "1": "Format", "2": "Medium", "3": "Comment"}, "data": []}, "10": {"index": [0, 1, 2, 3, 4, 5, 6, 7, 8, 9], "columns": {"0": "Vessel Name", "1": "Type of vessel", "2": "Phone", "3": "IMO-number", "4": "Call", "5": "Nation"}, "data": [[NaN, NaN, "number", NaN, "signal", NaN], ["Ramform", "Hovedfart\u00f8y", NaN, 9629897.0, "C6AX2", "Baham"], ["Atlas", "(innsamlingsfa", NaN, NaN, NaN, "as"], [NaN, "rt\u00f8y)", NaN, NaN, NaN, NaN], ["Ramform", "Hovedfart\u00f8y", NaN, 9676890.0, "C6DB4", "Baham"], ["Hyperion", "(innsamlingsfa", NaN, NaN, NaN, "as"], [NaN, "rt\u00f8y)", NaN, NaN, NaN, NaN], ["Ramform", "Hovedfart\u00f8y", NaN, 9188714.0, "LANM8", "Norge"], ["Vanguard", "(innsamlingsfa", NaN, NaN, NaN, NaN], [NaN, "rt\u00f8y)", NaN, NaN, NaN, NaN]]}, "11": {"index": [0, 1, 2], "columns": {"0": "From date", "1": "To date", "2": "Name", "3": "Phone number"}, "data": [["07.09.2022", "30.09.2022", "Perry Urkedal", NaN], ["27.04.2022", "31.05.2022", "Per Christian Wahl", 41010121.0], ["07.06.2022", "12.07.2022", "Hilmar Svendsen", NaN]]}, "12": {"index": [0, 1, 2, 3, 4, 5, 6, 7, 8, 9, 10], "columns": {"0": "Point", "1": "NS", "2": "NS minutes", "3": "Unnamed: 0", "4": "EW", "5": "EW minutes", "6": "Unnamed: 1"}, "data": [["number", "degrees", "(decimal)", NaN, "degrees", "(decimal)", NaN], ["1", "64", "48.20", "N", "5", "52.74", "E"], ["2", "64", "57.09", "N", "5", "13.02", "E"], ["3", "65", "37.81", "N", "5", "59.44", "E"], ["4", "66", "35.93", "N", "7", "20.29", "E"], ["5", "66", "34.17", "N", "7", "53.42", "E"], ["6", "66", "28.83", "N", "9", "17.79", "E"], ["7", "65", "28.71", "N", "8", "27.65", "E"], ["8", "65", "18.55", "N", "8", "31.33", "E"], ["9", "64", "58.09", "N", "8", "7.59", "E"], ["10", "64", "26.88", "N", "7", "26.44", "E"]]}, "13": {"index": [0, 1, 2, 3, 4, 5, 6, 7, 8, 9, 10], "columns": {"0": "Point", "1": "NS", "2": "NS.1", "3": "NS.2", "4": "Unnamed: 0", "5": "EW", "6": "EW.1", "7": "EW.2", "8": "Unnamed: 1"}, "data": [["number", "degrees", "minutes", "seconds", NaN, "degrees", "minutes", "seconds", NaN], ["1", "64", "48", "11.94", "N", "5", "52", "44.11", "E"], ["2", "64", "57", "5.52", "N", "5", "13", "1.24", "E"], ["3", "65", "37", "48.40", "N", "5", "59", "26.27", "E"], ["4", "66", "35", "55.70", "N", "7", "20", "17.54", "E"], ["5", "66", "34", "10.48", "N", "7", "53", "25.28", "E"], ["6", "66", "28", "49.62", "N", "9", "17", "47.28", "E"], ["7", "65", "28", "42.59", "N", "8", "27", "38.94", "E"], ["8", "65", "18", "32.94", "N", "8", "31", "19.78", "E"], ["9", "64", "58", "5.51", "N", "8", "7", "35.34", "E"], ["10", "64", "26", "52.72", "N", "7", "26", "26.17", "E"]]}, "kind": "osdu:wks:master-data--Survey:1.0.0 ", "id": "npd:master-data--Factpages-Survey:10355"}