{"0": {"index": [0, 1, 2], "columns": {"0": "Lithostrat. unit", "1": "REALGRUNNEN SUBGP"}, "data": [["NPDID lithostrat. unit", "128"], ["Level", "SUBGROUP"], ["Lithostrat. unit, parent", "KAPP TOSCANA GP"]]}, "1": {"index": [0, 1, 2, 3], "columns": {"0": "Lithostrat. unit"}, "data": [["FRUHOLMEN FM"], ["NORDMELA FM"], ["ST\u00d8 FM"], ["TUB\u00c5EN FM"]]}, "2": {"index": [0, 1], "columns": {"0": "Wellbore name", "1": "Wellbore", "2": "Top depth", "3": "Bottom"}, "data": [[NaN, "completion", "[m]", "depth [m]"], [NaN, "date", NaN, NaN]]}, "kind": "osdu:wks:master-data--Litho:1.0.0 ", "id": "npd:master-data--Factpages-Litho:128"}