{"0": {"index": [0, 1, 2, 3, 4, 5, 6, 7, 8, 9, 10, 11, 12, 13, 14, 15, 16, 17, 18, 19, 20, 21, 22, 23, 24], "columns": {"0": "eneral information", "1": "Unnamed: 0"}, "data": [["Survey name", "ABP22200"], ["Legal basis", "Petroleumsforskriften jf Ressursforskriften"], ["NPDID for survey", "10411"], ["Factmaps - new window", "link to map"], ["Status", "Avlyst"], ["Area", "Nordsj\u00f8en"], ["Market available", "Nei"], ["Category", "Seismisk unders\u00f8kelse"], ["Main type", "Havbunnseismisk unders\u00f8kelse"], ["Sub type", "3D"], ["Company - responsible", "Aker BP ASA"], ["Source type", "seismicSource"], ["Number of sources", "3"], ["Source size", "2620"], ["Source pressure", "2000"], ["Sensor type", "nodes"], ["Numbers of sensors", "16000"], ["Sensor length [m]", NaN], ["Sensor width [m]", NaN], ["Start date - planned", "24.06.2022"], ["Start date", NaN], ["Completed date - planned", "31.08.2022"], ["Completed date", NaN], ["Total length [boat km]", NaN], ["Net area - actual 3D/4D [km2]", NaN]]}, "1": {"index": [], "columns": {"0": "Unnamed: 0"}, "data": []}, "2": {"index": [0, 1], "columns": {"0": "Date", "1": "Type of update", "2": "Information"}, "data": [["21.06.2022", "Status", "Avlyst"], ["21.06.2022", "Melding - Unders\u00f8kelsen avlyses", NaN]]}, "3": {"index": [0, 1, 2, 3, 4, 5, 6, 7, 8, 9, 10, 11, 12, 13, 14, 15, 16, 17], "columns": {"0": "05.05.2022", "1": "Havforskningsinstituttetsuttalelse til innmelding", "2": "Havforskningsinstituttet har ingen merknader til denplanlagte unders\u00f8kelsen. Vurderingen er gjort medhensyn til aktive gytefelt og konsentrertegytevandringer for aktuelle fiskebestander(p\u00e5virkningsavstand 20 nmi) , beiteomr\u00e5der for hval ogforekomst av koraller.", "3": "Unnamed: 0"}, "data": [["29.04.2022", "Status", "Under behandling", NaN], ["29.04.2022", "Melding - Innmelding", "Omr\u00e5det med hvor nodene plasseres for denneunders\u00f8kelsent er tilst\u00f8tende det planlagt node-omr\u00e5detfor TGS22200, men ikke overlappende. Omr\u00e5det hvornodene vil bli brukt framg\u00e5r ikke av kartet.", NaN], [NaN, NaN, NaN, NaN], ["icences", NaN, NaN, NaN], ["Type of licence", "Licence name", NaN, NaN], ["Unders\u00f8kelsestillatelse", "781", NaN, NaN], ["Utvinningstillatelse", "873", NaN, NaN], [NaN, NaN, NaN, NaN], ["ompany the acquisition is done for", NaN, NaN, NaN], ["Company name", NaN, NaN, NaN], ["Aker BP ASA", NaN, NaN, NaN], [NaN, NaN, NaN, NaN], ["ompany doing the acquisition", NaN, NaN, NaN], ["Company name", NaN, NaN, NaN], ["Magseis Fairfield ASA", NaN, NaN, NaN], [NaN, NaN, NaN, NaN], ["ata format", NaN, NaN, NaN], ["Type data", "Format", "Medium", "Comment"]]}, "4": {"index": [0, 1, 2, 3, 4, 5, 6, 7], "columns": {"0": "Unnamed: 0", "1": "Unnamed: 1", "2": "Unnamed: 2", "3": "Unnamed: 3", "4": "Unnamed: 4", "5": "Unnamed: 5"}, "data": [["essel", NaN, NaN, NaN, NaN, NaN], ["Vessel Name", "Type of vessel", "Phonenumber", "IMO-number", "Callsignal", "Nation"], ["Shemarah II", "F\u00f8lgefart\u00f8y", NaN, "9120889", "MVRR7", "UK"], ["NormandTonjer", "Annet fart\u00f8y", "95478142", "9422108", "LAXJ5", "Norge"], ["Sanco Star", "Hovedfart\u00f8y(innsamlingsfart\u00f8y)", "95478142", "9410313", "ZDIT8", "Gibraltar"], [NaN, NaN, NaN, NaN, NaN, NaN], ["ishery expert", NaN, NaN, NaN, NaN, NaN], ["From date", "To date", "Name", "Phone number", NaN, NaN]]}, "5": {"index": [], "columns": {"0": "Unnamed: 0"}, "data": []}, "6": {"index": [0, 1, 2, 3, 4, 5, 6], "columns": {"0": "Point", "1": "NS", "2": "NS minutes", "3": "Unnamed: 0", "4": "EW", "5": "EW minutes", "6": "Unnamed: 1"}, "data": [["number", "degrees", "(decimal)", NaN, "degrees", "(decimal)", NaN], ["1", "60", "6.26", "N", "2", "8.95", "E"], ["2", "60", "6.39", "N", "2", "30.70", "E"], ["3", "59", "55.39", "N", "2", "35.71", "E"], ["4", "59", "45.46", "N", "2", "29.78", "E"], ["5", "59", "45.39", "N", "2", "16.73", "E"], ["6", "59", "51.49", "N", "2", "9.61", "E"]]}, "7": {"index": [0, 1, 2, 3, 4, 5, 6], "columns": {"0": "Point", "1": "NS", "2": "NS.1", "3": "NS.2", "4": "Unnamed: 0", "5": "EW", "6": "EW.1", "7": "EW.2", "8": "Unnamed: 1"}, "data": [["number", "degrees", "minutes", "seconds", NaN, "degrees", "minutes", "seconds", NaN], ["1", "60", "6", "15.73", "N", "2", "8", "57.01", "E"], ["2", "60", "6", "23.60", "N", "2", "30", "42.15", "E"], ["3", "59", "55", "23.41", "N", "2", "35", "42.70", "E"], ["4", "59", "45", "27.31", "N", "2", "29", "46.72", "E"], ["5", "59", "45", "23.33", "N", "2", "16", "43.64", "E"], ["6", "59", "51", "29.32", "N", "2", "9", "36.52", "E"]]}, "kind": "osdu:wks:master-data--Survey:1.0.0 ", "id": "npd:master-data--Factpages-Survey:10411"}