{"0": {"index": [0, 1, 2, 3, 4, 5, 6, 7, 8, 9, 10, 11, 12, 13, 14, 15, 16, 17, 18, 19, 20, 21, 22, 23, 24], "columns": {"0": "eneral information", "1": "Unnamed: 0"}, "data": [["Survey name", "EQ22307"], ["Legal basis", "Petroleumsforskriften jf Ressursforskriften"], ["NPDID for survey", "10367"], ["Factmaps - new window", "link to map"], ["Status", "Ferdig"], ["Area", "Nordsj\u00f8en"], ["Market available", "Ja"], ["Category", "Seismisk unders\u00f8kelse"], ["Main type", "Borestedunders\u00f8kelse"], ["Sub type", "3D"], ["Company - responsible", "Equinor Energy AS"], ["Source type", "seismicSource"], ["Number of sources", "2"], ["Source size", "160"], ["Source pressure", "2000"], ["Sensor type", "cables"], ["Numbers of sensors", "2"], ["Sensor length [m]", "1200"], ["Sensor width [m]", NaN], ["Start date - planned", "03.05.2022"], ["Start date", "07.05.2022"], ["Completed date - planned", "07.07.2022"], ["Completed date", "02.07.2022"], ["Total length [boat km]", "1325"], ["Net area - actual 3D/4D [km2]", "19.00"]]}, "1": {"index": [], "columns": {"0": "Unnamed: 0"}, "data": []}, "2": {"index": [0, 1, 2, 3, 4, 5, 6, 7, 8], "columns": {"0": "Date", "1": "Type of update", "2": "Information"}, "data": [["02.07.2022", "Melding - Unders\u00f8kelsen er ferdig", NaN], ["02.07.2022", "Status", "Ferdig"], ["28.06.2022", "Melding - Ordin\u00e6r ukemelding", "-"], ["20.06.2022", "Melding - Ordin\u00e6r ukemelding", "-"], ["13.06.2022", "Melding - Ordin\u00e6r ukemelding", "-"], ["07.06.2022", "Melding - Ordin\u00e6r ukemelding", "-"], ["01.06.2022", "Melding - Ordin\u00e6r ukemelding", "-"], ["23.05.2022", "Melding - Ordin\u00e6r ukemelding", "-"], ["07.05.2022", "Melding - Unders\u00f8kelsen startesopp", NaN]]}, "3": {"index": [0, 1, 2, 3, 4, 5, 6, 7, 8, 9, 10, 11, 12, 13, 14, 15, 16, 17, 18, 19, 20, 21, 22, 23, 24], "columns": {"0": "07.05.2022", "1": "Status", "2": "P\u00e5g\u00e5ende"}, "data": [["22.04.2022", "Oljedirektoratets uttalelse til", "Oljedirektoratet (OD) viser til melding om endring av"], [NaN, "endringsmelding", "omr\u00e5de og tidsrom for unders\u00f8kelsen. P\u00e5 bakgrunn av"], [NaN, NaN, "innmeldt endring og nye uttalelser fra"], [NaN, NaN, "Havforskningsinstituttet og Fiskeridirektoratet, har OD"], [NaN, NaN, "ingen ytterligere merknader til at unders\u00f8kelsen kan"], [NaN, NaN, "gjennomf\u00f8res som planlagt dersom disse blir fulgt."], ["20.04.2022", "Havforskningsinstituttets", "Havforskningsinstituttet har ingen merknader til"], [NaN, "uttalelse til endringsmelding", "endringene i den planlagte unders\u00f8kelsen. Vurderingen"], [NaN, NaN, "er gjort med hensyn til aktive gytefelt og konsentrerte"], [NaN, NaN, "gytevandringer for aktuelle fiskebestander"], [NaN, NaN, "(p\u00e5virkningsavstand 5 nmi) , beiteomr\u00e5der for hval og"], [NaN, NaN, "forekomst av koraller."], ["12.04.2022", "Melding - Endringsmelding - til", "Justering av Netto omr\u00e5de."], [NaN, "info", NaN], ["12.04.2022", "Fiskeridirektoratets uttalelse til", "Vi har ingen merknader p\u00e5 fiskerifaglig grunnlag og"], [NaN, "endringsmelding", "opprettholder v\u00e5r tidligere uttalelse i saken."], ["12.04.2022", "Melding - Endringsmelding - til", "En mer realistisk Oppstart er tidlig Mai."], [NaN, "info", NaN], ["12.04.2022", "Melding - Endringsmelding - til", "En mer realistisk oppstart er tidlig Mai."], [NaN, "info", NaN], ["12.04.2022", "Melding - Endringsmelding - til", "Den planlagte br\u00f8nnen / templten kommer noe lenger"], [NaN, "info", "mot syd. En mer realistisk oppstart er tidlig Mai."], ["12.04.2022", "Melding - Endringsmelding som", "Den planlagte br\u00f8nnen / templten kommer noe lenger"], [NaN, "krever saksbehandling", "mot syd. En mer realistisk oppstart er tidlig Mai."], ["25.03.2022", "Status", "Planlagt"]]}, "4": {"index": [0, 1, 2, 3, 4, 5, 6, 7, 8, 9, 10, 11, 12, 13, 14, 15, 16, 17, 18, 19, 20, 21, 22, 23, 24, 25, 26, 27, 28, 29, 30, 31, 32, 33, 34, 35, 36, 37, 38, 39, 40, 41, 42], "columns": {"0": "25.03.2022", "1": "Oljedirektoratet uttalelse til", "2": "Oljedirektoratet (OD) viser til deres melding vedr\u00f8rende"}, "data": [[NaN, "innmelding", "denne unders\u00f8kelsen."], [NaN, NaN, "OD gj\u00f8r s\u00e6rlig oppmerksom p\u00e5 at fart\u00f8y som foretar en"], [NaN, NaN, "unders\u00f8kelse, skal holde forsvarlig avstand til fart\u00f8y"], [NaN, NaN, "som driver fiske, og til fastst\u00e5ende og flytende"], [NaN, NaN, "fiskeredskap. S\u00e6rlig aktsomhet skal utvises n\u00e5r st\u00f8rre"], [NaN, NaN, "ansamlinger av fiskefart\u00f8y observeres, jf. forskrift om"], [NaN, NaN, "ressursforvaltning innen petroleumsvirksomheten av"], [NaN, NaN, "13.12.2017 (ressursforskriften) \u00a7 8 andre ledd."], [NaN, NaN, "Det vises for \u00f8vrig til veileder om \"Gjennomf\u00f8ring av"], [NaN, NaN, "seismiske unders\u00f8kelser p\u00e5 norsk kontinentalsokkel\"."], [NaN, NaN, "OD viser til uttalelsene som er gitt av adressatene"], [NaN, NaN, "innenfor meldesystemet (jf. petroleumsforskriften \u00a7 6/"], [NaN, NaN, "ressursforskriften \u00a7 6), og har ingen merknader til at"], [NaN, NaN, "unders\u00f8kelsen  gjennomf\u00f8res som planlagt dersom"], [NaN, NaN, "disse tas til etterretning. Dette gjelder ogs\u00e5 eventuelt"], [NaN, NaN, "krav om fiskerikyndig fra Fiskeridirektoratet."], [NaN, NaN, "Dersom unders\u00f8kelsen aksepteres gjennomf\u00f8rt slik den"], [NaN, NaN, "er tilr\u00e5dd, stadfestes dette gjennom at det sendes inn"], [NaN, NaN, "melding om oppstart n\u00e5r unders\u00f8kelsen starter, jf."], [NaN, NaN, "ressursforskriften \u00a7 6, 3.ledd."], [NaN, NaN, "Skulle det oppst\u00e5 situasjoner i forbindelse med"], [NaN, NaN, "fiskeriaktiviteten, ber vi om \u00e5 bli underrettet om dette."], [NaN, NaN, "Unders\u00f8kelsen kan bli stanset eller endret p\u00e5 kort varsel"], [NaN, NaN, "dersom det oppst\u00e5r konflikt med fiskeriene."], [NaN, NaN, "OD gj\u00f8r ogs\u00e5 oppmerksom p\u00e5 at ev. endringer m\u00e5"], [NaN, NaN, "meldes inn i henhold til ressursforskriften \u00a7 6. Det er"], [NaN, NaN, "krav om at alle slike regelverkspliktige meldinger,"], [NaN, NaN, "herunder oppstartsmelding, endringsmelding,"], [NaN, NaN, "ukemelding og sluttmelding \u2013 skal rapporteres gjennom"], [NaN, NaN, "ODs innmeldingssystem for unders\u00f8kelser."], [NaN, NaN, "Rettighetshaver og/eller den som st\u00e5r for driften av"], [NaN, NaN, "fart\u00f8yet skal for \u00f8vrig gj\u00f8re relevant regelverk,"], [NaN, NaN, "dokumenter og data tilgjengelig for den fiskerikyndige."], [NaN, NaN, "Regelverk og dokumenter skal foreligge p\u00e5 b\u00e5de norsk"], [NaN, NaN, "og engelsk. Det skal ogs\u00e5 legges til rette for at den"], [NaN, NaN, "fiskerikyndige har tilgang til internett og andre"], [NaN, NaN, "n\u00f8dvendige hjelpemidler jf. ressursforskriften \u00a7 9."], ["21.03.2022", "Havforskningsinstituttets", "Havforskningsinstituttet har ingen merknader til den"], [NaN, "uttalelse til innmelding", "planlagte unders\u00f8kelsen. Vurderingen er gjort med"], [NaN, NaN, "hensyn til aktive gytefelt og konsentrerte"], [NaN, NaN, "gytevandringer for aktuelle fiskebestander"], [NaN, NaN, "(p\u00e5virkningsavstand 5 nmi) , beiteomr\u00e5der for hval og"], [NaN, NaN, "forekomst av koraller."]]}, "5": {"index": [0, 1, 2, 3, 4, 5, 6, 7, 8, 9, 10, 11, 12, 13, 14, 15, 16, 17], "columns": {"0": "21.03.2022", "1": "Fiskeridirektoratets uttalelse tilinnmelding", "2": "I april ventes det liten fiskeriaktivitet i omr\u00e5de forunders\u00f8kelse, mens det i mai, juni og juli m\u00e5ned kandet foreg\u00e5 fiske etter nordsj\u00f8sild med not og tr\u00e5l.Dersom silda er tilgjengelig for fangst i omr\u00e5det kan detventes at mange ringnotfart\u00f8y vil lete og drive fiske, ogda kan fart\u00f8yene ligge tett.Annen sporadisk fiskeriaktivitet kan heller ikkeutelukkes.Det skal v\u00e6re fiskerikyndig bemanning p\u00e5 fart\u00f8yet somut\u00f8ver unders\u00f8kelsen, med mindre annet fremg\u00e5r avODs tilbakemelding.Vi forutsetter at unders\u00f8kelsen utf\u00f8res med den st\u00f8rsteaktsomhet, uten \u00e5 v\u00e6re til hinder for fiskeriaktiviteten iomr\u00e5det som nevnt over. Det oppfordres til at denfiskerikyndige blir delaktig tidlig i den operativeplanleggingsfasen av unders\u00f8kelsen, og at detorienteres om fiskeriaktivitet og st\u00e5ende fiskeredskap iomr\u00e5det.Vi ber om at unders\u00f8kelsen stanses eller endres p\u00e5 kortvarsel dersom det oppst\u00e5r konflikter med fiskeriene.", "3": "Unnamed: 0"}, "data": [["16.03.2022", "Status", "Under behandling", NaN], ["16.03.2022", "Melding - Innmelding", "Bernt M. Christiansen bmc@equinor.com \u2013 41411263 vilv\u00e6re back-up kontakt for denne unders\u00f8kelsen. Det vil itillegg ogs\u00e5 blibenyttet en mindre kilde p\u00e5 10 kubikktommer og en streamer p\u00e5 ca. 100 meter.", NaN], [NaN, NaN, NaN, NaN], ["icences", NaN, NaN, NaN], ["Type of licence", "Licence name", NaN, NaN], ["Unders\u00f8kelsestillatelse", "774", NaN, NaN], ["Utvinningstillatelse", "090", NaN, NaN], [NaN, NaN, NaN, NaN], ["ompany the acquisition is done for", NaN, NaN, NaN], ["Company name", NaN, NaN, NaN], ["Equinor Energy AS", NaN, NaN, NaN], [NaN, NaN, NaN, NaN], ["ompany doing the acquisition", NaN, NaN, NaN], ["Company name", NaN, NaN, NaN], ["Gardline Geosurvey Ltd", NaN, NaN, NaN], [NaN, NaN, NaN, NaN], ["ata format", NaN, NaN, NaN], ["Type data", "Format", "Medium", "Comment"]]}, "6": {"index": [0], "columns": {"0": "Unnamed: 0"}, "data": [["essel"]]}, "7": {"index": [0, 1, 2, 3], "columns": {"0": "Vessel Name", "1": "Type of vessel", "2": "Phone", "3": "IMO-number", "4": "Call", "5": "Nation"}, "data": [[NaN, NaN, "number", NaN, "signal", NaN], ["Ocean", "Hovedfart\u00f8y", "+441493236", 9779446.0, "3EIP9", "Panam"], ["Resolution", "(innsamlingsfa", "004", NaN, NaN, "a"], [NaN, "rt\u00f8y)", NaN, NaN, NaN, NaN]]}, "8": {"index": [0], "columns": {"0": "From date", "1": "To date", "2": "Name", "3": "Phone number"}, "data": [["03.05.2022", "07.07.2022", "Arnulf Svendsen", 99412491]]}, "9": {"index": [0, 1, 2, 3, 4], "columns": {"0": "Point", "1": "NS", "2": "NS minutes", "3": "Unnamed: 0", "4": "EW", "5": "EW minutes", "6": "Unnamed: 1"}, "data": [["number", "degrees", "(decimal)", NaN, "degrees", "(decimal)", NaN], ["1", "61", "4.51", "N", "3", "23.27", "E"], ["2", "61", "3.59", "N", "3", "40.18", "E"], ["3", "60", "50.65", "N", "3", "37.17", "E"], ["4", "60", "51.56", "N", "3", "20.37", "E"]]}, "10": {"index": [0, 1, 2, 3, 4], "columns": {"0": "Point", "1": "NS", "2": "NS.1", "3": "NS.2", "4": "Unnamed: 0", "5": "EW", "6": "EW.1", "7": "EW.2", "8": "Unnamed: 1"}, "data": [["number", "degrees", "minutes", "seconds", NaN, "degrees", "minutes", "seconds", NaN], ["1", "61", "4", "30.62", "N", "3", "23", "16.14", "E"], ["2", "61", "3", "35.68", "N", "3", "40", "10.82", "E"], ["3", "60", "50", "38.77", "N", "3", "37", "9.98", "E"], ["4", "60", "51", "33.78", "N", "3", "20", "22.01", "E"]]}, "kind": "osdu:wks:master-data--Survey:1.0.0 ", "id": "npd:master-data--Factpages-Survey:10367"}