{"0": {"index": [0, 1, 2, 3, 4, 5, 6], "columns": {"0": "Field name", "1": "UTGARD"}, "data": [["Factmaps in new window", "link to map"], ["Current activity status", "Producing"], ["Discovery wellbore", "15/8-1"], ["Discovery year.", "1982"], ["Main area", "North sea"], ["Main supply base", NaN], ["NPDID field", "28975098"]]}, "1": {"index": [0, 1, 2], "columns": {"0": "Status", "1": "Status from", "2": "Status to"}, "data": [["Producing", "16.09.2019", NaN], ["Approved for", "17.01.2017", "15.09.2019"], ["production", NaN, NaN]]}, "2": {"index": [0, 1], "columns": {"0": "Unnamed: 0", "1": "Block name", "2": "Prod. licence"}, "data": [["15/8", NaN, "046 F"], ["15/8", NaN, "046 E"]]}, "3": {"index": [0, 1], "columns": {"0": "Owner kind", "1": "Owner name"}, "data": [["BUSINESS ARRANGEMENT", "UTGARD UNIT"], ["AREA", NaN]]}, "4": {"index": [0, 1], "columns": {"0": "Unnamed: 0", "1": "Company name", "2": "Nation code", "3": "Company share [%]"}, "data": [["Equinor Energy AS", NaN, "NO", 38.44], ["Equinor UK Limited", NaN, "GB", 38.0]]}, "5": {"index": [0], "columns": {"0": "PGNiG Upstream Norway AS", "1": "NO", "2": "17.360000"}, "data": [["KUFPEC Norway AS", "NO", 6.2]]}, "6": {"index": [0, 1, 2], "columns": {"0": "Orig. recoverable", "1": "Orig. recoverable.1", "2": "Orig. recoverable.2", "3": "Orig. recoverable.3", "4": "Orig. recoverable.4"}, "data": [["oil", "gas", "NGL", "cond.", "oil eq."], ["[mill Sm3]", "[bill Sm3]", "[mill tonn]", "[mill Sm3]", "[mill Sm3 o.e]"], ["0.89", "0.93", "0.15", "0.00", "2.11"]]}, "7": {"index": [0, 1], "columns": {"0": "Remaining oil", "1": "Remaining gas", "2": "Remaining NGL", "3": "Remaining cond.", "4": "Remaining oil eq."}, "data": [["[mill Sm3]", "[bill Sm3]", "[mill tonn]", "[mill Sm3]", "[mill Sm3 o.e]"], ["0.13", "0.13", "0.01", "0.00", "0.28"]]}, "8": {"index": [0, 1, 2], "columns": {"0": "Orig. inplace oil", "1": "Orig. inplace ass.", "2": "Orig. inplace ass..1", "3": "Orig. inplace free"}, "data": [["[mill Sm3]", "liquid", "gas", "gas"], [NaN, "[mill Sm3]", "[bill Sm3]", "[bill Sm3]"], ["0.00", "6.00", "0.00", "5.00"]]}, "9": {"index": [0, 1, 2, 3, 4, 5, 6, 7, 8, 9, 10, 11, 12, 13, 14, 15, 16, 17, 18, 19, 20, 21, 22, 23, 24, 25], "columns": {"0": "Type", "1": "Text", "2": "Date"}, "data": [[NaN, NaN, "updated"], ["Development", "Utgard is a field in the central part of the Norwegian sector in", "28.02.2023"], [NaN, "the North Sea, straddling the boundary between Norway and", NaN], [NaN, "the UK. The Norwegian share of the field is 62 per cent. Utgard", NaN], [NaN, "is located 20 kilometres west of the Sleipner area. The water", NaN], [NaN, "depth is 110-120 metres. The field was discovered in 1982 and", NaN], [NaN, "the plan for development and operation (PDO) was approved in", NaN], [NaN, "2017. The development concept is a 4-slot subsea template", NaN], [NaN, "with two wells tied-back to the Sleipner T facility for processing", NaN], [NaN, "and reduction of the CO2 level in the gas. The subsea template", NaN], [NaN, "is located in the Norwegian sector. Production started in 2019.", NaN], ["Reservoir", "Utgard produces gas with high CO2 content and some", "28.02.2023"], [NaN, "condensate mainly from sandstone of Middle Jurassic age in the", NaN], [NaN, "Hugin Formation. Minor hydrocarbon volumes occur in the", NaN], [NaN, "Sleipner Formation. The field consists of two main segments", NaN], [NaN, "which are in pressure communication via the aquifer. The", NaN], [NaN, "reservoir lies at a depth of 3,700 metres.", NaN], ["Recovery strategy", "Utgard is produced by pressure depletion.", "28.02.2023"], ["Transport", "The well stream from the Utgard field is processed at the", "28.02.2023"], [NaN, "Sleipner T facility. The sales gas is exported via Gassled (Area", NaN], [NaN, "D). The unstable oil is transported by pipeline via Sleipner A to", NaN], [NaN, "the K\u00e5rst\u00f8 terminal for further processing and export.", NaN], ["Status", "Production has been on decline due to early water", "28.02.2023"], [NaN, "breakthrough. Currently, one well is producing and the other", NaN], [NaN, "well is watered out. Sidetracks and infill wells are being", NaN], [NaN, "considered to increase recovery from the field.", NaN]]}, "10": {"index": [0, 1, 2, 3, 4, 5, 6, 7], "columns": {"0": "Unnamed: 0", "1": "Investments"}, "data": [[NaN, "[mill NOK nominal"], [NaN, "values]"], ["Sum", "1621"], ["2020", "5"], ["2019", "359"], ["2018", "860"], ["2017", "340"], ["2016", "55"]]}, "11": {"index": [0, 1, 2, 3, 4, 5, 6, 7, 8, 9, 10, 11, 12, 13, 14, 15, 16, 17, 18, 19, 20, 21, 22, 23, 24, 25], "columns": {"0": "Unnamed: 0", "1": "Month", "2": "Net - oil", "3": "Net - gas", "4": "Net -", "5": "Net - NGL", "6": "Net - oil equivalents"}, "data": [[NaN, NaN, "[mill Sm3]", "[bill Sm3]", "condensate", "[mill Sm3]", NaN], [NaN, NaN, NaN, NaN, "[mill Sm3]", NaN, "[mill Sm3]"], ["Sum", NaN, "0.816156", "0.867386", "0.000000", "0.265619", "1.949161"], ["2023", NaN, "0.037725", "0.068299", "0.000000", "0.005309", "0.111333"], [NaN, 1.0, "0.007894", "0.012534", "0.000000", "0.001078", "0.021506"], [NaN, 2.0, "0.007497", "0.011092", "0.000000", "0.000876", "0.019465"], [NaN, 3.0, "0.006464", "0.010809", "0.000000", "0.000884", "0.018157"], [NaN, 4.0, "0.005600", "0.012593", "0.000000", "0.000844", "0.019037"], [NaN, 5.0, "0.005250", "0.011242", "0.000000", "0.000876", "0.017368"], [NaN, 6.0, "0.005020", "0.010029", "0.000000", "0.000751", "0.015800"], ["2022", NaN, "0.089626", "0.113330", "0.000000", "0.013917", "0.216873"], [NaN, 1.0, "0.012939", "0.016957", "0.000000", "0.002307", "0.032203"], [NaN, 2.0, "0.011115", "0.013092", "0.000000", "0.001934", "0.026141"], [NaN, 3.0, "0.009978", "0.013397", "0.000000", "0.001520", "0.024895"], [NaN, 4.0, "0.007105", "0.009836", "0.000000", "0.001090", "0.018031"], [NaN, 5.0, "0.009229", "0.011896", "0.000000", "0.001334", "0.022459"], [NaN, 6.0, "0.008142", "0.009831", "0.000000", "0.001248", "0.019221"], [NaN, 7.0, "0.005956", "0.007441", "0.000000", "0.000881", "0.014278"], [NaN, 8.0, "0.005209", "0.006594", "0.000000", "0.000841", "0.012644"], [NaN, 9.0, "0.003631", "0.004050", "0.000000", "0.000619", "0.008300"], [NaN, 10.0, "0.005026", "0.006304", "0.000000", "0.000634", "0.011964"], [NaN, 11.0, "0.004844", "0.005504", "0.000000", "0.000597", "0.010945"], [NaN, 12.0, "0.006452", "0.008428", "0.000000", "0.000912", "0.015792"], ["2021", NaN, "0.162108", "0.209326", "0.000000", "0.055469", "0.426903"], [NaN, 1.0, "0.016669", "0.019390", "0.000000", "0.006731", "0.042790"], [NaN, 2.0, "0.018844", "0.024535", "0.000000", "0.007733", "0.051112"]]}, "12": {"index": [0, 1, 2, 3, 4, 5, 6, 7, 8, 9, 10, 11, 12, 13, 14, 15, 16, 17, 18, 19, 20, 21, 22, 23, 24, 25, 26], "columns": {"0": "2021", "1": "3", "2": "0.015987", "3": "0.013856", "4": "0.000000", "5": "0.005809", "6": "0.035652"}, "data": [[NaN, 4.0, 0.022647, 0.029336, 0.0, 0.00848, 0.060463], [NaN, 5.0, 0.021451, 0.029632, 0.0, 0.008133, 0.059216], [NaN, 6.0, 0.018649, 0.025542, 0.0, 0.006553, 0.050744], [NaN, 7.0, 0.015249, 0.024245, 0.0, 0.005947, 0.045441], [NaN, 8.0, 0.004698, 0.00634, 0.0, 0.001543, 0.012581], [NaN, 9.0, 0.001295, 0.002521, 0.0, 0.000573, 0.004389], [NaN, 10.0, 0.009348, 0.011168, 0.0, 0.001378, 0.021894], [NaN, 11.0, 0.006844, 0.009023, 0.0, 0.0009, 0.016767], [NaN, 12.0, 0.010427, 0.013738, 0.0, 0.001689, 0.025854], [2020.0, NaN, 0.327371, 0.316251, 0.0, 0.123466, 0.767088], [NaN, 1.0, 0.04878, 0.039009, 0.0, 0.018108, 0.105897], [NaN, 2.0, 0.043365, 0.043941, 0.0, 0.017441, 0.104747], [NaN, 3.0, 0.03917, 0.041795, 0.0, 0.016015, 0.09698], [NaN, 4.0, 0.040082, 0.043288, 0.0, 0.014996, 0.098366], [NaN, 5.0, 0.034776, 0.041383, 0.0, 0.013718, 0.089877], [NaN, 6.0, 0.022047, 0.023292, 0.0, 0.008756, 0.054095], [NaN, 7.0, 0.014616, 0.014, 0.0, 0.004898, 0.033514], [NaN, 8.0, 0.033594, 0.031232, 0.0, 0.012977, 0.077803], [NaN, 9.0, 0.012843, 0.011957, 0.0, 0.004636, 0.029436], [NaN, 10.0, 0.013696, 0.008744, 0.0, 0.00376, 0.0262], [NaN, 11.0, 0.012748, 0.009101, 0.0, 0.004361, 0.02621], [NaN, 12.0, 0.011654, 0.008509, 0.0, 0.0038, 0.023963], [2019.0, NaN, 0.199326, 0.16018, 0.0, 0.067458, 0.426964], [9.0, 0.027404, 0.023599, 0.0, 0.009294, 0.060297, NaN], [10.0, 0.063867, 0.048963, 0.0, 0.019385, 0.132215, NaN], [11.0, 0.052108, 0.042435, 0.0, 0.018076, 0.112619, NaN], [12.0, 0.055947, 0.045183, 0.0, 0.020703, 0.121833, NaN]]}, "13": {"index": [0, 1, 2, 3, 4, 5, 6, 7, 8, 9, 10], "columns": {"0": "Unnamed: 0", "1": "Month", "2": "Gross - oil[mill Sm3]", "3": "Gross - gas[bill Sm3]", "4": "Gross -condensate[mill Sm3]", "5": "Gross - oilequivalents[mill Sm3]"}, "data": [["Sum", NaN, 0.0, 1.053194, 1.172022, 2.225216], ["2023", NaN, 0.0, 0.076873, 0.049727, 0.1266], [NaN, 1.0, 0.0, 0.012975, 0.01118, 0.024155], [NaN, 2.0, 0.0, 0.013342, 0.008281, 0.021623], [NaN, 3.0, 0.0, 0.012104, 0.007064, 0.019168], [NaN, 4.0, 0.0, 0.013518, 0.008172, 0.02169], [NaN, 5.0, 0.0, 0.013063, 0.008002, 0.021065], [NaN, 6.0, 0.0, 0.011871, 0.007028, 0.018899], ["2022", NaN, 0.0, 0.131847, 0.117101, 0.248948], ["1", 0.0, 0.019537, 0.017604, 0.037141, NaN], ["2", 0.0, 0.015452, 0.014141, 0.029593, NaN]]}, "14": {"index": [0, 1, 2, 3, 4, 5, 6, 7, 8, 9, 10, 11, 12, 13, 14, 15, 16, 17, 18, 19, 20, 21, 22, 23, 24, 25, 26, 27, 28, 29, 30, 31, 32, 33, 34, 35, 36, 37, 38, 39], "columns": {"0": "2022", "1": "3", "2": "0.000000", "3": "0.016567", "4": "0.013266", "5": "0.029833"}, "data": [[NaN, 4.0, 0.0, 0.011761, 0.009407, 0.021168], [NaN, 5.0, 0.0, 0.014281, 0.011567, 0.025848], [NaN, 6.0, 0.0, 0.011827, 0.010016, 0.021843], [NaN, 7.0, 0.0, 0.008519, 0.007623, 0.016142], [NaN, 8.0, 0.0, 0.007026, 0.006866, 0.013892], [NaN, 9.0, 0.0, 0.004856, 0.004791, 0.009647], [NaN, 10.0, 0.0, 0.006759, 0.006595, 0.013354], [NaN, 11.0, 0.0, 0.006218, 0.006668, 0.012886], [NaN, 12.0, 0.0, 0.009044, 0.008557, 0.017601], [2021.0, NaN, 0.0, 0.252238, 0.238573, 0.490811], [NaN, 1.0, 0.0, 0.023732, 0.024824, 0.048556], [NaN, 2.0, 0.0, 0.029608, 0.028603, 0.058211], [NaN, 3.0, 0.0, 0.021642, 0.021151, 0.042793], [NaN, 4.0, 0.0, 0.033956, 0.033679, 0.067635], [NaN, 5.0, 0.0, 0.033595, 0.032771, 0.066366], [NaN, 6.0, 0.0, 0.029705, 0.027683, 0.057388], [NaN, 7.0, 0.0, 0.028506, 0.026681, 0.055187], [NaN, 8.0, 0.0, 0.008672, 0.007607, 0.016279], [NaN, 9.0, 0.0, 0.003627, 0.002478, 0.006105], [NaN, 10.0, 0.0, 0.012809, 0.010608, 0.023417], [NaN, 11.0, 0.0, 0.010299, 0.007972, 0.018271], [NaN, 12.0, 0.0, 0.016087, 0.014516, 0.030603], [2020.0, NaN, 0.0, 0.395341, 0.479129, 0.87447], [NaN, 1.0, 0.0, 0.049235, 0.069942, 0.119177], [NaN, 2.0, 0.0, 0.053489, 0.064034, 0.117523], [NaN, 3.0, 0.0, 0.052878, 0.057726, 0.110604], [NaN, 4.0, 0.0, 0.054686, 0.057508, 0.112194], [NaN, 5.0, 0.0, 0.052137, 0.052764, 0.104901], [NaN, 6.0, 0.0, 0.029817, 0.032739, 0.062556], [NaN, 7.0, 0.0, 0.018729, 0.020626, 0.039355], [NaN, 8.0, 0.0, 0.036859, 0.052372, 0.089231], [NaN, 9.0, 0.0, 0.014085, 0.01998, 0.034065], [NaN, 10.0, 0.0, 0.011461, 0.018046, 0.029507], [NaN, 11.0, 0.0, 0.011408, 0.017706, 0.029114], [NaN, 12.0, 0.0, 0.010557, 0.015686, 0.026243], [2019.0, NaN, 0.0, 0.196895, 0.287492, 0.484387], [9.0, 0.0, 0.029032, 0.041754, 0.070786, NaN], [10.0, 0.0, 0.059729, 0.086649, 0.146378, NaN], [11.0, 0.0, 0.053363, 0.077922, 0.131285, NaN], [12.0, 0.0, 0.054771, 0.081167, 0.135938, NaN]]}, "15": {"index": [0, 1, 2], "columns": {"0": "Wellbore name", "1": "Entered date", "2": "Completed", "3": "Purpose", "4": "Status", "5": "Content"}, "data": [[NaN, NaN, "date", NaN, NaN, NaN], ["15/8-1", "18.07.1981", "07.01.1982", "WILDCAT", "P&A", "GAS/CONDE"], [NaN, NaN, NaN, NaN, NaN, "NSATE"]]}, "16": {"index": [0, 1, 2, 3, 4, 5], "columns": {"0": "Wellbore name", "1": "Entered date", "2": "Completed", "3": "Purpose", "4": "Content"}, "data": [[NaN, NaN, "date", NaN, NaN], ["15/8-G-1 H", "01.10.2018", "31.10.2018", "PRODUCTION", "GAS/CONDE"], [NaN, NaN, NaN, NaN, "NSATE"], ["15/8-G-1 AH", NaN, NaN, "PRODUCTION", NaN], ["15/8-G-4 H", "04.10.2018", "01.12.2018", "PRODUCTION", "GAS/CONDE"], [NaN, NaN, NaN, NaN, "NSATE"]]}, "17": {"index": [0], "columns": {"0": "Wellbore name", "1": "Entered date", "2": "Completed", "3": "Purpose", "4": "Status"}, "data": [[NaN, NaN, "date", NaN, NaN]]}, "kind": "osdu:wks:master-data--Field:1.0.0 ", "id": "npd:master-data--Factpages-Field:28975098"}