{"0": {"index": [0, 1, 2, 3, 4, 5, 6], "columns": {"0": "Field name", "1": "VALE"}, "data": [["Factmaps in new window", "link to map"], ["Current activity status", "Producing"], ["Discovery wellbore", "25/4-6 S"], ["Discovery year.", "1991"], ["Main area", "North sea"], ["Main supply base", NaN], ["NPDID field", "1578893"]]}, "1": {"index": [0, 1, 2], "columns": {"0": "Status", "1": "Status from", "2": "Status to"}, "data": [["Producing", "31.05.2002", NaN], ["Approved for", "23.03.2001", "30.05.2002"], ["production", NaN, NaN]]}, "2": {"index": [0, 1], "columns": {"0": "Unnamed: 0", "1": "Block name", "2": "Prod. licence"}, "data": [["25/4", NaN, 36], ["25/5", NaN, 249]]}, "3": {"index": [0], "columns": {"0": "Owner kind", "1": "Unnamed: 0", "2": "Owner name"}, "data": [["PRODUCTION LICENSE", 36, NaN]]}, "4": {"index": [0, 1], "columns": {"0": "Unnamed: 0", "1": "Company name", "2": "Nation code", "3": "Company share [%]"}, "data": [["Sval Energi AS", NaN, "NO", 50.0], ["PGNiG Upstream Norway AS", NaN, "NO", 50.0]]}, "5": {"index": [0, 1, 2], "columns": {"0": "Orig. recoverable", "1": "Orig. recoverable.1", "2": "Orig. recoverable.2", "3": "Orig. recoverable.3", "4": "Orig. recoverable.4"}, "data": [["oil", "gas", "NGL", "cond.", "oil eq."], ["[mill Sm3]", "[bill Sm3]", "[mill tonn]", "[mill Sm3]", "[mill Sm3 o.e]"], ["2.83", "2.73", "0.00", "0.00", "5.56"]]}, "6": {"index": [0, 1], "columns": {"0": "Remaining oil", "1": "Remaining gas", "2": "Remaining NGL", "3": "Remaining cond.", "4": "Remaining oil eq."}, "data": [["[mill Sm3]", "[bill Sm3]", "[mill tonn]", "[mill Sm3]", "[mill Sm3 o.e]"], ["0.06", "0.06", "0.00", "0.00", "0.12"]]}, "7": {"index": [0, 1, 2], "columns": {"0": "Orig. inplace oil", "1": "Orig. inplace ass.", "2": "Orig. inplace ass..1", "3": "Orig. inplace free"}, "data": [["[mill Sm3]", "liquid", "gas", "gas"], [NaN, "[mill Sm3]", "[bill Sm3]", "[bill Sm3]"], ["0.00", "10.00", "0.00", "8.00"]]}, "8": {"index": [0, 1, 2, 3, 4, 5, 6, 7, 8, 9, 10, 11, 12, 13, 14, 15, 16, 17, 18, 19, 20, 21, 22, 23, 24, 25], "columns": {"0": "Type", "1": "Text", "2": "Date"}, "data": [[NaN, NaN, "updated"], ["Development", "Vale is a field in the central part of the North Sea, 16 kilometres", "28.02.2023"], [NaN, "north of the Heimdal field. The water depth is 115 metres. Vale", NaN], [NaN, "was discovered in 1991, and the plan for development and", NaN], [NaN, "operation (PDO) was approved in 2001. The field is developed", NaN], [NaN, "with a subsea template including one horizontal production well", NaN], [NaN, "with a single side track, tied-back to the Heimdal facility.", NaN], [NaN, "Production started in 2002.", NaN], ["Reservoir", "Vale produces gas and condensate from Middle Jurassic", "28.02.2023"], [NaN, "sandstone in the Brent Group. The reservoir lies at a depth of", NaN], [NaN, "3,700 metres and has low permeability. Measured in oil", NaN], [NaN, "equivalents, the field produces relatively equal amounts of gas", NaN], [NaN, "and condensate; however, gas production is expected to", NaN], [NaN, "increase compared to condensate in the coming years.", NaN], ["Recovery strategy", "The field is produced by pressure depletion.", "28.02.2023"], ["Transport", "The well stream from Vale is routed to Heimdal for processing", "28.02.2023"], [NaN, "and export. Gas is transported via Vesterled to St Fergus in the", NaN], [NaN, "UK. Condensate is transported by pipeline to the Brae field in", NaN], [NaN, "the UK sector and further to Cruden Bay.", NaN], ["Status", "Production from Vale stopped in 2018 because of processing", "28.02.2023"], [NaN, "problems at the Heimdal facility. After finding a technical", NaN], [NaN, "solution, production started again in 2019. The Heimdal facility", NaN], [NaN, "is available for tied-in fields until 2023. A decommissioning plan", NaN], [NaN, "for Vale was submitted in 2020. According to the formal", NaN], [NaN, "removal resolution, decommissioning must be completed by the", NaN], [NaN, "end of 2028.", NaN]]}, "9": {"index": [0, 1, 2, 3, 4, 5, 6, 7, 8, 9, 10, 11, 12, 13, 14, 15, 16, 17, 18, 19, 20, 21, 22, 23, 24, 25, 26], "columns": {"0": "Unnamed: 0", "1": "Investments"}, "data": [[NaN, "[mill NOK nominal"], [NaN, "values]"], ["Sum", "2846"], ["2021", "9"], ["2020", "69"], ["2019", "190"], ["2018", "11"], ["2017", "0"], ["2016", "29"], ["2015", "10"], ["2014", "8"], ["2013", "10"], ["2012", "15"], ["2011", "98"], ["2010", "55"], ["2009", "114"], ["2008", "136"], ["2007", "114"], ["2006", "24"], ["2005", "446"], ["2004", "86"], ["2003", "34"], ["2002", "320"], ["2001", "779"], ["2000", "109"], ["1999", "163"], ["1998", "17"]]}, "10": {"index": [0, 1, 2, 3, 4, 5, 6], "columns": {"0": "Unnamed: 0", "1": "Month", "2": "Net - oil", "3": "Net - gas", "4": "Net -", "5": "Net - NGL", "6": "Net - oil equivalents"}, "data": [[NaN, NaN, "[mill Sm3]", "[bill Sm3]", "condensate", "[mill Sm3]", NaN], [NaN, NaN, NaN, NaN, "[mill Sm3]", NaN, "[mill Sm3]"], ["Sum", NaN, "2.813370", "2.490845", "0.000000", "0.000000", "5.304215"], ["2023", NaN, "0.070237", "0.075275", "0.000000", "0.000000", "0.145512"], [NaN, 1.0, "0.010851", "0.013745", "0.000000", "0.000000", "0.024596"], [NaN, 2.0, "0.014011", "0.012343", "0.000000", "0.000000", "0.026354"], [NaN, 3.0, "0.011585", "0.013335", "0.000000", "0.000000", "0.024920"]]}, "11": {"index": [0, 1, 2, 3, 4, 5, 6, 7, 8, 9, 10, 11, 12, 13, 14, 15, 16, 17, 18, 19, 20, 21, 22, 23, 24, 25, 26, 27, 28, 29, 30, 31, 32, 33, 34, 35, 36, 37, 38, 39, 40], "columns": {"0": "2023", "1": "4", "2": "0.011211", "3": "0.011534", "4": "0.000000", "5": "0.000000.1", "6": "0.022745"}, "data": [[NaN, 5.0, 0.009364, 0.012433, 0.0, 0.0, 0.021797], [NaN, 6.0, 0.013215, 0.011885, 0.0, 0.0, 0.0251], [2022.0, NaN, 0.150078, 0.159561, 0.0, 0.0, 0.309639], [NaN, 1.0, 0.013425, 0.015869, 0.0, 0.0, 0.029294], [NaN, 2.0, 0.013822, 0.014478, 0.0, 0.0, 0.0283], [NaN, 3.0, 0.011342, 0.014417, 0.0, 0.0, 0.025759], [NaN, 4.0, 0.013168, 0.013009, 0.0, 0.0, 0.026177], [NaN, 5.0, 0.011417, 0.014687, 0.0, 0.0, 0.026104], [NaN, 6.0, 0.011385, 0.006974, 0.0, 0.0, 0.018359], [NaN, 7.0, 0.013037, 0.016159, 0.0, 0.0, 0.029196], [NaN, 8.0, 0.013518, 0.012948, 0.0, 0.0, 0.026466], [NaN, 9.0, 0.011521, 0.012465, 0.0, 0.0, 0.023986], [NaN, 10.0, 0.014689, 0.014114, 0.0, 0.0, 0.028803], [NaN, 11.0, 0.011136, 0.009774, 0.0, 0.0, 0.02091], [NaN, 12.0, 0.011618, 0.014667, 0.0, 0.0, 0.026285], [2021.0, NaN, 0.16454, 0.193544, 0.0, 0.0, 0.358084], [NaN, 1.0, 0.017722, 0.023812, 0.0, 0.0, 0.041534], [NaN, 2.0, 0.015846, 0.018728, 0.0, 0.0, 0.034574], [NaN, 3.0, 0.015399, 0.016326, 0.0, 0.0, 0.031725], [NaN, 4.0, 0.013815, 0.019573, 0.0, 0.0, 0.033388], [NaN, 5.0, 0.010786, 0.01476, 0.0, 0.0, 0.025546], [NaN, 6.0, 0.000513, 0.00235, 0.0, 0.0, 0.002863], [NaN, 7.0, 0.012681, 0.019368, 0.0, 0.0, 0.032049], [NaN, 8.0, 0.026139, 0.018635, 0.0, 0.0, 0.044774], [NaN, 9.0, 0.013222, 0.014297, 0.0, 0.0, 0.027519], [NaN, 10.0, 0.014333, 0.018088, 0.0, 0.0, 0.032421], [NaN, 11.0, 0.014369, 0.013054, 0.0, 0.0, 0.027423], [NaN, 12.0, 0.009715, 0.014553, 0.0, 0.0, 0.024268], [2020.0, NaN, 0.161986, 0.069678, 0.0, 0.0, 0.231664], [1.0, 0.018282, 0.0, 0.0, 0.0, 0.018282, NaN], [2.0, 0.015453, 0.0, 0.0, 0.0, 0.015453, NaN], [3.0, 3.5e-05, 0.0, 0.0, 0.0, 3.5e-05, NaN], [4.0, 0.021379, 0.0, 0.0, 0.0, 0.021379, NaN], [5.0, 0.018651, 0.0, 0.0, 0.0, 0.018651, NaN], [6.0, 0.015856, 0.0, 0.0, 0.0, 0.015856, NaN], [7.0, 0.007131, 0.013753, 0.0, 0.0, 0.020884, NaN], [8.0, 0.016733, 0.00518, 0.0, 0.0, 0.021913, NaN], [9.0, 0.003043, 0.000409, 0.0, 0.0, 0.003452, NaN], [10.0, 0.01057, 0.008901, 0.0, 0.0, 0.019471, NaN], [11.0, 0.015443, 0.014481, 0.0, 0.0, 0.029924, NaN], [12.0, 0.01941, 0.026954, 0.0, 0.0, 0.046364, NaN]]}, "12": {"index": [0, 1, 2, 3, 4, 5, 6, 7, 8, 9, 10, 11, 12, 13, 14, 15, 16, 17, 18, 19, 20, 21, 22, 23, 24, 25, 26, 27, 28, 29, 30, 31, 32, 33, 34, 35, 36, 37, 38, 39, 40, 41], "columns": {"0": "2019", "1": "Unnamed: 0", "2": "0.036010", "3": "0.000917", "4": "0.000000", "5": "0.000000.1", "6": "0.036927"}, "data": [[NaN, 1.0, 0.0, 0.0, 0.0, 0.0, 0.0], [NaN, 2.0, 0.0, 0.0, 0.0, 0.0, 0.0], [NaN, 3.0, 0.0, 0.0, 0.0, 0.0, 0.0], [NaN, 4.0, 0.0, 0.0, 0.0, 0.0, 0.0], [NaN, 5.0, 0.0, 0.0, 0.0, 0.0, 0.0], [NaN, 6.0, 0.0, 0.0, 0.0, 0.0, 0.0], [NaN, 7.0, 0.0, 0.0, 0.0, 0.0, 0.0], [NaN, 8.0, 0.0, 0.000917, 0.0, 0.0, 0.000917], [NaN, 9.0, 0.002614, 0.0, 0.0, 0.0, 0.002614], [NaN, 10.0, 0.0, 0.0, 0.0, 0.0, 0.0], [NaN, 11.0, 0.022861, 0.0, 0.0, 0.0, 0.022861], [NaN, 12.0, 0.010535, 0.0, 0.0, 0.0, 0.010535], [2018.0, NaN, 0.023607, 0.009435, 0.0, 0.0, 0.033042], [NaN, 1.0, 0.004035, 0.000128, 0.0, 0.0, 0.004163], [NaN, 2.0, 0.00629, 0.003974, 0.0, 0.0, 0.010264], [NaN, 3.0, 0.013282, 0.005309, 0.0, 0.0, 0.018591], [NaN, 4.0, 0.0, 2.4e-05, 0.0, 0.0, 2.4e-05], [NaN, 5.0, 0.0, 0.0, 0.0, 0.0, 0.0], [NaN, 6.0, 0.0, 0.0, 0.0, 0.0, 0.0], [NaN, 7.0, 0.0, 0.0, 0.0, 0.0, 0.0], [NaN, 8.0, 0.0, 0.0, 0.0, 0.0, 0.0], [NaN, 9.0, 0.0, 0.0, 0.0, 0.0, 0.0], [NaN, 10.0, 0.0, 0.0, 0.0, 0.0, 0.0], [NaN, 11.0, 0.0, 0.0, 0.0, 0.0, 0.0], [NaN, 12.0, 0.0, 0.0, 0.0, 0.0, 0.0], [2017.0, NaN, 0.077406, 0.069807, 0.0, 0.0, 0.147213], [NaN, 1.0, 0.0, 0.001168, 0.0, 0.0, 0.001168], [NaN, 2.0, 0.014071, 0.014208, 0.0, 0.0, 0.028279], [NaN, 3.0, 0.02467, 0.024828, 0.0, 0.0, 0.049498], [NaN, 4.0, 0.020679, 0.015683, 0.0, 0.0, 0.036362], [NaN, 5.0, 0.008258, 0.012351, 0.0, 0.0, 0.020609], [NaN, 6.0, 0.009728, 0.001569, 0.0, 0.0, 0.011297], [NaN, 7.0, 0.0, 0.0, 0.0, 0.0, 0.0], [NaN, 8.0, 0.0, 0.0, 0.0, 0.0, 0.0], [NaN, 9.0, 0.0, 0.0, 0.0, 0.0, 0.0], [NaN, 10.0, 0.0, 0.0, 0.0, 0.0, 0.0], [NaN, 11.0, 0.0, 0.0, 0.0, 0.0, 0.0], [NaN, 12.0, 0.0, 0.0, 0.0, 0.0, 0.0], [2016.0, NaN, 0.150883, 0.135574, 0.0, 0.0, 0.286457], [1.0, 0.01429, 0.018059, 0.0, 0.0, 0.032349, NaN], [2.0, 0.016873, 0.016694, 0.0, 0.0, 0.033567, NaN], [3.0, 0.020634, 0.02, 0.0, 0.0, NaN, NaN]]}, "13": {"index": [0, 1, 2, 3, 4, 5, 6, 7, 8, 9, 10, 11, 12, 13, 14, 15, 16, 17, 18, 19, 20, 21, 22, 23, 24, 25, 26, 27, 28, 29, 30, 31, 32, 33, 34, 35, 36, 37, 38, 39, 40, 41], "columns": {"0": "2016", "1": "4", "2": "0.016599", "3": "0.009090", "4": "0.000000", "5": "0.000000.1", "6": "0.025689"}, "data": [[NaN, 5.0, 0.010903, 0.009568, 0.0, 0.0, 0.020471], [NaN, 6.0, 0.014062, 0.01676, 0.0, 0.0, 0.030822], [NaN, 7.0, 0.009684, 0.004019, 0.0, 0.0, 0.013703], [NaN, 8.0, 4e-06, 0.0, 0.0, 0.0, 4e-06], [NaN, 9.0, 0.010853, 0.011686, 0.0, 0.0, 0.022539], [NaN, 10.0, 0.021976, 0.022198, 0.0, 0.0, 0.044174], [NaN, 11.0, 0.010552, 0.0075, 0.0, 0.0, 0.018052], [NaN, 12.0, 0.004453, 0.0, 0.0, 0.0, 0.004453], [2015.0, NaN, 0.267068, 0.292455, 0.0, 0.0, 0.559523], [NaN, 1.0, 0.030838, 0.025343, 0.0, 0.0, 0.056181], [NaN, 2.0, 0.023802, 0.026286, 0.0, 0.0, 0.050088], [NaN, 3.0, 0.022261, 0.023996, 0.0, 0.0, 0.046257], [NaN, 4.0, 0.023833, 0.029553, 0.0, 0.0, 0.053386], [NaN, 5.0, 0.02446, 0.026191, 0.0, 0.0, 0.050651], [NaN, 6.0, 0.021323, 0.023666, 0.0, 0.0, 0.044989], [NaN, 7.0, 0.02337, 0.025562, 0.0, 0.0, 0.048932], [NaN, 8.0, 0.019354, 0.022712, 0.0, 0.0, 0.042066], [NaN, 9.0, 0.026217, 0.024634, 0.0, 0.0, 0.050851], [NaN, 10.0, 0.014038, 0.016461, 0.0, 0.0, 0.030499], [NaN, 11.0, 0.018759, 0.023858, 0.0, 0.0, 0.042617], [NaN, 12.0, 0.018813, 0.024193, 0.0, 0.0, 0.043006], [2014.0, NaN, 0.202839, 0.233031, 0.0, 0.0, 0.43587], [NaN, 1.0, 0.022435, 0.032896, 0.0, 0.0, 0.055331], [NaN, 2.0, 0.01185, 0.005927, 0.0, 0.0, 0.017777], [NaN, 3.0, 0.020299, 0.024454, 0.0, 0.0, 0.044753], [NaN, 4.0, 0.021966, 0.024165, 0.0, 0.0, 0.046131], [NaN, 5.0, 0.00413, 0.0, 0.0, 0.0, 0.00413], [NaN, 6.0, 0.0, 0.006299, 0.0, 0.0, 0.006299], [NaN, 7.0, 0.011767, 0.016168, 0.0, 0.0, 0.027935], [NaN, 8.0, 0.007176, 0.011797, 0.0, 0.0, 0.018973], [NaN, 9.0, 0.02869, 0.033491, 0.0, 0.0, 0.062181], [NaN, 10.0, 0.034572, 0.032994, 0.0, 0.0, 0.067566], [NaN, 11.0, 0.021744, 0.01893, 0.0, 0.0, 0.040674], [NaN, 12.0, 0.01821, 0.02591, 0.0, 0.0, 0.04412], [2013.0, NaN, 0.178456, 0.180987, 0.0, 0.0, 0.359443], [1.0, 0.022023, 0.026421, 0.0, 0.0, 0.048444, NaN], [2.0, 0.006134, 0.006467, 0.0, 0.0, 0.012601, NaN], [3.0, 0.017123, 0.024156, 0.0, 0.0, 0.041279, NaN], [4.0, 0.014535, 0.009407, 0.0, 0.0, 0.023942, NaN], [5.0, 0.007275, 0.006445, 0.0, 0.0, 0.01372, NaN], [6.0, 0.005705, 0.009286, 0.0, 0.0, 0.014991, NaN], [7.0, 0.041069, 0.018556, 0.0, 0.0, 0.059625, NaN]]}, "14": {"index": [0, 1, 2, 3, 4, 5, 6, 7, 8, 9, 10, 11, 12, 13, 14, 15, 16, 17, 18, 19, 20, 21, 22, 23, 24, 25, 26, 27, 28, 29, 30, 31, 32, 33, 34, 35, 36, 37, 38, 39, 40, 41], "columns": {"0": "2013", "1": "8", "2": "0.014247", "3": "0.009021", "4": "0.000000", "5": "0.000000.1", "6": "0.023268"}, "data": [[NaN, 9.0, 0.00314, 0.013899, 0.0, 0.0, 0.017039], [NaN, 10.0, 0.022984, 0.028307, 0.0, 0.0, 0.051291], [NaN, 11.0, 0.010924, 0.007181, 0.0, 0.0, 0.018105], [NaN, 12.0, 0.013297, 0.021841, 0.0, 0.0, 0.035138], [2012.0, NaN, 0.124603, 0.121873, 0.0, 0.0, 0.246476], [NaN, 1.0, 0.007638, 0.006202, 0.0, 0.0, 0.01384], [NaN, 2.0, 0.000567, 0.0, 0.0, 0.0, 0.000567], [NaN, 3.0, 0.000309, 0.002663, 0.0, 0.0, 0.002972], [NaN, 4.0, 0.003353, 0.0, 0.0, 0.0, 0.003353], [NaN, 5.0, 0.0, 0.0, 0.0, 0.0, 0.0], [NaN, 6.0, 0.0, 0.0, 0.0, 0.0, 0.0], [NaN, 7.0, 0.007649, 0.005059, 0.0, 0.0, 0.012708], [NaN, 8.0, 0.022179, 0.019616, 0.0, 0.0, 0.041795], [NaN, 9.0, 0.016993, 0.017045, 0.0, 0.0, 0.034038], [NaN, 10.0, 0.021872, 0.025098, 0.0, 0.0, 0.04697], [NaN, 11.0, 0.022019, 0.022024, 0.0, 0.0, 0.044043], [NaN, 12.0, 0.022024, 0.024166, 0.0, 0.0, 0.04619], [2011.0, NaN, 0.01559, 0.01528, 0.0, 0.0, 0.03087], [NaN, 1.0, 0.0, 0.0, 0.0, 0.0, 0.0], [NaN, 2.0, 0.0, 0.0, 0.0, 0.0, 0.0], [NaN, 3.0, 0.0, 0.0, 0.0, 0.0, 0.0], [NaN, 4.0, 0.0, 0.0, 0.0, 0.0, 0.0], [NaN, 5.0, 0.0, 0.0, 0.0, 0.0, 0.0], [NaN, 6.0, 0.0, 0.0, 0.0, 0.0, 0.0], [NaN, 7.0, 9.8e-05, 0.001241, 0.0, 0.0, 0.001339], [NaN, 8.0, 0.003883, 0.002594, 0.0, 0.0, 0.006477], [NaN, 9.0, 0.0, 0.0, 0.0, 0.0, 0.0], [NaN, 10.0, 0.006477, 0.01024, 0.0, 0.0, 0.016717], [NaN, 11.0, 0.004867, 0.001205, 0.0, 0.0, 0.006072], [NaN, 12.0, 0.000265, 0.0, 0.0, 0.0, 0.000265], [2010.0, NaN, 0.008242, 0.009115, 0.0, 0.0, 0.017357], [1.0, 0.0, 0.0, 0.0, 0.0, 0.0, NaN], [2.0, 0.0, 0.0, 0.0, 0.0, 0.0, NaN], [3.0, 0.0, 0.0, 0.0, 0.0, 0.0, NaN], [4.0, 0.0, 0.0, 0.0, 0.0, 0.0, NaN], [5.0, 0.0, 0.0, 0.0, 0.0, 0.0, NaN], [6.0, 0.0, 0.0, 0.0, 0.0, 0.0, NaN], [7.0, 0.0, 0.0, 0.0, 0.0, 0.0, NaN], [8.0, 0.0, 0.0, 0.0, 0.0, 0.0, NaN], [9.0, 0.0, 0.0, 0.0, 0.0, 0.0, NaN], [10.0, 0.0, 0.0, 0.0, 0.0, 0.0, NaN], [11.0, 0.008242, 0.009115, 0.0, 0.0, 0.017357, NaN]]}, "15": {"index": [0, 1, 2, 3, 4, 5, 6, 7, 8, 9, 10, 11, 12, 13, 14, 15, 16, 17, 18, 19, 20, 21, 22, 23, 24, 25, 26, 27, 28, 29, 30, 31, 32, 33, 34, 35, 36, 37, 38, 39, 40, 41], "columns": {"0": "2010", "1": "12", "2": "0.000000", "3": "0.000000.1", "4": "0.000000.2", "5": "0.000000.3", "6": "Unnamed: 0"}, "data": [[2009.0, NaN, 0.1833, 0.156183, 0.0, 0.0, 0.339483], [NaN, 1.0, 0.022284, 0.019602, 0.0, 0.0, 0.041886], [NaN, 2.0, 0.017738, 0.013937, 0.0, 0.0, 0.031675], [NaN, 3.0, 0.01755, 0.012237, 0.0, 0.0, 0.029787], [NaN, 4.0, 0.020057, 0.018343, 0.0, 0.0, 0.0384], [NaN, 5.0, 0.020667, 0.019137, 0.0, 0.0, 0.039804], [NaN, 6.0, 0.009988, 0.006203, 0.0, 0.0, 0.016191], [NaN, 7.0, 0.016415, 0.016409, 0.0, 0.0, 0.032824], [NaN, 8.0, 0.015703, 0.01646, 0.0, 0.0, 0.032163], [NaN, 9.0, 0.022217, 0.019284, 0.0, 0.0, 0.041501], [NaN, 10.0, 0.018584, 0.014571, 0.0, 0.0, 0.033155], [NaN, 11.0, 0.002097, 0.0, 0.0, 0.0, 0.002097], [NaN, 12.0, 0.0, 0.0, 0.0, 0.0, 0.0], [2008.0, NaN, 0.203524, 0.172902, 0.0, 0.0, 0.376426], [NaN, 1.0, 0.023119, 0.017262, 0.0, 0.0, 0.040381], [NaN, 2.0, 0.019835, 0.016971, 0.0, 0.0, 0.036806], [NaN, 3.0, 0.015789, 0.009345, 0.0, 0.0, 0.025134], [NaN, 4.0, 0.014672, 0.01389, 0.0, 0.0, 0.028562], [NaN, 5.0, 0.014875, 0.013301, 0.0, 0.0, 0.028176], [NaN, 6.0, 0.023678, 0.018429, 0.0, 0.0, 0.042107], [NaN, 7.0, 0.015477, 0.017952, 0.0, 0.0, 0.033429], [NaN, 8.0, 0.005756, 0.004591, 0.0, 0.0, 0.010347], [NaN, 9.0, 0.009236, 0.00875, 0.0, 0.0, 0.017986], [NaN, 10.0, 0.018988, 0.017557, 0.0, 0.0, 0.036545], [NaN, 11.0, 0.021059, 0.015842, 0.0, 0.0, 0.036901], [NaN, 12.0, 0.02104, 0.019012, 0.0, 0.0, 0.040052], [2007.0, NaN, 0.173445, 0.136428, 0.0, 0.0, 0.309873], [NaN, 1.0, 0.014062, 0.009302, 0.0, 0.0, 0.023364], [NaN, 2.0, 0.017531, 0.015329, 0.0, 0.0, 0.03286], [NaN, 3.0, 0.009016, 0.007054, 0.0, 0.0, 0.01607], [NaN, 4.0, 0.01397, 0.007372, 0.0, 0.0, 0.021342], [NaN, 5.0, 0.002901, 1.9e-05, 0.0, 0.0, 0.00292], [NaN, 6.0, 0.004124, 0.003368, 0.0, 0.0, 0.007492], [NaN, 7.0, 0.004844, 0.006699, 0.0, 0.0, 0.011543], [NaN, 8.0, 0.019725, 0.017989, 0.0, 0.0, 0.037714], [NaN, 9.0, 0.02214, 0.018544, 0.0, 0.0, 0.040684], [NaN, 10.0, 0.022447, 0.017551, 0.0, 0.0, 0.039998], [NaN, 11.0, 0.019651, 0.01523, 0.0, 0.0, 0.034881], [NaN, 12.0, 0.023034, 0.017971, 0.0, 0.0, 0.041005], [2006.0, NaN, 0.177665, 0.145924, 0.0, 0.0, 0.323589], [1.0, 0.017412, 0.013059, 0.0, 0.0, 0.030471, NaN], [2.0, 0.017274, 0.015738, 0.0, 0.0, 0.033012, NaN]]}, "16": {"index": [0, 1, 2, 3, 4, 5, 6, 7, 8, 9, 10, 11, 12, 13, 14, 15, 16, 17, 18, 19, 20, 21, 22, 23, 24, 25, 26, 27, 28, 29, 30, 31, 32, 33, 34, 35, 36, 37, 38, 39, 40, 41], "columns": {"0": "2006", "1": "3", "2": "0.022126", "3": "0.021607", "4": "0.000000", "5": "0.000000.1", "6": "0.043733"}, "data": [[NaN, 4.0, 0.021953, 0.016679, 0.0, 0.0, 0.038632], [NaN, 5.0, 0.010893, 0.008095, 0.0, 0.0, 0.018988], [NaN, 6.0, 0.017238, 0.014327, 0.0, 0.0, 0.031565], [NaN, 7.0, 0.017676, 0.014836, 0.0, 0.0, 0.032512], [NaN, 8.0, 0.005553, 0.003223, 0.0, 0.0, 0.008776], [NaN, 9.0, 0.009579, 0.008451, 0.0, 0.0, 0.01803], [NaN, 10.0, 0.00931, 0.006623, 0.0, 0.0, 0.015933], [NaN, 11.0, 0.009871, 0.008471, 0.0, 0.0, 0.018342], [NaN, 12.0, 0.01878, 0.014815, 0.0, 0.0, 0.033595], [2005.0, NaN, 0.076853, 0.062055, 0.0, 0.0, 0.138908], [NaN, 1.0, 0.015461, 0.012925, 0.0, 0.0, 0.028386], [NaN, 2.0, 0.013837, 0.011253, 0.0, 0.0, 0.02509], [NaN, 3.0, 0.014012, 0.011535, 0.0, 0.0, 0.025547], [NaN, 4.0, 0.007837, 0.005202, 0.0, 0.0, 0.013039], [NaN, 5.0, 0.000374, 0.0, 0.0, 0.0, 0.000374], [NaN, 6.0, 0.0, 0.0, 0.0, 0.0, 0.0], [NaN, 7.0, 0.0, 0.0, 0.0, 0.0, 0.0], [NaN, 8.0, 0.0, 0.0, 0.0, 0.0, 0.0], [NaN, 9.0, 0.000199, 0.0, 0.0, 0.0, 0.000199], [NaN, 10.0, 0.000131, 0.0, 0.0, 0.0, 0.000131], [NaN, 11.0, 0.009344, 0.007978, 0.0, 0.0, 0.017322], [NaN, 12.0, 0.015658, 0.013162, 0.0, 0.0, 0.02882], [2004.0, NaN, 0.160206, 0.131873, 0.0, 0.0, 0.292079], [NaN, 1.0, 0.015453, 0.01306, 0.0, 0.0, 0.028513], [NaN, 2.0, 0.013038, 0.011736, 0.0, 0.0, 0.024774], [NaN, 3.0, 0.015671, 0.013559, 0.0, 0.0, 0.02923], [NaN, 4.0, 0.016039, 0.012668, 0.0, 0.0, 0.028707], [NaN, 5.0, 0.014183, 0.012788, 0.0, 0.0, 0.026971], [NaN, 6.0, 0.011326, 0.007551, 0.0, 0.0, 0.018877], [NaN, 7.0, 0.012592, 0.011198, 0.0, 0.0, 0.02379], [NaN, 8.0, 0.00822, 0.004687, 0.0, 0.0, 0.012907], [NaN, 9.0, 0.010145, 0.008053, 0.0, 0.0, 0.018198], [NaN, 10.0, 0.014378, 0.012948, 0.0, 0.0, 0.027326], [NaN, 11.0, 0.013989, 0.010571, 0.0, 0.0, 0.02456], [NaN, 12.0, 0.015172, 0.013054, 0.0, 0.0, 0.028226], [2003.0, NaN, 0.15267, 0.118948, 0.0, 0.0, 0.271618], [1.0, 0.015968, 0.013878, 0.0, 0.0, 0.029846, NaN], [2.0, 0.015918, 0.013027, 0.0, 0.0, 0.028945, NaN], [3.0, 0.011231, 0.009198, 0.0, 0.0, 0.020429, NaN], [4.0, 0.009656, 0.006937, 0.0, 0.0, 0.016593, NaN], [5.0, 0.016465, 0.015418, 0.0, 0.0, 0.031883, NaN], [6.0, 0.015362, 0.011049, 0.0, 0.0, 0.026411, NaN]]}, "17": {"index": [0, 1, 2, 3, 4, 5, 6, 7, 8, 9, 10, 11, 12], "columns": {"0": "2003", "1": "7", "2": "0.007501", "3": "0.002314", "4": "0.000000", "5": "0.000000.1", "6": "0.009815"}, "data": [[8.0, 0.009137, 0.009617, 0.0, 0.0, 0.018754, NaN], [9.0, 0.013681, 0.009734, 0.0, 0.0, 0.023415, NaN], [10.0, 0.011983, 0.009024, 0.0, 0.0, 0.021007, NaN], [NaN, 11.0, 0.010797, 0.007787, 0.0, 0.0, 0.018584], [NaN, 12.0, 0.014971, 0.010965, 0.0, 0.0, 0.025936], [2002.0, NaN, 0.054162, 0.0, 0.0, 0.0, 0.054162], [6.0, 0.004429, 0.0, 0.0, 0.0, 0.004429, NaN], [7.0, 0.006246, 0.0, 0.0, 0.0, 0.006246, NaN], [8.0, 0.004693, 0.0, 0.0, 0.0, 0.004693, NaN], [9.0, 0.008144, 0.0, 0.0, 0.0, 0.008144, NaN], [10.0, 0.007196, 0.0, 0.0, 0.0, 0.007196, NaN], [11.0, 0.00944, 0.0, 0.0, 0.0, 0.00944, NaN], [12.0, 0.014014, 0.0, 0.0, 0.0, 0.014014, NaN]]}, "18": {"index": [0, 1, 2, 3, 4, 5, 6, 7, 8, 9, 10, 11, 12, 13, 14, 15, 16, 17, 18, 19, 20, 21, 22, 23, 24], "columns": {"0": "Unnamed: 0", "1": "Month", "2": "Gross - oil[mill Sm3]", "3": "Gross - gas[bill Sm3]", "4": "Gross -condensate[mill Sm3]", "5": "Gross - oilequivalents[mill Sm3]"}, "data": [["Sum", NaN, 0.0, 2.755021, 2.849411, 5.604432], ["2023", NaN, 0.0, 0.080957, 0.071693, 0.15265], [NaN, 1.0, 0.0, 0.014492, 0.012919, 0.027411], [NaN, 2.0, 0.0, 0.013235, 0.011439, 0.024674], [NaN, 3.0, 0.0, 0.014435, 0.012535, 0.02697], [NaN, 4.0, 0.0, 0.012395, 0.010942, 0.023337], [NaN, 5.0, 0.0, 0.013654, 0.012578, 0.026232], [NaN, 6.0, 0.0, 0.012746, 0.01128, 0.024026], ["2022", NaN, 0.0, 0.173343, 0.15579, 0.329133], [NaN, 1.0, 0.0, 0.017057, 0.014789, 0.031846], [NaN, 2.0, 0.0, 0.015615, 0.013039, 0.028654], [NaN, 3.0, 0.0, 0.015641, 0.013742, 0.029383], [NaN, 4.0, 0.0, 0.014188, 0.012115, 0.026303], [NaN, 5.0, 0.0, 0.015463, 0.013901, 0.029364], [NaN, 6.0, 0.0, 0.007908, 0.008569, 0.016477], [NaN, 7.0, 0.0, 0.017542, 0.015135, 0.032677], [NaN, 8.0, 0.0, 0.014717, 0.014366, 0.029083], [NaN, 9.0, 0.0, 0.013763, 0.012822, 0.026585], [NaN, 10.0, 0.0, 0.01519, 0.013699, 0.028889], [NaN, 11.0, 0.0, 0.010556, 0.009254, 0.01981], [NaN, 12.0, 0.0, 0.015703, 0.014359, 0.030062], ["2021", NaN, 0.0, 0.211363, 0.172334, 0.383697], ["1", 0.0, 0.025311, 0.018931, 0.044242, NaN], ["2", 0.0, 0.021474, 0.015557, 0.037031, NaN], ["3", 0.0, 0.017661, 0.014252, 0.031913, NaN]]}, "19": {"index": [0, 1, 2, 3, 4, 5, 6, 7, 8, 9, 10, 11, 12, 13, 14, 15, 16, 17, 18, 19, 20, 21, 22, 23, 24, 25, 26, 27, 28, 29, 30, 31, 32, 33, 34, 35, 36, 37, 38, 39, 40, 41], "columns": {"0": "2021", "1": "4", "2": "0.000000", "3": "0.020973", "4": "0.016817", "5": "0.037790"}, "data": [[NaN, 5.0, 0.0, 0.015767, 0.012411, 0.028178], [NaN, 6.0, 0.0, 0.003706, 0.003668, 0.007374], [NaN, 7.0, 0.0, 0.021329, 0.019997, 0.041326], [NaN, 8.0, 0.0, 0.019937, 0.016339, 0.036276], [NaN, 9.0, 0.0, 0.015369, 0.012555, 0.027924], [NaN, 10.0, 0.0, 0.019794, 0.016823, 0.036617], [NaN, 11.0, 0.0, 0.014392, 0.011219, 0.025611], [NaN, 12.0, 0.0, 0.01565, 0.013765, 0.029415], [2020.0, NaN, 0.0, 0.18614, 0.175248, 0.361388], [NaN, 1.0, 0.0, 0.019969, 0.021806, 0.041775], [NaN, 2.0, 0.0, 0.005808, 0.006823, 0.012631], [NaN, 3.0, 0.0, 0.007252, 0.009503, 0.016755], [NaN, 4.0, 0.0, 0.02739, 0.024538, 0.051928], [NaN, 5.0, 0.0, 0.020731, 0.017062, 0.037793], [NaN, 6.0, 0.0, 0.018327, 0.017377, 0.035704], [NaN, 7.0, 0.0, 0.0162, 0.015116, 0.031316], [NaN, 8.0, 0.0, 0.006438, 0.005281, 0.011719], [NaN, 9.0, 0.0, 0.00865, 0.008635, 0.017285], [NaN, 10.0, 0.0, 0.010692, 0.011793, 0.022485], [NaN, 11.0, 0.0, 0.015986, 0.015015, 0.031001], [NaN, 12.0, 0.0, 0.028697, 0.022299, 0.050996], [2019.0, NaN, 0.0, 0.02973, 0.042558, 0.072288], [NaN, 1.0, 0.0, 0.0, 0.0, 0.0], [NaN, 2.0, 0.0, 0.0, 0.0, 0.0], [NaN, 3.0, 0.0, 0.0, 0.0, 0.0], [NaN, 4.0, 0.0, 0.0, 0.0, 0.0], [NaN, 5.0, 0.0, 0.0, 0.0, 0.0], [NaN, 6.0, 0.0, 0.0, 0.0, 0.0], [NaN, 7.0, 0.0, 0.0, 0.0, 0.0], [NaN, 8.0, 0.0, 0.001233, 0.002328, 0.003561], [NaN, 9.0, 0.0, 0.0, 0.0, 0.0], [NaN, 10.0, 0.0, 0.004522, 0.008333, 0.012855], [NaN, 11.0, 0.0, 0.019075, 0.024326, 0.043401], [NaN, 12.0, 0.0, 0.0049, 0.007571, 0.012471], [2018.0, NaN, 0.0, 0.015007, 0.023129, 0.038136], [1.0, 0.0, 0.003839, 0.005794, 0.009633, NaN], [2.0, 0.0, 0.005267, 0.009415, 0.014682, NaN], [3.0, 0.0, 0.005901, 0.007914, 0.013815, NaN], [4.0, 0.0, 0.0, 6e-06, 6e-06, NaN], [5.0, 0.0, 0.0, 0.0, 0.0, NaN], [6.0, 0.0, 0.0, 0.0, 0.0, NaN], [7.0, 0.0, 0.0, 0.0, 0.0, NaN]]}, "20": {"index": [0, 1, 2, 3, 4, 5, 6, 7, 8, 9, 10, 11, 12, 13, 14, 15, 16, 17, 18, 19, 20, 21, 22, 23, 24, 25, 26, 27, 28, 29, 30, 31, 32, 33, 34, 35, 36, 37, 38, 39, 40, 41], "columns": {"0": "2018", "1": "8", "2": "0.000000", "3": "0.000000.1", "4": "0.000000.2", "5": "0.000000.3"}, "data": [[NaN, 9.0, 0.0, 0.0, 0.0, 0.0], [NaN, 10.0, 0.0, 0.0, 0.0, 0.0], [NaN, 11.0, 0.0, 0.0, 0.0, 0.0], [NaN, 12.0, 0.0, 0.0, 0.0, 0.0], [2017.0, NaN, 0.0, 0.075109, 0.072216, 0.147325], [NaN, 1.0, 0.0, 0.001442, 0.001951, 0.003393], [NaN, 2.0, 0.0, 0.01558, 0.019358, 0.034938], [NaN, 3.0, 0.0, 0.025806, 0.02267, 0.048476], [NaN, 4.0, 0.0, 0.016855, 0.013696, 0.030551], [NaN, 5.0, 0.0, 0.013586, 0.013002, 0.026588], [NaN, 6.0, 0.0, 0.00184, 0.001539, 0.003379], [NaN, 7.0, 0.0, 0.0, 0.0, 0.0], [NaN, 8.0, 0.0, 0.0, 0.0, 0.0], [NaN, 9.0, 0.0, 0.0, 0.0, 0.0], [NaN, 10.0, 0.0, 0.0, 0.0, 0.0], [NaN, 11.0, 0.0, 0.0, 0.0, 0.0], [NaN, 12.0, 0.0, 0.0, 0.0, 0.0], [2016.0, NaN, 0.0, 0.141196, 0.131173, 0.272369], [NaN, 1.0, 0.0, 0.018736, 0.016083, 0.034819], [NaN, 2.0, 0.0, 0.017305, 0.014976, 0.032281], [NaN, 3.0, 0.0, 0.020654, 0.01777, 0.038424], [NaN, 4.0, 0.0, 0.009587, 0.008406, 0.017993], [NaN, 5.0, 0.0, 0.009996, 0.010023, 0.020019], [NaN, 6.0, 0.0, 0.017386, 0.015315, 0.032701], [NaN, 7.0, 0.0, 0.004267, 0.004283, 0.00855], [NaN, 8.0, 0.0, 6.1e-05, 0.0, 6.1e-05], [NaN, 9.0, 0.0, 0.012387, 0.01566, 0.028047], [NaN, 10.0, 0.0, 0.022914, 0.020963, 0.043877], [NaN, 11.0, 0.0, 0.007903, 0.007694, 0.015597], [NaN, 12.0, 0.0, 0.0, 0.0, 0.0], [2015.0, NaN, 0.0, 0.290328, 0.240771, 0.531099], [1.0, 0.0, 0.025887, 0.024054, 0.049941, NaN], [2.0, 0.0, 0.026658, 0.020915, 0.047573, NaN], [3.0, 0.0, 0.024778, 0.020447, 0.045225, NaN], [4.0, 0.0, 0.028536, 0.024332, 0.052868, NaN], [5.0, 0.0, 0.026926, 0.02169, 0.048616, NaN], [6.0, 0.0, 0.022759, 0.019434, 0.042193, NaN], [7.0, 0.0, 0.026032, 0.021912, 0.047944, NaN], [8.0, 0.0, 0.023869, 0.020016, 0.043885, NaN], [9.0, 0.0, 0.024986, 0.019233, 0.044219, NaN], [10.0, 0.0, 0.015651, 0.013679, 0.02933, NaN], [11.0, 0.0, 0.021918, 0.01782, 0.039738, NaN]]}, "21": {"index": [0, 1, 2, 3, 4, 5, 6, 7, 8, 9, 10, 11, 12, 13, 14, 15, 16, 17, 18, 19, 20, 21, 22, 23, 24, 25, 26, 27, 28, 29, 30, 31, 32, 33, 34, 35, 36, 37, 38, 39, 40, 41], "columns": {"0": "2015", "1": "12", "2": "0.000000", "3": "0.022328", "4": "0.017239", "5": "0.039567"}, "data": [[2014.0, NaN, 0.0, 0.241787, 0.207741, 0.449528], [NaN, 1.0, 0.0, 0.033228, 0.025255, 0.058483], [NaN, 2.0, 0.0, 0.006298, 0.00794, 0.014238], [NaN, 3.0, 0.0, 0.025526, 0.023271, 0.048797], [NaN, 4.0, 0.0, 0.024977, 0.017848, 0.042825], [NaN, 5.0, 0.0, 0.0, 0.0, 0.0], [NaN, 6.0, 0.0, 0.006558, 0.006785, 0.013343], [NaN, 7.0, 0.0, 0.01701, 0.014693, 0.031703], [NaN, 8.0, 0.0, 0.012403, 0.012469, 0.024872], [NaN, 9.0, 0.0, 0.034566, 0.030301, 0.064867], [NaN, 10.0, 0.0, 0.034115, 0.02725, 0.061365], [NaN, 11.0, 0.0, 0.019984, 0.017178, 0.037162], [NaN, 12.0, 0.0, 0.027122, 0.024751, 0.051873], [2013.0, NaN, 0.0, 0.173759, 0.171441, 0.3452], [NaN, 1.0, 0.0, 0.027073, 0.026674, 0.053747], [NaN, 2.0, 0.0, 0.007259, 0.008388, 0.015647], [NaN, 3.0, 0.0, 0.025725, 0.02457, 0.050295], [NaN, 4.0, 0.0, 0.010069, 0.010533, 0.020602], [NaN, 5.0, 0.0, 0.006819, 0.00688, 0.013699], [NaN, 6.0, 0.0, 0.009741, 0.01103, 0.020771], [NaN, 7.0, 0.0, 0.019118, 0.018756, 0.037874], [NaN, 8.0, 0.0, 0.009965, 0.010225, 0.02019], [NaN, 9.0, 0.0, 0.009434, 0.011473, 0.020907], [NaN, 10.0, 0.0, 0.018948, 0.01788, 0.036828], [NaN, 11.0, 0.0, 0.007655, 0.006667, 0.014322], [NaN, 12.0, 0.0, 0.021953, 0.018365, 0.040318], [2012.0, NaN, 0.0, 0.127485, 0.141259, 0.268744], [NaN, 1.0, 0.0, 0.006398, 0.011204, 0.017602], [NaN, 2.0, 0.0, 0.0, 0.0, 0.0], [NaN, 3.0, 0.0, 0.002769, 0.005298, 0.008067], [NaN, 4.0, 0.0, 0.0, 0.0, 0.0], [NaN, 5.0, 0.0, 0.0, 0.0, 0.0], [NaN, 6.0, 0.0, 0.0, 0.0, 0.0], [NaN, 7.0, 0.0, 0.005324, 0.008421, 0.013745], [NaN, 8.0, 0.0, 0.020124, 0.025266, 0.04539], [NaN, 9.0, 0.0, 0.01807, 0.018483, 0.036553], [NaN, 10.0, 0.0, 0.026633, 0.024614, 0.051247], [NaN, 11.0, 0.0, 0.02306, 0.021707, 0.044767], [NaN, 12.0, 0.0, 0.025107, 0.026266, 0.051373], [2011.0, NaN, 0.0, 0.015666, 0.022701, 0.038367], [1.0, 0.0, 0.0, 0.0, 0.0, NaN], [2.0, 0.0, 0.0, 0.0, 0.0, NaN]]}, "22": {"index": [0, 1, 2, 3, 4, 5, 6, 7, 8, 9, 10, 11, 12, 13, 14, 15, 16, 17, 18, 19, 20, 21, 22, 23, 24, 25, 26, 27, 28, 29, 30, 31, 32, 33, 34, 35, 36, 37, 38, 39, 40, 41], "columns": {"0": "2011", "1": "3", "2": "0.000000", "3": "0.000000.1", "4": "0.000000.2", "5": "0.000000.3"}, "data": [[NaN, 4.0, 0.0, 0.0, 0.0, 0.0], [NaN, 5.0, 0.0, 0.0, 0.0, 0.0], [NaN, 6.0, 0.0, 0.0, 0.0, 0.0], [NaN, 7.0, 0.0, 0.00127, 0.002008, 0.003278], [NaN, 8.0, 0.0, 0.002671, 0.004169, 0.00684], [NaN, 9.0, 0.0, 0.0, 0.0, 0.0], [NaN, 10.0, 0.0, 0.010488, 0.014946, 0.025434], [NaN, 11.0, 0.0, 0.001237, 0.001578, 0.002815], [NaN, 12.0, 0.0, 0.0, 0.0, 0.0], [2010.0, NaN, 0.0, 0.009354, 0.01458, 0.023934], [NaN, 1.0, 0.0, 0.0, 0.0, 0.0], [NaN, 2.0, 0.0, 0.0, 0.0, 0.0], [NaN, 3.0, 0.0, 0.0, 0.0, 0.0], [NaN, 4.0, 0.0, 0.0, 0.0, 0.0], [NaN, 5.0, 0.0, 0.0, 0.0, 0.0], [NaN, 6.0, 0.0, 0.0, 0.0, 0.0], [NaN, 7.0, 0.0, 0.0, 0.0, 0.0], [NaN, 8.0, 0.0, 0.0, 0.0, 0.0], [NaN, 9.0, 0.0, 0.0, 0.0, 0.0], [NaN, 10.0, 0.0, 0.0, 0.0, 0.0], [NaN, 11.0, 0.0, 0.009354, 0.01458, 0.023934], [NaN, 12.0, 0.0, 0.0, 0.0, 0.0], [2009.0, NaN, 0.0, 0.159369, 0.186189, 0.345558], [NaN, 1.0, 0.0, 0.020007, 0.024482, 0.044489], [NaN, 2.0, 0.0, 0.014223, 0.017503, 0.031726], [NaN, 3.0, 0.0, 0.012503, 0.015464, 0.027967], [NaN, 4.0, 0.0, 0.018669, 0.021779, 0.040448], [NaN, 5.0, 0.0, 0.019475, 0.023165, 0.04264], [NaN, 6.0, 0.0, 0.00645, 0.007806, 0.014256], [NaN, 7.0, 0.0, 0.016737, 0.019478, 0.036215], [NaN, 8.0, 0.0, 0.016804, 0.019911, 0.036715], [NaN, 9.0, 0.0, 0.019661, 0.022179, 0.04184], [NaN, 10.0, 0.0, 0.01484, 0.014422, 0.029262], [NaN, 11.0, 0.0, 0.0, 0.0, 0.0], [NaN, 12.0, 0.0, 0.0, 0.0, 0.0], [2008.0, NaN, 0.0, 0.176384, 0.216442, 0.392826], [1.0, 0.0, 0.018282, 0.02246, 0.040742, NaN], [2.0, 0.0, 0.017011, 0.020567, 0.037578, NaN], [3.0, 0.0, 0.009475, 0.011536, 0.021011, NaN], [4.0, 0.0, 0.013905, 0.017478, 0.031383, NaN], [5.0, 0.0, 0.013531, 0.017609, 0.03114, NaN], [6.0, 0.0, 0.019191, 0.023377, 0.042568, NaN]]}, "23": {"index": [0, 1, 2, 3, 4, 5, 6, 7, 8, 9, 10, 11, 12, 13, 14, 15, 16, 17, 18, 19, 20, 21, 22, 23, 24, 25, 26, 27, 28, 29, 30, 31, 32, 33, 34, 35, 36, 37, 38, 39, 40, 41], "columns": {"0": "2008", "1": "7", "2": "0.000000", "3": "0.018019", "4": "0.022115", "5": "0.040134"}, "data": [[NaN, 8.0, 0.0, 0.004507, 0.006077, 0.010584], [NaN, 9.0, 0.0, 0.009268, 0.011546, 0.020814], [NaN, 10.0, 0.0, 0.017867, 0.022006, 0.039873], [NaN, 11.0, 0.0, 0.016369, 0.018627, 0.034996], [NaN, 12.0, 0.0, 0.018959, 0.023044, 0.042003], [2007.0, NaN, 0.0, 0.138771, 0.176566, 0.315337], [NaN, 1.0, 0.0, 0.009824, 0.012953, 0.022777], [NaN, 2.0, 0.0, 0.015026, 0.019692, 0.034718], [NaN, 3.0, 0.0, 0.007223, 0.009706, 0.016929], [NaN, 4.0, 0.0, 0.007811, 0.012246, 0.020057], [NaN, 5.0, 0.0, 6.2e-05, 0.000814, 0.000876], [NaN, 6.0, 0.0, 0.002996, 0.004255, 0.007251], [NaN, 7.0, 0.0, 0.006895, 0.008776, 0.015671], [NaN, 8.0, 0.0, 0.018284, 0.022856, 0.04114], [NaN, 9.0, 0.0, 0.018713, 0.023409, 0.042122], [NaN, 10.0, 0.0, 0.017928, 0.018096, 0.036024], [NaN, 11.0, 0.0, 0.015701, 0.020561, 0.036262], [NaN, 12.0, 0.0, 0.018308, 0.023202, 0.04151], [2006.0, NaN, 0.0, 0.148379, 0.18726, 0.335639], [NaN, 1.0, 0.0, 0.01314, 0.016032, 0.029172], [NaN, 2.0, 0.0, 0.015041, 0.018797, 0.033838], [NaN, 3.0, 0.0, 0.022178, 0.024991, 0.047169], [NaN, 4.0, 0.0, 0.017273, 0.020617, 0.03789], [NaN, 5.0, 0.0, 0.008079, 0.011167, 0.019246], [NaN, 6.0, 0.0, 0.014513, 0.01885, 0.033363], [NaN, 7.0, 0.0, 0.015713, 0.019425, 0.035138], [NaN, 8.0, 0.0, 0.003086, 0.004824, 0.00791], [NaN, 9.0, 0.0, 0.008863, 0.011843, 0.020706], [NaN, 10.0, 0.0, 0.006755, 0.008725, 0.01548], [NaN, 11.0, 0.0, 0.008668, 0.01186, 0.020528], [NaN, 12.0, 0.0, 0.01507, 0.020129, 0.035199], [2005.0, NaN, 0.0, 0.0653, 0.081218, 0.146518], [1.0, 0.0, 0.013215, 0.015801, 0.029016, NaN], [2.0, 0.0, 0.011458, 0.013751, 0.025209, NaN], [3.0, 0.0, 0.011833, 0.015061, 0.026894, NaN], [4.0, 0.0, 0.005372, 0.006794, 0.012166, NaN], [5.0, 0.0, 0.0, 0.0, 0.0, NaN], [6.0, 0.0, 0.0, 0.0, 0.0, NaN], [7.0, 0.0, 0.0, 0.0, 0.0, NaN], [8.0, 0.0, 0.0, 0.0, 0.0, NaN], [9.0, 0.0, 0.000489, 0.000404, 0.000893, NaN], [10.0, 0.0, 0.0, 0.0, 0.0, NaN]]}, "24": {"index": [0, 1, 2, 3, 4, 5, 6, 7, 8, 9, 10, 11, 12, 13, 14, 15, 16, 17, 18, 19, 20, 21, 22, 23, 24, 25, 26, 27, 28, 29, 30, 31, 32, 33, 34], "columns": {"0": "2005", "1": "11", "2": "0.000000", "3": "0.008485", "4": "0.012091", "5": "0.020576"}, "data": [[NaN, 12.0, 0.0, 0.014448, 0.017316, 0.031764], [2004.0, NaN, 0.0, 0.132724, 0.157357, 0.290081], [NaN, 1.0, 0.0, 0.012152, 0.014747, 0.026899], [NaN, 2.0, 0.0, 0.011777, 0.013442, 0.025219], [NaN, 3.0, 0.0, 0.013081, 0.016496, 0.029577], [NaN, 4.0, 0.0, 0.012714, 0.015983, 0.028697], [NaN, 5.0, 0.0, 0.012984, 0.015634, 0.028618], [NaN, 6.0, 0.0, 0.007772, 0.009529, 0.017301], [NaN, 7.0, 0.0, 0.011257, 0.013523, 0.02478], [NaN, 8.0, 0.0, 0.004818, 0.005351, 0.010169], [NaN, 9.0, 0.0, 0.008281, 0.010617, 0.018898], [NaN, 10.0, 0.0, 0.013286, 0.013218, 0.026504], [NaN, 11.0, 0.0, 0.010287, 0.012907, 0.023194], [NaN, 12.0, 0.0, 0.014315, 0.01591, 0.030225], [2003.0, NaN, 0.0, 0.118486, 0.14822, 0.266706], [NaN, 1.0, 0.0, 0.014066, 0.016257, 0.030323], [NaN, 2.0, 0.0, 0.013394, 0.015395, 0.028789], [NaN, 3.0, 0.0, 0.009367, 0.011202, 0.020569], [NaN, 4.0, 0.0, 0.006851, 0.009776, 0.016627], [NaN, 5.0, 0.0, 0.014828, 0.017845, 0.032673], [NaN, 6.0, 0.0, 0.010991, 0.013569, 0.02456], [NaN, 7.0, 0.0, 0.002399, 0.004087, 0.006486], [NaN, 8.0, 0.0, 0.010135, 0.011614, 0.021749], [NaN, 9.0, 0.0, 0.008727, 0.012733, 0.02146], [NaN, 10.0, 0.0, 0.008971, 0.012037, 0.021008], [NaN, 11.0, 0.0, 0.007766, 0.010435, 0.018201], [NaN, 12.0, 0.0, 0.010991, 0.01327, 0.024261], [2002.0, NaN, 0.0, 0.044384, 0.053525, 0.097909], [6.0, 0.0, 0.003932, 0.004629, 0.008561, NaN], [7.0, 0.0, 0.004766, 0.005768, 0.010534, NaN], [8.0, 0.0, 0.003635, 0.005319, 0.008954, NaN], [9.0, 0.0, 0.008122, 0.009769, 0.017891, NaN], [10.0, 0.0, 0.004148, 0.005912, 0.01006, NaN], [11.0, 0.0, 0.008335, 0.009855, 0.01819, NaN], [12.0, 0.0, 0.011446, 0.012273, 0.023719, NaN]]}, "25": {"index": [0, 1], "columns": {"0": "Wellbore name", "1": "Entered date", "2": "Completeddate", "3": "Purpose", "4": "Status", "5": "Content"}, "data": [["25/4-6 S", "15.04.1991", "24.08.1991", "WILDCAT", "SUSPENDED", "GAS/CONDENSATE"], ["25/4-6 SR", "09.09.2003", "14.09.2003", "WILDCAT", "P&A", "GAS/CONDENSATE"]]}, "26": {"index": [0, 1], "columns": {"0": "Wellbore name", "1": "Entered date", "2": "Completeddate", "3": "Purpose", "4": "Content"}, "data": [["25/4-C-1 H", "25.05.2001", "08.07.2001", "PRODUCTION", "GAS"], ["25/4-C-1 AH", "21.05.2005", "26.08.2005", "PRODUCTION", "GAS/CONDENSATE"]]}, "27": {"index": [0, 1, 2, 3], "columns": {"0": "Wellbore name", "1": "Entered date", "2": "Completeddate", "3": "Purpose", "4": "Status"}, "data": [["25/4-U-2", NaN, NaN, "SOILDRILLING", NaN], ["25/4-U-3", NaN, NaN, "SOILDRILLING", NaN], ["25/4-U-4", NaN, NaN, "SOILDRILLING", NaN], ["25/4-U-5", NaN, NaN, "SOILDRILLING", NaN]]}, "kind": "osdu:wks:master-data--Field:1.0.0 ", "id": "npd:master-data--Factpages-Field:1578893"}