{"0": {"index": [0, 1, 2, 3, 4, 5, 6, 7, 8, 9, 10, 11, 12, 13, 14, 15, 16, 17, 18, 19, 20, 21, 22, 23], "columns": {"0": "Survey name", "1": "CP21200"}, "data": [["Legal basis", "Petroleumsforskriften jf Ressursforskriften"], ["NPDID for survey", "10009"], ["Factmaps - new window", "link to map"], ["Status", "Ferdig"], ["Area", "Nordsj\u00f8en"], ["Market available", "Nei"], ["Category", "Seismisk unders\u00f8kelse"], ["Main type", "Havbunnseismisk unders\u00f8kelse"], ["Sub type", "4D"], ["Company - responsible", "ConocoPhillips Skandinavia AS"], ["Source type", "seismicSource"], ["Number of sources", "1"], ["Source size", "3060"], ["Source pressure", "2000"], ["Sensor type", "cables"], ["Numbers of sensors", "4000"], ["Sensor length [m]", "200000"], ["Sensor width [m]", NaN], ["Start date - planned", "01.05.2021"], ["Start date", "30.04.2021"], ["Completed date - planned", "09.06.2021"], ["Completed date", "07.06.2021"], ["Total length [boat km]", "3026"], ["Net area - actual 3D/4D [km2]", NaN]]}, "1": {"index": [0, 1, 2, 3, 4, 5, 6, 7, 8, 9, 10, 11], "columns": {"0": "Date", "1": "Type of update", "2": "Information"}, "data": [["07.06.2021", "Melding - Unders\u00f8kelsen er ferdig", NaN], ["07.06.2021", "Status", "Ferdig"], ["04.06.2021", "Melding - Ordin\u00e6r ukemelding", "- Vil avsluttes 6 eller 7 Juni"], ["31.05.2021", "Oljedirektoratets uttalelse til", "Oljedirektoratet (OD) viser til melding om endring av"], [NaN, "endringsmelding", "tidsrom for unders\u00f8kelsen. P\u00e5 bakgrunn av innmeldt"], [NaN, NaN, "endring og nye uttalelser fra Havforskningsinstituttet og"], [NaN, NaN, "Fiskeridirektoratet, har OD ingen ytterligere merknader"], [NaN, NaN, "til at unders\u00f8kelsen kan gjennomf\u00f8res som planlagt"], [NaN, NaN, "dersom disse blir fulgt."], ["31.05.2021", "Melding - Ordin\u00e6r ukemelding", "-"], ["31.05.2021", "Fiskeridirektoratets uttalelse til", "Ingen innvendinger mot at sluttdatoen settes til 9. juni"], [NaN, "endringsmelding", NaN]]}, "2": {"index": [0, 1, 2, 3, 4, 5, 6, 7], "columns": {"0": "28.05.2021", "1": "Havforskningsinstituttetsuttalelse til endringsmelding", "2": "Havforskningsinstituttet har ingen merknader tilendringene i den planlagte unders\u00f8kelsen. Vurderingener gjort med hensyn til aktive gytefelt og konsentrertegytevandringer for aktuelle fiskebestander(p\u00e5virkningsavstand 5/20 nmi) , beiteomr\u00e5der for hvalog forekomst av koraller"}, "data": [["27.05.2021", "Melding - Endringsmelding somkrever saksbehandling", "Sluttdato endret fra 1 til 9 Juni"], ["21.05.2021", "Melding - Ordin\u00e6r ukemelding", "-"], ["14.05.2021", "Melding - Ordin\u00e6r ukemelding", "-"], ["07.05.2021", "Melding - Ordin\u00e6r ukemelding", "-"], ["30.04.2021", "Melding - Unders\u00f8kelsen startesopp", NaN], ["30.04.2021", "Status", "P\u00e5g\u00e5ende"], ["30.04.2021", "Melding - Endringsmelding - tilinfo", NaN], ["10.03.2021", "Status", "Planlagt"]]}, "3": {"index": [0, 1, 2, 3, 4, 5, 6, 7, 8, 9, 10, 11, 12, 13, 14, 15, 16, 17, 18, 19, 20, 21, 22, 23, 24, 25, 26, 27, 28, 29, 30, 31, 32, 33, 34, 35, 36, 37, 38, 39, 40, 41], "columns": {"0": "10.03.2021", "1": "Oljedirektoratet uttalelse til", "2": "Oljedirektoratet (OD) viser til deres melding vedr\u00f8rende"}, "data": [[NaN, "innmelding", "denne unders\u00f8kelsen."], [NaN, NaN, "OD gj\u00f8r s\u00e6rlig oppmerksom p\u00e5 at fart\u00f8y som foretar en"], [NaN, NaN, "unders\u00f8kelse, skal holde forsvarlig avstand til fart\u00f8y"], [NaN, NaN, "som driver fiske, og til fastst\u00e5ende og flytende"], [NaN, NaN, "fiskeredskap. S\u00e6rlig aktsomhet skal utvises n\u00e5r st\u00f8rre"], [NaN, NaN, "ansamlinger av fiskefart\u00f8y observeres, jf. forskrift om"], [NaN, NaN, "ressursforvaltning innen petroleumsvirksomheten av"], [NaN, NaN, "13.12.2017 (ressursforskriften) \u00a7 8 andre ledd."], [NaN, NaN, "Det vises for \u00f8vrig til veileder om \"Gjennomf\u00f8ring av"], [NaN, NaN, "seismiske unders\u00f8kelser p\u00e5 norsk kontinentalsokkel\":"], [NaN, NaN, "OD viser til uttalelsene som er gitt av adressatene"], [NaN, NaN, "innenfor meldesystemet (jf. petroleumsforskriften \u00a7 6/"], [NaN, NaN, "ressursforskriften \u00a7 6), og har ingen merknader til at"], [NaN, NaN, "unders\u00f8kelsen  gjennomf\u00f8res som planlagt dersom"], [NaN, NaN, "disse tas til etterretning. Dette gjelder ogs\u00e5 eventuelt"], [NaN, NaN, "krav om fiskerikyndig fra Fiskeridirektoratet."], [NaN, NaN, "Dersom unders\u00f8kelsen aksepteres gjennomf\u00f8rt slik den"], [NaN, NaN, "er tilr\u00e5dd, stadfestes dette gjennom at det sendes inn"], [NaN, NaN, "melding om oppstart n\u00e5r unders\u00f8kelsen starter, jf."], [NaN, NaN, "ressursforskriften \u00a7 6, 3.ledd."], [NaN, NaN, "Skulle det oppst\u00e5 situasjoner i forbindelse med"], [NaN, NaN, "fiskeriaktiviteten, ber vi om \u00e5 bli underrettet om dette."], [NaN, NaN, "Unders\u00f8kelsen kan bli stanset eller endret p\u00e5 kort varsel"], [NaN, NaN, "dersom det oppst\u00e5r konflikt med fiskeriene."], [NaN, NaN, "OD gj\u00f8r ogs\u00e5 oppmerksom p\u00e5 at ev. endringer m\u00e5"], [NaN, NaN, "meldes inn i henhold til ressursforskriften \u00a7 6. Det er"], [NaN, NaN, "krav om at alle slike regelverkspliktige meldinger,"], [NaN, NaN, "herunder oppstartsmelding, endringsmelding,"], [NaN, NaN, "ukemelding og sluttmelding \u2013 skal rapporteres gjennom"], [NaN, NaN, "ODs innmeldingssystem for unders\u00f8kelser."], [NaN, NaN, "Rettighetshaver og/eller den som st\u00e5r for driften av"], [NaN, NaN, "fart\u00f8yet skal for \u00f8vrig gj\u00f8re relevant regelverk,"], [NaN, NaN, "dokumenter og data tilgjengelig for den fiskerikyndige."], [NaN, NaN, "Regelverk og dokumenter skal foreligge p\u00e5 b\u00e5de norsk"], [NaN, NaN, "og engelsk. Det skal ogs\u00e5 legges til rette for at den"], [NaN, NaN, "fiskerikyndige har tilgang til internett og andre"], [NaN, NaN, "n\u00f8dvendige hjelpemidler jf. ressursforskriften \u00a7 9."], ["08.03.2021", "Fiskeridirektoratets uttalelse til", "Det skal v\u00e6re fiskerikyndig bemanning p\u00e5 fart\u00f8yet som"], [NaN, "innmelding", "ut\u00f8ver unders\u00f8kelsen, med mindre annet fremg\u00e5r av"], [NaN, NaN, "ODs tilbakemelding."], ["01.03.2021", "Melding - Endringsmelding - til", "Oppstart dato er endret fra 24 til 1 Mai 2021"], [NaN, "info", NaN]]}, "4": {"index": [0, 1, 2, 3, 4, 5, 6, 7, 8, 9, 10, 11, 12, 13, 14, 15, 16, 17], "columns": {"0": "01.03.2021", "1": "Havforskningsinstituttets", "2": "Unders\u00f8kelsen overlapper med frar\u00e5dingskart i perioden"}, "data": [[NaN, "uttalelse til innmelding", "26.04 til og med 30.04. Vi frar\u00e5der unders\u00f8kelsen i"], [NaN, NaN, "denne perioden. Fra og med 1. mai har"], [NaN, NaN, "Havforskningsinstituttet har ingen merknader til den"], [NaN, NaN, "planlagte unders\u00f8kelsen. Vurderingen er gjort med"], [NaN, NaN, "hensyn til aktive gytefelt og konsentrerte"], [NaN, NaN, "gytevandringer for aktuelle fiskebestander"], [NaN, NaN, "(p\u00e5virkningsavstand 20 nmi)."], ["17.02.2021", "Status", "Under behandling"], ["17.02.2021", "Melding - Innmelding", "De seismiske kablene er permanente og begravet under"], [NaN, NaN, "havbunnen. Det s\u00f8kes fritak fra p\u00e5budet om \u00e5 ha"], [NaN, NaN, "fiskerikyndig om bord skyteb\u00e5ten under denne"], [NaN, NaN, "unders\u00f8kelsen. Dette begrunnes med at fart\u00f8yet ikke vil"], [NaN, NaN, "slepe kabler, samt at unders\u00f8kelsen vil foreg\u00e5 innenfor"], [NaN, NaN, "et begrenset omr\u00e5de rundt Ekofisk (og innenfor"], [NaN, NaN, "sikkerhets sonene) komplekset som er et omr\u00e5de med"], [NaN, NaN, "sv\u00e6rt begrenset fiskeriaktivitet. Det vil dog monitorers"], [NaN, NaN, "og tas hensyn til potensiell fiskeriaktivitet i omr\u00e5det"], [NaN, NaN, "under unders\u00f8kelsen."]]}, "5": {"index": [0], "columns": {"0": "Type of licence", "1": "Licence name"}, "data": [["Utvinningstillatelse", 18]]}, "6": {"index": [], "columns": {"0": "Type data", "1": "Format", "2": "Medium", "3": "Comment"}, "data": []}, "7": {"index": [0, 1, 2, 3], "columns": {"0": "Vessel Name", "1": "Type of vessel", "2": "Phone", "3": "IMO-number", "4": "Call", "5": "Nation"}, "data": [[NaN, NaN, "number", NaN, "signal", NaN], ["Skandi Nova", "Hovedfart\u00f8y", "46839754", 9625009.0, "LDWL", "Norge"], [NaN, "(innsamlingsfa", NaN, NaN, NaN, NaN], [NaN, "rt\u00f8y)", NaN, NaN, NaN, NaN]]}, "8": {"index": [], "columns": {"0": "From date", "1": "To date", "2": "Name", "3": "Phone number"}, "data": []}, "9": {"index": [0, 1, 2, 3, 4], "columns": {"0": "Point", "1": "NS", "2": "NS minutes", "3": "Unnamed: 0", "4": "EW", "5": "EW minutes", "6": "Unnamed: 1"}, "data": [["number", "degrees", "(decimal)", NaN, "degrees", "(decimal)", NaN], ["1", "56", "36.92", "N", "3", "5.87", "E"], ["2", "56", "38.33", "N", "3", "16.72", "E"], ["3", "56", "27.41", "N", "3", "21.26", "E"], ["4", "56", "26.03", "N", "3", "10.55", "E"]]}, "10": {"index": [0, 1, 2, 3, 4], "columns": {"0": "Point", "1": "NS", "2": "NS.1", "3": "NS.2", "4": "Unnamed: 0", "5": "EW", "6": "EW.1", "7": "EW.2", "8": "Unnamed: 1"}, "data": [["number", "degrees", "minutes", "seconds", NaN, "degrees", "minutes", "seconds", NaN], ["1", "56", "36", "55.23", "N", "3", "5", "52.03", "E"], ["2", "56", "38", "19.95", "N", "3", "16", "43.13", "E"], ["3", "56", "27", "24.33", "N", "3", "21", "15.78", "E"], ["4", "56", "26", "1.61", "N", "3", "10", "32.88", "E"]]}, "kind": "osdu:wks:master-data--Survey:1.0.0 ", "id": "npd:master-data--Factpages-Survey:10009"}