{"0": {"index": [0, 1, 2, 3, 4, 5, 6, 7, 8, 9, 10, 11, 12, 13, 14, 15, 16, 17, 18, 19, 20, 21, 22, 23, 24], "columns": {"0": "eneral information", "1": "Unnamed: 0"}, "data": [["Survey name", "EQ22306"], ["Legal basis", "Petroleumsforskriften jf Ressursforskriften"], ["NPDID for survey", "10366"], ["Factmaps - new window", "link to map"], ["Status", "Ferdig"], ["Area", "Nordsj\u00f8en"], ["Market available", "Ja"], ["Category", "Seismisk unders\u00f8kelse"], ["Main type", "Borestedunders\u00f8kelse"], ["Sub type", "3D"], ["Company - responsible", "Equinor Energy AS"], ["Source type", "seismicSource"], ["Number of sources", "2"], ["Source size", "160"], ["Source pressure", "2000"], ["Sensor type", "cables"], ["Numbers of sensors", "2"], ["Sensor length [m]", "1200"], ["Sensor width [m]", NaN], ["Start date - planned", "03.05.2022"], ["Start date", "07.05.2022"], ["Completed date - planned", "07.08.2022"], ["Completed date", "31.07.2022"], ["Total length [boat km]", "138"], ["Net area - actual 3D/4D [km2]", "2.00"]]}, "1": {"index": [], "columns": {"0": "Unnamed: 0"}, "data": []}, "2": {"index": [0, 1, 2, 3], "columns": {"0": "Date", "1": "Type of update", "2": "Information"}, "data": [["31.07.2022", "Melding - Unders\u00f8kelsen er ferdig", NaN], ["31.07.2022", "Status", "Ferdig"], ["27.07.2022", "Oljedirektoratets uttalelse tilendringsmelding", "Oljedirektoratet (OD) viser til melding om endring avtidsrom for unders\u00f8kelsen. P\u00e5 bakgrunn av innmeldtendring og nye uttalelser fra Havforskningsinstituttet ogFiskeridirektoratet, har OD ingen ytterligere merknadertil at unders\u00f8kelsen kan gjennomf\u00f8res som planlagtdersom disse blir fulgt."], ["26.07.2022", "Melding - Endringsmelding - tilinfo", "Erling er tilbake fra Ferie. Han overtar som kontakt forEQ22306."]]}, "3": {"index": [0, 1, 2, 3, 4, 5, 6, 7, 8, 9, 10, 11, 12, 13, 14, 15, 16, 17], "columns": {"0": "26.07.2022", "1": "Havforskningsinstituttetsuttalelse til endringsmelding", "2": "Havforskningsinstituttet har ingen merknader tilendringene i den planlagte unders\u00f8kelsen. Vurderingener gjort med hensyn til aktive gytefelt og konsentrertegytevandringer for aktuelle fiskebestander(p\u00e5virkningsavstand 5 nmi) , beiteomr\u00e5der for hval ogforekomst av koraller."}, "data": [["25.07.2022", "Fiskeridirektoratets uttalelse tilendringsmelding", "Vi har ingen merknader p\u00e5 fiskerifaglig grunnlag ogopprettholder v\u00e5r tidligere uttalelse i saken. Ingen p\u00e5g\u00e5nye fiskerier enn det som er opplyst fra tidligere.Det skal v\u00e6re fiskerikyndig bemanning p\u00e5 fart\u00f8yet somut\u00f8ver unders\u00f8kelsen, med mindre annet fremg\u00e5r avODs tilbakemelding."], ["25.07.2022", "Melding - Ordin\u00e6r ukemelding", "-"], ["25.07.2022", "Melding - Endringsmelding - tilinfo", "Grunnet mye d\u00e5rlig v\u00e6r tar unders\u00f8kelsen lenger tid \u00e5gjennomf\u00f8re enn hva vi hadde planlagt"], ["25.07.2022", "Melding - Endringsmelding - tilinfo", "Grunnet mye d\u00e5rlig v\u00e6r tar unders\u00f8kelsen lenger tid \u00e5gjennomf\u00f8re enn hva vi hadde planlagt"], ["25.07.2022", "Melding - Endringsmelding somkrever saksbehandling", "Grunnet mye d\u00e5rlig v\u00e6r s\u00f8ker vi om forlengelse avunders\u00f8kelsesperioden"], ["18.07.2022", "Melding - Ordin\u00e6r ukemelding", "184 seilings linje kilometer. -"], ["11.07.2022", "Melding - Ordin\u00e6r ukemelding", "34 km sail lines. - Om vi er heldige med v\u00e6ret."], ["04.07.2022", "Melding - Endringsmelding - tilinfo", "I Erling Sundvor's ferie er det Bernt Christiansen som erkontakt person for EQ22306 unders\u00f8kelsen."], ["04.07.2022", "Melding - Ordin\u00e6r ukemelding", "Ugunstig v\u00e6r har gjort at det ikke er blitt samlet innnoe seismikk enda - Om det blir brukbart v\u00e6r."], ["28.06.2022", "Melding - Ordin\u00e6r ukemelding", "-"], ["21.06.2022", "Oljedirektoratets uttalelse tilendringsmelding", "Oljedirektoratet (OD) viser til melding om endring avtidsrom for unders\u00f8kelsen. P\u00e5 bakgrunn av innmeldtendring og nye uttalelser fra Havforskningsinstituttet ogFiskeridirektoratet, har OD ingen ytterligere merknadertil at unders\u00f8kelsen kan gjennomf\u00f8res som planlagtdersom disse blir fulgt."], ["20.06.2022", "Fiskeridirektoratets uttalelse tilendringsmelding", "Vi har ingen merknader p\u00e5 fiskerifaglig grunnlag ogopprettholder v\u00e5r tidligere uttalelse i saken."], ["20.06.2022", "Melding - Ordin\u00e6r ukemelding", "-"], ["17.06.2022", "Havforskningsinstituttetsuttalelse til endringsmelding", "Havforskningsinstituttet har ingen merknader tilendringene i den planlagte unders\u00f8kelsen. Vurderingener gjort med hensyn til aktive gytefelt og konsentrertegytevandringer for aktuelle fiskebestander(p\u00e5virkningsavstand 5 nmi) , beiteomr\u00e5der for hval ogforekomst av koraller."], ["13.06.2022", "Melding - Endringsmelding - tilinfo", NaN], ["13.06.2022", "Melding - Endringsmelding - tilinfo", NaN], ["13.06.2022", "Melding - Endringsmelding somkrever saksbehandling", "Det har v\u00e6rt my d\u00e5rlig v\u00e6r i Nordsj\u00f8en i mai og juni.Datainnsamlingen tar derfor mye lenger tid enn det somvar planlagt"], ["13.06.2022", "Melding - Ordin\u00e6r ukemelding", "-"]]}, "4": {"index": [0, 1, 2, 3, 4, 5, 6, 7, 8, 9, 10, 11, 12, 13, 14, 15, 16, 17, 18, 19, 20, 21, 22, 23, 24, 25, 26, 27], "columns": {"0": "07.06.2022", "1": "Melding - Ordin\u00e6r ukemelding", "2": "-"}, "data": [["01.06.2022", "Melding - Ordin\u00e6r ukemelding", "-"], ["23.05.2022", "Melding - Ordin\u00e6r ukemelding", "Grunnet andre operasjoner som rig og annen"], [NaN, NaN, "seismikkinnsamling har det ikke v\u00e6rt mulig \u00e5 samle inn"], [NaN, NaN, "data i denne perioden -"], ["07.05.2022", "Status", "P\u00e5g\u00e5ende"], ["07.05.2022", "Melding - Unders\u00f8kelsen startes", NaN], [NaN, "opp", NaN], ["22.04.2022", "Oljedirektoratets uttalelse til", "Oljedirektoratet (OD) viser til melding om endring av"], [NaN, "endringsmelding", "tidsrom for unders\u00f8kelsen. P\u00e5 bakgrunn av innmeldt"], [NaN, NaN, "endring og nye uttalelser fra Havforskningsinstituttet og"], [NaN, NaN, "Fiskeridirektoratet, har OD ingen ytterligere merknader"], [NaN, NaN, "til at unders\u00f8kelsen kan gjennomf\u00f8res som planlagt"], [NaN, NaN, "dersom disse blir fulgt."], ["21.04.2022", "Fiskeridirektoratets uttalelse til", "Vi har ingen merknader p\u00e5 fiskerifaglig grunnlag og"], [NaN, "endringsmelding", "opprettholder v\u00e5r tidligere uttalelse i saken."], ["20.04.2022", "Havforskningsinstituttets", "Havforskningsinstituttet har ingen merknader til"], [NaN, "uttalelse til endringsmelding", "endringene i den planlagte unders\u00f8kelsen. Vurderingen"], [NaN, NaN, "er gjort med hensyn til aktive gytefelt og konsentrerte"], [NaN, NaN, "gytevandringer for aktuelle fiskebestander"], [NaN, NaN, "(p\u00e5virkningsavstand 5 nmi) , beiteomr\u00e5der for hval og"], [NaN, NaN, "forekomst av koraller."], ["12.04.2022", "Melding - Endringsmelding - til", "Oppstarts dato noe justert."], [NaN, "info", NaN], ["12.04.2022", "Melding - Endringsmelding - til", "Oppstartsdato kommer noe senere enn antatt."], [NaN, "info", NaN], ["12.04.2022", "Melding - Endringsmelding som", "Optimalisering av omr\u00e5de grunnet Endring av Template"], [NaN, "krever saksbehandling", "lokasjoner / br\u00f8nner. En mer realistisk oppstarts dato."], ["25.03.2022", "Status", "Planlagt"]]}, "5": {"index": [0, 1, 2, 3, 4, 5, 6, 7, 8, 9, 10, 11, 12, 13, 14, 15, 16, 17, 18, 19, 20, 21, 22, 23, 24, 25, 26, 27, 28, 29, 30, 31, 32, 33, 34, 35, 36, 37, 38, 39, 40, 41, 42], "columns": {"0": "25.03.2022", "1": "Oljedirektoratet uttalelse til", "2": "Oljedirektoratet (OD) viser til deres melding vedr\u00f8rende"}, "data": [[NaN, "innmelding", "denne unders\u00f8kelsen."], [NaN, NaN, "OD gj\u00f8r s\u00e6rlig oppmerksom p\u00e5 at fart\u00f8y som foretar en"], [NaN, NaN, "unders\u00f8kelse, skal holde forsvarlig avstand til fart\u00f8y"], [NaN, NaN, "som driver fiske, og til fastst\u00e5ende og flytende"], [NaN, NaN, "fiskeredskap. S\u00e6rlig aktsomhet skal utvises n\u00e5r st\u00f8rre"], [NaN, NaN, "ansamlinger av fiskefart\u00f8y observeres, jf. forskrift om"], [NaN, NaN, "ressursforvaltning innen petroleumsvirksomheten av"], [NaN, NaN, "13.12.2017 (ressursforskriften) \u00a7 8 andre ledd."], [NaN, NaN, "Det vises for \u00f8vrig til veileder om \"Gjennomf\u00f8ring av"], [NaN, NaN, "seismiske unders\u00f8kelser p\u00e5 norsk kontinentalsokkel\"."], [NaN, NaN, "OD viser til uttalelsene som er gitt av adressatene"], [NaN, NaN, "innenfor meldesystemet (jf. petroleumsforskriften \u00a7 6/"], [NaN, NaN, "ressursforskriften \u00a7 6), og har ingen merknader til at"], [NaN, NaN, "unders\u00f8kelsen  gjennomf\u00f8res som planlagt dersom"], [NaN, NaN, "disse tas til etterretning. Dette gjelder ogs\u00e5 eventuelt"], [NaN, NaN, "krav om fiskerikyndig fra Fiskeridirektoratet."], [NaN, NaN, "Dersom unders\u00f8kelsen aksepteres gjennomf\u00f8rt slik den"], [NaN, NaN, "er tilr\u00e5dd, stadfestes dette gjennom at det sendes inn"], [NaN, NaN, "melding om oppstart n\u00e5r unders\u00f8kelsen starter, jf."], [NaN, NaN, "ressursforskriften \u00a7 6, 3.ledd."], [NaN, NaN, "Skulle det oppst\u00e5 situasjoner i forbindelse med"], [NaN, NaN, "fiskeriaktiviteten, ber vi om \u00e5 bli underrettet om dette."], [NaN, NaN, "Unders\u00f8kelsen kan bli stanset eller endret p\u00e5 kort varsel"], [NaN, NaN, "dersom det oppst\u00e5r konflikt med fiskeriene."], [NaN, NaN, "OD gj\u00f8r ogs\u00e5 oppmerksom p\u00e5 at ev. endringer m\u00e5"], [NaN, NaN, "meldes inn i henhold til ressursforskriften \u00a7 6. Det er"], [NaN, NaN, "krav om at alle slike regelverkspliktige meldinger,"], [NaN, NaN, "herunder oppstartsmelding, endringsmelding,"], [NaN, NaN, "ukemelding og sluttmelding \u2013 skal rapporteres gjennom"], [NaN, NaN, "ODs innmeldingssystem for unders\u00f8kelser."], [NaN, NaN, "Rettighetshaver og/eller den som st\u00e5r for driften av"], [NaN, NaN, "fart\u00f8yet skal for \u00f8vrig gj\u00f8re relevant regelverk,"], [NaN, NaN, "dokumenter og data tilgjengelig for den fiskerikyndige."], [NaN, NaN, "Regelverk og dokumenter skal foreligge p\u00e5 b\u00e5de norsk"], [NaN, NaN, "og engelsk. Det skal ogs\u00e5 legges til rette for at den"], [NaN, NaN, "fiskerikyndige har tilgang til internett og andre"], [NaN, NaN, "n\u00f8dvendige hjelpemidler jf. ressursforskriften \u00a7 9."], ["21.03.2022", "Havforskningsinstituttets", "Havforskningsinstituttet har ingen merknader til den"], [NaN, "uttalelse til innmelding", "planlagte unders\u00f8kelsen. Vurderingen er gjort med"], [NaN, NaN, "hensyn til aktive gytefelt og konsentrerte"], [NaN, NaN, "gytevandringer for aktuelle fiskebestander"], [NaN, NaN, "(p\u00e5virkningsavstand 5 nmi) , beiteomr\u00e5der for hval og"], [NaN, NaN, "forekomst av koraller."]]}, "6": {"index": [0, 1, 2, 3, 4, 5, 6, 7, 8, 9, 10, 11, 12, 13, 14, 15, 16, 17, 18, 19, 20, 21, 22, 23], "columns": {"0": "21.03.2022", "1": "Fiskeridirektoratets uttalelse til", "2": "I april ventes det liten fiskeriaktivitet i omr\u00e5de for"}, "data": [[NaN, "innmelding", "unders\u00f8kelse, mens det i mai, juni og juli m\u00e5ned kan"], [NaN, NaN, "det foreg\u00e5 fiske etter nordsj\u00f8sild med not og tr\u00e5l."], [NaN, NaN, "Dersom silda er tilgjengelig for fangst i omr\u00e5det kan det"], [NaN, NaN, "ventes at mange ringnotfart\u00f8y vil lete og drive fiske, og"], [NaN, NaN, "da kan fart\u00f8yene ligge tett."], [NaN, NaN, "Annen sporadisk fiskeriaktivitet kan heller ikke"], [NaN, NaN, "utelukkes."], [NaN, NaN, "Det skal v\u00e6re fiskerikyndig bemanning p\u00e5 fart\u00f8yet som"], [NaN, NaN, "ut\u00f8ver unders\u00f8kelsen, med mindre annet fremg\u00e5r av"], [NaN, NaN, "ODs tilbakemelding."], [NaN, NaN, "Vi forutsetter at unders\u00f8kelsen utf\u00f8res med den st\u00f8rste"], [NaN, NaN, "aktsomhet, uten \u00e5 v\u00e6re til hinder for fiskeriaktiviteten i"], [NaN, NaN, "omr\u00e5det som nevnt over. Det oppfordres til at den"], [NaN, NaN, "fiskerikyndige blir delaktig tidlig i den operative"], [NaN, NaN, "planleggingsfasen av unders\u00f8kelsen, og at det"], [NaN, NaN, "orienteres om fiskeriaktivitet og st\u00e5ende fiskeredskap i"], [NaN, NaN, "omr\u00e5det."], [NaN, NaN, "Vi ber om at unders\u00f8kelsen stanses eller endres p\u00e5 kort"], [NaN, NaN, "varsel dersom det oppst\u00e5r konflikter med fiskeriene."], ["16.03.2022", "Status", "Under behandling"], ["16.03.2022", "Melding - Innmelding", "Bernt M. Christiansen bmc@equinor.com \u2013 41411263 vil"], [NaN, NaN, "v\u00e6re back-up kontakt for denne unders\u00f8kelsen. Det vil i"], [NaN, NaN, "tillegg ogs\u00e5 bli benyttet en mindre kilde p\u00e5 10 kubikk"], [NaN, NaN, "tommer og en streamer p\u00e5 ca. 100 meter."]]}, "7": {"index": [0, 1], "columns": {"0": "Type of licence", "1": "Licence name"}, "data": [["Utvinningstillatelse", 90], ["Unders\u00f8kelsestillatelse", 774]]}, "8": {"index": [], "columns": {"0": "Type data", "1": "Format", "2": "Medium", "3": "Comment"}, "data": []}, "9": {"index": [0, 1, 2, 3], "columns": {"0": "Vessel Name", "1": "Type of vessel", "2": "Phone", "3": "IMO-number", "4": "Call", "5": "Nation"}, "data": [[NaN, NaN, "number", NaN, "signal", NaN], ["Ocean", "Hovedfart\u00f8y", "+441493236", 9779446.0, "3EIP9", "Panam"], ["Resolution", "(innsamlingsfa", "004", NaN, NaN, "a"], [NaN, "rt\u00f8y)", NaN, NaN, NaN, NaN]]}, "10": {"index": [0], "columns": {"0": "From date", "1": "To date", "2": "Name", "3": "Phone number"}, "data": [["03.05.2022", "07.08.2022", "Arnulf Svendsen", 99412491]]}, "11": {"index": [0, 1, 2, 3, 4], "columns": {"0": "Point", "1": "NS", "2": "NS minutes", "3": "Unnamed: 0", "4": "EW", "5": "EW minutes", "6": "Unnamed: 1"}, "data": [["number", "degrees", "(decimal)", NaN, "degrees", "(decimal)", NaN], ["1", "60", "54.90", "N", "3", "24.12", "E"], ["2", "61", "2.33", "N", "3", "12.73", "E"], ["3", "61", "10.16", "N", "3", "34.57", "E"], ["4", "61", "2.71", "N", "3", "45.90", "E"]]}, "12": {"index": [0, 1, 2, 3, 4], "columns": {"0": "Point", "1": "NS", "2": "NS.1", "3": "NS.2", "4": "Unnamed: 0", "5": "EW", "6": "EW.1", "7": "EW.2", "8": "Unnamed: 1"}, "data": [["number", "degrees", "minutes", "seconds", NaN, "degrees", "minutes", "seconds", NaN], ["1", "60", "54", "53.77", "N", "3", "24", "7.02", "E"], ["2", "61", "2", "19.76", "N", "3", "12", "44.06", "E"], ["3", "61", "10", "9.72", "N", "3", "34", "34.04", "E"], ["4", "61", "2", "42.73", "N", "3", "45", "54.00", "E"]]}, "kind": "osdu:wks:master-data--Survey:1.0.0 ", "id": "npd:master-data--Factpages-Survey:10366"}