{"0": {"index": [0, 1, 2, 3, 4, 5, 6, 7, 8, 9, 10, 11, 12, 13, 14, 15, 16, 17, 18, 19, 20, 21, 22, 23, 24], "columns": {"0": "eneral information", "1": "Unnamed: 0"}, "data": [["Survey name", "VE21200"], ["Legal basis", "Petroleumsforskriften jf Ressursforskriften"], ["NPDID for survey", "10005"], ["Factmaps - new window", "link to map"], ["Status", "Avlyst"], ["Area", "Nordsj\u00f8en"], ["Market available", "Nei"], ["Category", "Seismisk unders\u00f8kelse"], ["Main type", "Havbunnseismisk unders\u00f8kelse"], ["Sub type", "4D"], ["Company - responsible", "V\u00e5r Energi AS"], ["Source type", "seismicSource"], ["Number of sources", "2"], ["Source size", "3683"], ["Source pressure", "2000"], ["Sensor type", "nodes"], ["Numbers of sensors", "960"], ["Sensor length [m]", NaN], ["Sensor width [m]", NaN], ["Start date - planned", "01.05.2021"], ["Start date", NaN], ["Completed date - planned", "26.05.2021"], ["Completed date", NaN], ["Total length [boat km]", NaN], ["Net area - actual 3D/4D [km2]", NaN]]}, "1": {"index": [], "columns": {"0": "Unnamed: 0"}, "data": []}, "2": {"index": [0, 1, 2, 3, 4, 5, 6, 7, 8, 9], "columns": {"0": "Date", "1": "Type of update", "2": "Information"}, "data": [["30.03.2021", "Status", "Avlyst"], ["30.03.2021", "Melding - Unders\u00f8kelsen avlyses", NaN], ["26.03.2021", "Melding - Innmelding", "Fiskerikyndig vil bli lagt til senere."], ["26.03.2021", "Status", "Under behandling"], [NaN, NaN, NaN], ["icences", NaN, NaN], ["Type of licence", "Licence name", NaN], ["Utvinningstillatelse", "001", NaN], ["Unders\u00f8kelsestillatelse", "703", NaN], [NaN, NaN, NaN]]}, "3": {"index": [], "columns": {"0": "Type data", "1": "Format", "2": "Medium", "3": "Comment"}, "data": []}, "4": {"index": [0], "columns": {"0": "Vessel Name", "1": "Type of vessel", "2": "Phone", "3": "IMO-number", "4": "Call", "5": "Nation"}, "data": [[NaN, NaN, "number", NaN, "signal", NaN]]}, "5": {"index": [], "columns": {"0": "From date", "1": "To date", "2": "Name", "3": "Phone number"}, "data": []}, "6": {"index": [0, 1, 2, 3, 4, 5, 6, 7, 8, 9, 10, 11, 12, 13, 14, 15, 16, 17, 18], "columns": {"0": "Point", "1": "NS", "2": "NS minutes", "3": "Unnamed: 0", "4": "EW", "5": "EW minutes", "6": "Unnamed: 1"}, "data": [["number", "degrees", "(decimal)", NaN, "degrees", "(decimal)", NaN], ["1", "59", "7.85", "N", "2", "21.88", "E"], ["2", "59", "9.04", "N", "2", "17.80", "E"], ["3", "59", "9.04", "N", "2", "17.80", "E"], ["4", "59", "9.04", "N", "2", "17.80", "E"], ["5", "59", "9.04", "N", "2", "17.80", "E"], ["6", "59", "9.04", "N", "2", "17.80", "E"], ["7", "59", "9.04", "N", "2", "17.80", "E"], ["8", "59", "9.04", "N", "2", "17.80", "E"], ["9", "59", "15.17", "N", "2", "24.52", "E"], ["10", "59", "15.17", "N", "2", "24.52", "E"], ["11", "59", "15.17", "N", "2", "24.52", "E"], ["12", "59", "15.17", "N", "2", "24.52", "E"], ["13", "59", "13.98", "N", "2", "28.62", "E"], ["14", "59", "13.98", "N", "2", "28.62", "E"], ["15", "59", "13.98", "N", "2", "28.62", "E"], ["16", "59", "13.98", "N", "2", "28.62", "E"], ["17", "59", "13.98", "N", "2", "28.62", "E"], ["18", "59", "13.98", "N", "2", "28.62", "E"]]}, "7": {"index": [0, 1, 2], "columns": {"0": "19", "1": "59", "2": "13.98", "3": "N", "4": "2", "5": "28.62", "6": "E"}, "data": [[20, 59, 7.85, "N", 2, 21.88, "E"], [21, 59, 7.85, "N", 2, 21.88, "E"], [22, 59, 7.85, "N", 2, 21.88, "E"]]}, "8": {"index": [0, 1, 2, 3, 4, 5, 6, 7, 8, 9, 10, 11, 12, 13, 14, 15, 16, 17, 18, 19, 20, 21, 22], "columns": {"0": "Point", "1": "NS", "2": "NS.1", "3": "NS.2", "4": "Unnamed: 0", "5": "EW", "6": "EW.1", "7": "EW.2", "8": "Unnamed: 1"}, "data": [["number", "degrees", "minutes", "seconds", NaN, "degrees", "minutes", "seconds", NaN], ["1", "59", "7", "51.05", "N", "2", "21", "53.06", "E"], ["2", "59", "9", "2.36", "N", "2", "17", "48.01", "E"], ["3", "59", "9", "2.36", "N", "2", "17", "48.00", "E"], ["4", "59", "9", "2.37", "N", "2", "17", "47.99", "E"], ["5", "59", "9", "2.38", "N", "2", "17", "47.98", "E"], ["6", "59", "9", "2.39", "N", "2", "17", "47.98", "E"], ["7", "59", "9", "2.41", "N", "2", "17", "47.99", "E"], ["8", "59", "9", "2.42", "N", "2", "17", "48.00", "E"], ["9", "59", "15", "10.18", "N", "2", "24", "31.45", "E"], ["10", "59", "15", "10.18", "N", "2", "24", "31.46", "E"], ["11", "59", "15", "10.19", "N", "2", "24", "31.47", "E"], ["12", "59", "15", "10.18", "N", "2", "24", "31.48", "E"], ["13", "59", "13", "58.75", "N", "2", "28", "37.02", "E"], ["14", "59", "13", "58.75", "N", "2", "28", "37.03", "E"], ["15", "59", "13", "58.74", "N", "2", "28", "37.04", "E"], ["16", "59", "13", "58.73", "N", "2", "28", "37.05", "E"], ["17", "59", "13", "58.72", "N", "2", "28", "37.05", "E"], ["18", "59", "13", "58.70", "N", "2", "28", "37.04", "E"], ["19", "59", "13", "58.69", "N", "2", "28", "37.03", "E"], ["20", "59", "7", "51.05", "N", "2", "21", "53.09", "E"], ["21", "59", "7", "51.05", "N", "2", "21", "53.08", "E"], ["22", "59", "7", "51.04", "N", "2", "21", "53.07", "E"]]}, "kind": "osdu:wks:master-data--Survey:1.0.0 ", "id": "npd:master-data--Factpages-Survey:10005"}