{"0": {"index": [0, 1, 2, 3, 4, 5, 6], "columns": {"0": "Field name", "1": "MARIA"}, "data": [["Factmaps in new window", "link to map"], ["Current activity status", "Producing"], ["Discovery wellbore", "6406/3-8"], ["Discovery year.", "2010"], ["Main area", "Norwegian sea"], ["Main supply base", NaN], ["NPDID field", "26465170"]]}, "1": {"index": [0, 1, 2], "columns": {"0": "Status", "1": "Status from", "2": "Status to"}, "data": [["Producing", "16.12.2017", NaN], ["Approved for", "04.09.2015", "15.12.2017"], ["production", NaN, NaN]]}, "2": {"index": [0, 1, 2, 3], "columns": {"0": "Block name", "1": "Prod. licence"}, "data": [["6507/10", "475 CS"], ["6406/3", "475 CS"], ["6406/3", "475 BS"], ["6407/1", "475 BS"]]}, "3": {"index": [0], "columns": {"0": "Owner kind", "1": "Owner name"}, "data": [["PRODUCTION LICENSE", "475 BS"]]}, "4": {"index": [0], "columns": {"0": "Company name", "1": "Nation code", "2": "Company share [%]"}, "data": [["Wintershall Dea Norge AS", "NO", 50.0]]}, "5": {"index": [0], "columns": {"0": "Petoro AS", "1": "NO", "2": "30.000000"}, "data": [["Sval Energi AS", "NO", 20.0]]}, "6": {"index": [0, 1, 2], "columns": {"0": "Orig. recoverable", "1": "Orig. recoverable.1", "2": "Orig. recoverable.2", "3": "Orig. recoverable.3", "4": "Orig. recoverable.4"}, "data": [["oil", "gas", "NGL", "cond.", "oil eq."], ["[mill Sm3]", "[bill Sm3]", "[mill tonn]", "[mill Sm3]", "[mill Sm3 o.e]"], ["15.12", "1.55", "0.94", "0.00", "18.46"]]}, "7": {"index": [0, 1], "columns": {"0": "Remaining oil", "1": "Remaining gas", "2": "Remaining NGL", "3": "Remaining cond.", "4": "Remaining oil eq."}, "data": [["[mill Sm3]", "[bill Sm3]", "[mill tonn]", "[mill Sm3]", "[mill Sm3 o.e]"], ["10.33", "1.07", "0.64", "0.00", "12.62"]]}, "8": {"index": [0, 1, 2], "columns": {"0": "Orig. inplace oil", "1": "Orig. inplace ass.", "2": "Orig. inplace ass..1", "3": "Orig. inplace free"}, "data": [["[mill Sm3]", "liquid", "gas", "gas"], [NaN, "[mill Sm3]", "[bill Sm3]", "[bill Sm3]"], ["47.00", "0.00", "6.00", "0.00"]]}, "9": {"index": [0, 1, 2, 3, 4, 5, 6, 7, 8, 9, 10, 11, 12, 13, 14, 15, 16, 17, 18, 19, 20, 21], "columns": {"0": "Type", "1": "Text", "2": "Date"}, "data": [[NaN, NaN, "updated"], ["Development", "Maria is a field on Haltenbanken in the Norwegian Sea, 25", "28.02.2023"], [NaN, "kilometres east of the Kristin field. The water depth is 300", NaN], [NaN, "metres. Maria was discovered in 2010, and the plan for", NaN], [NaN, "development and production (PDO) was approved in 2015. The", NaN], [NaN, "field is developed as a subsea tie-back with two templates.", NaN], [NaN, "There are five producers and two water injectors on the field.", NaN], [NaN, "Gas for gas lift is supplied from the \u00c5sgard B facility via the", NaN], [NaN, "Tyrihans D template. Sulphate-reduced water for injection is", NaN], [NaN, "supplied from Heidrun. Production started in 2017. A PDO for", NaN], [NaN, "Maria phase 2 was submitted in November 2022.", NaN], ["Reservoir", "Maria produces oil and gas from massive sandstone with shale", "28.02.2023"], [NaN, "layers in the Middle Jurassic Garn Formation. The reservoir is at", NaN], [NaN, "a depth of 3,800 metres.", NaN], ["Recovery strategy", "The field is produced by water injection for pressure support.", "28.02.2023"], [NaN, "The wells are equipped with gas lift.", NaN], ["Transport", "The well stream is routed to the Kristin platform for processing", "28.02.2023"], [NaN, "and further export together with the gas and oil from the Kristin", NaN], [NaN, "and Tyrihans fields. Stabilised oil is transported from Kristin to", NaN], [NaN, "\u00c5sgard C and further offloaded to shuttle tankers. The rich gas", NaN], [NaN, "is sent via the \u00c5sgard Transport System (\u00c5TS) to the K\u00e5rst\u00f8", NaN], [NaN, "terminal, where NGL and condensate is extracted.", NaN]]}, "10": {"index": [], "columns": {"0": "Status", "1": "Production has been lower than forecasted since start-up due tolimited vertical reservoir communication. Several measureshave been taken to increase production from upper and lowerGarn. The PDO for Maria phase 2 which comprises drilling ofmore wells will increase the recovery from mid Garn. Totalrecovery from the field is still expected to be lower than theoriginal PDO estimates.", "2": "28.02.2023"}, "data": []}, "11": {"index": [], "columns": {"0": "The operators future investments related to the reservers from2022 [mill NOK 2022-kroner]. The stated investment estimate hasnot been corrected for possible investment sharing.", "1": "5808"}, "data": []}, "12": {"index": [0, 1, 2, 3, 4, 5, 6, 7, 8], "columns": {"0": "Unnamed: 0", "1": "Investments[mill NOK nominalvalues]"}, "data": [["Sum", 14372], ["2021", 309], ["2020", 1526], ["2019", 625], ["2018", 773], ["2017", 5188], ["2016", 4224], ["2015", 1700], ["2014", 27]]}, "13": {"index": [0, 1, 2, 3, 4, 5, 6, 7, 8, 9, 10, 11, 12, 13, 14, 15], "columns": {"0": "Unnamed: 0", "1": "Month", "2": "Net - oil[mill Sm3]", "3": "Net - gas[bill Sm3]", "4": "Net -condensate[mill Sm3]", "5": "Net - NGL[mill Sm3]", "6": "Net - oil equivalents[mill Sm3]"}, "data": [["Sum", NaN, 5.091159, 0.14167, 0.0, 0.075466, 5.308295], ["2023", NaN, 0.336026, 0.034209, 0.0, 0.017345, 0.38758], [NaN, 1.0, 0.07757, 0.007158, 0.0, 0.003301, 0.088029], [NaN, 2.0, 0.058945, 0.00599, 0.0, 0.002757, 0.067692], [NaN, 3.0, 0.042833, 0.003861, 0.0, 0.001961, 0.048655], [NaN, 4.0, 0.051207, 0.00576, 0.0, 0.002766, 0.059733], [NaN, 5.0, 0.053939, 0.006287, 0.0, 0.003072, 0.063298], [NaN, 6.0, 0.051532, 0.005153, 0.0, 0.003488, 0.060173], ["2022", NaN, 1.21911, 0.107461, 0.0, 0.058121, 1.384692], ["1", 0.102982, 0.0, 0.0, 0.0, 0.102982, NaN], ["2", 0.097356, 0.0, 0.0, 0.0, 0.097356, NaN], ["3", 0.106729, 0.002105, 0.0, 0.001274, 0.110108, NaN], ["4", 0.127773, 0.013633, 0.0, 0.008057, 0.149463, NaN], ["5", 0.129464, 0.014102, 0.0, 0.008833, 0.152399, NaN], ["6", 0.128498, 0.013535, 0.0, 0.008949, 0.150982, NaN], ["7", 0.117961, 0.01619, 0.0, 0.008723, 0.142874, NaN]]}, "14": {"index": [0, 1, 2, 3, 4, 5, 6, 7, 8, 9, 10, 11, 12, 13, 14, 15, 16, 17, 18, 19, 20, 21, 22, 23, 24, 25, 26, 27, 28, 29, 30, 31, 32, 33, 34, 35, 36, 37, 38, 39, 40, 41], "columns": {"0": "2022", "1": "8", "2": "0.094455", "3": "0.012280", "4": "0.000000", "5": "0.006770", "6": "0.113505"}, "data": [[NaN, 9.0, 0.069893, 0.008827, 0.0, 0.004151, 0.082871], [NaN, 10.0, 0.087742, 0.010911, 0.0, 0.004725, 0.103378], [NaN, 11.0, 0.069401, 0.008068, 0.0, 0.003382, 0.080851], [NaN, 12.0, 0.086856, 0.00781, 0.0, 0.003257, 0.097923], [2021.0, NaN, 1.208819, 0.0, 0.0, 0.0, 1.208819], [NaN, 1.0, 0.132008, 0.0, 0.0, 0.0, 0.132008], [NaN, 2.0, 0.119028, 0.0, 0.0, 0.0, 0.119028], [NaN, 3.0, 0.127623, 0.0, 0.0, 0.0, 0.127623], [NaN, 4.0, 0.108462, 0.0, 0.0, 0.0, 0.108462], [NaN, 5.0, 0.028452, 0.0, 0.0, 0.0, 0.028452], [NaN, 6.0, 0.026022, 0.0, 0.0, 0.0, 0.026022], [NaN, 7.0, 0.131076, 0.0, 0.0, 0.0, 0.131076], [NaN, 8.0, 0.122061, 0.0, 0.0, 0.0, 0.122061], [NaN, 9.0, 0.108562, 0.0, 0.0, 0.0, 0.108562], [NaN, 10.0, 0.103647, 0.0, 0.0, 0.0, 0.103647], [NaN, 11.0, 0.097268, 0.0, 0.0, 0.0, 0.097268], [NaN, 12.0, 0.10461, 0.0, 0.0, 0.0, 0.10461], [2020.0, NaN, 0.835583, 0.0, 0.0, 0.0, 0.835583], [NaN, 1.0, 0.065707, 0.0, 0.0, 0.0, 0.065707], [NaN, 2.0, 0.063475, 0.0, 0.0, 0.0, 0.063475], [NaN, 3.0, 0.001624, 0.0, 0.0, 0.0, 0.001624], [NaN, 4.0, 0.06503, 0.0, 0.0, 0.0, 0.06503], [NaN, 5.0, 5.7e-05, 0.0, 0.0, 0.0, 5.7e-05], [NaN, 6.0, 0.026764, 0.0, 0.0, 0.0, 0.026764], [NaN, 7.0, 0.037178, 0.0, 0.0, 0.0, 0.037178], [NaN, 8.0, 0.072094, 0.0, 0.0, 0.0, 0.072094], [NaN, 9.0, 0.103241, 0.0, 0.0, 0.0, 0.103241], [NaN, 10.0, 0.121419, 0.0, 0.0, 0.0, 0.121419], [NaN, 11.0, 0.137248, 0.0, 0.0, 0.0, 0.137248], [NaN, 12.0, 0.141746, 0.0, 0.0, 0.0, 0.141746], [2019.0, NaN, 0.439606, 0.0, 0.0, 0.0, 0.439606], [1.0, 0.073866, 0.0, 0.0, 0.0, 0.073866, NaN], [2.0, 0.006427, 0.0, 0.0, 0.0, 0.006427, NaN], [3.0, 0.0, 0.0, 0.0, 0.0, 0.0, NaN], [4.0, 0.0, 0.0, 0.0, 0.0, 0.0, NaN], [5.0, 0.058998, 0.0, 0.0, 0.0, 0.058998, NaN], [6.0, 0.065823, 0.0, 0.0, 0.0, 0.065823, NaN], [7.0, 0.041871, 0.0, 0.0, 0.0, 0.041871, NaN], [8.0, 0.0, 0.0, 0.0, 0.0, 0.0, NaN], [9.0, 0.0, 0.0, 0.0, 0.0, 0.0, NaN], [10.0, 0.058927, 0.0, 0.0, 0.0, 0.058927, NaN], [11.0, 0.060714, 0.0, 0.0, 0.0, 0.060714, NaN]]}, "15": {"index": [0, 1, 2, 3, 4, 5, 6, 7, 8, 9, 10, 11, 12, 13, 14, 15], "columns": {"0": "2019", "1": "12", "2": "0.072980", "3": "0.000000", "4": "0.000000.1", "5": "0.000000.2", "6": "Unnamed: 0"}, "data": [[2018, NaN, 1.052015, 0.0, 0.0, 0.0, 1.052015], [1, 0.030559, 0.0, 0.0, 0.0, 0.030559, NaN], [2, 0.109633, 0.0, 0.0, 0.0, 0.109633, NaN], [3, 0.100279, 0.0, 0.0, 0.0, 0.100279, NaN], [4, 0.107735, 0.0, 0.0, 0.0, 0.107735, NaN], [5, 0.06865, 0.0, 0.0, 0.0, 0.06865, NaN], [6, 0.108384, 0.0, 0.0, 0.0, 0.108384, NaN], [7, 0.119178, 0.0, 0.0, 0.0, 0.119178, NaN], [8, 0.09005, 0.0, 0.0, 0.0, 0.09005, NaN], [9, 0.082318, 0.0, 0.0, 0.0, 0.082318, NaN], [10, 0.084467, 0.0, 0.0, 0.0, 0.084467, NaN], [11, 0.074205, 0.0, 0.0, 0.0, 0.074205, NaN], [12, 0.076557, 0.0, 0.0, 0.0, 0.076557, NaN], [2017, NaN, 0.0, 0.0, 0.0, 0.0, 0.0], [11, 0.0, 0.0, 0.0, 0.0, 0.0, NaN], [12, 0.0, 0.0, 0.0, 0.0, 0.0, NaN]]}, "16": {"index": [0, 1, 2, 3, 4, 5, 6, 7, 8, 9, 10, 11, 12, 13, 14, 15, 16, 17, 18, 19, 20], "columns": {"0": "Unnamed: 0", "1": "Month", "2": "Gross - oil[mill Sm3]", "3": "Gross - gas[bill Sm3]", "4": "Gross -condensate[mill Sm3]", "5": "Gross - oilequivalents[mill Sm3]"}, "data": [["Sum", NaN, 5.181307, 0.745491, 0.0, 5.926798], ["2023", NaN, 0.32872, 0.048961, 0.0, 0.377681], [NaN, 1.0, 0.076076, 0.010289, 0.0, 0.086365], [NaN, 2.0, 0.058515, 0.008719, 0.0, 0.067234], [NaN, 3.0, 0.042475, 0.006204, 0.0, 0.048679], [NaN, 4.0, 0.05033, 0.007675, 0.0, 0.058005], [NaN, 5.0, 0.052135, 0.008204, 0.0, 0.060339], [NaN, 6.0, 0.049189, 0.00787, 0.0, 0.057059], ["2022", NaN, 1.178789, 0.187552, 0.0, 1.366341], ["1", 0.10351, 0.016137, 0.0, 0.119647, NaN], ["2", 0.096949, 0.01389, 0.0, 0.110839, NaN], ["3", 0.105341, 0.015148, 0.0, 0.120489, NaN], ["4", 0.125519, 0.018244, 0.0, 0.143763, NaN], ["5", 0.12636, 0.019016, 0.0, 0.145376, NaN], ["6", 0.121521, 0.018343, 0.0, 0.139864, NaN], ["7", 0.113105, 0.021013, 0.0, 0.134118, NaN], ["8", 0.088773, 0.016571, 0.0, 0.105344, NaN], ["9", 0.065744, 0.012027, 0.0, 0.077771, NaN], ["10", 0.082355, 0.014734, 0.0, 0.097089, NaN], ["11", 0.06662, 0.011248, 0.0, 0.077868, NaN], ["12", 0.082992, 0.011181, 0.0, 0.094173, NaN]]}, "17": {"index": [0, 1, 2, 3, 4, 5, 6, 7, 8, 9, 10, 11, 12, 13, 14, 15, 16, 17, 18, 19, 20, 21, 22, 23, 24, 25, 26, 27, 28, 29, 30, 31, 32, 33, 34, 35, 36, 37, 38, 39, 40, 41], "columns": {"0": "2021", "1": "Unnamed: 0", "2": "1.217602", "3": "0.175005", "4": "0.000000", "5": "1.392607"}, "data": [[NaN, 1.0, 0.132511, 0.018441, 0.0, 0.150952], [NaN, 2.0, 0.119046, 0.016347, 0.0, 0.135393], [NaN, 3.0, 0.127261, 0.018676, 0.0, 0.145937], [NaN, 4.0, 0.108352, 0.016277, 0.0, 0.124629], [NaN, 5.0, 0.029474, 0.00497, 0.0, 0.034444], [NaN, 6.0, 0.02898, 0.004525, 0.0, 0.033505], [NaN, 7.0, 0.132331, 0.018195, 0.0, 0.150526], [NaN, 8.0, 0.123534, 0.016701, 0.0, 0.140235], [NaN, 9.0, 0.108241, 0.015208, 0.0, 0.123449], [NaN, 10.0, 0.104461, 0.014736, 0.0, 0.119197], [NaN, 11.0, 0.097876, 0.014683, 0.0, 0.112559], [NaN, 12.0, 0.105535, 0.016246, 0.0, 0.121781], [2020.0, NaN, 0.820216, 0.116274, 0.0, 0.93649], [NaN, 1.0, 0.063282, 0.008838, 0.0, 0.07212], [NaN, 2.0, 0.06159, 0.008788, 0.0, 0.070378], [NaN, 3.0, 0.000195, 2.6e-05, 0.0, 0.000221], [NaN, 4.0, 0.058546, 0.007847, 0.0, 0.066393], [NaN, 5.0, -5.7e-05, 3e-06, 0.0, -5.4e-05], [NaN, 6.0, 0.025826, 0.003615, 0.0, 0.029441], [NaN, 7.0, 0.03606, 0.005457, 0.0, 0.041517], [NaN, 8.0, 0.07179, 0.00966, 0.0, 0.08145], [NaN, 9.0, 0.103877, 0.015123, 0.0, 0.119], [NaN, 10.0, 0.121976, 0.017089, 0.0, 0.139065], [NaN, 11.0, 0.135973, 0.020024, 0.0, 0.155997], [NaN, 12.0, 0.141158, 0.019804, 0.0, 0.160962], [2019.0, NaN, 0.431472, 0.055136, 0.0, 0.486608], [NaN, 1.0, 0.071743, 0.00945, 0.0, 0.081193], [NaN, 2.0, 0.00697, 0.000965, 0.0, 0.007935], [NaN, 3.0, 0.0, 0.0, 0.0, 0.0], [NaN, 4.0, 0.0, 0.0, 0.0, 0.0], [NaN, 5.0, 0.056687, 0.006816, 0.0, 0.063503], [NaN, 6.0, 0.062483, 0.007887, 0.0, 0.07037], [NaN, 7.0, 0.039597, 0.005545, 0.0, 0.045142], [NaN, 8.0, 0.0, 0.0, 0.0, 0.0], [NaN, 9.0, 0.0, 0.0, 0.0, 0.0], [NaN, 10.0, 0.060777, 0.00757, 0.0, 0.068347], [NaN, 11.0, 0.062541, 0.007681, 0.0, 0.070222], [NaN, 12.0, 0.070674, 0.009222, 0.0, 0.079896], [2018.0, NaN, 1.136087, 0.153726, 0.0, 1.289813], [1.0, 0.120417, 0.015111, 0.0, 0.135528, NaN], [2.0, 0.109935, 0.013836, 0.0, 0.123771, NaN], [3.0, 0.101319, 0.013466, 0.0, 0.114785, NaN]]}, "18": {"index": [0, 1, 2, 3, 4, 5, 6, 7, 8, 9, 10], "columns": {"0": "2018", "1": "4", "2": "0.108166", "3": "0.015410", "4": "0.000000", "5": "0.123576"}, "data": [[5, 0.067814, 0.009621, 0.0, 0.077435, NaN], [6, 0.107688, 0.013593, 0.0, 0.121281, NaN], [7, 0.118224, 0.016534, 0.0, 0.134758, NaN], [8, 0.090654, 0.012817, 0.0, 0.103471, NaN], [9, 0.081158, 0.011347, 0.0, 0.092505, NaN], [10, 0.083641, 0.011456, 0.0, 0.095097, NaN], [11, 0.072129, 0.0101, 0.0, 0.082229, NaN], [12, 0.074942, 0.010435, 0.0, 0.085377, NaN], [2017, NaN, 0.068421, 0.008837, 0.0, 0.077258], [11, 0.0, 0.0, 0.0, 0.0, NaN], [12, 0.068421, 0.008837, 0.0, 0.077258, NaN]]}, "19": {"index": [], "columns": {"0": "Unnamed: 0"}, "data": []}, "20": {"index": [0, 1, 2], "columns": {"0": "Wellbore name", "1": "Entered date", "2": "Completed", "3": "Purpose", "4": "Status", "5": "Content"}, "data": [[NaN, NaN, "date", NaN, NaN, NaN], ["6406/3-8", "16.05.2010", "10.08.2010", "WILDCAT", "P&A", "OIL"], ["6407/1-5 S", "31.01.2012", "21.05.2012", "APPRAISAL", "P&A", "OIL/GAS"]]}, "21": {"index": [0, 1, 2, 3, 4, 5, 6, 7, 8], "columns": {"0": "Wellbore name", "1": "Entered date", "2": "Completed", "3": "Purpose", "4": "Content"}, "data": [[NaN, NaN, "date", NaN, NaN], ["6406/3-G-1 H", "18.04.2017", "26.10.2017", "INJECTION", "WATER"], ["6406/3-G-2 H", "05.06.2020", "28.07.2020", "PRODUCTION", "OIL"], ["6406/3-G-3 H", "27.04.2017", "16.05.2017", "INJECTION", "WATER"], ["6406/3-G-4 H", "20.04.2017", "25.12.2017", "PRODUCTION", "OIL"], ["6406/3-H-1 H", "30.03.2017", "30.08.2017", "PRODUCTION", "OIL"], ["6406/3-H-2 H", "09.04.2017", "05.02.2018", "PRODUCTION", "OIL"], ["6406/3-H-3 H", "02.04.2017", "18.09.2017", "INJECTION", "WATER"], ["6406/3-H-3 AH", "13.03.2020", "17.05.2020", "INJECTION", "WATER"]]}, "22": {"index": [], "columns": {"0": "6406/3-H-4 H", "1": "28.03.2017", "2": "18.07.2017", "3": "PRODUCTION", "4": "OIL"}, "data": []}, "23": {"index": [0], "columns": {"0": "Wellbore name", "1": "Entered date", "2": "Completed", "3": "Purpose", "4": "Status"}, "data": [[NaN, NaN, "date", NaN, NaN]]}, "kind": "osdu:wks:master-data--Field:1.0.0 ", "id": "npd:master-data--Factpages-Field:26465170"}