{"0": {"index": [0, 1, 2, 3, 4, 5, 6], "columns": {"0": "Field name", "1": "SIGYN"}, "data": [["Factmaps in new window", "link to map"], ["Current activity status", "Producing"], ["Discovery wellbore", "16/7-4"], ["Discovery year.", "1982"], ["Main area", "North sea"], ["Main supply base", "Dusavik"], ["NPDID field", "1630100"]]}, "1": {"index": [0, 1], "columns": {"0": "Discovery name"}, "data": [["16/7-4 Sigyn"], ["16/7-7 S"]]}, "2": {"index": [0, 1, 2], "columns": {"0": "Status", "1": "Status from", "2": "Status to"}, "data": [["Producing", "22.12.2002", NaN], ["Approved for", "31.08.2001", "21.12.2002"], ["production", NaN, NaN]]}, "3": {"index": [0], "columns": {"0": "Unnamed: 0", "1": "Block name", "2": "Prod. licence"}, "data": [["16/7", NaN, 72]]}, "4": {"index": [0], "columns": {"0": "Owner kind", "1": "Unnamed: 0", "2": "Owner name"}, "data": [["PRODUCTION LICENSE", 72, NaN]]}, "5": {"index": [0, 1], "columns": {"0": "Unnamed: 0", "1": "Company name", "2": "Nation code", "3": "Company share [%]"}, "data": [["Equinor Energy AS", NaN, "NO", 60.0], ["V\u00e5r Energi ASA", NaN, "NO", 40.0]]}, "6": {"index": [0, 1, 2], "columns": {"0": "Orig. recoverable", "1": "Orig. recoverable.1", "2": "Orig. recoverable.2", "3": "Orig. recoverable.3", "4": "Orig. recoverable.4"}, "data": [["oil", "gas", "NGL", "cond.", "oil eq."], ["[mill Sm3]", "[bill Sm3]", "[mill tonn]", "[mill Sm3]", "[mill Sm3 o.e]"], ["1.40", "7.22", "2.86", "6.06", "20.11"]]}, "7": {"index": [0, 1], "columns": {"0": "Remaining oil", "1": "Remaining gas", "2": "Remaining NGL", "3": "Remaining cond.", "4": "Remaining oil eq."}, "data": [["[mill Sm3]", "[bill Sm3]", "[mill tonn]", "[mill Sm3]", "[mill Sm3 o.e]"], ["0.35", "0.05", "0.07", "0.00", "0.53"]]}, "8": {"index": [0, 1, 2], "columns": {"0": "Orig. inplace oil", "1": "Orig. inplace ass.", "2": "Orig. inplace ass..1", "3": "Orig. inplace free"}, "data": [["[mill Sm3]", "liquid", "gas", "gas"], [NaN, "[mill Sm3]", "[bill Sm3]", "[bill Sm3]"], ["16.00", "9.00", "3.00", "6.00"]]}, "9": {"index": [0, 1, 2, 3, 4, 5, 6, 7, 8, 9, 10, 11, 12, 13, 14, 15, 16, 17, 18, 19, 20, 21, 22, 23, 24], "columns": {"0": "Type", "1": "Text", "2": "Date"}, "data": [[NaN, NaN, "updated"], ["Development", "Sigyn is a field in the central part of the North Sea, 12", "28.02.2023"], [NaN, "kilometres southeast of the Sleipner \u00d8st field. The water depth", NaN], [NaN, "is 70 metres. Sigyn was discovered in 1982, and the plan for", NaN], [NaN, "development and operation (PDO) was approved in 2001. The", NaN], [NaN, "field is developed with a 4-slot subsea template tied-back to the", NaN], [NaN, "Sleipner A facility. Production started in 2002.", NaN], ["Reservoir", "The Sigyn field produces gas and condensate from two separate", "28.02.2023"], [NaN, "deposits, Sigyn West and Sigyn East. Sigyn West contains rich", NaN], [NaN, "gas and condensate, while Sigyn East contains light oil. Both", NaN], [NaN, "reservoirs are in Triassic sandstone in the Skagerrak Formation", NaN], [NaN, "and lie at a depth of 2,700 metres.", NaN], ["Recovery strategy", "Sigyn East is produced with pressure support from gas injection", "28.02.2023"], [NaN, "and Sigyn West is produced by pressure depletion.", NaN], ["Transport", "The well stream is sent through two pipelines to the Sleipner A", "28.02.2023"], [NaN, "facility. Sales gas is exported from Sleipner A via Gassled (Area", NaN], [NaN, "D). Unstable oil is exported by pipeline to the K\u00e5rst\u00f8 terminal", NaN], [NaN, "for final processing.", NaN], ["Status", "The field is in its late tail production phase. Production is limited", "28.02.2023"], [NaN, "by well performance and available flowlines. Currently, there is", NaN], [NaN, "only production from Sigyn East. Production from Sigyn West is", NaN], [NaN, "limited because the available flowlines are used to inject gas", NaN], [NaN, "and produce oil from Sigyn East. An infill well was put on", NaN], [NaN, "production on Sigyn East in 2022 and the existing producer was", NaN], [NaN, "converted to a gas injector.", NaN]]}, "10": {"index": [0, 1, 2, 3, 4, 5, 6, 7, 8, 9, 10, 11, 12, 13, 14, 15, 16, 17, 18, 19, 20, 21, 22, 23, 24], "columns": {"0": "Unnamed: 0", "1": "Investments"}, "data": [[NaN, "[mill NOK nominal"], [NaN, "values]"], ["Sum", "3392"], ["2021", "367"], ["2020", "20"], ["2019", "27"], ["2018", "-7"], ["2017", "12"], ["2016", "880"], ["2015", "44"], ["2014", "0"], ["2013", "0"], ["2012", "0"], ["2011", "0"], ["2010", "0"], ["2009", "0"], ["2008", "1"], ["2007", "1"], ["2006", "4"], ["2005", "8"], ["2004", "21"], ["2003", "-17"], ["2002", "1605"], ["2001", "421"], ["2000", "5"]]}, "11": {"index": [0, 1, 2, 3, 4, 5, 6, 7, 8, 9], "columns": {"0": "Unnamed: 0", "1": "Month", "2": "Net - oil", "3": "Net - gas", "4": "Net -", "5": "Net - NGL", "6": "Net - oil equivalents"}, "data": [[NaN, NaN, "[mill Sm3]", "[bill Sm3]", "condensate", "[mill Sm3]", NaN], [NaN, NaN, NaN, NaN, "[mill Sm3]", NaN, "[mill Sm3]"], ["Sum", NaN, "0.901627", "7.537569", "6.041924", "5.229072", "19.710192"], ["2023", NaN, "0.035264", "0.031177", "0.000000", "0.005314", "0.071755"], [NaN, 1.0, "0.001200", "0.007225", "0.000000", "0.000357", "0.008782"], [NaN, 2.0, "0.001018", "0.006203", "0.000000", "0.000289", "0.007510"], [NaN, 3.0, "0.009222", "0.005207", "0.000000", "0.001263", "0.015692"], [NaN, 4.0, "0.008867", "0.003588", "0.000000", "0.001204", "0.013659"], [NaN, 5.0, "0.008309", "0.004407", "0.000000", "0.001173", "0.013889"], [NaN, 6.0, "0.006648", "0.004547", "0.000000", "0.001028", "0.012223"]]}, "12": {"index": [0, 1, 2, 3, 4, 5, 6, 7, 8, 9, 10, 11, 12, 13, 14, 15, 16, 17, 18, 19, 20, 21, 22, 23, 24, 25, 26, 27, 28, 29, 30, 31, 32, 33, 34, 35, 36, 37, 38, 39, 40, 41], "columns": {"0": "2022", "1": "Unnamed: 0", "2": "0.058944", "3": "0.063002", "4": "0.000000", "5": "0.015983", "6": "0.137929"}, "data": [[NaN, 1.0, 0.001244, 0.005744, 0.0, 0.000472, 0.00746], [NaN, 2.0, 0.001959, 0.006448, 0.0, 0.000574, 0.008981], [NaN, 3.0, 0.020282, 0.006102, 0.0, 0.00489, 0.031274], [NaN, 4.0, 0.011303, 0.006303, 0.0, 0.002874, 0.02048], [NaN, 5.0, 0.008209, 0.005111, 0.0, 0.002206, 0.015526], [NaN, 6.0, 0.004391, 0.005777, 0.0, 0.001518, 0.011686], [NaN, 7.0, 0.002939, 0.002851, 0.0, 0.000796, 0.006586], [NaN, 8.0, 0.003387, 0.003849, 0.0, 0.001006, 0.008242], [NaN, 9.0, 0.002199, 0.002909, 0.0, 0.00072, 0.005828], [NaN, 10.0, 0.001091, 0.004663, 0.0, 0.000291, 0.006045], [NaN, 11.0, 0.000799, 0.006619, 0.0, 0.000295, 0.007713], [NaN, 12.0, 0.001141, 0.006626, 0.0, 0.000341, 0.008108], [2021.0, NaN, 0.031316, 0.072013, 0.0, 0.021326, 0.124655], [NaN, 1.0, 0.001857, 0.008089, 0.0, 0.002636, 0.012582], [NaN, 2.0, 0.001632, 0.007111, 0.0, 0.002285, 0.011028], [NaN, 3.0, 0.001918, 0.008051, 0.0, 0.002502, 0.012471], [NaN, 4.0, 0.00162, 0.007107, 0.0, 0.002186, 0.010913], [NaN, 5.0, 0.016599, 0.004648, 0.0, 0.006442, 0.027689], [NaN, 6.0, 0.001236, 0.006022, 0.0, 0.00113, 0.008388], [NaN, 7.0, 0.001605, 0.007389, 0.0, 0.001522, 0.010516], [NaN, 8.0, 0.001386, 0.006687, 0.0, 0.001313, 0.009386], [NaN, 9.0, 0.0, 0.0, 0.0, 0.0, 0.0], [NaN, 10.0, 0.000981, 0.006632, 0.0, 0.000406, 0.008019], [NaN, 11.0, 0.001104, 0.007124, 0.0, 0.000409, 0.008637], [NaN, 12.0, 0.001378, 0.003153, 0.0, 0.000495, 0.005026], [2020.0, NaN, 0.062438, 0.067063, 0.0, 0.037324, 0.166825], [NaN, 1.0, 0.013069, 0.00694, 0.0, 0.006824, 0.026833], [NaN, 2.0, 0.001938, 0.007729, 0.0, 0.002604, 0.012271], [NaN, 3.0, 0.001915, 0.008795, 0.0, 0.002847, 0.013557], [NaN, 4.0, 0.001695, 0.008433, 0.0, 0.002538, 0.012666], [NaN, 5.0, 0.009909, 0.007408, 0.0, 0.005584, 0.022901], [NaN, 6.0, 0.001812, 0.008514, 0.0, 0.002679, 0.013005], [NaN, 7.0, 0.008383, 0.006757, 0.0, 0.004264, 0.019404], [NaN, 8.0, 0.000268, 0.001152, 0.0, 0.000368, 0.001788], [NaN, 9.0, 0.0, 0.0, 0.0, 0.0, 0.0], [NaN, 10.0, 0.009178, 0.002994, 0.0, 0.002819, 0.014991], [NaN, 11.0, 0.013408, 0.004312, 0.0, 0.005596, 0.023316], [NaN, 12.0, 0.000863, 0.004029, 0.0, 0.001201, 0.006093], [2019.0, NaN, 0.051376, 0.095052, 0.0, 0.04067, 0.187098], [1.0, 0.002349, 0.009816, 0.0, 0.003206, 0.015371, NaN], [2.0, 0.006355, 0.008605, 0.0, 0.004142, 0.019102, NaN], [3.0, 0.004221, 0.008096, 0.0, 0.003656, NaN, NaN]]}, "13": {"index": [0, 1, 2, 3, 4, 5, 6, 7, 8, 9, 10, 11, 12, 13, 14, 15, 16, 17, 18, 19, 20, 21, 22, 23, 24, 25, 26, 27, 28, 29, 30, 31, 32, 33, 34, 35, 36, 37, 38, 39, 40, 41], "columns": {"0": "2019", "1": "4", "2": "0.002681", "3": "0.007832", "4": "0.000000", "5": "0.002805", "6": "0.013318"}, "data": [[NaN, 5.0, 0.010129, 0.007158, 0.0, 0.004967, 0.022254], [NaN, 6.0, 0.001751, 0.007613, 0.0, 0.002552, 0.011916], [NaN, 7.0, 0.006885, 0.006889, 0.0, 0.004052, 0.017826], [NaN, 8.0, 0.001807, 0.008482, 0.0, 0.002846, 0.013135], [NaN, 9.0, 0.001351, 0.006137, 0.0, 0.002001, 0.009489], [NaN, 10.0, 0.010084, 0.007419, 0.0, 0.004721, 0.022224], [NaN, 11.0, 0.001945, 0.008428, 0.0, 0.002876, 0.013249], [NaN, 12.0, 0.001818, 0.008577, 0.0, 0.002846, 0.013241], [2018.0, NaN, 0.067995, 0.087144, 0.0, 0.047115, 0.202254], [NaN, 1.0, 0.007524, 0.007723, 0.0, 0.004685, 0.019932], [NaN, 2.0, 0.007417, 0.005221, 0.0, 0.004147, 0.016785], [NaN, 3.0, 0.007697, 0.007581, 0.0, 0.004728, 0.020006], [NaN, 4.0, 0.004721, 0.007032, 0.0, 0.003285, 0.015038], [NaN, 5.0, 0.006867, 0.005403, 0.0, 0.004134, 0.016404], [NaN, 6.0, 0.005136, 0.009516, 0.0, 0.004502, 0.019154], [NaN, 7.0, 0.00415, 0.008553, 0.0, 0.003802, 0.016505], [NaN, 8.0, 0.006597, 0.007986, 0.0, 0.004623, 0.019206], [NaN, 9.0, 0.000257, 0.000948, 0.0, 0.000237, 0.001442], [NaN, 10.0, 0.006647, 0.009532, 0.0, 0.00507, 0.021249], [NaN, 11.0, 0.008151, 0.007918, 0.0, 0.004799, 0.020868], [NaN, 12.0, 0.002831, 0.009731, 0.0, 0.003103, 0.015665], [2017.0, NaN, 0.274949, 0.139203, 0.0, 0.123031, 0.537183], [NaN, 1.0, 0.038083, 0.020387, 0.0, 0.018533, 0.077003], [NaN, 2.0, 0.031274, 0.01824, 0.0, 0.016739, 0.066253], [NaN, 3.0, 0.026446, 0.011927, 0.0, 0.010381, 0.048754], [NaN, 4.0, 0.028634, 0.011367, 0.0, 0.01145, 0.051451], [NaN, 5.0, 0.02883, 0.01196, 0.0, 0.010846, 0.051636], [NaN, 6.0, 0.023519, 0.011309, 0.0, 0.009958, 0.044786], [NaN, 7.0, 0.022737, 0.011615, 0.0, 0.010166, 0.044518], [NaN, 8.0, 0.017006, 0.008802, 0.0, 0.007682, 0.03349], [NaN, 9.0, 0.018586, 0.010562, 0.0, 0.008426, 0.037574], [NaN, 10.0, 0.01854, 0.008831, 0.0, 0.008374, 0.035745], [NaN, 11.0, 0.014898, 0.007493, 0.0, 0.00683, 0.029221], [NaN, 12.0, 0.006396, 0.00671, 0.0, 0.003646, 0.016752], [2016.0, NaN, 0.217097, 0.181704, 0.0, 0.130873, 0.529674], [1.0, 0.003712, 0.013369, 0.0, 0.004517, 0.021598, NaN], [2.0, 0.003426, 0.01262, 0.0, 0.004274, 0.02032, NaN], [3.0, 0.003427, 0.012958, 0.0, 0.004556, 0.020941, NaN], [4.0, 0.00332, 0.012568, 0.0, 0.004194, 0.020082, NaN], [5.0, 0.00328, 0.012357, 0.0, 0.004109, 0.019746, NaN], [6.0, 0.002665, 0.010314, 0.0, 0.003223, 0.016202, NaN], [7.0, 0.033294, 0.021154, 0.0, 0.018986, 0.073434, NaN]]}, "14": {"index": [0, 1, 2, 3, 4, 5, 6, 7, 8, 9, 10, 11, 12, 13, 14, 15, 16, 17, 18, 19, 20, 21, 22, 23, 24, 25, 26, 27, 28, 29, 30, 31, 32, 33, 34, 35, 36, 37, 38, 39, 40, 41], "columns": {"0": "2016", "1": "8", "2": "0.034501", "3": "0.020139", "4": "0.000000", "5": "0.016999", "6": "0.071639"}, "data": [[NaN, 9.0, 0.013803, 0.007027, 0.0, 0.006661, 0.027491], [NaN, 10.0, 0.038933, 0.020794, 0.0, 0.021692, 0.081419], [NaN, 11.0, 0.039742, 0.01939, 0.0, 0.020911, 0.080043], [NaN, 12.0, 0.036994, 0.019014, 0.0, 0.020751, 0.076759], [2015.0, NaN, 0.068365, 0.179094, 0.0, 0.073707, 0.321166], [NaN, 1.0, 0.005887, 0.016598, 0.0, 0.007096, 0.029581], [NaN, 2.0, 0.00763, 0.015418, 0.0, 0.006462, 0.02951], [NaN, 3.0, 0.00598, 0.015257, 0.0, 0.008806, 0.030043], [NaN, 4.0, 0.007264, 0.017022, 0.0, 0.007616, 0.031902], [NaN, 5.0, 0.008408, 0.017448, 0.0, 0.007379, 0.033235], [NaN, 6.0, 0.008341, 0.017023, 0.0, 0.007564, 0.032928], [NaN, 7.0, 0.006794, 0.016158, 0.0, 0.006814, 0.029766], [NaN, 8.0, 0.003515, 0.011762, 0.0, 0.004243, 0.01952], [NaN, 9.0, 0.003492, 0.012653, 0.0, 0.004239, 0.020384], [NaN, 10.0, 0.004152, 0.013712, 0.0, 0.004665, 0.022529], [NaN, 11.0, 0.003474, 0.01306, 0.0, 0.004383, 0.020917], [NaN, 12.0, 0.003428, 0.012983, 0.0, 0.00444, 0.020851], [2014.0, NaN, 0.033883, 0.178142, 0.021086, 0.074021, 0.307132], [NaN, 1.0, 0.0, 0.021089, 0.012162, 0.012655, 0.045906], [NaN, 2.0, 0.0, 0.014124, 0.005089, 0.006778, 0.025991], [NaN, 3.0, 0.0, 0.015689, 0.003835, 0.006792, 0.026316], [NaN, 4.0, 0.003838, 0.015358, 0.0, 0.006268, 0.025464], [NaN, 5.0, 0.003386, 0.013705, 0.0, 0.004963, 0.022054], [NaN, 6.0, 0.00364, 0.015278, 0.0, 0.005949, 0.024867], [NaN, 7.0, 0.004172, 0.015685, 0.0, 0.005689, 0.025546], [NaN, 8.0, 0.001779, 0.007175, 0.0, 0.0027, 0.011654], [NaN, 9.0, 0.003303, 0.01217, 0.0, 0.004671, 0.020144], [NaN, 10.0, 0.003906, 0.015337, 0.0, 0.005532, 0.024775], [NaN, 11.0, 0.003676, 0.01488, 0.0, 0.005488, 0.024044], [NaN, 12.0, 0.006183, 0.017652, 0.0, 0.006536, 0.030371], [2013.0, NaN, 0.0, 0.271922, 0.206296, 0.17615, 0.654368], [1.0, 0.0, 0.026059, 0.022379, 0.017948, 0.066386, NaN], [2.0, 0.0, 0.024573, 0.020453, 0.016578, 0.061604, NaN], [3.0, 0.0, 0.02665, 0.023143, 0.0173, 0.067093, NaN], [4.0, 0.0, 0.026956, 0.023266, 0.015831, 0.066053, NaN], [5.0, 0.0, 0.026404, 0.022074, 0.017652, 0.06613, NaN], [6.0, 0.0, 0.024615, 0.019778, 0.016111, 0.060504, NaN], [7.0, 0.0, 0.022813, 0.017705, 0.016304, 0.056822, NaN], [8.0, 0.0, 0.019519, 0.014315, 0.013536, 0.04737, NaN], [9.0, 0.0, 0.017651, 0.009887, 0.009751, 0.037289, NaN], [10.0, 0.0, 0.01947, 0.011239, 0.012122, 0.042831, NaN], [11.0, 0.0, 0.018003, 0.0104, 0.010883, 0.039286, NaN]]}, "15": {"index": [0, 1, 2, 3, 4, 5, 6, 7, 8, 9, 10, 11, 12, 13, 14, 15, 16, 17, 18, 19, 20, 21, 22, 23, 24, 25, 26, 27, 28, 29, 30, 31, 32, 33, 34, 35, 36, 37, 38, 39, 40, 41], "columns": {"0": "2013", "1": "12", "2": "0.000000", "3": "0.019209", "4": "0.011657", "5": "0.012134", "6": "Unnamed: 0"}, "data": [[2012.0, NaN, 0.0, 0.335014, 0.275182, 0.223678, 0.833874], [NaN, 1.0, 0.0, 0.03413, 0.026982, 0.022247, 0.083359], [NaN, 2.0, 0.0, 0.031347, 0.024724, 0.021068, 0.077139], [NaN, 3.0, 0.0, 0.033486, 0.026357, 0.02177, 0.081613], [NaN, 4.0, 0.0, 0.030987, 0.025094, 0.020755, 0.076836], [NaN, 5.0, 0.0, 0.032527, 0.027508, 0.021402, 0.081437], [NaN, 6.0, 0.0, 0.032764, 0.025407, 0.020525, 0.078696], [NaN, 7.0, 0.0, 0.030574, 0.025697, 0.020268, 0.076539], [NaN, 8.0, 0.0, 0.016084, 0.013768, 0.010451, 0.040303], [NaN, 9.0, 0.0, 0.012849, 0.011179, 0.008188, 0.032216], [NaN, 10.0, 0.0, 0.026147, 0.022858, 0.017811, 0.066816], [NaN, 11.0, 0.0, 0.026103, 0.022444, 0.018726, 0.067273], [NaN, 12.0, 0.0, 0.028016, 0.023164, 0.020467, 0.071647], [2011.0, NaN, 0.0, 0.437603, 0.342879, 0.275047, 1.055529], [NaN, 1.0, 0.0, 0.037266, 0.032804, 0.023113, 0.093183], [NaN, 2.0, 0.0, 0.032903, 0.028836, 0.020043, 0.081782], [NaN, 3.0, 0.0, 0.038758, 0.033827, 0.023355, 0.09594], [NaN, 4.0, 0.0, 0.039445, 0.028514, 0.02388, 0.091839], [NaN, 5.0, 0.0, 0.038958, 0.029062, 0.025087, 0.093107], [NaN, 6.0, 0.0, 0.037136, 0.027847, 0.023016, 0.087999], [NaN, 7.0, 0.0, 0.03943, 0.029161, 0.024441, 0.093032], [NaN, 8.0, 0.0, 0.038392, 0.028287, 0.023752, 0.090431], [NaN, 9.0, 0.0, 0.027115, 0.021955, 0.018018, 0.067088], [NaN, 10.0, 0.0, 0.036995, 0.027465, 0.023861, 0.088321], [NaN, 11.0, 0.0, 0.035911, 0.027592, 0.023337, 0.08684], [NaN, 12.0, 0.0, 0.035294, 0.027529, 0.023144, 0.085967], [2010.0, NaN, 0.0, 0.411067, 0.342285, 0.255674, 1.009026], [NaN, 1.0, 0.0, 0.035655, 0.030494, 0.024669, 0.090818], [NaN, 2.0, 0.0, 0.034213, 0.028934, 0.023911, 0.087058], [NaN, 3.0, 0.0, 0.019195, 0.017093, 0.013623, 0.049911], [NaN, 4.0, 0.0, 0.039695, 0.03072, 0.024236, 0.094651], [NaN, 5.0, 0.0, 0.041837, 0.032591, 0.023897, 0.098325], [NaN, 6.0, 0.0, 0.041206, 0.03349, 0.024178, 0.098874], [NaN, 7.0, 0.0, 0.042429, 0.033418, 0.025196, 0.101043], [NaN, 8.0, 0.0, 0.021308, 0.017122, 0.012273, 0.050703], [NaN, 9.0, 0.0, 0.024793, 0.021535, 0.015603, 0.061931], [NaN, 10.0, 0.0, 0.03748, 0.034024, 0.023817, 0.095321], [NaN, 11.0, 0.0, 0.035922, 0.031362, 0.021987, 0.089271], [NaN, 12.0, 0.0, 0.037334, 0.031502, 0.022284, 0.09112], [2009.0, NaN, 0.0, 0.48468, 0.440255, 0.37011, 1.295045], [1.0, 0.0, 0.043231, 0.042946, 0.033285, 0.119462, NaN], [2.0, 0.0, 0.036432, 0.036236, 0.02882, 0.101488, NaN]]}, "16": {"index": [0, 1, 2, 3, 4, 5, 6, 7, 8, 9, 10, 11, 12, 13, 14, 15, 16, 17, 18, 19, 20, 21, 22, 23, 24, 25, 26, 27, 28, 29, 30, 31, 32, 33, 34, 35, 36, 37, 38, 39, 40, 41], "columns": {"0": "2009", "1": "3", "2": "0.000000", "3": "0.041583", "4": "0.040868", "5": "0.035371", "6": "0.117822"}, "data": [[NaN, 4.0, 0.0, 0.040001, 0.034522, 0.030703, 0.105226], [NaN, 5.0, 0.0, 0.04698, 0.037998, 0.033956, 0.118934], [NaN, 6.0, 0.0, 0.040254, 0.041925, 0.034782, 0.116961], [NaN, 7.0, 0.0, 0.040483, 0.029525, 0.027134, 0.097142], [NaN, 8.0, 0.0, 0.042285, 0.037102, 0.031588, 0.110975], [NaN, 9.0, 0.0, 0.033768, 0.029967, 0.025579, 0.089314], [NaN, 10.0, 0.0, 0.037674, 0.036673, 0.030825, 0.105172], [NaN, 11.0, 0.0, 0.041379, 0.036536, 0.029209, 0.107124], [NaN, 12.0, 0.0, 0.04061, 0.035957, 0.028858, 0.105425], [2008.0, NaN, 0.0, 0.545585, 0.508338, 0.43782, 1.491743], [NaN, 1.0, 0.0, 0.052962, 0.053767, 0.04346, 0.150189], [NaN, 2.0, 0.0, 0.044078, 0.046081, 0.038196, 0.128355], [NaN, 3.0, 0.0, 0.037978, 0.034468, 0.031396, 0.103842], [NaN, 4.0, 0.0, 0.051648, 0.039561, 0.047639, 0.138848], [NaN, 5.0, 0.0, 0.055876, 0.040263, 0.050563, 0.146702], [NaN, 6.0, 0.0, 0.048374, 0.048202, 0.034202, 0.130778], [NaN, 7.0, 0.0, 0.050388, 0.050326, 0.035783, 0.136497], [NaN, 8.0, 0.0, 0.031152, 0.030226, 0.023098, 0.084476], [NaN, 9.0, 0.0, 0.030393, 0.027837, 0.022334, 0.080564], [NaN, 10.0, 0.0, 0.048208, 0.047596, 0.038369, 0.134173], [NaN, 11.0, 0.0, 0.048408, 0.045801, 0.038716, 0.132925], [NaN, 12.0, 0.0, 0.04612, 0.04421, 0.034064, 0.124394], [2007.0, NaN, 0.0, 0.649327, 0.597925, 0.492441, 1.739693], [NaN, 1.0, 0.0, 0.056059, 0.049864, 0.040781, 0.146704], [NaN, 2.0, 0.0, 0.052685, 0.04439, 0.037493, 0.134568], [NaN, 3.0, 0.0, 0.052259, 0.047493, 0.039123, 0.138875], [NaN, 4.0, 0.0, 0.046819, 0.03855, 0.033471, 0.11884], [NaN, 5.0, 0.0, 0.060969, 0.055357, 0.044084, 0.16041], [NaN, 6.0, 0.0, 0.05611, 0.048904, 0.041401, 0.146415], [NaN, 7.0, 0.0, 0.053042, 0.053553, 0.042492, 0.149087], [NaN, 8.0, 0.0, 0.059174, 0.05835, 0.047146, 0.16467], [NaN, 9.0, 0.0, 0.048466, 0.044441, 0.03531, 0.128217], [NaN, 10.0, 0.0, 0.055466, 0.051814, 0.043283, 0.150563], [NaN, 11.0, 0.0, 0.054521, 0.053898, 0.044428, 0.152847], [NaN, 12.0, 0.0, 0.053757, 0.051311, 0.043429, 0.148497], [2006.0, NaN, 0.0, 0.715935, 0.64631, 0.500904, 1.863149], [1.0, 0.0, 0.073858, 0.078916, 0.052834, 0.205608, NaN], [2.0, 0.0, 0.061286, 0.059409, 0.043762, 0.164457, NaN], [3.0, 0.0, 0.069322, 0.066944, 0.048552, 0.184818, NaN], [4.0, 0.0, 0.065238, 0.063099, 0.046714, 0.175051, NaN], [5.0, 0.0, 0.065984, 0.062986, 0.043797, 0.172767, NaN], [6.0, 0.0, 0.004486, 0.004521, 0.004078, 0.013085, NaN]]}, "17": {"index": [0, 1, 2, 3, 4, 5, 6, 7, 8, 9, 10, 11, 12, 13, 14, 15, 16, 17, 18, 19, 20, 21, 22, 23, 24, 25, 26, 27, 28, 29, 30, 31, 32, 33, 34, 35, 36, 37, 38, 39, 40, 41], "columns": {"0": "2006", "1": "7", "2": "0.000000", "3": "0.064927", "4": "0.058302", "5": "0.047796", "6": "0.171025"}, "data": [[NaN, 8.0, 0.0, 0.060109, 0.050785, 0.041934, 0.152828], [NaN, 9.0, 0.0, 0.062634, 0.051808, 0.044521, 0.158963], [NaN, 10.0, 0.0, 0.06321, 0.053285, 0.043598, 0.160093], [NaN, 11.0, 0.0, 0.060114, 0.044115, 0.0392, 0.143429], [NaN, 12.0, 0.0, 0.064767, 0.05214, 0.044118, 0.161025], [2005.0, NaN, 0.0, 0.843717, 0.872442, 0.657386, 2.373545], [NaN, 1.0, 0.0, 0.079276, 0.088786, 0.062727, 0.230789], [NaN, 2.0, 0.0, 0.073355, 0.078489, 0.057036, 0.20888], [NaN, 3.0, 0.0, 0.062641, 0.067956, 0.04874, 0.179337], [NaN, 4.0, 0.0, 0.073223, 0.077818, 0.05835, 0.209391], [NaN, 5.0, 0.0, 0.073153, 0.074376, 0.056044, 0.203573], [NaN, 6.0, 0.0, 0.072308, 0.078885, 0.056408, 0.207601], [NaN, 7.0, 0.0, 0.074811, 0.077627, 0.058277, 0.210715], [NaN, 8.0, 0.0, 0.077224, 0.077124, 0.0581, 0.212448], [NaN, 9.0, 0.0, 0.054816, 0.056167, 0.041162, 0.152145], [NaN, 10.0, 0.0, 0.059145, 0.058345, 0.046111, 0.163601], [NaN, 11.0, 0.0, 0.07072, 0.069785, 0.054514, 0.195019], [NaN, 12.0, 0.0, 0.073045, 0.067084, 0.059917, 0.200046], [2004.0, NaN, 0.0, 0.835894, 0.901309, 0.659563, 2.396766], [NaN, 1.0, 0.0, 0.078828, 0.084635, 0.060345, 0.223808], [NaN, 2.0, 0.0, 0.064261, 0.072691, 0.049313, 0.186265], [NaN, 3.0, 0.0, 0.075029, 0.078143, 0.059589, 0.212761], [NaN, 4.0, 0.0, 0.068427, 0.072479, 0.055196, 0.196102], [NaN, 5.0, 0.0, 0.075483, 0.068181, 0.051535, 0.195199], [NaN, 6.0, 0.0, 0.078044, 0.082404, 0.06106, 0.221508], [NaN, 7.0, 0.0, 0.069954, 0.076662, 0.057837, 0.204453], [NaN, 8.0, 0.0, 0.030497, 0.035038, 0.026135, 0.09167], [NaN, 9.0, 0.0, 0.042601, 0.05139, 0.037357, 0.131348], [NaN, 10.0, 0.0, 0.085627, 0.092093, 0.067701, 0.245421], [NaN, 11.0, 0.0, 0.082481, 0.094453, 0.066177, 0.243111], [NaN, 12.0, 0.0, 0.084662, 0.09314, 0.067318, 0.24512], [2003.0, NaN, 0.0, 0.913231, 0.887617, 0.610935, 2.411783], [1.0, 0.0, 0.082557, 0.082509, 0.050972, 0.216038, NaN], [2.0, 0.0, 0.075892, 0.068134, 0.047434, 0.19146, NaN], [3.0, 0.0, 0.08399, 0.076821, 0.054007, 0.214818, NaN], [4.0, 0.0, 0.069344, 0.06463, 0.042688, 0.176662, NaN], [5.0, 0.0, 0.071489, 0.064835, 0.044945, 0.181269, NaN], [6.0, 0.0, 0.051685, 0.048558, 0.032839, 0.133082, NaN], [7.0, 0.0, 0.075983, 0.070084, 0.049419, 0.195486, NaN], [8.0, 0.0, 0.06906, 0.071786, 0.050307, 0.191153, NaN], [9.0, 0.0, 0.068597, 0.077829, 0.054384, 0.20081, NaN], [10.0, 0.0, 0.093305, 0.090623, 0.064558, 0.248486, NaN]]}, "18": {"index": [0, 1, 2], "columns": {"0": "2003", "1": "11", "2": "0.000000", "3": "0.087379", "4": "0.085201", "5": "0.058540", "6": "0.231120"}, "data": [[NaN, 12.0, 0.0, 0.08395, 0.086607, 0.060842, 0.231399], [2002.0, NaN, 0.0, 0.0, 0.0, 0.0, 0.0], [12.0, 0.0, 0.0, 0.0, 0.0, 0.0, NaN]]}, "19": {"index": [0, 1, 2, 3, 4, 5, 6, 7, 8, 9, 10, 11, 12, 13, 14, 15, 16, 17, 18, 19, 20, 21, 22, 23, 24, 25, 26, 27, 28, 29, 30, 31, 32, 33], "columns": {"0": "Unnamed: 0", "1": "Month", "2": "Gross - oil[mill Sm3]", "3": "Gross - gas[bill Sm3]", "4": "Gross -condensate[mill Sm3]", "5": "Gross - oilequivalents[mill Sm3]"}, "data": [["Sum", NaN, 0.0, 7.927363, 13.514551, 21.441914], ["2023", NaN, 0.0, 0.051002, 0.050377, 0.101379], [NaN, 1.0, 0.0, 0.007437, 0.002187, 0.009624], [NaN, 2.0, 0.0, 0.006471, 0.002106, 0.008577], [NaN, 3.0, 0.0, 0.009022, 0.012937, 0.021959], [NaN, 4.0, 0.0, 0.008743, 0.012005, 0.020748], [NaN, 5.0, 0.0, 0.009633, 0.011437, 0.02107], [NaN, 6.0, 0.0, 0.009696, 0.009705, 0.019401], ["2022", NaN, 0.0, 0.090376, 0.095185, 0.185561], [NaN, 1.0, 0.0, 0.007791, 0.002265, 0.010056], [NaN, 2.0, 0.0, 0.00677, 0.003062, 0.009832], [NaN, 3.0, 0.0, 0.010212, 0.029469, 0.039681], [NaN, 4.0, 0.0, 0.009776, 0.017137, 0.026913], [NaN, 5.0, 0.0, 0.00994, 0.012666, 0.022606], [NaN, 6.0, 0.0, 0.008018, 0.008702, 0.01672], [NaN, 7.0, 0.0, 0.005549, 0.005053, 0.010602], [NaN, 8.0, 0.0, 0.007607, 0.006362, 0.013969], [NaN, 9.0, 0.0, 0.005225, 0.00435, 0.009575], [NaN, 10.0, 0.0, 0.005607, 0.002064, 0.007671], [NaN, 11.0, 0.0, 0.006821, 0.002006, 0.008827], [NaN, 12.0, 0.0, 0.00706, 0.002049, 0.009109], ["2021", NaN, 0.0, 0.078844, 0.058618, 0.137462], ["1", 0.0, 0.008291, 0.005057, 0.013348, NaN], ["2", 0.0, 0.007326, 0.004407, 0.011733, NaN], ["3", 0.0, 0.008236, 0.005024, 0.01326, NaN], ["4", 0.0, 0.007275, 0.004438, 0.011713, NaN], ["5", 0.0, 0.004589, 0.023785, 0.028374, NaN], ["6", 0.0, 0.00619, 0.002836, 0.009026, NaN], ["7", 0.0, 0.007595, 0.003645, 0.01124, NaN], ["8", 0.0, 0.006892, 0.003196, 0.010088, NaN], ["9", 0.0, 0.0, 0.0, 0.0, NaN], ["10", 0.0, 0.006845, 0.001812, 0.008657, NaN], ["11", 0.0, 0.007363, 0.001994, 0.009357, NaN], ["12", 0.0, 0.008242, 0.002424, 0.010666, NaN]]}, "20": {"index": [0, 1, 2, 3, 4, 5, 6, 7, 8, 9, 10, 11, 12, 13, 14, 15, 16, 17, 18, 19, 20, 21, 22, 23, 24, 25, 26, 27, 28, 29, 30, 31, 32, 33, 34, 35, 36, 37, 38, 39, 40, 41], "columns": {"0": "2020", "1": "Unnamed: 0", "2": "0.000000", "3": "0.068453", "4": "0.107195", "5": "0.175648"}, "data": [[NaN, 1.0, 0.0, 0.00705, 0.02152, 0.02857], [NaN, 2.0, 0.0, 0.007921, 0.00512, 0.013041], [NaN, 3.0, 0.0, 0.009027, 0.005507, 0.014534], [NaN, 4.0, 0.0, 0.008653, 0.005056, 0.013709], [NaN, 5.0, 0.0, 0.007515, 0.016833, 0.024348], [NaN, 6.0, 0.0, 0.008746, 0.005081, 0.013827], [NaN, 7.0, 0.0, 0.00686, 0.013545, 0.020405], [NaN, 8.0, 0.0, 0.001181, 0.00072, 0.001901], [NaN, 9.0, 0.0, 0.0, 0.0, 0.0], [NaN, 10.0, 0.0, 0.003043, 0.011749, 0.014792], [NaN, 11.0, 0.0, 0.004319, 0.019649, 0.023968], [NaN, 12.0, 0.0, 0.004138, 0.002415, 0.006553], [2019.0, NaN, 0.0, 0.09726, 0.105699, 0.202959], [NaN, 1.0, 0.0, 0.010059, 0.006621, 0.01668], [NaN, 2.0, 0.0, 0.008776, 0.01227, 0.021046], [NaN, 3.0, 0.0, 0.008334, 0.009473, 0.017807], [NaN, 4.0, 0.0, 0.008029, 0.006407, 0.014436], [NaN, 5.0, 0.0, 0.007299, 0.016719, 0.024018], [NaN, 6.0, 0.0, 0.007806, 0.005138, 0.012944], [NaN, 7.0, 0.0, 0.00704, 0.01232, 0.01936], [NaN, 8.0, 0.0, 0.008661, 0.005699, 0.01436], [NaN, 9.0, 0.0, 0.006284, 0.004135, 0.010419], [NaN, 10.0, 0.0, 0.007564, 0.015687, 0.023251], [NaN, 11.0, 0.0, 0.008635, 0.005682, 0.014317], [NaN, 12.0, 0.0, 0.008773, 0.005548, 0.014321], [2018.0, NaN, 0.0, 0.09221, 0.120485, 0.212695], [NaN, 1.0, 0.0, 0.007979, 0.012426, 0.020405], [NaN, 2.0, 0.0, 0.005357, 0.011316, 0.016673], [NaN, 3.0, 0.0, 0.008006, 0.013157, 0.021163], [NaN, 4.0, 0.0, 0.007417, 0.009038, 0.016455], [NaN, 5.0, 0.0, 0.005772, 0.010728, 0.0165], [NaN, 6.0, 0.0, 0.010279, 0.010205, 0.020484], [NaN, 7.0, 0.0, 0.009242, 0.008493, 0.017735], [NaN, 8.0, 0.0, 0.008641, 0.01151, 0.020151], [NaN, 9.0, 0.0, 0.000805, 0.000657, 0.001462], [NaN, 10.0, 0.0, 0.010312, 0.012309, 0.022621], [NaN, 11.0, 0.0, 0.008536, 0.013534, 0.02207], [NaN, 12.0, 0.0, 0.009864, 0.007112, 0.016976], [2017.0, NaN, 0.0, 0.136997, 0.429178, 0.566175], [1.0, 0.0, 0.020069, 0.060313, 0.080382, NaN], [2.0, 0.0, 0.0181, 0.050366, 0.068466, NaN], [3.0, 0.0, 0.0109, 0.039655, 0.050555, NaN]]}, "21": {"index": [0, 1, 2, 3, 4, 5, 6, 7, 8, 9, 10, 11, 12, 13, 14, 15, 16, 17, 18, 19, 20, 21, 22, 23, 24, 25, 26, 27, 28, 29, 30, 31, 32, 33, 34, 35, 36, 37, 38, 39, 40, 41], "columns": {"0": "2017", "1": "4", "2": "0.000000", "3": "0.010929", "4": "0.042547", "5": "0.053476"}, "data": [[NaN, 5.0, 0.0, 0.011448, 0.042811, 0.054259], [NaN, 6.0, 0.0, 0.011223, 0.039442, 0.050665], [NaN, 7.0, 0.0, 0.01165, 0.035915, 0.047565], [NaN, 8.0, 0.0, 0.008843, 0.026592, 0.035435], [NaN, 9.0, 0.0, 0.010596, 0.02911, 0.039706], [NaN, 10.0, 0.0, 0.008879, 0.028747, 0.037626], [NaN, 11.0, 0.0, 0.007531, 0.022866, 0.030397], [NaN, 12.0, 0.0, 0.006829, 0.010814, 0.017643], [2016.0, NaN, 0.0, 0.184371, 0.374032, 0.558403], [NaN, 1.0, 0.0, 0.013752, 0.009114, 0.022866], [NaN, 2.0, 0.0, 0.012955, 0.008585, 0.02154], [NaN, 3.0, 0.0, 0.013551, 0.009058, 0.022609], [NaN, 4.0, 0.0, 0.013051, 0.008453, 0.021504], [NaN, 5.0, 0.0, 0.013151, 0.008618, 0.021769], [NaN, 6.0, 0.0, 0.010534, 0.006822, 0.017356], [NaN, 7.0, 0.0, 0.02121, 0.055765, 0.076975], [NaN, 8.0, 0.0, 0.020567, 0.0571, 0.077667], [NaN, 9.0, 0.0, 0.006719, 0.022294, 0.029013], [NaN, 10.0, 0.0, 0.020551, 0.063511, 0.084062], [NaN, 11.0, 0.0, 0.019004, 0.06354, 0.082544], [NaN, 12.0, 0.0, 0.019326, 0.061172, 0.080498], [2015.0, NaN, 0.0, 0.187561, 0.158969, 0.34653], [NaN, 1.0, 0.0, 0.017381, 0.014625, 0.032006], [NaN, 2.0, 0.0, 0.016401, 0.016441, 0.032842], [NaN, 3.0, 0.0, 0.016731, 0.015981, 0.032712], [NaN, 4.0, 0.0, 0.017704, 0.016148, 0.033852], [NaN, 5.0, 0.0, 0.018195, 0.017546, 0.035741], [NaN, 6.0, 0.0, 0.017744, 0.017268, 0.035012], [NaN, 7.0, 0.0, 0.016883, 0.015012, 0.031895], [NaN, 8.0, 0.0, 0.012245, 0.008838, 0.021083], [NaN, 9.0, 0.0, 0.013134, 0.009139, 0.022273], [NaN, 10.0, 0.0, 0.014186, 0.010107, 0.024293], [NaN, 11.0, 0.0, 0.013519, 0.008959, 0.022478], [NaN, 12.0, 0.0, 0.013438, 0.008905, 0.022343], [2014.0, NaN, 0.0, 0.186388, 0.146582, 0.33297], [1.0, 0.0, 0.021171, 0.027452, 0.048623, NaN], [2.0, 0.0, 0.014516, 0.013617, 0.028133, NaN], [3.0, 0.0, 0.016338, 0.012355, 0.028693, NaN], [4.0, 0.0, 0.016652, 0.011439, 0.028091, NaN], [5.0, 0.0, 0.014515, 0.009732, 0.024247, NaN], [6.0, 0.0, 0.01619, 0.010894, 0.027084, NaN], [7.0, 0.0, 0.016617, 0.011204, 0.027821, NaN]]}, "22": {"index": [0, 1, 2, 3, 4, 5, 6, 7, 8, 9, 10, 11, 12, 13, 14, 15, 16, 17, 18, 19, 20, 21, 22, 23, 24, 25, 26, 27, 28, 29, 30, 31, 32, 33, 34, 35, 36, 37, 38, 39, 40, 41], "columns": {"0": "2014", "1": "8", "2": "0.000000", "3": "0.007709", "4": "0.005263", "5": "0.012972"}, "data": [[NaN, 9.0, 0.0, 0.012814, 0.009038, 0.021852], [NaN, 10.0, 0.0, 0.015993, 0.010743, 0.026736], [NaN, 11.0, 0.0, 0.015476, 0.010433, 0.025909], [NaN, 12.0, 0.0, 0.018397, 0.014412, 0.032809], [2013.0, NaN, 0.0, 0.297037, 0.411041, 0.708078], [NaN, 1.0, 0.0, 0.028804, 0.042273, 0.071077], [NaN, 2.0, 0.0, 0.027303, 0.038834, 0.066137], [NaN, 3.0, 0.0, 0.029679, 0.04263, 0.072309], [NaN, 4.0, 0.0, 0.029707, 0.041555, 0.071262], [NaN, 5.0, 0.0, 0.028904, 0.042509, 0.071413], [NaN, 6.0, 0.0, 0.026726, 0.038122, 0.064848], [NaN, 7.0, 0.0, 0.025646, 0.037009, 0.062655], [NaN, 8.0, 0.0, 0.021703, 0.030517, 0.05222], [NaN, 9.0, 0.0, 0.018733, 0.022227, 0.04096], [NaN, 10.0, 0.0, 0.021145, 0.025714, 0.046859], [NaN, 11.0, 0.0, 0.018678, 0.02349, 0.042168], [NaN, 12.0, 0.0, 0.020009, 0.026161, 0.04617], [2012.0, NaN, 0.0, 0.356697, 0.524384, 0.881081], [NaN, 1.0, 0.0, 0.035482, 0.051914, 0.087396], [NaN, 2.0, 0.0, 0.032714, 0.047569, 0.080283], [NaN, 3.0, 0.0, 0.035028, 0.0504, 0.085428], [NaN, 4.0, 0.0, 0.032368, 0.047959, 0.080327], [NaN, 5.0, 0.0, 0.0343, 0.051401, 0.085701], [NaN, 6.0, 0.0, 0.03387, 0.04894, 0.08281], [NaN, 7.0, 0.0, 0.032844, 0.04849, 0.081334], [NaN, 8.0, 0.0, 0.017493, 0.025825, 0.043318], [NaN, 9.0, 0.0, 0.014371, 0.020585, 0.034956], [NaN, 10.0, 0.0, 0.028653, 0.042657, 0.07131], [NaN, 11.0, 0.0, 0.028722, 0.043249, 0.071971], [NaN, 12.0, 0.0, 0.030852, 0.045395, 0.076247], [2011.0, NaN, 0.0, 0.448129, 0.644785, 1.092914], [1.0, 0.0, 0.038414, 0.05777, 0.096184, NaN], [2.0, 0.0, 0.034246, 0.050691, 0.084937, NaN], [3.0, 0.0, 0.039901, 0.059091, 0.098992, NaN], [4.0, 0.0, 0.039511, 0.054971, 0.094482, NaN], [5.0, 0.0, 0.039399, 0.056432, 0.095831, NaN], [6.0, 0.0, 0.037547, 0.053642, 0.091189, NaN], [7.0, 0.0, 0.040189, 0.05625, 0.096439, NaN], [8.0, 0.0, 0.039128, 0.054579, 0.093707, NaN], [9.0, 0.0, 0.028134, 0.041587, 0.069721, NaN], [10.0, 0.0, 0.038088, 0.053448, 0.091536, NaN], [11.0, 0.0, 0.037106, 0.053073, 0.090179, NaN]]}, "23": {"index": [0, 1, 2, 3, 4, 5, 6, 7, 8, 9, 10, 11, 12, 13, 14, 15, 16, 17, 18, 19, 20, 21, 22, 23, 24, 25, 26, 27, 28, 29, 30, 31, 32, 33, 34, 35, 36, 37, 38, 39, 40, 41], "columns": {"0": "2011", "1": "12", "2": "0.000000", "3": "0.036466", "4": "0.053251", "5": "0.089717"}, "data": [[2010.0, NaN, 0.0, 0.427376, 0.628118, 1.055494], [NaN, 1.0, 0.0, 0.036591, 0.059179, 0.09577], [NaN, 2.0, 0.0, 0.034999, 0.056625, 0.091624], [NaN, 3.0, 0.0, 0.019921, 0.033001, 0.052922], [NaN, 4.0, 0.0, 0.041886, 0.057423, 0.099309], [NaN, 5.0, 0.0, 0.043803, 0.058978, 0.102781], [NaN, 6.0, 0.0, 0.043137, 0.060492, 0.103629], [NaN, 7.0, 0.0, 0.044544, 0.061497, 0.106041], [NaN, 8.0, 0.0, 0.022443, 0.030987, 0.05343], [NaN, 9.0, 0.0, 0.026077, 0.039086, 0.065163], [NaN, 10.0, 0.0, 0.039553, 0.059678, 0.099231], [NaN, 11.0, 0.0, 0.036441, 0.055365, 0.091806], [NaN, 12.0, 0.0, 0.037981, 0.055807, 0.093788], [2009.0, NaN, 0.0, 0.532948, 0.922398, 1.455346], [NaN, 1.0, 0.0, 0.049794, 0.085563, 0.135357], [NaN, 2.0, 0.0, 0.042172, 0.072409, 0.114581], [NaN, 3.0, 0.0, 0.048066, 0.085087, 0.133153], [NaN, 4.0, 0.0, 0.046733, 0.083238, 0.129971], [NaN, 5.0, 0.0, 0.0492, 0.085992, 0.135192], [NaN, 6.0, 0.0, 0.046867, 0.081025, 0.127892], [NaN, 7.0, 0.0, 0.04108, 0.068645, 0.109725], [NaN, 8.0, 0.0, 0.045861, 0.082108, 0.127969], [NaN, 9.0, 0.0, 0.03546, 0.065966, 0.101426], [NaN, 10.0, 0.0, 0.043318, 0.072534, 0.115852], [NaN, 11.0, 0.0, 0.042588, 0.070281, 0.112869], [NaN, 12.0, 0.0, 0.041809, 0.06955, 0.111359], [2008.0, NaN, 0.0, 0.594779, 1.078313, 1.673092], [NaN, 1.0, 0.0, 0.060196, 0.113505, 0.173701], [NaN, 2.0, 0.0, 0.047498, 0.097448, 0.144946], [NaN, 3.0, 0.0, 0.041091, 0.076832, 0.117923], [NaN, 4.0, 0.0, 0.055175, 0.100711, 0.155886], [NaN, 5.0, 0.0, 0.058443, 0.103603, 0.162046], [NaN, 6.0, 0.0, 0.052986, 0.093981, 0.146967], [NaN, 7.0, 0.0, 0.05617, 0.09806, 0.15423], [NaN, 8.0, 0.0, 0.033953, 0.060318, 0.094271], [NaN, 9.0, 0.0, 0.03307, 0.057548, 0.090618], [NaN, 10.0, 0.0, 0.05236, 0.095359, 0.147719], [NaN, 11.0, 0.0, 0.053648, 0.093541, 0.147189], [NaN, 12.0, 0.0, 0.050189, 0.087407, 0.137596], [2007.0, NaN, 0.0, 0.687388, 1.215167, 1.902555], [1.0, 0.0, 0.06266, 0.098583, 0.161243, NaN], [2.0, 0.0, 0.05844, 0.090057, 0.148497, NaN]]}, "24": {"index": [0, 1, 2, 3, 4, 5, 6, 7, 8, 9, 10, 11, 12, 13, 14, 15, 16, 17, 18, 19, 20, 21, 22, 23, 24, 25, 26, 27, 28, 29, 30, 31, 32, 33, 34, 35, 36, 37, 38, 39, 40, 41], "columns": {"0": "2007", "1": "3", "2": "0.000000", "3": "0.054796", "4": "0.096120", "5": "0.150916"}, "data": [[NaN, 4.0, 0.0, 0.0497, 0.078597, 0.128297], [NaN, 5.0, 0.0, 0.065024, 0.110627, 0.175651], [NaN, 6.0, 0.0, 0.05953, 0.100552, 0.160082], [NaN, 7.0, 0.0, 0.055099, 0.106021, 0.16112], [NaN, 8.0, 0.0, 0.062439, 0.118007, 0.180446], [NaN, 9.0, 0.0, 0.051099, 0.088705, 0.139804], [NaN, 10.0, 0.0, 0.057107, 0.108196, 0.165303], [NaN, 11.0, 0.0, 0.056245, 0.111133, 0.167378], [NaN, 12.0, 0.0, 0.055249, 0.108569, 0.163818], [2006.0, NaN, 0.0, 0.735963, 1.250475, 1.986438], [NaN, 1.0, 0.0, 0.077708, 0.139316, 0.217024], [NaN, 2.0, 0.0, 0.067547, 0.122315, 0.189862], [NaN, 3.0, 0.0, 0.068683, 0.125935, 0.194618], [NaN, 4.0, 0.0, 0.065452, 0.121085, 0.186537], [NaN, 5.0, 0.0, 0.068711, 0.123536, 0.192247], [NaN, 6.0, 0.0, 0.004641, 0.009591, 0.014232], [NaN, 7.0, 0.0, 0.06616, 0.113263, 0.179423], [NaN, 8.0, 0.0, 0.06152, 0.099584, 0.161104], [NaN, 9.0, 0.0, 0.064057, 0.102136, 0.166193], [NaN, 10.0, 0.0, 0.064447, 0.103387, 0.167834], [NaN, 11.0, 0.0, 0.061305, 0.088678, 0.149983], [NaN, 12.0, 0.0, 0.065732, 0.101649, 0.167381], [2005.0, NaN, 0.0, 0.875012, 1.711611, 2.586623], [NaN, 1.0, 0.0, 0.081576, 0.170653, 0.252229], [NaN, 2.0, 0.0, 0.076072, 0.152396, 0.228468], [NaN, 3.0, 0.0, 0.064099, 0.132048, 0.196147], [NaN, 4.0, 0.0, 0.078894, 0.156499, 0.235393], [NaN, 5.0, 0.0, 0.072972, 0.143839, 0.216811], [NaN, 6.0, 0.0, 0.076905, 0.149185, 0.22609], [NaN, 7.0, 0.0, 0.078742, 0.151001, 0.229743], [NaN, 8.0, 0.0, 0.07931, 0.150819, 0.230129], [NaN, 9.0, 0.0, 0.055381, 0.107438, 0.162819], [NaN, 10.0, 0.0, 0.060129, 0.115713, 0.175842], [NaN, 11.0, 0.0, 0.074319, 0.138734, 0.213053], [NaN, 12.0, 0.0, 0.076613, 0.143286, 0.219899], [2004.0, NaN, 0.0, 0.869172, 1.775602, 2.644774], [1.0, 0.0, 0.081846, 0.157838, 0.239684, NaN], [2.0, 0.0, 0.066893, 0.134796, 0.201689, NaN], [3.0, 0.0, 0.077835, 0.155245, 0.23308, NaN], [4.0, 0.0, 0.071089, 0.14416, 0.215249, NaN], [5.0, 0.0, 0.078007, 0.150789, 0.228796, NaN], [6.0, 0.0, 0.080416, 0.16296, 0.243376, NaN]]}, "25": {"index": [0, 1, 2, 3, 4, 5, 6, 7, 8, 9, 10, 11, 12, 13, 14, 15, 16, 17, 18, 19], "columns": {"0": "2004", "1": "7", "2": "0.000000", "3": "0.072124", "4": "0.151961", "5": "0.224085"}, "data": [[NaN, 8.0, 0.0, 0.031472, 0.067499, 0.098971], [NaN, 9.0, 0.0, 0.045288, 0.105278, 0.150566], [NaN, 10.0, 0.0, 0.090145, 0.181322, 0.271467], [NaN, 11.0, 0.0, 0.086838, 0.182578, 0.269416], [NaN, 12.0, 0.0, 0.087219, 0.181176, 0.268395], [2003.0, NaN, 0.0, 0.911042, 1.682145, 2.593187], [NaN, 1.0, 0.0, 0.082234, 0.147656, 0.22989], [NaN, 2.0, 0.0, 0.073621, 0.128883, 0.202504], [NaN, 3.0, 0.0, 0.078612, 0.142618, 0.22123], [NaN, 4.0, 0.0, 0.066762, 0.130953, 0.197715], [NaN, 5.0, 0.0, 0.068735, 0.126146, 0.194881], [NaN, 6.0, 0.0, 0.050276, 0.094577, 0.144853], [NaN, 7.0, 0.0, 0.071355, 0.131732, 0.203087], [NaN, 8.0, 0.0, 0.073957, 0.146095, 0.220052], [NaN, 9.0, 0.0, 0.070748, 0.145433, 0.216181], [NaN, 10.0, 0.0, 0.097027, 0.169254, 0.266281], [NaN, 11.0, 0.0, 0.090805, 0.157517, 0.248322], [NaN, 12.0, 0.0, 0.08691, 0.161281, 0.248191], [2002.0, NaN, 0.0, 0.018358, 0.024192, 0.04255], [12.0, 0.0, 0.018358, 0.024192, 0.04255, NaN]]}, "26": {"index": [], "columns": {"0": "Unnamed: 0"}, "data": []}, "27": {"index": [0, 1, 2, 3], "columns": {"0": "Wellbore name", "1": "Entered date", "2": "Completed", "3": "Purpose", "4": "Status", "5": "Content"}, "data": [[NaN, NaN, "date", NaN, NaN, NaN], ["16/7-4", "15.10.1982", "06.12.1982", "WILDCAT", "P&A", "GAS/CONDE"], [NaN, NaN, NaN, NaN, NaN, "NSATE"], ["16/7-7 S", "20.10.1997", "29.12.1997", "WILDCAT", "P&A", "OIL"]]}, "28": {"index": [0, 1, 2, 3, 4, 5], "columns": {"0": "Wellbore name", "1": "Entered date", "2": "Completed", "3": "Purpose", "4": "Content"}, "data": [[NaN, NaN, "date", NaN, NaN], ["16/7-A-1 H", "11.12.2001", "12.04.2002", "PRODUCTION", "GAS"], ["16/7-A-2 H", "19.01.2002", "10.03.2002", "PRODUCTION", "GAS"], ["16/7-A-3 H", "17.12.2001", "25.03.2002", "PRODUCTION", "OIL"], ["16/7-A-3 AH", "09.10.2021", "23.10.2021", "PRODUCTION", "OIL"], ["16/7-A-4 H", "27.04.2016", "13.06.2016", "PRODUCTION", "OIL"]]}, "29": {"index": [0], "columns": {"0": "Wellbore name", "1": "Entered date", "2": "Completeddate", "3": "Purpose", "4": "Status"}, "data": [["16/7-U-1", "07.07.2011", "09.07.2011", "PILOT", "P&A"]]}, "kind": "osdu:wks:master-data--Field:1.0.0 ", "id": "npd:master-data--Factpages-Field:1630100"}