{"0": {"index": [0, 1, 2, 3, 4, 5, 6], "columns": {"0": "Field name", "1": "SINDRE"}, "data": [["Factmaps in new window", "link to map"], ["Current activity status", "Producing"], ["Discovery wellbore", "34/10-55 S"], ["Discovery year.", "2017"], ["Main area", "North sea"], ["Main supply base", NaN], ["NPDID field", "29401178"]]}, "1": {"index": [0, 1, 2], "columns": {"0": "Status", "1": "Status from", "2": "Status to"}, "data": [["Producing", "26.05.2017", NaN], ["Approved for", "27.03.2017", "25.05.2017"], ["production", NaN, NaN]]}, "2": {"index": [0, 1, 2], "columns": {"0": "Block name", "1": "Prod. licence"}, "data": [["34/10", "050 DS"], ["34/11", "193 FS"], ["34/8", "120 B"]]}, "3": {"index": [0, 1], "columns": {"0": "Owner kind", "1": "Owner name"}, "data": [["BUSINESS ARRANGEMENT", "BRIME UNIT"], ["AREA", NaN]]}, "4": {"index": [0, 1], "columns": {"0": "Unnamed: 0", "1": "Company name", "2": "Nation code", "3": "Company share [%]"}, "data": [["Equinor Energy AS", NaN, "NO", 74.66], ["Petoro AS", NaN, "NO", 25.34]]}, "5": {"index": [0], "columns": {"0": "Orig. recoverableoil[mill Sm3]", "1": "Orig. recoverablegas[bill Sm3]", "2": "Orig. recoverableNGL[mill tonn]", "3": "Orig. recoverablecond.[mill Sm3]", "4": "Orig. recoverableoil eq.[mill Sm3 o.e]"}, "data": [[0.1, 0.07, 0.01, 0.0, 0.19]]}, "6": {"index": [0], "columns": {"0": "Remaining oil[mill Sm3]", "1": "Remaining gas[bill Sm3]", "2": "Remaining NGL[mill tonn]", "3": "Remaining cond.[mill Sm3]", "4": "Remaining oil eq.[mill Sm3 o.e]"}, "data": [[0.08, 0.05, 0.01, 0.0, 0.15]]}, "7": {"index": [0], "columns": {"0": "Orig. inplace oil[mill Sm3]", "1": "Orig. inplace ass.liquid[mill Sm3]", "2": "Orig. inplace ass.gas[bill Sm3]", "3": "Orig. inplace freegas[bill Sm3]"}, "data": [[12.0, 1.0, 4.0, 1.0]]}, "8": {"index": [0, 1, 2, 3, 4], "columns": {"0": "Type", "1": "Text", "2": "Dateupdated"}, "data": [["Development", "Sindre is a field in the northern part of the North Sea, threekilometres northeast of the Gullfaks field. The water depth is250 metres. Sindre was discovered and granted exemption froma plan for development and operation (PDO) in 2017. The fieldis developed with one production well drilled from the Gullfaks Cplatform. Production started in 2017.", "28.02.2023"], ["Reservoir", "Sindre contains oil in Upper Triassic to Lower Jurassic sandstonein the Lunde Formation, Statfjord Group and Dunlin Group. Themain reservoir lies at a depth of 3,100 metres. The reservoirquality is good, but sealing faults reduce communication in thereservoir. Reservoir is also identified in Middle Jurassicsandstone in the Brent Group.", "28.02.2023"], ["Recovery strategy", "The field is produced by pressure depletion, but rapid pressuredecline may necessitate pressure support.", "28.02.2023"], ["Transport", "The well stream from Sindre is processed together with theproduction from the Gimle field at the Gullfaks C facility, andtransported further with oil and gas from the Gullfaks field.", "28.02.2023"], ["Status", "The field has been shut down for a long time due to lowreservoir pressure. It has been possible to produce the well fora limited period at the end of 2022 after pressure build-up. Anew well is planned to be drilled in 2023 in the area betweenSindre and Gimle fields. Sindre and Gimle have recently beenmerged into a unit called Brime.", NaN]]}, "9": {"index": [], "columns": {"0": "The operators future investments related to the reservers from2022 [mill NOK 2022-kroner]. The stated investment estimate hasnot been corrected for possible investment sharing.", "1": "279"}, "data": []}, "10": {"index": [0, 1, 2, 3, 4, 5, 6, 7], "columns": {"0": "Unnamed: 0", "1": "Investments"}, "data": [[NaN, "[mill NOK nominal"], [NaN, "values]"], ["Sum", "343"], ["2021", "9"], ["2020", "0"], ["2019", "6"], ["2018", "0"], ["2017", "328"]]}, "11": {"index": [0, 1, 2, 3, 4, 5, 6, 7, 8, 9, 10, 11, 12, 13, 14, 15, 16, 17, 18, 19, 20, 21, 22, 23, 24, 25, 26, 27, 28, 29], "columns": {"0": "Unnamed: 0", "1": "Month", "2": "Net - oil", "3": "Net - gas", "4": "Net -", "5": "Net - NGL", "6": "Net - oil equivalents"}, "data": [[NaN, NaN, "[mill Sm3]", "[bill Sm3]", "condensate", "[mill Sm3]", NaN], [NaN, NaN, NaN, NaN, "[mill Sm3]", NaN, "[mill Sm3]"], ["Sum", NaN, "0.025906", "0.037272", "0.000000", "0.007554", "0.070732"], ["2023", NaN, "0.003893", "0.016854", "0.000000", "0.002995", "0.023742"], [NaN, 1.0, "-0.000115", "0.001278", "0.000000", "0.000221", "0.001384"], [NaN, 2.0, "-0.000115", "0.001199", "0.000000", "0.000203", "0.001287"], [NaN, 3.0, "0.002205", "0.006292", "0.000000", "0.001113", "0.009610"], [NaN, 4.0, "0.002148", "0.005480", "0.000000", "0.000992", "0.008620"], [NaN, 5.0, "-0.000115", "0.001327", "0.000000", "0.000236", "0.001448"], [NaN, 6.0, "-0.000115", "0.001278", "0.000000", "0.000230", "0.001393"], ["2022", NaN, "0.002909", "0.013656", "0.000000", "0.002761", "0.019326"], [NaN, 1.0, "0.000223", "0.001151", "0.000000", "0.000263", "0.001637"], [NaN, 2.0, "0.000243", "0.001046", "0.000000", "0.000224", "0.001513"], [NaN, 3.0, "0.000243", "0.001160", "0.000000", "0.000239", "0.001642"], [NaN, 4.0, "0.000243", "0.001122", "0.000000", "0.000231", "0.001596"], [NaN, 5.0, "0.000243", "0.001154", "0.000000", "0.000250", "0.001647"], [NaN, 6.0, "0.000243", "0.001133", "0.000000", "0.000240", "0.001616"], [NaN, 7.0, "0.000243", "0.001164", "0.000000", "0.000238", "0.001645"], [NaN, 8.0, "0.000243", "0.001161", "0.000000", "0.000240", "0.001644"], [NaN, 9.0, "0.000243", "0.001121", "0.000000", "0.000241", "0.001605"], [NaN, 10.0, "0.000243", "0.001161", "0.000000", "0.000193", "0.001597"], [NaN, 11.0, "0.000243", "0.001123", "0.000000", "0.000196", "0.001562"], [NaN, 12.0, "0.000256", "0.001160", "0.000000", "0.000206", "0.001622"], ["2021", NaN, "-0.003348", "0.006762", "0.000000", "0.001798", "0.005212"], [NaN, 1.0, "-0.000333", "0.000000", "0.000000", "0.000000", "-0.000333"], [NaN, 2.0, "-0.000333", "0.000000", "0.000000", "0.000000", "-0.000333"], [NaN, 3.0, "-0.000333", "0.000000", "0.000000", "0.000000", "-0.000333"], [NaN, 4.0, "-0.000333", "0.000000", "0.000000", "0.000000", "-0.000333"], [NaN, 5.0, "-0.000333", "0.000000", "0.000000", "0.000000", "-0.000333"], [NaN, 6.0, "-0.000333", "0.000000", "0.000000", "0.000000", "-0.000333"]]}, "12": {"index": [0, 1, 2, 3, 4, 5, 6, 7, 8, 9, 10, 11, 12, 13, 14, 15, 16, 17, 18, 19, 20, 21, 22, 23, 24, 25, 26, 27, 28, 29, 30, 31, 32, 33, 34, 35, 36, 37, 38, 39, 40, 41], "columns": {"0": "2021", "1": "7", "2": "-0.000215", "3": "0.001118", "4": "0.000000", "5": "0.000381", "6": "0.001284"}, "data": [[NaN, 8.0, -0.000215, 0.001133, 0.0, 0.000313, 0.001231], [NaN, 9.0, -0.000215, 0.001099, 0.0, 0.000303, 0.001187], [NaN, 10.0, -0.000235, 0.001148, 0.0, 0.000271, 0.001184], [NaN, 11.0, -0.000235, 0.001114, 0.0, 0.00027, 0.001149], [NaN, 12.0, -0.000235, 0.00115, 0.0, 0.00026, 0.001175], [2020.0, NaN, 0.0, 0.0, 0.0, 0.0, 0.0], [NaN, 1.0, 0.0, 0.0, 0.0, 0.0, 0.0], [NaN, 2.0, 0.0, 0.0, 0.0, 0.0, 0.0], [NaN, 3.0, 0.0, 0.0, 0.0, 0.0, 0.0], [NaN, 4.0, 0.0, 0.0, 0.0, 0.0, 0.0], [NaN, 5.0, 0.0, 0.0, 0.0, 0.0, 0.0], [NaN, 6.0, 0.0, 0.0, 0.0, 0.0, 0.0], [NaN, 7.0, 0.0, 0.0, 0.0, 0.0, 0.0], [NaN, 8.0, 0.0, 0.0, 0.0, 0.0, 0.0], [NaN, 9.0, 0.0, 0.0, 0.0, 0.0, 0.0], [NaN, 10.0, 0.0, 0.0, 0.0, 0.0, 0.0], [NaN, 11.0, 0.0, 0.0, 0.0, 0.0, 0.0], [NaN, 12.0, 0.0, 0.0, 0.0, 0.0, 0.0], [2019.0, NaN, 0.001764, 0.0, 0.0, 0.0, 0.001764], [NaN, 1.0, 0.0, 0.0, 0.0, 0.0, 0.0], [NaN, 2.0, 0.0, 0.0, 0.0, 0.0, 0.0], [NaN, 3.0, 0.0, 0.0, 0.0, 0.0, 0.0], [NaN, 4.0, 0.0, 0.0, 0.0, 0.0, 0.0], [NaN, 5.0, 0.000283, 0.0, 0.0, 0.0, 0.000283], [NaN, 6.0, 0.001481, 0.0, 0.0, 0.0, 0.001481], [NaN, 7.0, 0.0, 0.0, 0.0, 0.0, 0.0], [NaN, 8.0, 0.0, 0.0, 0.0, 0.0, 0.0], [NaN, 9.0, 0.0, 0.0, 0.0, 0.0, 0.0], [NaN, 10.0, 0.0, 0.0, 0.0, 0.0, 0.0], [NaN, 11.0, 0.0, 0.0, 0.0, 0.0, 0.0], [NaN, 12.0, 0.0, 0.0, 0.0, 0.0, 0.0], [2018.0, NaN, 0.000405, 0.0, 0.0, 0.0, 0.000405], [1.0, 0.0, 0.0, 0.0, 0.0, 0.0, NaN], [2.0, 0.000405, 0.0, 0.0, 0.0, 0.000405, NaN], [3.0, 0.0, 0.0, 0.0, 0.0, 0.0, NaN], [4.0, 0.0, 0.0, 0.0, 0.0, 0.0, NaN], [5.0, 0.0, 0.0, 0.0, 0.0, 0.0, NaN], [6.0, 0.0, 0.0, 0.0, 0.0, 0.0, NaN], [7.0, 0.0, 0.0, 0.0, 0.0, 0.0, NaN], [8.0, 0.0, 0.0, 0.0, 0.0, 0.0, NaN], [9.0, 0.0, 0.0, 0.0, 0.0, 0.0, NaN], [10.0, 0.0, 0.0, 0.0, 0.0, 0.0, NaN]]}, "13": {"index": [0, 1, 2, 3, 4, 5, 6, 7, 8, 9], "columns": {"0": "2018", "1": "11", "2": "0.000000", "3": "0.000000.1", "4": "0.000000.2", "5": "0.000000.3", "6": "0.000000.4"}, "data": [[NaN, 12.0, 0.0, 0.0, 0.0, 0.0, 0.0], [2017.0, NaN, 0.020283, 0.0, 0.0, 0.0, 0.020283], [5.0, 0.002279, 0.0, 0.0, 0.0, 0.002279, NaN], [6.0, 0.008869, 0.0, 0.0, 0.0, 0.008869, NaN], [7.0, 0.002949, 0.0, 0.0, 0.0, 0.002949, NaN], [8.0, 0.00327, 0.0, 0.0, 0.0, 0.00327, NaN], [9.0, 0.0, 0.0, 0.0, 0.0, 0.0, NaN], [10.0, 0.002916, 0.0, 0.0, 0.0, 0.002916, NaN], [11.0, 0.0, 0.0, 0.0, 0.0, 0.0, NaN], [12.0, 0.0, 0.0, 0.0, 0.0, 0.0, NaN]]}, "14": {"index": [0, 1, 2, 3, 4, 5, 6, 7, 8, 9, 10, 11, 12, 13, 14, 15, 16, 17, 18, 19, 20, 21, 22, 23, 24, 25, 26, 27], "columns": {"0": "Unnamed: 0", "1": "Month", "2": "Gross - oil[mill Sm3]", "3": "Gross - gas[bill Sm3]", "4": "Gross -condensate[mill Sm3]", "5": "Gross - oilequivalents[mill Sm3]"}, "data": [["Sum", NaN, 0.027324, 0.046017, 0.0, 0.073341], ["2023", NaN, 0.004857, 0.007876, 0.0, 0.012733], [NaN, 1.0, 0.0, 0.0, 0.0, 0.0], [NaN, 2.0, 0.0, 0.0, 0.0, 0.0], [NaN, 3.0, 0.002463, 0.003834, 0.0, 0.006297], [NaN, 4.0, 0.002394, 0.004042, 0.0, 0.006436], [NaN, 5.0, 0.0, 0.0, 0.0, 0.0], [NaN, 6.0, 0.0, 0.0, 0.0, 0.0], ["2022", NaN, 1.5e-05, 2.1e-05, 0.0, 3.6e-05], [NaN, 1.0, 0.0, 0.0, 0.0, 0.0], [NaN, 2.0, 0.0, 0.0, 0.0, 0.0], [NaN, 3.0, 0.0, 0.0, 0.0, 0.0], [NaN, 4.0, 0.0, 0.0, 0.0, 0.0], [NaN, 5.0, 0.0, 0.0, 0.0, 0.0], [NaN, 6.0, 0.0, 0.0, 0.0, 0.0], [NaN, 7.0, 0.0, 0.0, 0.0, 0.0], [NaN, 8.0, 0.0, 0.0, 0.0, 0.0], [NaN, 9.0, 0.0, 0.0, 0.0, 0.0], [NaN, 10.0, 0.0, 0.0, 0.0, 0.0], [NaN, 11.0, 0.0, 0.0, 0.0, 0.0], [NaN, 12.0, 1.5e-05, 2.1e-05, 0.0, 3.6e-05], ["2021", NaN, 0.0, 0.0, 0.0, 0.0], ["1", 0.0, 0.0, 0.0, 0.0, NaN], ["2", 0.0, 0.0, 0.0, 0.0, NaN], ["3", 0.0, 0.0, 0.0, 0.0, NaN], ["4", 0.0, 0.0, 0.0, 0.0, NaN], ["5", 0.0, 0.0, 0.0, 0.0, NaN], ["6", 0.0, 0.0, 0.0, 0.0, NaN]]}, "15": {"index": [0, 1, 2, 3, 4, 5, 6, 7, 8, 9, 10, 11, 12, 13, 14, 15, 16, 17, 18, 19, 20, 21, 22, 23, 24, 25, 26, 27, 28, 29, 30, 31, 32, 33, 34, 35, 36, 37, 38, 39, 40, 41], "columns": {"0": "2021", "1": "7", "2": "0.000000", "3": "0.000000.1", "4": "0.000000.2", "5": "0.000000.3"}, "data": [[NaN, 8.0, 0.0, 0.0, 0.0, 0.0], [NaN, 9.0, 0.0, 0.0, 0.0, 0.0], [NaN, 10.0, 0.0, 0.0, 0.0, 0.0], [NaN, 11.0, 0.0, 0.0, 0.0, 0.0], [NaN, 12.0, 0.0, 0.0, 0.0, 0.0], [2020.0, NaN, 0.0, 0.0, 0.0, 0.0], [NaN, 1.0, 0.0, 0.0, 0.0, 0.0], [NaN, 2.0, 0.0, 0.0, 0.0, 0.0], [NaN, 3.0, 0.0, 0.0, 0.0, 0.0], [NaN, 4.0, 0.0, 0.0, 0.0, 0.0], [NaN, 5.0, 0.0, 0.0, 0.0, 0.0], [NaN, 6.0, 0.0, 0.0, 0.0, 0.0], [NaN, 7.0, 0.0, 0.0, 0.0, 0.0], [NaN, 8.0, 0.0, 0.0, 0.0, 0.0], [NaN, 9.0, 0.0, 0.0, 0.0, 0.0], [NaN, 10.0, 0.0, 0.0, 0.0, 0.0], [NaN, 11.0, 0.0, 0.0, 0.0, 0.0], [NaN, 12.0, 0.0, 0.0, 0.0, 0.0], [2019.0, NaN, 0.001764, 0.002506, 0.0, 0.00427], [NaN, 1.0, 0.0, 0.0, 0.0, 0.0], [NaN, 2.0, 0.0, 0.0, 0.0, 0.0], [NaN, 3.0, 0.0, 0.0, 0.0, 0.0], [NaN, 4.0, 0.0, 0.0, 0.0, 0.0], [NaN, 5.0, 0.000283, 0.000548, 0.0, 0.000831], [NaN, 6.0, 0.001481, 0.001958, 0.0, 0.003439], [NaN, 7.0, 0.0, 0.0, 0.0, 0.0], [NaN, 8.0, 0.0, 0.0, 0.0, 0.0], [NaN, 9.0, 0.0, 0.0, 0.0, 0.0], [NaN, 10.0, 0.0, 0.0, 0.0, 0.0], [NaN, 11.0, 0.0, 0.0, 0.0, 0.0], [NaN, 12.0, 0.0, 0.0, 0.0, 0.0], [2018.0, NaN, 0.000405, 0.00024, 0.0, 0.000645], [1.0, 0.0, 0.0, 0.0, 0.0, NaN], [2.0, 0.000405, 0.00024, 0.0, 0.000645, NaN], [3.0, 0.0, 0.0, 0.0, 0.0, NaN], [4.0, 0.0, 0.0, 0.0, 0.0, NaN], [5.0, 0.0, 0.0, 0.0, 0.0, NaN], [6.0, 0.0, 0.0, 0.0, 0.0, NaN], [7.0, 0.0, 0.0, 0.0, 0.0, NaN], [8.0, 0.0, 0.0, 0.0, 0.0, NaN], [9.0, 0.0, 0.0, 0.0, 0.0, NaN], [10.0, 0.0, 0.0, 0.0, 0.0, NaN]]}, "16": {"index": [0, 1, 2, 3, 4, 5, 6, 7, 8, 9], "columns": {"0": "2018", "1": "11", "2": "0.000000", "3": "0.000000.1", "4": "0.000000.2", "5": "0.000000.3"}, "data": [[NaN, 12.0, 0.0, 0.0, 0.0, 0.0], [2017.0, NaN, 0.020283, 0.035374, 0.0, 0.055657], [5.0, 0.002279, 0.002, 0.0, 0.004279, NaN], [6.0, 0.008869, 0.014598, 0.0, 0.023467, NaN], [7.0, 0.002949, 0.006113, 0.0, 0.009062, NaN], [8.0, 0.00327, 0.007067, 0.0, 0.010337, NaN], [9.0, 0.0, 0.0, 0.0, 0.0, NaN], [10.0, 0.002916, 0.005596, 0.0, 0.008512, NaN], [11.0, 0.0, 0.0, 0.0, 0.0, NaN], [12.0, 0.0, 0.0, 0.0, 0.0, NaN]]}, "17": {"index": [], "columns": {"0": "Unnamed: 0"}, "data": []}, "18": {"index": [0, 1], "columns": {"0": "Wellbore name", "1": "Entered date", "2": "Completed", "3": "Purpose", "4": "Status", "5": "Content"}, "data": [[NaN, NaN, "date", NaN, NaN, NaN], ["34/10-55 S", "08.02.2017", "26.03.2017", "WILDCAT", "PLUGGED", "OIL/GAS"]]}, "19": {"index": [0, 1, 2, 3, 4], "columns": {"0": "Wellbore name", "1": "Entered date", "2": "Completed", "3": "Purpose", "4": "Content"}, "data": [[NaN, NaN, "date", NaN, NaN], ["34/10-C-52 C", "03.04.2017", "09.04.2017", "PRODUCTION", "OIL/GAS/CO"], [NaN, NaN, NaN, NaN, "NDENSATE"], ["34/10-C-52 D", "11.04.2017", "23.04.2017", "PRODUCTION", "OIL/GAS/CO"], [NaN, NaN, NaN, NaN, "NDENSATE"]]}, "20": {"index": [0], "columns": {"0": "Wellbore name", "1": "Entered date", "2": "Completed", "3": "Purpose", "4": "Status"}, "data": [[NaN, NaN, "date", NaN, NaN]]}, "kind": "osdu:wks:master-data--Field:1.0.0 ", "id": "npd:master-data--Factpages-Field:29401178"}