{"0": {"index": [0, 1, 2, 3, 4, 5, 6, 7, 8, 9, 10, 11, 12, 13, 14, 15, 16, 17, 18, 19, 20, 21, 22, 23, 24], "columns": {"0": "eneral information", "1": "Unnamed: 0"}, "data": [["Survey name", "CP21201"], ["Legal basis", "Petroleumsforskriften jf Ressursforskriften"], ["NPDID for survey", "10056"], ["Factmaps - new window", "link to map"], ["Status", "Ferdig"], ["Area", "Nordsj\u00f8en"], ["Market available", "Nei"], ["Category", "Seismisk unders\u00f8kelse"], ["Main type", "Havbunnseismisk unders\u00f8kelse"], ["Sub type", "4D"], ["Company - responsible", "ConocoPhillips Skandinavia AS"], ["Source type", "seismicSource"], ["Number of sources", "1"], ["Source size", "3060"], ["Source pressure", "2000"], ["Sensor type", "nodes"], ["Numbers of sensors", "5624"], ["Sensor length [m]", NaN], ["Sensor width [m]", NaN], ["Start date - planned", "26.05.2021"], ["Start date", "27.05.2021"], ["Completed date - planned", "30.07.2021"], ["Completed date", "18.07.2021"], ["Total length [boat km]", "3550"], ["Net area - actual 3D/4D [km2]", NaN]]}, "1": {"index": [], "columns": {"0": "Unnamed: 0"}, "data": []}, "2": {"index": [0, 1, 2, 3, 4, 5, 6, 7, 8], "columns": {"0": "Date", "1": "Type of update", "2": "Information"}, "data": [["18.07.2021", "Melding - Unders\u00f8kelsen er ferdig", NaN], ["18.07.2021", "Status", "Ferdig"], ["16.07.2021", "Melding - Ordin\u00e6r ukemelding", "-"], ["02.07.2021", "Melding - Ordin\u00e6r ukemelding", "-"], ["25.06.2021", "Melding - Ordin\u00e6r ukemelding", "-"], ["18.06.2021", "Melding - Ordin\u00e6r ukemelding", "-"], ["15.06.2021", "Melding - Ordin\u00e6r ukemelding", "-"], ["04.06.2021", "Melding - Ordin\u00e6r ukemelding", "-"], ["27.05.2021", "Melding - Endringsmelding - tilinfo", "Vil v\u00e6re ombord p\u00e5 skyteb\u00e5ten Skandi Nova"]]}, "3": {"index": [0, 1, 2, 3, 4, 5, 6, 7, 8, 9, 10, 11, 12, 13, 14, 15, 16, 17, 18, 19, 20, 21, 22, 23, 24, 25, 26, 27, 28, 29, 30, 31, 32, 33, 34, 35, 36, 37, 38, 39, 40, 41, 42], "columns": {"0": "27.05.2021", "1": "Melding - Endringsmelding - til", "2": "Unnamed: 0"}, "data": [[NaN, "info", NaN], ["27.05.2021", "Melding - Unders\u00f8kelsen startes", NaN], [NaN, "opp", NaN], ["27.05.2021", "Status", "P\u00e5g\u00e5ende"], ["06.04.2021", "Oljedirektoratet uttalelse til", "Oljedirektoratet (OD) viser til deres melding vedr\u00f8rende"], [NaN, "innmelding", "denne unders\u00f8kelsen."], [NaN, NaN, "OD gj\u00f8r s\u00e6rlig oppmerksom p\u00e5 at fart\u00f8y som foretar en"], [NaN, NaN, "unders\u00f8kelse, skal holde forsvarlig avstand til fart\u00f8y"], [NaN, NaN, "som driver fiske, og til fastst\u00e5ende og flytende"], [NaN, NaN, "fiskeredskap. S\u00e6rlig aktsomhet skal utvises n\u00e5r st\u00f8rre"], [NaN, NaN, "ansamlinger av fiskefart\u00f8y observeres, jf. forskrift om"], [NaN, NaN, "ressursforvaltning innen petroleumsvirksomheten av"], [NaN, NaN, "13.12.2017 (ressursforskriften) \u00a7 8 andre ledd."], [NaN, NaN, "Det vises for \u00f8vrig til veileder om \"Gjennomf\u00f8ring av"], [NaN, NaN, "seismiske unders\u00f8kelser p\u00e5 norsk kontinentalsokkel\"."], [NaN, NaN, "OD viser til uttalelsene som er gitt av adressatene"], [NaN, NaN, "innenfor meldesystemet (jf. petroleumsforskriften \u00a7 6/"], [NaN, NaN, "ressursforskriften \u00a7 6), og har ingen merknader til at"], [NaN, NaN, "unders\u00f8kelsen  gjennomf\u00f8res som planlagt dersom"], [NaN, NaN, "disse tas til etterretning. Dette gjelder ogs\u00e5 ved krav"], [NaN, NaN, "om fiskerikyndig."], [NaN, NaN, "Dersom unders\u00f8kelsen aksepteres gjennomf\u00f8rt slik den"], [NaN, NaN, "er tilr\u00e5dd, stadfestes dette gjennom at det sendes inn"], [NaN, NaN, "melding om oppstart n\u00e5r unders\u00f8kelsen starter, jf."], [NaN, NaN, "ressursforskriften \u00a7 6, 3.ledd."], [NaN, NaN, "Skulle det oppst\u00e5 situasjoner i forbindelse med"], [NaN, NaN, "fiskeriaktiviteten, ber vi om \u00e5 bli underrettet om dette."], [NaN, NaN, "Unders\u00f8kelsen kan bli stanset eller endret p\u00e5 kort varsel"], [NaN, NaN, "dersom det oppst\u00e5r konflikt med fiskeriene."], [NaN, NaN, "OD gj\u00f8r ogs\u00e5 oppmerksom p\u00e5 at ev. endringer m\u00e5"], [NaN, NaN, "meldes inn i henhold til ressursforskriften \u00a7 6. Det er"], [NaN, NaN, "krav om at alle slike regelverkspliktige meldinger,"], [NaN, NaN, "herunder oppstartsmelding, endringsmelding,"], [NaN, NaN, "ukemelding og sluttmelding \u2013 skal rapporteres gjennom"], [NaN, NaN, "ODs innmeldingssystem for unders\u00f8kelser."], [NaN, NaN, "Rettighetshaver og/eller den som st\u00e5r for driften av"], [NaN, NaN, "fart\u00f8yet skal for \u00f8vrig gj\u00f8re relevant regelverk,"], [NaN, NaN, "dokumenter og data tilgjengelig for den fiskerikyndige."], [NaN, NaN, "Regelverk og dokumenter skal foreligge p\u00e5 b\u00e5de norsk"], [NaN, NaN, "og engelsk. Det skal ogs\u00e5 legges til rette for at den"], [NaN, NaN, "fiskerikyndige har tilgang til internett og andre"], [NaN, NaN, "n\u00f8dvendige hjelpemidler jf. ressursforskriften \u00a7 9."], ["06.04.2021", "Status", "Planlagt"]]}, "4": {"index": [0, 1, 2, 3, 4, 5, 6, 7, 8, 9, 10, 11, 12, 13, 14, 15, 16, 17, 18, 19, 20, 21, 22, 23, 24, 25, 26, 27, 28, 29, 30, 31, 32, 33, 34, 35], "columns": {"0": "27.03.2021", "1": "Fiskeridirektoratets uttalelse til", "2": "Det kan ventes fiske i omr\u00e5det, i hovedsak med tr\u00e5l,"}, "data": [[NaN, "innmelding", "men annen sporadisk fiskeriaktivitet som f.eks garnfiske"], [NaN, NaN, "kan ogs\u00e5 foreg\u00e5."], [NaN, NaN, "Meldt unders\u00f8kelse ligger delvis i omr\u00e5der som er \u00e5pne"], [NaN, NaN, "for tobisfiske i 2021 i tidsrommet 15.4 til 23. juni. Vi"], [NaN, NaN, "venter imidlertid at dette fiske vil foreg\u00e5 lenger \u00f8st."], [NaN, NaN, "Det skal v\u00e6re fiskerikyndig bemanning p\u00e5 fart\u00f8yet som"], [NaN, NaN, "ut\u00f8ver unders\u00f8kelsen, med mindre annet fremg\u00e5r av"], [NaN, NaN, "ODs tilbakemelding."], [NaN, NaN, "Vi ber om at det gis tydelig informasjon til fiskefart\u00f8y i"], [NaN, NaN, "omr\u00e5det om eksakt plassering av noder som ligger p\u00e5"], [NaN, NaN, "sj\u00f8bunnen til enhver tid. Spesielt ber vi om at"], [NaN, NaN, "ytterpunktene for nodenes plassering opplyses tydelig"], [NaN, NaN, "og s\u00e5 detaljert at det er mulig \u00e5 sette fiskeredskap uten"], [NaN, NaN, "at denne hekter fast i utstyr som er lagt ut p\u00e5"], [NaN, NaN, "sj\u00f8bunnen."], [NaN, NaN, "Dersom det oppst\u00e5r konflikt mot fiskeriinteressene i"], [NaN, NaN, "omr\u00e5det ber vi om at unders\u00f8kelsen endres eller"], [NaN, NaN, "avbrytes umiddelbart."], ["19.03.2021", "Havforskningsinstituttets", "Havforskningsinstituttet har ingen merknader til den"], [NaN, "uttalelse til innmelding", "planlagte unders\u00f8kelsen. Vurderingen er gjort med"], [NaN, NaN, "hensyn til aktive gytefelt og konsentrerte"], [NaN, NaN, "gytevandringer for aktuelle fiskebestander"], [NaN, NaN, "(p\u00e5virkningsavstand 20 nmi) og forekomst av koraller"], ["18.03.2021", "Status", "Under behandling"], ["18.03.2021", "Melding - Innmelding", "ConocoPhillips planlegger \u00e5 samle inn 4D OBN data over"], [NaN, NaN, "Eldfisk. Fart\u00f8yet Skandi Nova vil v\u00e6re skyte b\u00e5t og"], [NaN, NaN, "Skandi Hugen vil bli brukt som node b\u00e5t. Magseis"], [NaN, NaN, "Operations vil lever og operere kilde og noder. 5624"], [NaN, NaN, "noder vil bli midlertidig lagt ned p\u00e5 havbunnen, men"], [NaN, NaN, "ikke p\u00e5 en gang. Nodene vil bli lagt ned i nord og"], [NaN, NaN, "skytingen vil starte n\u00e5r ca 2000 noder er lagt ned."], [NaN, NaN, "Nodene vil bli tatt opp etter hvert som skytingen er"], [NaN, NaN, "ferdig , slik at det vil ikke ligge 5624 noder p\u00e5 en gang"], [NaN, NaN, "under hele operasjonen."], [NaN, NaN, "Fiskerikydig er ikke identifisert, men vil v\u00e6re om bord"], [NaN, NaN, "p\u00e5 skyteb\u00e5ten Skandi nova"]]}, "5": {"index": [0], "columns": {"0": "Type of licence", "1": "Licence name"}, "data": [["Utvinningstillatelse", 18]]}, "6": {"index": [], "columns": {"0": "Type data", "1": "Format", "2": "Medium", "3": "Comment"}, "data": []}, "7": {"index": [0, 1, 2, 3, 4, 5, 6], "columns": {"0": "Vessel Name", "1": "Type of vessel", "2": "Phone", "3": "IMO-number", "4": "Call", "5": "Nation"}, "data": [[NaN, NaN, "number", NaN, "signal", NaN], ["Skandi", "Hovedfart\u00f8y", "97052303", 9625011.0, "LEJI", "Norge"], ["Hugen", "(innsamlingsfa", NaN, NaN, NaN, NaN], [NaN, "rt\u00f8y)", NaN, NaN, NaN, NaN], ["Skandi Nova", "Hovedfart\u00f8y", "46839754", 9625009.0, "LDWL", "Norge"], [NaN, "(innsamlingsfa", NaN, NaN, NaN, NaN], [NaN, "rt\u00f8y)", NaN, NaN, NaN, NaN]]}, "8": {"index": [0], "columns": {"0": "From date", "1": "To date", "2": "Name", "3": "Phone number"}, "data": [["01.06.2021", "31.07.2021", "Harald-Are Simonsen", NaN]]}, "9": {"index": [0, 1, 2, 3, 4, 5, 6, 7, 8, 9, 10, 11, 12, 13, 14, 15, 16], "columns": {"0": "Point", "1": "NS", "2": "NS minutes", "3": "Unnamed: 0", "4": "EW", "5": "EW minutes", "6": "Unnamed: 1"}, "data": [["number", "degrees", "(decimal)", NaN, "degrees", "(decimal)", NaN], ["1", "56", "28.21", "N", "3", "5.39", "E"], ["2", "56", "30.01", "N", "3", "13.83", "E"], ["3", "56", "29.31", "N", "3", "16.44", "E"], ["4", "56", "28.88", "N", "3", "17.57", "E"], ["5", "56", "27.56", "N", "3", "20.39", "E"], ["6", "56", "24.70", "N", "3", "26.06", "E"], ["7", "56", "20.88", "N", "3", "25.48", "E"], ["8", "56", "19.19", "N", "3", "23.05", "E"], ["9", "56", "17.27", "N", "3", "15.67", "E"], ["10", "56", "18.05", "N", "3", "12.71", "E"], ["11", "56", "19.59", "N", "3", "9.70", "E"], ["12", "56", "21.07", "N", "3", "7.89", "E"], ["13", "56", "22.95", "N", "3", "6.85", "E"], ["14", "56", "23.57", "N", "3", "6.12", "E"], ["15", "56", "24.78", "N", "3", "4.82", "E"], ["16", "56", "28.21", "N", "3", "5.39", "E"]]}, "10": {"index": [0, 1, 2, 3, 4, 5, 6, 7, 8, 9, 10, 11, 12, 13, 14, 15, 16], "columns": {"0": "Point", "1": "NS", "2": "NS.1", "3": "NS.2", "4": "Unnamed: 0", "5": "EW", "6": "EW.1", "7": "EW.2", "8": "Unnamed: 1"}, "data": [["number", "degrees", "minutes", "seconds", NaN, "degrees", "minutes", "seconds", NaN], ["1", "56", "28", "12.88", "N", "3", "5", "23.64", "E"], ["2", "56", "30", "0.60", "N", "3", "13", "49.55", "E"], ["3", "56", "29", "18.48", "N", "3", "16", "26.32", "E"], ["4", "56", "28", "52.69", "N", "3", "17", "34.41", "E"], ["5", "56", "27", "33.78", "N", "3", "20", "23.24", "E"], ["6", "56", "24", "42.20", "N", "3", "26", "3.60", "E"], ["7", "56", "20", "52.78", "N", "3", "25", "28.79", "E"], ["8", "56", "19", "11.14", "N", "3", "23", "3.28", "E"], ["9", "56", "17", "16.48", "N", "3", "15", "40.24", "E"], ["10", "56", "18", "3.21", "N", "3", "12", "42.32", "E"], ["11", "56", "19", "35.35", "N", "3", "9", "42.27", "E"], ["12", "56", "21", "4.19", "N", "3", "7", "53.38", "E"], ["13", "56", "22", "56.90", "N", "3", "6", "51.29", "E"], ["14", "56", "23", "34.32", "N", "3", "6", "7.02", "E"], ["15", "56", "24", "47.03", "N", "3", "4", "49.45", "E"], ["16", "56", "28", "12.89", "N", "3", "5", "23.64", "E"]]}, "kind": "osdu:wks:master-data--Survey:1.0.0 ", "id": "npd:master-data--Factpages-Survey:10056"}