{"0": {"index": [0, 1, 2, 3, 4, 5, 6], "columns": {"0": "Field name", "1": "SKARV"}, "data": [["Factmaps in new window", "link to map"], ["Current activity status", "Producing"], ["Discovery wellbore", "6507/5-1"], ["Discovery year.", "1998"], ["Main area", "Norwegian sea"], ["Main supply base", "Sandnessj\u00f8en"], ["NPDID field", "4704482"]]}, "1": {"index": [0, 1, 2], "columns": {"0": "Discovery name"}, "data": [["6507/3-3 (Idun)"], ["6507/5-1 Skarv"], ["6507/5-3 \u00c6rfugl"]]}, "2": {"index": [0, 1, 2], "columns": {"0": "Status", "1": "Status from", "2": "Status to"}, "data": [["Producing", "01.01.2013", NaN], ["Approved for", "18.12.2007", "31.12.2012"], ["production", NaN, NaN]]}, "3": {"index": [0, 1, 2, 3, 4, 5], "columns": {"0": "Block name", "1": "Prod. licence"}, "data": [["6507/5", "212"], ["6507/6", "212"], ["6507/2", "261 C"], ["6507/3", "159"], ["6507/2", "262"], ["6507/3", "212 B"]]}, "4": {"index": [0, 1], "columns": {"0": "Owner kind", "1": "Owner name"}, "data": [["BUSINESS ARRANGEMENT", "SKARV UNIT"], ["AREA", NaN]]}, "5": {"index": [0, 1, 2, 3], "columns": {"0": "Unnamed: 0", "1": "Company name", "2": "Nation code", "3": "Company share [%]"}, "data": [["Equinor Energy AS", NaN, "NO", 36.165], ["Wintershall Dea Norge AS", NaN, "NO", 28.0825], ["Aker BP ASA", NaN, "NO", 23.835], ["PGNiG Upstream Norway AS", NaN, "NO", 11.9175]]}, "6": {"index": [0, 1, 2], "columns": {"0": "Orig. recoverable", "1": "Orig. recoverable.1", "2": "Orig. recoverable.2", "3": "Orig. recoverable.3", "4": "Orig. recoverable.4"}, "data": [["oil", "gas", "NGL", "cond.", "oil eq."], ["[mill Sm3]", "[bill Sm3]", "[mill tonn]", "[mill Sm3]", "[mill Sm3 o.e]"], ["24.00", "69.90", "7.88", "0.00", "108.87"]]}, "7": {"index": [0, 1], "columns": {"0": "Remaining oil", "1": "Remaining gas", "2": "Remaining NGL", "3": "Remaining cond.", "4": "Remaining oil eq."}, "data": [["[mill Sm3]", "[bill Sm3]", "[mill tonn]", "[mill Sm3]", "[mill Sm3 o.e]"], ["4.58", "31.09", "3.48", "0.00", "42.28"]]}, "8": {"index": [0, 1, 2], "columns": {"0": "Orig. inplace oil", "1": "Orig. inplace ass.", "2": "Orig. inplace ass..1", "3": "Orig. inplace free"}, "data": [["[mill Sm3]", "liquid", "gas", "gas"], [NaN, "[mill Sm3]", "[bill Sm3]", "[bill Sm3]"], ["61.00", "0.00", "8.00", "102.00"]]}, "9": {"index": [0, 1, 2, 3, 4, 5, 6, 7, 8, 9, 10, 11, 12, 13, 14, 15, 16], "columns": {"0": "Type", "1": "Text", "2": "Date"}, "data": [[NaN, NaN, "updated"], ["Development", "Skarv is a field in the northern part of the Norwegian Sea, 35", "28.02.2023"], [NaN, "kilometres southwest of the Norne field. The water depth is 350", NaN], [NaN, "-450 metres. Skarv was discovered in 1998, and the plan for", NaN], [NaN, "development and operation (PDO) was approved in 2007. Skarv", NaN], [NaN, "is a joint development of the Skarv, Idun, \u00c6rfugl and Gr\u00e5sel", NaN], [NaN, "deposits. The development concept is a production, storage and", NaN], [NaN, "offloading vessel (FPSO) with five subsea templates. Production", NaN], [NaN, "started in 2013.", NaN], ["Reservoir", "Skarv produces gas and oil from Lower and Middle Jurassic", "28.02.2023"], [NaN, "sandstone in the Tilje, Ile and Garn Formations. The Garn", NaN], [NaN, "Formation has good reservoir quality, while the Tilje Formation", NaN], [NaN, "has relatively poor quality. The reservoirs are divided into", NaN], [NaN, "several fault segments and lie at a depth of 3,300-3,700", NaN], [NaN, "metres.", NaN], ["Recovery strategy", "The field is produced with pressure support by gas injection and", "28.02.2023"], [NaN, "gas lift.", NaN]]}, "10": {"index": [0], "columns": {"0": "Transport", "1": "The oil is offloaded to shuttle tankers, while the gas istransported to the K\u00e5rst\u00f8 terminal in an 80-kilometre pipelineconnected to the \u00c5sgard Transport System (\u00c5TS).", "2": "28.02.2023"}, "data": [["Status", "Skarv oil production is declining, and gas injection is importantfor oil recovery. Gas blowdown has started in 2022 from partsof the reservoir and will continuously be evaluated. Work isongoing to evaluate the potential of infill wells and prospects inthe area.", "28.02.2023"]]}, "11": {"index": [], "columns": {"0": "The operators future investments related to the reservers from2022 [mill NOK 2022-kroner]. The stated investment estimate hasnot been corrected for possible investment sharing.", "1": "4399"}, "data": []}, "12": {"index": [0, 1, 2, 3, 4, 5, 6, 7, 8, 9, 10, 11, 12, 13, 14, 15, 16], "columns": {"0": "Unnamed: 0", "1": "Investments[mill NOK nominalvalues]"}, "data": [["Sum", 56348], ["2021", 2697], ["2020", 3093], ["2019", 2858], ["2018", 1181], ["2017", 0], ["2016", 33], ["2015", 146], ["2014", 329], ["2013", 3521], ["2012", 5371], ["2011", 8916], ["2010", 7826], ["2009", 11925], ["2008", 6915], ["2007", 1537], ["2006", 0]]}, "13": {"index": [0, 1, 2, 3, 4, 5, 6], "columns": {"0": "Unnamed: 0", "1": "Month", "2": "Net - oil[mill Sm3]", "3": "Net - gas[bill Sm3]", "4": "Net -condensate[mill Sm3]", "5": "Net - NGL[mill Sm3]", "6": "Net - oil equivalents[mill Sm3]"}, "data": [["Sum", NaN, 20.838968, 43.114647, 0.0, 8.604002, 72.557617], ["2023", NaN, 0.662112, 3.348206, 0.0, 0.413234, 4.423552], ["1", 0.120447, 0.569746, 0.0, 0.068018, 0.758211, NaN], ["2", 0.107897, 0.524877, 0.0, 0.062946, 0.69572, NaN], ["3", 0.115898, 0.568408, 0.0, 0.070473, 0.754779, NaN], ["4", 0.108246, 0.559173, 0.0, 0.071415, 0.738834, NaN], ["5", 0.108531, 0.576606, 0.0, 0.071642, 0.756779, NaN]]}, "14": {"index": [0, 1, 2, 3, 4, 5, 6, 7, 8, 9, 10, 11, 12, 13, 14, 15, 16, 17, 18, 19, 20, 21, 22, 23, 24, 25, 26, 27, 28, 29, 30, 31, 32, 33, 34, 35, 36, 37, 38, 39, 40, 41], "columns": {"0": "2023", "1": "6", "2": "0.101093", "3": "0.549396", "4": "0.000000", "5": "0.068740", "6": "Unnamed: 0"}, "data": [[2022.0, NaN, 1.456577, 6.162787, 0.0, 0.831932, 8.451296], [NaN, 1.0, 0.110644, 0.398704, 0.0, 0.058403, 0.567751], [NaN, 2.0, 0.075735, 0.396992, 0.0, 0.05444, 0.527167], [NaN, 3.0, 0.14396, 0.467245, 0.0, 0.063511, 0.674716], [NaN, 4.0, 0.143588, 0.535385, 0.0, 0.073229, 0.752202], [NaN, 5.0, 0.096976, 0.407146, 0.0, 0.057105, 0.561227], [NaN, 6.0, 0.133378, 0.567926, 0.0, 0.083016, 0.78432], [NaN, 7.0, 0.138576, 0.587128, 0.0, 0.084943, 0.810647], [NaN, 8.0, 0.133208, 0.575102, 0.0, 0.081417, 0.789727], [NaN, 9.0, 0.118832, 0.527781, 0.0, 0.074522, 0.721135], [NaN, 10.0, 0.123808, 0.560314, 0.0, 0.06394, 0.748062], [NaN, 11.0, 0.114655, 0.550456, 0.0, 0.064852, 0.729963], [NaN, 12.0, 0.123217, 0.588608, 0.0, 0.072554, 0.784379], [2021.0, NaN, 1.893049, 4.509718, 0.0, 0.899918, 7.302685], [NaN, 1.0, 0.23075, 0.460565, 0.0, 0.106679, 0.797994], [NaN, 2.0, 0.159628, 0.314394, 0.0, 0.072394, 0.546416], [NaN, 3.0, 0.174069, 0.342979, 0.0, 0.082714, 0.599762], [NaN, 4.0, 0.203902, 0.458162, 0.0, 0.103728, 0.765792], [NaN, 5.0, 0.089991, 0.191807, 0.0, 0.043031, 0.324829], [NaN, 6.0, 0.113419, 0.154525, 0.0, 0.028745, 0.296689], [NaN, 7.0, 0.169049, 0.452557, 0.0, 0.099432, 0.721038], [NaN, 8.0, 0.166415, 0.456429, 0.0, 0.092423, 0.715267], [NaN, 9.0, 0.124451, 0.455848, 0.0, 0.085275, 0.665574], [NaN, 10.0, 0.123497, 0.369992, 0.0, 0.05847, 0.551959], [NaN, 11.0, 0.149413, 0.340509, 0.0, 0.052417, 0.542339], [NaN, 12.0, 0.188465, 0.511951, 0.0, 0.07461, 0.775026], [2020.0, NaN, 1.54818, 3.243268, 0.0, 0.708362, 5.49981], [NaN, 1.0, 0.118465, 0.255456, 0.0, 0.057523, 0.431444], [NaN, 2.0, 0.108091, 0.232693, 0.0, 0.052974, 0.393758], [NaN, 3.0, 0.110923, 0.257049, 0.0, 0.056809, 0.424781], [NaN, 4.0, 0.107395, 0.255569, 0.0, 0.049146, 0.41211], [NaN, 5.0, 0.146604, 0.28734, 0.0, 0.05596, 0.489904], [NaN, 6.0, 0.117564, 0.265252, 0.0, 0.05994, 0.442756], [NaN, 7.0, 0.135559, 0.259553, 0.0, 0.053128, 0.44824], [NaN, 8.0, 0.100144, 0.193836, 0.0, 0.046864, 0.340844], [NaN, 9.0, 0.114619, 0.212806, 0.0, 0.048713, 0.376138], [NaN, 10.0, 0.131154, 0.258721, 0.0, 0.058643, 0.448518], [NaN, 11.0, 0.139343, 0.308593, 0.0, 0.067134, 0.51507], [NaN, 12.0, 0.218319, 0.4564, 0.0, 0.101528, 0.776247], [2019.0, NaN, 1.282503, 3.370048, 0.0, 0.735978, 5.388529], [1.0, 0.13316, 0.321885, 0.0, 0.059767, 0.514812, NaN], [2.0, 0.040624, 0.29632, 0.0, 0.057391, 0.394335, NaN]]}, "15": {"index": [0, 1, 2, 3, 4, 5, 6, 7, 8, 9, 10, 11, 12, 13, 14, 15, 16, 17, 18, 19, 20, 21, 22, 23, 24, 25, 26, 27, 28, 29, 30, 31, 32, 33, 34, 35, 36, 37, 38, 39, 40, 41], "columns": {"0": "2019", "1": "3", "2": "0.080154", "3": "0.296823", "4": "0.000000", "5": "0.065902", "6": "0.442879"}, "data": [[NaN, 4.0, 0.122266, 0.267592, 0.0, 0.059221, 0.449079], [NaN, 5.0, 0.122056, 0.280126, 0.0, 0.064305, 0.466487], [NaN, 6.0, 0.121284, 0.264775, 0.0, 0.061475, 0.447534], [NaN, 7.0, 0.12185, 0.270698, 0.0, 0.064245, 0.456793], [NaN, 8.0, 0.118233, 0.273225, 0.0, 0.063253, 0.454711], [NaN, 9.0, 0.104781, 0.25664, 0.0, 0.054489, 0.41591], [NaN, 10.0, 0.110351, 0.326407, 0.0, 0.071609, 0.508367], [NaN, 11.0, 0.103427, 0.255549, 0.0, 0.055923, 0.414899], [NaN, 12.0, 0.104317, 0.260008, 0.0, 0.058398, 0.422723], [2018.0, NaN, 1.524361, 3.801649, 0.0, 0.856856, 6.182866], [NaN, 1.0, 0.13599, 0.350212, 0.0, 0.080155, 0.566357], [NaN, 2.0, 0.122934, 0.317608, 0.0, 0.072406, 0.512948], [NaN, 3.0, 0.127385, 0.337673, 0.0, 0.078056, 0.543114], [NaN, 4.0, 0.125186, 0.261026, 0.0, 0.058071, 0.444283], [NaN, 5.0, 0.143231, 0.358891, 0.0, 0.083312, 0.585434], [NaN, 6.0, 0.118933, 0.432878, 0.0, 0.09797, 0.649781], [NaN, 7.0, 0.138122, 0.306324, 0.0, 0.068687, 0.513133], [NaN, 8.0, 0.136429, 0.299723, 0.0, 0.068307, 0.504459], [NaN, 9.0, 0.099845, 0.23519, 0.0, 0.053896, 0.388931], [NaN, 10.0, 0.111845, 0.268054, 0.0, 0.063903, 0.443802], [NaN, 11.0, 0.12874, 0.313956, 0.0, 0.070153, 0.512849], [NaN, 12.0, 0.135721, 0.320114, 0.0, 0.06194, 0.517775], [2017.0, NaN, 1.603387, 4.047005, 0.0, 0.860723, 6.511115], [NaN, 1.0, 0.189021, 0.401057, 0.0, 0.084767, 0.674845], [NaN, 2.0, 0.163777, 0.349768, 0.0, 0.080789, 0.594334], [NaN, 3.0, 0.173671, 0.367773, 0.0, 0.084089, 0.625533], [NaN, 4.0, 0.171367, 0.365663, 0.0, 0.079156, 0.616186], [NaN, 5.0, 0.149829, 0.385066, 0.0, 0.078888, 0.613783], [NaN, 6.0, 0.136645, 0.358064, 0.0, 0.070539, 0.565248], [NaN, 7.0, 0.133892, 0.385731, 0.0, 0.07949, 0.599113], [NaN, 8.0, 0.107259, 0.349545, 0.0, 0.071319, 0.528123], [NaN, 9.0, 0.08035, 0.241321, 0.0, 0.049738, 0.371409], [NaN, 10.0, 0.09504, 0.265335, 0.0, 0.057127, 0.417502], [NaN, 11.0, 0.085228, 0.249405, 0.0, 0.052767, 0.3874], [NaN, 12.0, 0.117308, 0.328277, 0.0, 0.072054, 0.517639], [2016.0, NaN, 2.298784, 4.052943, 0.0, 0.87998, 7.231707], [1.0, 0.230823, 0.378044, 0.0, 0.082771, 0.691638, NaN], [2.0, 0.213208, 0.358581, 0.0, 0.079615, 0.651404, NaN], [3.0, 0.230239, 0.402778, 0.0, 0.088852, 0.721869, NaN], [4.0, 0.193987, 0.324946, 0.0, 0.066077, 0.58501, NaN], [5.0, 0.207184, 0.366934, 0.0, 0.079078, 0.653196, NaN], [6.0, 0.209778, 0.37996, 0.0, 0.086031, 0.675769, NaN]]}, "16": {"index": [0, 1, 2, 3, 4, 5, 6, 7, 8, 9, 10, 11, 12, 13, 14, 15, 16, 17, 18, 19, 20, 21, 22, 23, 24, 25, 26, 27, 28, 29, 30, 31, 32, 33, 34, 35, 36, 37, 38, 39, 40, 41], "columns": {"0": "2016", "1": "7", "2": "0.211170", "3": "0.387334", "4": "0.000000", "5": "0.087053", "6": "0.685557"}, "data": [[NaN, 8.0, 0.170839, 0.324841, 0.0, 0.071052, 0.566732], [NaN, 9.0, 0.066427, 0.093502, 0.0, 0.019246, 0.179175], [NaN, 10.0, 0.190549, 0.300518, 0.0, 0.062661, 0.553728], [NaN, 11.0, 0.190308, 0.355772, 0.0, 0.075704, 0.621784], [NaN, 12.0, 0.184272, 0.379733, 0.0, 0.08184, 0.645845], [2015.0, NaN, 3.065819, 3.979703, 0.0, 0.889147, 7.934669], [NaN, 1.0, 0.289506, 0.179598, 0.0, 0.03911, 0.508214], [NaN, 2.0, 0.290185, 0.344911, 0.0, 0.0763, 0.711396], [NaN, 3.0, 0.306783, 0.374016, 0.0, 0.088097, 0.768896], [NaN, 4.0, 0.27938, 0.330586, 0.0, 0.073758, 0.683724], [NaN, 5.0, 0.247808, 0.253872, 0.0, 0.060177, 0.561857], [NaN, 6.0, 0.253795, 0.362502, 0.0, 0.082941, 0.699238], [NaN, 7.0, 0.25345, 0.414655, 0.0, 0.095292, 0.763397], [NaN, 8.0, 0.242876, 0.409056, 0.0, 0.09489, 0.746822], [NaN, 9.0, 0.198788, 0.293689, 0.0, 0.060272, 0.552749], [NaN, 10.0, 0.236903, 0.273754, 0.0, 0.0599, 0.570557], [NaN, 11.0, 0.231588, 0.331293, 0.0, 0.069912, 0.632793], [NaN, 12.0, 0.234757, 0.411771, 0.0, 0.088498, 0.735026], [2014.0, NaN, 3.380316, 3.613096, 0.0, 0.811313, 7.804725], [NaN, 1.0, 0.340539, 0.348138, 0.0, 0.082429, 0.771106], [NaN, 2.0, 0.337411, 0.27567, 0.0, 0.066739, 0.67982], [NaN, 3.0, 0.284573, 0.358012, 0.0, 0.080367, 0.722952], [NaN, 4.0, 0.298056, 0.309163, 0.0, 0.067089, 0.674308], [NaN, 5.0, 0.379051, 0.372806, 0.0, 0.078876, 0.830733], [NaN, 6.0, 0.358888, 0.374688, 0.0, 0.086575, 0.820151], [NaN, 7.0, 0.355208, 0.356757, 0.0, 0.081597, 0.793562], [NaN, 8.0, 0.345902, 0.356737, 0.0, 0.081222, 0.783861], [NaN, 9.0, 0.230278, 0.222081, 0.0, 0.050505, 0.502864], [NaN, 10.0, 0.073263, 0.404615, 0.0, 0.083082, 0.56096], [NaN, 11.0, 0.068931, 0.053881, 0.0, 0.011345, 0.134157], [NaN, 12.0, 0.308216, 0.180548, 0.0, 0.041487, 0.530251], [2013.0, NaN, 2.12388, 2.986224, 0.0, 0.716559, 5.826663], [1.0, 0.035475, 0.123088, 0.0, 0.032396, 0.190959, NaN], [2.0, 0.050275, 0.148863, 0.0, 0.035586, 0.234724, NaN], [3.0, 0.044178, 0.167547, 0.0, 0.040055, 0.25178, NaN], [4.0, 0.061058, 0.28726, 0.0, 0.066312, 0.41463, NaN], [5.0, 0.162253, 0.30365, 0.0, 0.07225, 0.538153, NaN], [6.0, 0.156855, 0.261333, 0.0, 0.05981, 0.477998, NaN], [7.0, 0.308084, 0.313753, 0.0, 0.079021, 0.700858, NaN], [8.0, 0.349459, 0.350593, 0.0, 0.087665, 0.787717, NaN], [9.0, 0.212331, 0.179662, 0.0, 0.039777, 0.43177, NaN], [10.0, 0.333816, 0.339462, 0.0, 0.085538, 0.758816, NaN]]}, "17": {"index": [0, 1, 2, 3, 4, 5, 6, 7, 8, 9, 10, 11, 12, 13], "columns": {"0": "2013", "1": "11", "2": "0.293065", "3": "0.313493", "4": "0.000000", "5": "0.073003", "6": "0.679561"}, "data": [[NaN, 12.0, 0.117031, 0.19752, 0.0, 0.045146, 0.359697], [2012.0, NaN, 0.0, 0.0, 0.0, 0.0, 0.0], [1.0, 0.0, 0.0, 0.0, 0.0, 0.0, NaN], [2.0, 0.0, 0.0, 0.0, 0.0, 0.0, NaN], [3.0, 0.0, 0.0, 0.0, 0.0, 0.0, NaN], [4.0, 0.0, 0.0, 0.0, 0.0, 0.0, NaN], [5.0, 0.0, 0.0, 0.0, 0.0, 0.0, NaN], [6.0, 0.0, 0.0, 0.0, 0.0, 0.0, NaN], [7.0, 0.0, 0.0, 0.0, 0.0, 0.0, NaN], [8.0, 0.0, 0.0, 0.0, 0.0, 0.0, NaN], [9.0, 0.0, 0.0, 0.0, 0.0, 0.0, NaN], [10.0, 0.0, 0.0, 0.0, 0.0, 0.0, NaN], [11.0, 0.0, 0.0, 0.0, 0.0, 0.0, NaN], [12.0, 0.0, 0.0, 0.0, 0.0, 0.0, NaN]]}, "18": {"index": [0, 1, 2, 3, 4, 5, 6, 7, 8, 9, 10, 11, 12, 13, 14, 15, 16, 17, 18, 19, 20, 21, 22, 23], "columns": {"0": "Unnamed: 0", "1": "Month", "2": "Gross - oil[mill Sm3]", "3": "Gross - gas[bill Sm3]", "4": "Gross -condensate[mill Sm3]", "5": "Gross - oilequivalents[mill Sm3]"}, "data": [["Sum", NaN, 20.784534, 67.784726, 0.0, 88.56926], ["2023", NaN, 0.661469, 3.905555, 0.0, 4.567024], [NaN, 1.0, 0.120313, 0.671811, 0.0, 0.792124], [NaN, 2.0, 0.10779, 0.616954, 0.0, 0.724744], [NaN, 3.0, 0.115785, 0.669341, 0.0, 0.785126], [NaN, 4.0, 0.108139, 0.648354, 0.0, 0.756493], [NaN, 5.0, 0.108435, 0.666137, 0.0, 0.774572], [NaN, 6.0, 0.101007, 0.632958, 0.0, 0.733965], ["2022", NaN, 1.423923, 6.950233, 0.0, 8.374156], [NaN, 1.0, 0.107592, 0.479941, 0.0, 0.587533], [NaN, 2.0, 0.072769, 0.403193, 0.0, 0.475962], [NaN, 3.0, 0.141012, 0.538096, 0.0, 0.679108], [NaN, 4.0, 0.140618, 0.59873, 0.0, 0.739348], [NaN, 5.0, 0.094724, 0.459918, 0.0, 0.554642], [NaN, 6.0, 0.130436, 0.635392, 0.0, 0.765828], [NaN, 7.0, 0.135719, 0.659232, 0.0, 0.794951], [NaN, 8.0, 0.130381, 0.651856, 0.0, 0.782237], [NaN, 9.0, 0.116428, 0.592999, 0.0, 0.709427], [NaN, 10.0, 0.121221, 0.629596, 0.0, 0.750817], [NaN, 11.0, 0.11231, 0.629218, 0.0, 0.741528], [NaN, 12.0, 0.120713, 0.672062, 0.0, 0.792775], ["2021", NaN, 1.871912, 8.510005, 0.0, 10.381917], ["1", 0.23075, 1.178785, 0.0, 1.409535, NaN], ["2", 0.159628, 0.821196, 0.0, 0.980824, NaN]]}, "19": {"index": [0, 1, 2, 3, 4, 5, 6, 7, 8, 9, 10, 11, 12, 13, 14, 15, 16, 17, 18, 19, 20, 21, 22, 23, 24, 25, 26, 27, 28, 29, 30, 31, 32, 33, 34, 35, 36, 37, 38, 39, 40, 41], "columns": {"0": "2021", "1": "3", "2": "0.174069", "3": "0.882907", "4": "0.000000", "5": "1.056976"}, "data": [[NaN, 4.0, 0.203902, 1.062789, 0.0, 1.266691], [NaN, 5.0, 0.089991, 0.475875, 0.0, 0.565866], [NaN, 6.0, 0.113419, 0.405956, 0.0, 0.519375], [NaN, 7.0, 0.169049, 0.723751, 0.0, 0.8928], [NaN, 8.0, 0.166415, 0.66872, 0.0, 0.835135], [NaN, 9.0, 0.124451, 0.627356, 0.0, 0.751807], [NaN, 10.0, 0.123497, 0.486531, 0.0, 0.610028], [NaN, 11.0, 0.140317, 0.52625, 0.0, 0.666567], [NaN, 12.0, 0.176424, 0.649889, 0.0, 0.826313], [2020.0, NaN, 1.54818, 8.202168, 0.0, 9.750348], [NaN, 1.0, 0.118465, 0.607904, 0.0, 0.726369], [NaN, 2.0, 0.108091, 0.567935, 0.0, 0.676026], [NaN, 3.0, 0.110923, 0.607944, 0.0, 0.718867], [NaN, 4.0, 0.107395, 0.589984, 0.0, 0.697379], [NaN, 5.0, 0.146604, 0.757714, 0.0, 0.904318], [NaN, 6.0, 0.117564, 0.624304, 0.0, 0.741868], [NaN, 7.0, 0.135559, 0.715076, 0.0, 0.850635], [NaN, 8.0, 0.100144, 0.531318, 0.0, 0.631462], [NaN, 9.0, 0.114619, 0.583597, 0.0, 0.698216], [NaN, 10.0, 0.131154, 0.725803, 0.0, 0.856957], [NaN, 11.0, 0.139343, 0.739733, 0.0, 0.879076], [NaN, 12.0, 0.218319, 1.150856, 0.0, 1.369175], [2019.0, NaN, 1.282503, 5.971207, 0.0, 7.25371], [NaN, 1.0, 0.13316, 0.537997, 0.0, 0.671157], [NaN, 2.0, 0.040624, 0.32741, 0.0, 0.368034], [NaN, 3.0, 0.080154, 0.421262, 0.0, 0.501416], [NaN, 4.0, 0.122266, 0.4945, 0.0, 0.616766], [NaN, 5.0, 0.122056, 0.521813, 0.0, 0.643869], [NaN, 6.0, 0.121284, 0.518018, 0.0, 0.639302], [NaN, 7.0, 0.12185, 0.547723, 0.0, 0.669573], [NaN, 8.0, 0.118233, 0.536436, 0.0, 0.654669], [NaN, 9.0, 0.104781, 0.494454, 0.0, 0.599235], [NaN, 10.0, 0.110351, 0.536256, 0.0, 0.646607], [NaN, 11.0, 0.103427, 0.510901, 0.0, 0.614328], [NaN, 12.0, 0.104317, 0.524437, 0.0, 0.628754], [2018.0, NaN, 1.524361, 6.03531, 0.0, 7.559671], [1.0, 0.13599, 0.540048, 0.0, 0.676038, NaN], [2.0, 0.122934, 0.489352, 0.0, 0.612286, NaN], [3.0, 0.127385, 0.526184, 0.0, 0.653569, NaN], [4.0, 0.125186, 0.442515, 0.0, 0.567701, NaN], [5.0, 0.143231, 0.538011, 0.0, 0.681242, NaN], [6.0, 0.118933, 0.490269, 0.0, 0.609202, NaN]]}, "20": {"index": [0, 1, 2, 3, 4, 5, 6, 7, 8, 9, 10, 11, 12, 13, 14, 15, 16, 17, 18, 19, 20, 21, 22, 23, 24, 25, 26, 27, 28, 29, 30, 31, 32, 33, 34, 35, 36, 37, 38, 39, 40, 41], "columns": {"0": "2018", "1": "7", "2": "0.138122", "3": "0.533698", "4": "0.000000", "5": "0.671820"}, "data": [[NaN, 8.0, 0.136429, 0.539901, 0.0, 0.67633], [NaN, 9.0, 0.099845, 0.409558, 0.0, 0.509403], [NaN, 10.0, 0.111845, 0.43755, 0.0, 0.549395], [NaN, 11.0, 0.12874, 0.52894, 0.0, 0.65768], [NaN, 12.0, 0.135721, 0.559284, 0.0, 0.695005], [2017.0, NaN, 1.603387, 6.200757, 0.0, 7.804144], [NaN, 1.0, 0.189021, 0.642926, 0.0, 0.831947], [NaN, 2.0, 0.163777, 0.556888, 0.0, 0.720665], [NaN, 3.0, 0.173671, 0.598936, 0.0, 0.772607], [NaN, 4.0, 0.171367, 0.597323, 0.0, 0.76869], [NaN, 5.0, 0.149829, 0.569415, 0.0, 0.719244], [NaN, 6.0, 0.136645, 0.531059, 0.0, 0.667704], [NaN, 7.0, 0.133892, 0.549786, 0.0, 0.683678], [NaN, 8.0, 0.107259, 0.492898, 0.0, 0.600157], [NaN, 9.0, 0.08035, 0.353886, 0.0, 0.434236], [NaN, 10.0, 0.09504, 0.422759, 0.0, 0.517799], [NaN, 11.0, 0.085228, 0.388075, 0.0, 0.473303], [NaN, 12.0, 0.117308, 0.496806, 0.0, 0.614114], [2016.0, NaN, 2.298784, 6.46452, 0.0, 8.763304], [NaN, 1.0, 0.230823, 0.594409, 0.0, 0.825232], [NaN, 2.0, 0.213208, 0.570451, 0.0, 0.783659], [NaN, 3.0, 0.230239, 0.633801, 0.0, 0.86404], [NaN, 4.0, 0.193987, 0.512443, 0.0, 0.70643], [NaN, 5.0, 0.207184, 0.585753, 0.0, 0.792937], [NaN, 6.0, 0.209778, 0.604879, 0.0, 0.814657], [NaN, 7.0, 0.21117, 0.609927, 0.0, 0.821097], [NaN, 8.0, 0.170839, 0.502304, 0.0, 0.673143], [NaN, 9.0, 0.066427, 0.15699, 0.0, 0.223417], [NaN, 10.0, 0.190549, 0.512909, 0.0, 0.703458], [NaN, 11.0, 0.190308, 0.582988, 0.0, 0.773296], [NaN, 12.0, 0.184272, 0.597666, 0.0, 0.781938], [2015.0, NaN, 3.065819, 6.19578, 0.0, 9.261599], [1.0, 0.289506, 0.355272, 0.0, 0.644778, NaN], [2.0, 0.290185, 0.525691, 0.0, 0.815876, NaN], [3.0, 0.306783, 0.575451, 0.0, 0.882234, NaN], [4.0, 0.27938, 0.526207, 0.0, 0.805587, NaN], [5.0, 0.247808, 0.4164, 0.0, 0.664208, NaN], [6.0, 0.253795, 0.550064, 0.0, 0.803859, NaN], [7.0, 0.25345, 0.612593, 0.0, 0.866043, NaN], [8.0, 0.242876, 0.588225, 0.0, 0.831101, NaN], [9.0, 0.198788, 0.437021, 0.0, 0.635809, NaN], [10.0, 0.236903, 0.459674, 0.0, 0.696577, NaN]]}, "21": {"index": [0, 1, 2, 3, 4, 5, 6, 7, 8, 9, 10, 11, 12, 13, 14, 15, 16, 17, 18, 19, 20, 21, 22, 23, 24, 25, 26, 27, 28, 29, 30, 31, 32, 33, 34, 35, 36, 37, 38, 39], "columns": {"0": "2015", "1": "11", "2": "0.231588", "3": "0.540583", "4": "0.000000", "5": "0.772171"}, "data": [[NaN, 12.0, 0.234757, 0.608599, 0.0, 0.843356], [2014.0, NaN, 3.380316, 5.358309, 0.0, 8.738625], [NaN, 1.0, 0.340539, 0.50858, 0.0, 0.849119], [NaN, 2.0, 0.337411, 0.445717, 0.0, 0.783128], [NaN, 3.0, 0.284573, 0.488793, 0.0, 0.773366], [NaN, 4.0, 0.298056, 0.452039, 0.0, 0.750095], [NaN, 5.0, 0.379051, 0.561742, 0.0, 0.940793], [NaN, 6.0, 0.358888, 0.563675, 0.0, 0.922563], [NaN, 7.0, 0.355208, 0.554348, 0.0, 0.909556], [NaN, 8.0, 0.345902, 0.548598, 0.0, 0.8945], [NaN, 9.0, 0.230278, 0.344256, 0.0, 0.574534], [NaN, 10.0, 0.073263, 0.446274, 0.0, 0.519537], [NaN, 11.0, 0.068931, 0.095173, 0.0, 0.164104], [NaN, 12.0, 0.308216, 0.349114, 0.0, 0.65733], [2013.0, NaN, 2.12388, 3.990882, 0.0, 6.114762], [NaN, 1.0, 0.035475, 0.156018, 0.0, 0.191493], [NaN, 2.0, 0.050275, 0.175713, 0.0, 0.225988], [NaN, 3.0, 0.044178, 0.191209, 0.0, 0.235387], [NaN, 4.0, 0.061058, 0.326681, 0.0, 0.387739], [NaN, 5.0, 0.162253, 0.368232, 0.0, 0.530485], [NaN, 6.0, 0.156855, 0.329559, 0.0, 0.486414], [NaN, 7.0, 0.308084, 0.43863, 0.0, 0.746714], [NaN, 8.0, 0.349459, 0.499805, 0.0, 0.849264], [NaN, 9.0, 0.212331, 0.264708, 0.0, 0.477039], [NaN, 10.0, 0.333816, 0.5065, 0.0, 0.840316], [NaN, 11.0, 0.293065, 0.462817, 0.0, 0.755882], [NaN, 12.0, 0.117031, 0.27101, 0.0, 0.388041], [2012.0, NaN, 0.0, 0.0, 0.0, 0.0], [1.0, 0.0, 0.0, 0.0, 0.0, NaN], [2.0, 0.0, 0.0, 0.0, 0.0, NaN], [3.0, 0.0, 0.0, 0.0, 0.0, NaN], [4.0, 0.0, 0.0, 0.0, 0.0, NaN], [5.0, 0.0, 0.0, 0.0, 0.0, NaN], [6.0, 0.0, 0.0, 0.0, 0.0, NaN], [7.0, 0.0, 0.0, 0.0, 0.0, NaN], [8.0, 0.0, 0.0, 0.0, 0.0, NaN], [9.0, 0.0, 0.0, 0.0, 0.0, NaN], [10.0, 0.0, 0.0, 0.0, 0.0, NaN], [11.0, 0.0, 0.0, 0.0, 0.0, NaN], [12.0, 0.0, 0.0, 0.0, 0.0, NaN]]}, "22": {"index": [0, 1, 2, 3, 4, 5, 6, 7, 8, 9, 10, 11, 12, 13], "columns": {"0": "Wellbore name", "1": "Entered date", "2": "Completed", "3": "Purpose", "4": "Status", "5": "Content"}, "data": [[NaN, NaN, "date", NaN, NaN, NaN], ["6507/3-3", "23.12.1998", "25.03.1999", "WILDCAT", "P&A", "GAS"], ["6507/3-3 A", "25.03.1999", "06.05.1999", "APPRAISAL", "P&A", "GAS"], ["6507/3-3 B", "07.05.1999", "16.06.1999", "APPRAISAL", "P&A", "GAS"], ["6507/5-1", "24.12.1997", "03.05.1998", "WILDCAT", "P&A", "OIL/GAS/CO"], [NaN, NaN, NaN, NaN, NaN, "NDENSATE"], ["6507/5-2", "13.08.1999", "23.09.1999", "APPRAISAL", "P&A", "GAS/CONDE"], [NaN, NaN, NaN, NaN, NaN, "NSATE"], ["6507/5-3", "15.05.2000", "23.06.2000", "WILDCAT", "P&A", "GAS"], ["6507/5-4", "10.02.2001", "15.04.2001", "APPRAISAL", "P&A", "OIL/GAS"], ["6507/5-4 A", "15.04.2001", "03.06.2001", "APPRAISAL", "P&A", "OIL"], ["6507/5-5", "28.11.2001", "14.02.2002", "APPRAISAL", "P&A", "OIL"], ["6507/5-6 S", "12.01.2010", "08.06.2010", "APPRAISAL", "PLUGGED", "GAS"], ["6507/5-8", "24.02.2018", "27.03.2018", "WILDCAT", "P&A", "GAS"]]}, "23": {"index": [0, 1, 2, 3, 4, 5, 6, 7, 8, 9, 10, 11, 12], "columns": {"0": "Wellbore name", "1": "Entered date", "2": "Completed", "3": "Purpose", "4": "Content"}, "data": [[NaN, NaN, "date", NaN, NaN], ["6507/3-D-2 H", "12.07.2010", "11.11.2011", "PRODUCTION", "GAS"], ["6507/3-D-3 H", "15.07.2010", "17.12.2011", "PRODUCTION", "GAS"], ["6507/3-D-4 H", "16.03.2020", "07.04.2020", "PRODUCTION", "GAS/CONDE"], [NaN, NaN, NaN, NaN, "NSATE"], ["6507/3-H-1 H", "23.01.2021", "12.03.2021", "PRODUCTION", "GAS/CONDE"], [NaN, NaN, NaN, NaN, "NSATE"], ["6507/5-A-1 H", "11.05.2011", "24.05.2011", "PRODUCTION", "GAS"], ["6507/5-A-3 H", "22.01.2010", "12.03.2011", "PRODUCTION", "GAS"], ["6507/5-A-3 AH", "24.08.2022", "15.09.2022", "PRODUCTION", "GAS"], ["6507/5-A-4 H", "07.02.2010", "31.03.2011", "PRODUCTION", "GAS"], ["6507/5-A-6 H", "02.02.2010", "13.04.2011", "PRODUCTION", "GAS"], ["6507/5-B-2 H", "20.09.2010", "28.09.2011", "INJECTION", "GAS"]]}, "24": {"index": [0, 1, 2, 3, 4, 5, 6, 7, 8, 9, 10, 11, 12, 13, 14, 15, 16], "columns": {"0": "6507/5-B-3 H", "1": "21.09.2010", "2": "05.04.2013", "3": "INJECTION", "4": "GAS"}, "data": [["6507/5-B-5 H", "16.09.2010", "02.02.2013", "OBSERVATION", "OIL"], ["6507/5-B-5 AH", "07.02.2013", "14.03.2013", "OBSERVATION", "OIL"], ["6507/5-B-6 H", "17.09.2010", "06.03.2012", "PRODUCTION", "OIL"], ["6507/5-B-7 H", "22.04.2021", "08.05.2021", "OBSERVATION", "NOTAPPLICABLE"], ["6507/5-B-7 AH", "09.05.2021", "20.05.2021", "PRODUCTION", "OIL"], ["6507/5-B-8 H", "03.08.2011", "02.01.2013", "PRODUCTION", "OIL"], ["6507/5-B-9 H", "15.09.2010", "29.04.2013", "PRODUCTION", "OIL"], ["6507/5-B-10 H", "30.09.2010", "10.11.2010", "OBSERVATION", "NOTAPPLICABLE"], ["6507/5-B-10 AH", "26.01.2011", "05.02.2012", "PRODUCTION", "OIL"], ["6507/5-J-1 H", "19.06.2010", "21.06.2013", "PRODUCTION", "OIL"], ["6507/5-J-2 H", "20.06.2010", "15.09.2012", "INJECTION", "GAS"], ["6507/5-J-3 H", "24.06.2010", "15.08.2013", "INJECTION", "GAS"], ["6507/5-J-4 H", "31.08.2012", "28.07.2013", "PRODUCTION", "OIL"], ["6507/5-K-1 H", "17.01.2020", "28.01.2020", "PRODUCTION", "GAS/CONDENSATE"], ["6507/5-L-1 H", "26.02.2020", "04.03.2020", "PRODUCTION", "GAS/CONDENSATE"], ["6507/5-M-1 H", "18.11.2019", "03.12.2019", "OBSERVATION", "NOTAPPLICABLE"], ["6507/5-M-1 AH", "04.12.2019", "20.12.2019", "PRODUCTION", "GAS/CONDENSATE"]]}, "25": {"index": [0, 1, 2, 3], "columns": {"0": "Wellbore name", "1": "Entered date", "2": "Completeddate", "3": "Purpose", "4": "Status"}, "data": [["6507/3-U-3", "04.07.2010", "06.07.2010", "SHALLOWGAS", "P&A"], ["6507/5-U-1", "06.01.2010", "08.01.2010", "SHALLOWGAS", "P&A"], ["6507/5-U-2", "09.01.2010", "11.01.2010", "SHALLOWGAS", "P&A"], ["6507/5-U-3", "26.08.2010", "28.08.2010", "SHALLOWGAS", "P&A"]]}, "kind": "osdu:wks:master-data--Field:1.0.0 ", "id": "npd:master-data--Factpages-Field:4704482"}