{"0": {"index": [0, 1, 2, 3, 4, 5, 6, 7, 8, 9, 10, 11, 12, 13, 14, 15, 16, 17, 18, 19, 20, 21, 22, 23, 24], "columns": {"0": "eneral information", "1": "Unnamed: 0"}, "data": [["Survey name", "EQ21002"], ["Legal basis", "Petroleumsforskriften jf Ressursforskriften"], ["NPDID for survey", "10042"], ["Factmaps - new window", "link to map"], ["Status", "Ferdig"], ["Area", "Nordsj\u00f8en"], ["Market available", "Nei"], ["Category", "Seismisk unders\u00f8kelse"], ["Main type", "Ordin\u00e6r seismisk unders\u00f8kelse"], ["Sub type", "4D"], ["Company - responsible", "Equinor Energy AS"], ["Source type", "seismicSource"], ["Number of sources", "1"], ["Source size", "5485"], ["Source pressure", "2000"], ["Sensor type", "cables"], ["Numbers of sensors", "12"], ["Sensor length [m]", "3600"], ["Sensor width [m]", NaN], ["Start date - planned", "12.07.2021"], ["Start date", "12.07.2021"], ["Completed date - planned", "30.08.2021"], ["Completed date", "26.08.2021"], ["Total length [boat km]", NaN], ["Net area - actual 3D/4D [km2]", NaN]]}, "1": {"index": [], "columns": {"0": "Unnamed: 0"}, "data": []}, "2": {"index": [0, 1, 2, 3, 4, 5, 6, 7], "columns": {"0": "Date", "1": "Type of update", "2": "Information"}, "data": [["04.04.2022", "Melding - Endringsmelding - tilinfo", "B\u00e5t-km for \u00e5 oppn\u00e5 323 km2"], ["26.08.2021", "Melding - Unders\u00f8kelsen er ferdig", NaN], ["26.08.2021", "Melding - Ordin\u00e6r ukemelding", "4D reshoot - 4D reshoot"], ["26.08.2021", "Melding - Ordin\u00e6r ukemelding", "-"], ["26.08.2021", "Status", "Ferdig"], ["09.08.2021", "Melding - Ordin\u00e6r ukemelding", "-"], ["05.08.2021", "Melding - Ordin\u00e6r ukemelding", "I produksjon, men avbrutt av litt d\u00e5rlig v\u00e6r over helga -I produksjon"], ["26.07.2021", "Melding - Ordin\u00e6r ukemelding", "I produksjon - Fortsatt produksjon"]]}, "3": {"index": [0, 1, 2, 3, 4, 5, 6, 7], "columns": {"0": "20.07.2021", "1": "Oljedirektoratets uttalelse tilendringsmelding", "2": "Oljedirektoratet (OD) viser til melding om endring avomr\u00e5de for unders\u00f8kelsen. P\u00e5 bakgrunn av innmeldtendring og nye uttalelser fra Havforskningsinstituttet ogFiskeridirektoratet, har OD ingen ytterligere merknadertil at unders\u00f8kelsen kan gjennomf\u00f8res som planlagtdersom disse blir fulgt."}, "data": [["19.07.2021", "Melding - Ordin\u00e6r ukemelding", "Utlegg av utstyr -"], ["14.07.2021", "Fiskeridirektoratets uttalelse tilendringsmelding", "Vi har ingen merknader p\u00e5 fiskerifaglig grunnlag ogopprettholder v\u00e5r tidligere uttalelse i saken."], ["14.07.2021", "Havforskningsinstituttetsuttalelse til endringsmelding", "Havforskningsinstituttet har ingen merknader tilendringen i den planlagte unders\u00f8kelsen. Vurderingener gjort med hensyn til aktive gytefelt og konsentrertegytevandringer for aktuelle fiskebestander(p\u00e5virkningsavstand 20 nmi) , beiteomr\u00e5der for hval ogforekomst av koraller."], ["12.07.2021", "Melding - Endringsmelding - tilinfo", "Liten korreksjon av omr\u00e5de i nord, ajourf\u00f8rtoppstartstidspunkt"], ["12.07.2021", "Melding - Endringsmelding somkrever saksbehandling", NaN], ["12.07.2021", "Status", "P\u00e5g\u00e5ende"], ["12.07.2021", "Melding - Unders\u00f8kelsen startesopp", NaN], ["06.07.2021", "Melding - Endringsmelding - tilinfo", "Endret FLO, oppdatert telefon og dato"]]}, "4": {"index": [0, 1, 2, 3, 4, 5, 6, 7, 8, 9, 10, 11, 12, 13, 14, 15, 16, 17, 18, 19, 20, 21, 22, 23, 24, 25, 26, 27, 28, 29, 30, 31, 32, 33, 34, 35, 36, 37, 38, 39, 40, 41], "columns": {"0": "16.03.2021", "1": "Oljedirektoratet uttalelse til", "2": "Oljedirektoratet (OD) viser til deres melding vedr\u00f8rende"}, "data": [[NaN, "innmelding", "denne unders\u00f8kelsen."], [NaN, NaN, "OD gj\u00f8r s\u00e6rlig oppmerksom p\u00e5 at fart\u00f8y som foretar en"], [NaN, NaN, "unders\u00f8kelse, skal holde forsvarlig avstand til fart\u00f8y"], [NaN, NaN, "som driver fiske, og til fastst\u00e5ende og flytende"], [NaN, NaN, "fiskeredskap. S\u00e6rlig aktsomhet skal utvises n\u00e5r st\u00f8rre"], [NaN, NaN, "ansamlinger av fiskefart\u00f8y observeres, jf. forskrift om"], [NaN, NaN, "ressursforvaltning innen petroleumsvirksomheten av"], [NaN, NaN, "13.12.2017 (ressursforskriften) \u00a7 8 andre ledd."], [NaN, NaN, "Det vises for \u00f8vrig til veileder om \"Gjennomf\u00f8ring av"], [NaN, NaN, "seismiske unders\u00f8kelser p\u00e5 norsk kontinentalsokkel\"."], [NaN, NaN, "OD viser til uttalelsene som er gitt av adressatene"], [NaN, NaN, "innenfor meldesystemet (jf. petroleumsforskriften \u00a7 6/"], [NaN, NaN, "ressursforskriften \u00a7 6), og har ingen merknader til at"], [NaN, NaN, "unders\u00f8kelsen  gjennomf\u00f8res som planlagt dersom"], [NaN, NaN, "disse tas til etterretning."], [NaN, NaN, "Dersom unders\u00f8kelsen aksepteres gjennomf\u00f8rt slik den"], [NaN, NaN, "er tilr\u00e5dd, stadfestes dette gjennom at det sendes inn"], [NaN, NaN, "melding om oppstart n\u00e5r unders\u00f8kelsen starter, jf."], [NaN, NaN, "ressursforskriften \u00a7 6, 3.ledd."], [NaN, NaN, "Skulle det oppst\u00e5 situasjoner i forbindelse med"], [NaN, NaN, "fiskeriaktiviteten, ber vi om \u00e5 bli underrettet om dette."], [NaN, NaN, "Unders\u00f8kelsen kan bli stanset eller endret p\u00e5 kort varsel"], [NaN, NaN, "dersom det oppst\u00e5r konflikt med fiskeriene."], [NaN, NaN, "OD gj\u00f8r ogs\u00e5 oppmerksom p\u00e5 at ev. endringer m\u00e5"], [NaN, NaN, "meldes inn i henhold til ressursforskriften \u00a7 6. Det er"], [NaN, NaN, "krav om at alle slike regelverkspliktige meldinger,"], [NaN, NaN, "herunder oppstartsmelding, endringsmelding,"], [NaN, NaN, "ukemelding og sluttmelding \u2013 skal rapporteres gjennom"], [NaN, NaN, "ODs innmeldingssystem for unders\u00f8kelser."], [NaN, NaN, "Rettighetshaver og/eller den som st\u00e5r for driften av"], [NaN, NaN, "fart\u00f8yet skal for \u00f8vrig gj\u00f8re relevant regelverk,"], [NaN, NaN, "dokumenter og data tilgjengelig for den fiskerikyndige."], [NaN, NaN, "Regelverk og dokumenter skal foreligge p\u00e5 b\u00e5de norsk"], [NaN, NaN, "og engelsk. Det skal ogs\u00e5 legges til rette for at den"], [NaN, NaN, "fiskerikyndige har tilgang til internett og andre"], [NaN, NaN, "n\u00f8dvendige hjelpemidler jf. ressursforskriften \u00a7 9."], ["16.03.2021", "Status", "Planlagt"], ["16.03.2021", "Havforskningsinstituttets", "Havforskningsinstituttet har ingen merknader til den"], [NaN, "uttalelse til innmelding", "planlagte unders\u00f8kelsen. Vurderingen er gjort med"], [NaN, NaN, "hensyn til aktive gytefelt og konsentrerte"], [NaN, NaN, "gytevandringer for aktuelle fiskebestander"], [NaN, NaN, "(p\u00e5virkningsavstand 20 nmi)."]]}, "5": {"index": [0, 1, 2, 3, 4, 5, 6, 7, 8, 9, 10, 11, 12, 13, 14, 15, 16], "columns": {"0": "12.03.2021", "1": "Fiskeridirektoratets uttalelse til", "2": "Det kan ventes mye fiske i Norskerenna (tr\u00e5l), samt p\u00e5"}, "data": [[NaN, "innmelding", "Nordsj\u00f8plat\u00e5et vest for denne."], [NaN, NaN, "Periodevis kan det v\u00e6re mange fiskefart\u00f8y i omr\u00e5det."], [NaN, NaN, "Norskerenna: Flytetr\u00e5l etter kolmule. Bunntr\u00e5l etter"], [NaN, NaN, "konsumfisk (ulike hvitfiskarter). Notfiske etter"], [NaN, NaN, "nordsj\u00f8sild."], [NaN, NaN, "Nordsj\u00f8plat\u00e5et:"], [NaN, NaN, "Line- og snurrevadfiske etter hvitfisk, samt seitr\u00e5l."], [NaN, NaN, "Notfiske etter Nordsj\u00f8sild."], [NaN, NaN, "Se vedlagt kart."], [NaN, NaN, "Dersom det oppst\u00e5r konflikt mot fiskeriinteressene ber"], [NaN, NaN, "vi om at unders\u00f8kelsen endres eller avbrytes"], [NaN, NaN, "umiddelbart."], [NaN, NaN, "Det skal v\u00e6re fiskerikyndig bemanning p\u00e5 fart\u00f8yet som"], [NaN, NaN, "ut\u00f8ver unders\u00f8kelsen, med mindre annet fremg\u00e5r av"], [NaN, NaN, "ODs tilbakemelding."], ["08.03.2021", "Status", "Under behandling"], ["08.03.2021", "Melding - Innmelding", NaN]]}, "6": {"index": [0, 1], "columns": {"0": "Type of licence", "1": "Licence name"}, "data": [["Utvinningstillatelse", 89], ["Utvinningstillatelse", 37]]}, "7": {"index": [], "columns": {"0": "Type data", "1": "Format", "2": "Medium", "3": "Comment"}, "data": []}, "8": {"index": [0, 1, 2, 3], "columns": {"0": "Vessel Name", "1": "Type of vessel", "2": "Phone", "3": "IMO-number", "4": "Call", "5": "Nation"}, "data": [[NaN, NaN, "number", NaN, "signal", NaN], ["Ramform", "Hovedfart\u00f8y", "+47 67 51", 9390460.0, "C6CR8", "Baham"], ["Sovereign", "(innsamlingsfa", "55 00", NaN, NaN, "as"], [NaN, "rt\u00f8y)", NaN, NaN, NaN, NaN]]}, "9": {"index": [0, 1], "columns": {"0": "From date", "1": "To date", "2": "Name", "3": "Phone number"}, "data": [["09.07.2021", "10.09.2021", "Perry Urkedal", 90116976], ["09.07.2021", "10.09.2021", "Ronald Hansen", 90139732]]}, "10": {"index": [0, 1, 2, 3, 4, 5, 6], "columns": {"0": "Point", "1": "NS", "2": "NS minutes", "3": "Unnamed: 0", "4": "EW", "5": "EW minutes", "6": "Unnamed: 1"}, "data": [["number", "degrees", "(decimal)", NaN, "degrees", "(decimal)", NaN], ["1", "61", "26.64", "N", "1", "44.61", "E"], ["2", "61", "26.67", "N", "2", "35.38", "E"], ["3", "61", "20.87", "N", "2", "29.04", "E"], ["4", "61", "12.85", "N", "2", "33.21", "E"], ["5", "61", "12.83", "N", "1", "49.49", "E"], ["6", "61", "21.45", "N", "1", "47.72", "E"]]}, "11": {"index": [0, 1, 2, 3, 4, 5, 6], "columns": {"0": "Point", "1": "NS", "2": "NS.1", "3": "NS.2", "4": "Unnamed: 0", "5": "EW", "6": "EW.1", "7": "EW.2", "8": "Unnamed: 1"}, "data": [["number", "degrees", "minutes", "seconds", NaN, "degrees", "minutes", "seconds", NaN], ["1", "61", "26", "38.59", "N", "1", "44", "36.73", "E"], ["2", "61", "26", "40.03", "N", "2", "35", "22.58", "E"], ["3", "61", "20", "51.92", "N", "2", "29", "2.57", "E"], ["4", "61", "12", "51.11", "N", "2", "33", "12.49", "E"], ["5", "61", "12", "49.96", "N", "1", "49", "29.13", "E"], ["6", "61", "21", "26.95", "N", "1", "47", "43.45", "E"]]}, "kind": "osdu:wks:master-data--Survey:1.0.0 ", "id": "npd:master-data--Factpages-Survey:10042"}