{"0": {"index": [0, 1, 2, 3, 4, 5, 6], "columns": {"0": "Field name", "1": "BRYNHILD"}, "data": [["Factmaps in new window", "link to map"], ["Current activity status", "Shut down"], ["Discovery wellbore", "7/7-2"], ["Discovery year.", "1992"], ["Main area", "North sea"], ["Main supply base", NaN], ["NPDID field", "21123063"]]}, "1": {"index": [0, 1, 2, 3], "columns": {"0": "Status", "1": "Status from", "2": "Status to"}, "data": [["Shut down", "08.05.2018", NaN], ["Producing", "24.12.2014", "07.05.2018"], ["Approved for", "11.11.2011", "23.12.2014"], ["production", NaN, NaN]]}, "2": {"index": [0, 1], "columns": {"0": "Unnamed: 0", "1": "Block name", "2": "Prod. licence"}, "data": [["7/4", NaN, NaN], ["7/7", NaN, NaN]]}, "3": {"index": [0], "columns": {"0": "Orig. recoverableoil[mill Sm3]", "1": "Orig. recoverablegas[bill Sm3]", "2": "Orig. recoverableNGL[mill tonn]", "3": "Orig. recoverablecond.[mill Sm3]", "4": "Orig. recoverableoil eq.[mill Sm3 o.e]"}, "data": [[0.49, 0.0, 0.0, 0.0, 0.49]]}, "4": {"index": [0], "columns": {"0": "Remaining oil[mill Sm3]", "1": "Remaining gas[bill Sm3]", "2": "Remaining NGL[mill tonn]", "3": "Remaining cond.[mill Sm3]", "4": "Remaining oil eq.[mill Sm3 o.e]"}, "data": [[0.0, 0.0, 0.0, 0.0, 0.0]]}, "5": {"index": [0], "columns": {"0": "Orig. inplace oil[mill Sm3]", "1": "Orig. inplace ass.liquid[mill Sm3]", "2": "Orig. inplace ass.gas[bill Sm3]", "3": "Orig. inplace freegas[bill Sm3]"}, "data": [[6.0, 0.0, 0.0, 0.0]]}, "6": {"index": [0, 1, 2, 3, 4], "columns": {"0": "Type", "1": "Text", "2": "Dateupdated"}, "data": [["Development", "Brynhild is a field in the southern part of the Norwegian sectorin the North Sea, 10 kilometres from the UK sector and 55kilometres northwest of the Ula field. The water depth is 80metres. Brynhild was discovered in 1992, and the plan fordevelopment and operation (PDO) was approved in 2011. Thedevelopment concept was a subsea template including fourwells, tied-in to the Haewene Brim production, storage andoffloading vessel (FPSO) located on the Pierce field in the Britishsector. Production started in 2014.", "28.02.2023"], ["Reservoir", "Brynhild produced oil from sandstone of Late Jurassic age in theUla Formation. The reservoir lies at a depth of 3,300 metres,and the reservoir conditions are close to high pressure, hightemperature (HPHT) conditions.", "28.02.2023"], ["Recovery strategy", "The field was produced by pressure support from waterinjection. Water for injection was supplied from the Pierce field.", "28.02.2023"], ["Transport", "The well stream was transported by pipeline to the HaeweneBrim FPSO for processing. The processed oil was exported byshuttle tankers to the market, and gas was reinjected into thePierce field.", "28.02.2023"], ["Status", "Production from Brynhild ceased in 2018 and the subseatemplate was removed in 2021.", NaN]]}, "7": {"index": [], "columns": {"0": "Unnamed: 0", "1": "Investments[mill NOK nominalvalues]"}, "data": []}, "8": {"index": [0, 1, 2, 3, 4, 5, 6, 7, 8, 9], "columns": {"0": "Sum", "1": "8060"}, "data": [[2021, 0], [2020, 0], [2019, 0], [2017, 0], [2016, -30], [2015, 997], [2014, 2230], [2013, 3394], [2012, 1257], [2011, 210]]}, "9": {"index": [0, 1, 2, 3, 4, 5, 6, 7, 8, 9, 10, 11, 12, 13, 14, 15, 16, 17, 18, 19, 20, 21, 22, 23, 24, 25, 26, 27, 28], "columns": {"0": "Unnamed: 0", "1": "Month", "2": "Net - oil", "3": "Net - gas", "4": "Net -", "5": "Net - NGL", "6": "Net - oil equivalents"}, "data": [[NaN, NaN, "[mill Sm3]", "[bill Sm3]", "condensate", "[mill Sm3]", NaN], [NaN, NaN, NaN, NaN, "[mill Sm3]", NaN, "[mill Sm3]"], ["Sum", NaN, "0.491876", "0.000000", "0.000000", "0.000000", "0.491876"], ["2018", NaN, "-0.000673", "0.000000", "0.000000", "0.000000", "-0.000673"], [NaN, 1.0, "0.001557", "0.000000", "0.000000", "0.000000", "0.001557"], [NaN, 2.0, "-0.002230", "0.000000", "0.000000", "0.000000", "-0.002230"], [NaN, 3.0, "0.000000", "0.000000", "0.000000", "0.000000", "0.000000"], [NaN, 4.0, "0.000000", "0.000000", "0.000000", "0.000000", "0.000000"], [NaN, 5.0, "0.000000", "0.000000", "0.000000", "0.000000", "0.000000"], ["2017", NaN, "0.069408", "0.000000", "0.000000", "0.000000", "0.069408"], [NaN, 1.0, "0.010840", "0.000000", "0.000000", "0.000000", "0.010840"], [NaN, 2.0, "0.010958", "0.000000", "0.000000", "0.000000", "0.010958"], [NaN, 3.0, "0.008349", "0.000000", "0.000000", "0.000000", "0.008349"], [NaN, 4.0, "0.012709", "0.000000", "0.000000", "0.000000", "0.012709"], [NaN, 5.0, "0.004909", "0.000000", "0.000000", "0.000000", "0.004909"], [NaN, 6.0, "0.014729", "0.000000", "0.000000", "0.000000", "0.014729"], [NaN, 7.0, "0.006673", "0.000000", "0.000000", "0.000000", "0.006673"], [NaN, 8.0, "-0.000079", "0.000000", "0.000000", "0.000000", "-0.000079"], [NaN, 9.0, "0.000000", "0.000000", "0.000000", "0.000000", "0.000000"], [NaN, 10.0, "0.000000", "0.000000", "0.000000", "0.000000", "0.000000"], [NaN, 11.0, "0.000324", "0.000000", "0.000000", "0.000000", "0.000324"], [NaN, 12.0, "-0.000004", "0.000000", "0.000000", "0.000000", "-0.000004"], ["2016", NaN, "0.159819", "0.000000", "0.000000", "0.000000", "0.159819"], [NaN, 1.0, "0.022072", "0.000000", "0.000000", "0.000000", "0.022072"], [NaN, 2.0, "0.018063", "0.000000", "0.000000", "0.000000", "0.018063"], [NaN, 3.0, "0.005667", "0.000000", "0.000000", "0.000000", "0.005667"], [NaN, 4.0, "0.009188", "0.000000", "0.000000", "0.000000", "0.009188"], [NaN, 5.0, "0.018175", "0.000000", "0.000000", "0.000000", "0.018175"], [NaN, 6.0, "0.001624", "0.000000", "0.000000", "0.000000", "0.001624"]]}, "10": {"index": [0, 1, 2, 3, 4, 5, 6, 7, 8, 9, 10, 11, 12, 13, 14, 15, 16, 17, 18, 19], "columns": {"0": "2016", "1": "7", "2": "0.018901", "3": "0.000000", "4": "0.000000.1", "5": "0.000000.2", "6": "0.018901.1"}, "data": [[NaN, 8.0, 0.017392, 0.0, 0.0, 0.0, 0.017392], [NaN, 9.0, 0.008733, 0.0, 0.0, 0.0, 0.008733], [NaN, 10.0, 0.007168, 0.0, 0.0, 0.0, 0.007168], [NaN, 11.0, 0.018641, 0.0, 0.0, 0.0, 0.018641], [NaN, 12.0, 0.014195, 0.0, 0.0, 0.0, 0.014195], [2015.0, NaN, 0.254927, 0.0, 0.0, 0.0, 0.254927], [NaN, 1.0, 0.007399, 0.0, 0.0, 0.0, 0.007399], [NaN, 2.0, -0.000181, 0.0, 0.0, 0.0, -0.000181], [NaN, 3.0, 0.038989, 0.0, 0.0, 0.0, 0.038989], [NaN, 4.0, 0.006118, 0.0, 0.0, 0.0, 0.006118], [NaN, 5.0, 0.026663, 0.0, 0.0, 0.0, 0.026663], [NaN, 6.0, 0.017055, 0.0, 0.0, 0.0, 0.017055], [NaN, 7.0, 0.03357, 0.0, 0.0, 0.0, 0.03357], [NaN, 8.0, 0.025981, 0.0, 0.0, 0.0, 0.025981], [NaN, 9.0, 0.034799, 0.0, 0.0, 0.0, 0.034799], [NaN, 10.0, 0.006662, 0.0, 0.0, 0.0, 0.006662], [NaN, 11.0, 0.032659, 0.0, 0.0, 0.0, 0.032659], [NaN, 12.0, 0.025213, 0.0, 0.0, 0.0, 0.025213], [2014.0, NaN, 0.008395, 0.0, 0.0, 0.0, 0.008395], [12.0, 0.008395, 0.0, 0.0, 0.0, 0.008395, NaN]]}, "11": {"index": [0, 1, 2, 3, 4, 5, 6, 7, 8, 9, 10, 11, 12, 13, 14, 15, 16, 17], "columns": {"0": "Unnamed: 0", "1": "Month", "2": "Gross - oil[mill Sm3]", "3": "Gross - gas[bill Sm3]", "4": "Gross -condensate[mill Sm3]", "5": "Gross - oilequivalents[mill Sm3]"}, "data": [["Sum", NaN, 0.52509, 0.02719, 0.0, 0.55228], ["2018", NaN, 0.001637, 8.7e-05, 0.0, 0.001724], [NaN, 1.0, 0.001637, 8.7e-05, 0.0, 0.001724], [NaN, 2.0, 0.0, 0.0, 0.0, 0.0], [NaN, 3.0, 0.0, 0.0, 0.0, 0.0], [NaN, 4.0, 0.0, 0.0, 0.0, 0.0], [NaN, 5.0, 0.0, 0.0, 0.0, 0.0], ["2017", NaN, 0.075428, 0.00404, 0.0, 0.079468], ["1", 0.011681, 0.00064, 0.0, 0.012321, NaN], ["2", 0.011969, 0.000643, 0.0, 0.012612, NaN], ["3", 0.009547, 0.000512, 0.0, 0.010059, NaN], ["4", 0.013411, 0.00072, 0.0, 0.014131, NaN], ["5", 0.00594, 0.00032, 0.0, 0.00626, NaN], ["6", 0.015321, 0.000818, 0.0, 0.016139, NaN], ["7", 0.007216, 0.000387, 0.0, 0.007603, NaN], ["8", 0.0, 0.0, 0.0, 0.0, NaN], ["9", 0.0, 0.0, 0.0, 0.0, NaN], ["10", 0.0, 0.0, 0.0, 0.0, NaN]]}, "12": {"index": [0, 1, 2, 3, 4, 5, 6, 7, 8, 9, 10, 11, 12, 13, 14, 15, 16, 17, 18, 19, 20, 21, 22, 23, 24, 25, 26, 27, 28], "columns": {"0": "2017", "1": "11", "2": "0.000343", "3": "0.000000", "4": "0.000000.1", "5": "0.000343.1"}, "data": [[NaN, 12.0, 0.0, 0.0, 0.0, 0.0], [2016.0, NaN, 0.165925, 0.008848, 0.0, 0.174773], [NaN, 1.0, 0.022837, 0.001183, 0.0, 0.02402], [NaN, 2.0, 0.019147, 0.000998, 0.0, 0.020145], [NaN, 3.0, 0.001703, 0.000314, 0.0, 0.002017], [NaN, 4.0, 0.009549, 0.000494, 0.0, 0.010043], [NaN, 5.0, 0.018924, 0.000978, 0.0, 0.019902], [NaN, 6.0, 0.001737, 9.2e-05, 0.0, 0.001829], [NaN, 7.0, 0.019846, 0.001018, 0.0, 0.020864], [NaN, 8.0, 0.018641, 0.000979, 0.0, 0.01962], [NaN, 9.0, 0.009437, 0.000484, 0.0, 0.009921], [NaN, 10.0, 0.0086, 0.000444, 0.0, 0.009044], [NaN, 11.0, 0.019776, 0.001015, 0.0, 0.020791], [NaN, 12.0, 0.015728, 0.000849, 0.0, 0.016577], [2015.0, NaN, 0.273353, 0.013774, 0.0, 0.287127], [NaN, 1.0, 0.008246, 0.000417, 0.0, 0.008663], [NaN, 2.0, 0.0, 0.0, 0.0, 0.0], [NaN, 3.0, 0.04006, 0.002074, 0.0, 0.042134], [NaN, 4.0, 0.007438, 0.00036, 0.0, 0.007798], [NaN, 5.0, 0.028048, 0.001229, 0.0, 0.029277], [NaN, 6.0, 0.018371, 0.000934, 0.0, 0.019305], [NaN, 7.0, 0.035162, 0.00182, 0.0, 0.036982], [NaN, 8.0, 0.02854, 0.001473, 0.0, 0.030013], [NaN, 9.0, 0.037622, 0.001928, 0.0, 0.03955], [NaN, 10.0, 0.007824, 0.000374, 0.0, 0.008198], [NaN, 11.0, 0.034596, 0.001788, 0.0, 0.036384], [NaN, 12.0, 0.027446, 0.001377, 0.0, 0.028823], [2014.0, NaN, 0.008747, 0.000441, 0.0, 0.009188], [12.0, 0.008747, 0.000441, 0.0, 0.009188, NaN]]}, "13": {"index": [0, 1, 2], "columns": {"0": "Wellbore name", "1": "Entered date", "2": "Completeddate", "3": "Purpose", "4": "Status", "5": "Content"}, "data": [["7/4-2", "15.12.2007", "13.03.2008", "APPRAISAL", "P&A", "OIL"], ["7/7-2", "20.01.1992", "25.04.1992", "WILDCAT", "P&A", "OIL"], ["7/7-3", "20.04.1993", "04.07.1993", "APPRAISAL", "P&A", "SHOWS"]]}, "14": {"index": [0, 1, 2, 3, 4, 5, 6], "columns": {"0": "Wellbore name", "1": "Entered date", "2": "Completeddate", "3": "Purpose", "4": "Content"}, "data": [["7/7-A-1 H", "09.10.2014", "04.01.2015", "OBSERVATION", "OIL"], ["7/7-A-1 AH", "05.01.2015", "02.02.2015", "PRODUCTION", "OIL"], ["7/7-A-1 BH", NaN, NaN, "PRODUCTION", NaN], ["7/7-A-2 H", "05.07.2013", "29.10.2013", "INJECTION", "OIL"], ["7/7-A-3 H", "14.06.2013", "24.05.2014", "OBSERVATION", "OIL"], ["7/7-A-3 AH", "25.05.2014", "18.06.2014", "PRODUCTION", "OIL"], ["7/7-A-4 H", "27.02.2015", "02.04.2015", "INJECTION", "WATER"]]}, "15": {"index": [], "columns": {"0": "Wellbore name", "1": "Entered date", "2": "Completeddate", "3": "Purpose", "4": "Status"}, "data": []}, "kind": "osdu:wks:master-data--Field:1.0.0 ", "id": "npd:master-data--Factpages-Field:21123063"}