{"0": {"index": [0, 1, 2, 3, 4, 5, 6, 7, 8, 9, 10, 11, 12, 13, 14, 15, 16, 17, 18, 19, 20, 21, 22, 23, 24], "columns": {"0": "eneral information", "1": "Unnamed: 0"}, "data": [["Survey name", "ABP22303"], ["Legal basis", "Petroleumsforskriften jf Ressursforskriften"], ["NPDID for survey", "10402"], ["Factmaps - new window", "link to map"], ["Status", "Ferdig"], ["Area", "Nordsj\u00f8en"], ["Market available", "Nei"], ["Category", "Seismisk unders\u00f8kelse"], ["Main type", "Borestedunders\u00f8kelse"], ["Sub type", "3D"], ["Company - responsible", "Aker BP ASA"], ["Source type", "seismicSource"], ["Number of sources", "2"], ["Source size", "0"], ["Source pressure", "0"], ["Sensor type", "cables"], ["Numbers of sensors", "4"], ["Sensor length [m]", "150"], ["Sensor width [m]", NaN], ["Start date - planned", "19.09.2022"], ["Start date", "27.09.2022"], ["Completed date - planned", "30.11.2022"], ["Completed date", "21.10.2022"], ["Total length [boat km]", "40"], ["Net area - actual 3D/4D [km2]", "1.00"]]}, "1": {"index": [], "columns": {"0": "Unnamed: 0"}, "data": []}, "2": {"index": [0, 1, 2, 3, 4, 5, 6], "columns": {"0": "Date", "1": "Type of update", "2": "Information"}, "data": [["21.10.2022", "Melding - Unders\u00f8kelsen er ferdig", NaN], ["21.10.2022", "Status", "Ferdig"], ["17.10.2022", "Fiskeridirektoratets uttalelse tilendringsmelding", "Vi har ingen merknader p\u00e5 fiskerifaglig grunnlag ogopprettholder v\u00e5r tidligere uttalelse i saken."], ["13.10.2022", "Melding - Endringsmelding somkrever saksbehandling", NaN], ["13.10.2022", "Melding - Ordin\u00e6r ukemelding", "-"], ["27.09.2022", "Melding - Unders\u00f8kelsen startesopp", NaN], ["27.09.2022", "Status", "P\u00e5g\u00e5ende"]]}, "3": {"index": [0, 1, 2, 3, 4, 5, 6, 7, 8, 9, 10, 11, 12, 13, 14, 15, 16, 17, 18, 19, 20, 21, 22, 23, 24, 25, 26, 27, 28, 29, 30, 31, 32, 33, 34, 35, 36, 37, 38, 39, 40, 41, 42, 43, 44, 45, 46, 47, 48, 49, 50], "columns": {"0": "26.09.2022", "1": "Oljedirektoratets uttalelse til", "2": "Oljedirektoratet (OD) viser til melding om endring av"}, "data": [[NaN, "endringsmelding", "tidsrom for unders\u00f8kelsen. P\u00e5 bakgrunn av innmeldt"], [NaN, NaN, "endring og nye uttalelser fra Havforskningsinstituttet og"], [NaN, NaN, "Fiskeridirektoratet, har OD ingen ytterligere merknader"], [NaN, NaN, "til at unders\u00f8kelsen kan gjennomf\u00f8res som planlagt"], [NaN, NaN, "dersom disse blir fulgt."], ["16.09.2022", "Havforskningsinstituttets", "Havforskningsinstituttet har ingen merknader til"], [NaN, "uttalelse til endringsmelding", "endringene i den planlagte unders\u00f8kelsen. Vurderingen"], [NaN, NaN, "er gjort med hensyn til aktive gytefelt og konsentrerte"], [NaN, NaN, "gytevandringer for aktuelle fiskebestander"], [NaN, NaN, "(p\u00e5virkningsavstand 5 nmi) , beiteomr\u00e5der for hval og"], [NaN, NaN, "forekomst av koraller."], ["13.09.2022", "Fiskeridirektoratets uttalelse til", "Vi har ingen merknader p\u00e5 fiskerifaglig grunnlag og"], [NaN, "endringsmelding", "opprettholder v\u00e5r tidligere uttalelse i saken."], ["12.09.2022", "Melding - Endringsmelding - til", NaN], [NaN, "info", NaN], ["12.09.2022", "Melding - Endringsmelding som", NaN], [NaN, "krever saksbehandling", NaN], ["29.08.2022", "Melding - Endringsmelding - til", "Fart\u00f8yet er endret"], [NaN, "info", NaN], ["29.08.2022", "Melding - Endringsmelding - til", NaN], [NaN, "info", NaN], ["24.08.2022", "Oljedirektoratets uttalelse til", "Oljedirektoratet (OD) viser til melding om endring av"], [NaN, "endringsmelding", "tidsrom for unders\u00f8kelsen. P\u00e5 bakgrunn av innmeldt"], [NaN, NaN, "endring og nye uttalelser fra Havforskningsinstituttet og"], [NaN, NaN, "Fiskeridirektoratet, har OD ingen ytterligere merknader"], [NaN, NaN, "til at unders\u00f8kelsen kan gjennomf\u00f8res som planlagt"], [NaN, NaN, "dersom disse blir fulgt."], ["23.08.2022", "Havforskningsinstituttets", "Havforskningsinstituttet har ingen merknader til"], [NaN, "uttalelse til endringsmelding", "endringene i den planlagte unders\u00f8kelsen. Vurderingen"], [NaN, NaN, "er gjort med hensyn til aktive gytefelt og konsentrerte"], [NaN, NaN, "gytevandringer for aktuelle fiskebestander"], [NaN, NaN, "(p\u00e5virkningsavstand 5 nmi) , beiteomr\u00e5der for hval og"], [NaN, NaN, "forekomst av koraller."], ["19.08.2022", "Fiskeridirektoratets uttalelse til", "Vi har ingen merknader p\u00e5 fiskerifaglig grunnlag og"], [NaN, "endringsmelding", "opprettholder v\u00e5r tidligere uttalelse i saken."], ["18.08.2022", "Melding - Endringsmelding - til", NaN], [NaN, "info", NaN], ["16.08.2022", "Melding - Endringsmelding som", "Fart\u00f8yet er forsinket"], [NaN, "krever saksbehandling", NaN], ["11.08.2022", "Melding - Endringsmelding - til", NaN], [NaN, "info", NaN], ["28.07.2022", "Melding - Endringsmelding - til", "Fart\u00f8yet er forsinket"], [NaN, "info", NaN], ["20.07.2022", "Melding - Endringsmelding - til", "B\u00e5ten er forsinket"], [NaN, "info", NaN], ["17.07.2022", "Oljedirektoratets uttalelse til", "Oljedirektoratet (OD) viser til melding om endring av"], [NaN, "endringsmelding", "tidsrom for unders\u00f8kelsen. P\u00e5 bakgrunn av innmeldt"], [NaN, NaN, "endring og nye uttalelser fra Havforskningsinstituttet og"], [NaN, NaN, "Fiskeridirektoratet, har OD ingen ytterligere merknader"], [NaN, NaN, "til at unders\u00f8kelsen kan gjennomf\u00f8res som planlagt"], [NaN, NaN, "dersom disse blir fulgt."]]}, "4": {"index": [0, 1, 2, 3, 4, 5, 6, 7, 8, 9, 10, 11, 12, 13, 14, 15, 16, 17, 18, 19, 20, 21, 22, 23, 24, 25, 26, 27, 28, 29, 30, 31, 32, 33, 34, 35, 36, 37, 38, 39, 40, 41, 42, 43, 44, 45, 46], "columns": {"0": "11.07.2022", "1": "Havforskningsinstituttets", "2": "Havforskningsinstituttet har ingen merknader til den"}, "data": [[NaN, "uttalelse til endringsmelding", "planlagte unders\u00f8kelsen. Vurderingen er gjort med"], [NaN, NaN, "hensyn til aktive gytefelt og konsentrerte"], [NaN, NaN, "gytevandringer for aktuelle fiskebestander"], [NaN, NaN, "(p\u00e5virkningsavstand 5 nmi) , beiteomr\u00e5der for hval og"], [NaN, NaN, "forekomst av koraller."], ["01.07.2022", "Fiskeridirektoratets uttalelse til", "Vi har ingen merknader p\u00e5 fiskerifaglig grunnlag og"], [NaN, "endringsmelding", "opprettholder v\u00e5r tidligere uttalelse i saken."], ["01.07.2022", "Melding - Endringsmelding som", "Fart\u00f8yet er forsinket"], [NaN, "krever saksbehandling", NaN], ["03.05.2022", "Oljedirektoratet uttalelse til", "Oljedirektoratet (OD) viser til deres melding vedr\u00f8rende"], [NaN, "innmelding", "denne unders\u00f8kelsen."], [NaN, NaN, "OD gj\u00f8r s\u00e6rlig oppmerksom p\u00e5 at fart\u00f8y som foretar en"], [NaN, NaN, "unders\u00f8kelse, skal holde forsvarlig avstand til fart\u00f8y"], [NaN, NaN, "som driver fiske, og til fastst\u00e5ende og flytende"], [NaN, NaN, "fiskeredskap. S\u00e6rlig aktsomhet skal utvises n\u00e5r st\u00f8rre"], [NaN, NaN, "ansamlinger av fiskefart\u00f8y observeres, jf. forskrift om"], [NaN, NaN, "ressursforvaltning innen petroleumsvirksomheten av"], [NaN, NaN, "13.12.2017 (ressursforskriften) \u00a7 8 andre ledd."], [NaN, NaN, "Det vises for \u00f8vrig til veileder om \"Gjennomf\u00f8ring av"], [NaN, NaN, "seismiske unders\u00f8kelser p\u00e5 norsk kontinentalsokkel\"."], [NaN, NaN, "OD viser til uttalelsene som er gitt av adressatene"], [NaN, NaN, "innenfor meldesystemet (jf. petroleumsforskriften \u00a7 6/"], [NaN, NaN, "ressursforskriften \u00a7 6), og har ingen merknader til at"], [NaN, NaN, "unders\u00f8kelsen  gjennomf\u00f8res som planlagt dersom"], [NaN, NaN, "disse tas til etterretning. Dette gjelder ogs\u00e5 eventuelt"], [NaN, NaN, "krav om fiskerikyndig fra Fiskeridirektoratet."], [NaN, NaN, "Dersom unders\u00f8kelsen aksepteres gjennomf\u00f8rt slik den"], [NaN, NaN, "er tilr\u00e5dd, stadfestes dette gjennom at det sendes inn"], [NaN, NaN, "melding om oppstart n\u00e5r unders\u00f8kelsen starter, jf."], [NaN, NaN, "ressursforskriften \u00a7 6, 3.ledd."], [NaN, NaN, "Skulle det oppst\u00e5 situasjoner i forbindelse med"], [NaN, NaN, "fiskeriaktiviteten, ber vi om \u00e5 bli underrettet om dette."], [NaN, NaN, "Unders\u00f8kelsen kan bli stanset eller endret p\u00e5 kort varsel"], [NaN, NaN, "dersom det oppst\u00e5r konflikt med fiskeriene."], [NaN, NaN, "OD gj\u00f8r ogs\u00e5 oppmerksom p\u00e5 at ev. endringer m\u00e5"], [NaN, NaN, "meldes inn i henhold til ressursforskriften \u00a7 6. Det er"], [NaN, NaN, "krav om at alle slike regelverkspliktige meldinger,"], [NaN, NaN, "herunder oppstartsmelding, endringsmelding,"], [NaN, NaN, "ukemelding og sluttmelding \u2013 skal rapporteres gjennom"], [NaN, NaN, "ODs innmeldingssystem for unders\u00f8kelser."], [NaN, NaN, "Rettighetshaver og/eller den som st\u00e5r for driften av"], [NaN, NaN, "fart\u00f8yet skal for \u00f8vrig gj\u00f8re relevant regelverk,"], [NaN, NaN, "dokumenter og data tilgjengelig for den fiskerikyndige."], [NaN, NaN, "Regelverk og dokumenter skal foreligge p\u00e5 b\u00e5de norsk"], [NaN, NaN, "og engelsk. Det skal ogs\u00e5 legges til rette for at den"], [NaN, NaN, "fiskerikyndige har tilgang til internett og andre"], [NaN, NaN, "n\u00f8dvendige hjelpemidler jf. ressursforskriften \u00a7 9."]]}, "5": {"index": [0, 1, 2, 3, 4, 5, 6, 7, 8, 9, 10, 11, 12, 13, 14, 15, 16, 17, 18, 19, 20, 21, 22, 23, 24, 25, 26, 27, 28, 29, 30], "columns": {"0": "03.05.2022", "1": "Status", "2": "Planlagt"}, "data": [["02.05.2022", "Havforskningsinstituttets", "Havforskningsinstituttet har ingen merknader til den"], [NaN, "uttalelse til innmelding", "planlagte unders\u00f8kelsen. Vurderingen er gjort med"], [NaN, NaN, "hensyn til aktive gytefelt og konsentrerte"], [NaN, NaN, "gytevandringer for aktuelle fiskebestander"], [NaN, NaN, "(p\u00e5virkningsavstand 5 nmi) , beiteomr\u00e5der for hval og"], [NaN, NaN, "forekomst av koraller."], ["28.04.2022", "Fiskeridirektoratets uttalelse til", "Unders\u00f8kelsen finner sted p\u00e5 Allebanken. Her kan det i"], [NaN, "innmelding", "hele den innmeldte perioden ventes fiske etter hvit fisk"], [NaN, NaN, "med tr\u00e5l, snurrevad og garn, samt fiske etter"], [NaN, NaN, "nordsj\u00f8sild med not og tr\u00e5l."], [NaN, NaN, "Dersom silda er tilgjengelig for fangst i omr\u00e5det kan det"], [NaN, NaN, "ventes at mange ringnotfart\u00f8y vil lete og drive fiske, og"], [NaN, NaN, "da kan fart\u00f8yene ligge tett. Vi venter stor \u00f8kning i"], [NaN, NaN, "deltakelse av norske fart\u00f8y i fiske etter nordsj\u00f8sild"], [NaN, NaN, "sammenliknet med tidligere \u00e5r grunnet fortsatt"], [NaN, NaN, "begrenset kvoteadgang for norske fart\u00f8y til \u00e5 fiske"], [NaN, NaN, "nordsj\u00f8sild i britisk sone."], [NaN, NaN, "Det skal v\u00e6re fiskerikyndig bemanning p\u00e5 fart\u00f8yet som"], [NaN, NaN, "ut\u00f8ver unders\u00f8kelsen, med mindre annet fremg\u00e5r av"], [NaN, NaN, "ODs tilbakemelding. Vi forutsetter at unders\u00f8kelsen"], [NaN, NaN, "utf\u00f8res med den st\u00f8rste aktsomhet, uten \u00e5 v\u00e6re til"], [NaN, NaN, "hinder for fiskeriaktiviteten i omr\u00e5det som nevnt over."], [NaN, NaN, "Det oppfordres til at den fiskerikyndige blir delaktig"], [NaN, NaN, "tidlig i den operative planleggingsfasen av"], [NaN, NaN, "unders\u00f8kelsen, og at det orienteres om fiskeriaktivitet"], [NaN, NaN, "og st\u00e5ende fiskeredskap i omr\u00e5det. Vi ber om at"], [NaN, NaN, "unders\u00f8kelsen stanses eller endres p\u00e5 kort varsel"], [NaN, NaN, "dersom det oppst\u00e5r konflikter med fiskeriene."], ["26.04.2022", "Status", "Under behandling"], ["26.04.2022", "Melding - Innmelding", "250x250 m omr\u00e5de som samles inn med Sparker kilde."], [NaN, NaN, "Varighet 1-2 dager i juli."]]}, "6": {"index": [0], "columns": {"0": "Type of licence", "1": "Licence name"}, "data": [["Utvinningstillatelse", 442]]}, "7": {"index": [], "columns": {"0": "Type data", "1": "Format", "2": "Medium", "3": "Comment"}, "data": []}, "8": {"index": [0, 1, 2, 3], "columns": {"0": "Vessel Name Type of vessel", "1": "Unnamed: 0", "2": "Phone", "3": "IMO-number", "4": "Call", "5": "Nation"}, "data": [[NaN, NaN, "number", NaN, "signal", NaN], ["Fugro Pioneer Hovedfart\u00f8y", NaN, NaN, 9701645.0, "C6BH3", "Baham"], ["(innsamlingsfa", NaN, NaN, NaN, NaN, "as"], ["rt\u00f8y)", NaN, NaN, NaN, NaN, NaN]]}, "9": {"index": [0], "columns": {"0": "From date", "1": "To date", "2": "Name", "3": "Phone number"}, "data": [["19.09.2022", "20.10.2022", "Bjarni Runar Baldursson", NaN]]}, "10": {"index": [0, 1, 2, 3, 4], "columns": {"0": "Point", "1": "NS", "2": "NS minutes", "3": "Unnamed: 0", "4": "EW", "5": "EW minutes", "6": "Unnamed: 1"}, "data": [["number", "degrees", "(decimal)", NaN, "degrees", "(decimal)", NaN], ["1", "59", "53.89", "N", "2", "30.66", "E"], ["2", "59", "53.91", "N", "2", "37.11", "E"], ["3", "59", "50.74", "N", "2", "37.15", "E"], ["4", "59", "50.79", "N", "2", "30.64", "E"]]}, "11": {"index": [0, 1, 2, 3, 4], "columns": {"0": "Point", "1": "NS", "2": "NS.1", "3": "NS.2", "4": "Unnamed: 0", "5": "EW", "6": "EW.1", "7": "EW.2", "8": "Unnamed: 1"}, "data": [["number", "degrees", "minutes", "seconds", NaN, "degrees", "minutes", "seconds", NaN], ["1", "59", "53", "53.50", "N", "2", "30", "39.48", "E"], ["2", "59", "53", "54.74", "N", "2", "37", "6.33", "E"], ["3", "59", "50", "44.29", "N", "2", "37", "8.79", "E"], ["4", "59", "50", "47.40", "N", "2", "30", "38.24", "E"]]}, "kind": "osdu:wks:master-data--Survey:1.0.0 ", "id": "npd:master-data--Factpages-Survey:10402"}