{"0": {"index": [0, 1, 2, 3, 4, 5, 6, 7, 8, 9, 10, 11, 12, 13, 14, 15, 16, 17, 18, 19, 20, 21, 22, 23, 24, 25, 26], "columns": {"0": "eneral information", "1": "Unnamed: 0"}, "data": [["Survey name", "ABP21109"], ["Legal basis", "Petroleumsforskriften jf Ressursforskriften"], ["NPDID for survey", "10023"], ["Factmaps - new window", "link to map"], ["Status", "Ferdig"], ["Area", "Nordsj\u00f8en"], ["Market available", "Nei"], ["Category", "Andre unders\u00f8kelser"], ["Main type", "Grunnunders\u00f8kelse"], ["Sub type", "Ikke seismikk"], ["Sampling", "Ja"], ["Shallow drilling", "Ja"], ["Company - responsible", "Aker BP ASA"], ["Source type", NaN], ["Number of sources", NaN], ["Source size", NaN], ["Source pressure", NaN], ["Sensor type", NaN], ["Numbers of sensors", NaN], ["Sensor length [m]", NaN], ["Sensor width [m]", NaN], ["Start date - planned", "09.05.2021"], ["Start date", "11.05.2021"], ["Completed date - planned", "25.05.2021"], ["Completed date", "29.05.2021"], ["Total length [boat km]", NaN], ["Net area - actual 3D/4D [km2]", NaN]]}, "1": {"index": [], "columns": {"0": "Unnamed: 0"}, "data": []}, "2": {"index": [0, 1, 2, 3, 4, 5], "columns": {"0": "Date", "1": "Type of update", "2": "Information"}, "data": [["29.05.2021", "Melding - Unders\u00f8kelsen er ferdig", NaN], ["29.05.2021", "Status", "Ferdig"], ["20.05.2021", "Status", "P\u00e5g\u00e5ende"], ["20.05.2021", "Melding - Unders\u00f8kelsengjenopptas", NaN], ["19.05.2021", "Status", "Pause"], ["19.05.2021", "Melding - Unders\u00f8kelsen er sattp\u00e5 pause", NaN]]}, "3": {"index": [0, 1, 2, 3, 4, 5, 6], "columns": {"0": "14.05.2021", "1": "Oljedirektoratets uttalelse tilendringsmelding", "2": "Oljedirektoratet (OD) viser til melding om endring avtidsrom for unders\u00f8kelsen. P\u00e5 bakgrunn av innmeldtendring og nye uttalelser fra Havforskningsinstituttet ogFiskeridirektoratet, har OD ingen ytterligere merknadertil at unders\u00f8kelsen kan gjennomf\u00f8res som planlagtdersom disse blir fulgt."}, "data": [["11.05.2021", "Melding - Unders\u00f8kelsen startesopp", NaN], ["11.05.2021", "Status", "P\u00e5g\u00e5ende"], ["11.05.2021", "Fiskeridirektoratets uttalelse tilendringsmelding", "Vi har ingen merknader p\u00e5 fiskerifaglig grunnlag ogopprettholder v\u00e5r tidligere uttalelse i saken."], ["10.05.2021", "Havforskningsinstituttetsuttalelse til endringsmelding", "Ingen merknad"], ["03.05.2021", "Melding - Endringsmelding somkrever saksbehandling", NaN], ["10.03.2021", "Oljedirektoratets uttalelse tilendringsmelding", "Oljedirektoratet (OD) viser til melding om endring avomr\u00e5de for unders\u00f8kelsen. P\u00e5 bakgrunn av innmeldtendring og uttalelse fra Fiskeridirektoratet, har ODingen ytterligere merknader til at unders\u00f8kelsen kangjennomf\u00f8res som planlagt dersom disse blir fulgt."], ["10.03.2021", "Status", "Planlagt"]]}, "4": {"index": [0, 1, 2, 3, 4, 5, 6, 7, 8, 9, 10, 11, 12, 13, 14, 15, 16, 17, 18, 19, 20, 21, 22, 23, 24, 25, 26, 27, 28, 29, 30, 31, 32, 33, 34, 35, 36, 37, 38, 39, 40, 41, 42, 43, 44, 45, 46, 47, 48], "columns": {"0": "10.03.2021", "1": "Oljedirektoratet uttalelse til", "2": "Oljedirektoratet (OD) viser til deres melding vedr\u00f8rende"}, "data": [[NaN, "innmelding", "denne unders\u00f8kelsen."], [NaN, NaN, "OD gj\u00f8r s\u00e6rlig oppmerksom p\u00e5 at fart\u00f8y som foretar en"], [NaN, NaN, "unders\u00f8kelse, skal holde forsvarlig avstand til fart\u00f8y"], [NaN, NaN, "som driver fiske, og til fastst\u00e5ende og flytende"], [NaN, NaN, "fiskeredskap. S\u00e6rlig aktsomhet skal utvises n\u00e5r st\u00f8rre"], [NaN, NaN, "ansamlinger av fiskefart\u00f8y observeres, jf. forskrift om"], [NaN, NaN, "ressursforvaltning innen petroleumsvirksomheten av"], [NaN, NaN, "13.12.2017 (ressursforskriften) \u00a7 8 andre ledd."], [NaN, NaN, "OD viser til uttalelsene som er gitt av adressatene"], [NaN, NaN, "innenfor meldesystemet (jf. petroleumsforskriften \u00a7 6/"], [NaN, NaN, "ressursforskriften \u00a7 6), og har ingen merknader til at"], [NaN, NaN, "unders\u00f8kelsen  gjennomf\u00f8res som planlagt dersom"], [NaN, NaN, "disse tas til etterretning. Det er ikke stilt krav om"], [NaN, NaN, "fiskerikyndig bemanning for denne unders\u00f8kelsen."], [NaN, NaN, "Dersom unders\u00f8kelsen aksepteres gjennomf\u00f8rt slik den"], [NaN, NaN, "er tilr\u00e5dd, stadfestes dette gjennom at det sendes inn"], [NaN, NaN, "melding om oppstart n\u00e5r unders\u00f8kelsen starter, jf."], [NaN, NaN, "ressursforskriften \u00a7 6, 3.ledd."], [NaN, NaN, "Skulle det oppst\u00e5 situasjoner i forbindelse med"], [NaN, NaN, "fiskeriaktiviteten, ber vi om \u00e5 bli underrettet om dette."], [NaN, NaN, "Unders\u00f8kelsen kan bli stanset eller endret p\u00e5 kort varsel"], [NaN, NaN, "dersom det oppst\u00e5r konflikt med fiskeriene."], [NaN, NaN, "OD gj\u00f8r ogs\u00e5 oppmerksom p\u00e5 at ev. endringer m\u00e5"], [NaN, NaN, "meldes inn i henhold til ressursforskriften \u00a7 6. Det er"], [NaN, NaN, "krav om at alle slike regelverkspliktige meldinger,"], [NaN, NaN, "herunder oppstartsmelding, endringsmelding,"], [NaN, NaN, "ukemelding og sluttmelding \u2013 skal rapporteres gjennom"], [NaN, NaN, "ODs innmeldingssystem for unders\u00f8kelser."], [NaN, NaN, "Rettighetshaver og/eller den som st\u00e5r for driften av"], [NaN, NaN, "fart\u00f8yet skal for \u00f8vrig gj\u00f8re relevant regelverk,"], [NaN, NaN, "dokumenter og data tilgjengelig for den fiskerikyndige."], [NaN, NaN, "Regelverk og dokumenter skal foreligge p\u00e5 b\u00e5de norsk"], [NaN, NaN, "og engelsk. Det skal ogs\u00e5 legges til rette for at den"], [NaN, NaN, "fiskerikyndige har tilgang til internett og andre"], [NaN, NaN, "n\u00f8dvendige hjelpemidler jf. ressursforskriften \u00a7 9."], ["09.03.2021", "Havforskningsinstituttets", "Havforskningen har ingen merknader til unders\u00f8kelsen."], [NaN, "uttalelse til innmelding", "Nordsj\u00f8en ikke er blitt systematisk kartlagt med visuelle"], [NaN, NaN, "metoder i regi av Mareano og data som blir samlet i"], [NaN, NaN, "denne unders\u00f8kelsen kan v\u00e6re av stor verdi for"], [NaN, NaN, "forskningen. Havforskningsinstituttet vil derfor be om at"], [NaN, NaN, "eventuelle oppdagelser s\u00e5rbare habitat meldes in"], [NaN, NaN, "(postjournal@hi.no) eller at vi blir tilsendt den endelige"], [NaN, NaN, "rapport fra habitatsunders\u00f8kelsen slik at vi kan legge in"], [NaN, NaN, "eventuelle nye funn i v\u00e5re artsregister."], ["08.03.2021", "Fiskeridirektoratets uttalelse til", "Utfra en helhetsvurdering av fiskeriaktivitet samt type"], [NaN, "innmelding", "av oms\u00f8kte unders\u00f8kelse, vil ikke Fiskeridirektoratet"], [NaN, NaN, "anmode om fiskerikyndig bemanning."], ["08.03.2021", "Fiskeridirektoratets uttalelse til", NaN], [NaN, "endringsmelding", NaN]]}, "5": {"index": [0, 1, 2, 3, 4, 5, 6], "columns": {"0": "24.02.2021", "1": "Melding - Endringsmelding som", "2": "Revidert polygon"}, "data": [[NaN, "krever saksbehandling", NaN], ["23.02.2021", "Status", "Under behandling"], ["23.02.2021", "Melding - Innmelding", "Geoteknisk grunnunders\u00f8kelse ifbm installasjon av"], [NaN, NaN, "jacket plattform og oppjekkbar boreenhet."], [NaN, NaN, "Grunnunders\u00f8kelsen best\u00e5r av mellom dype"], [NaN, NaN, "grunnboringer med pr\u00f8veuttak og CPT. Fart\u00f8yet er"], [NaN, NaN, "statisk under unders\u00f8kelsen."]]}, "6": {"index": [0], "columns": {"0": "Type of licence", "1": "Licence name"}, "data": [["Utvinningstillatelse", 146]]}, "7": {"index": [], "columns": {"0": "Type data", "1": "Format", "2": "Medium", "3": "Comment"}, "data": []}, "8": {"index": [0, 1, 2, 3], "columns": {"0": "Vessel Name", "1": "Type of vessel", "2": "Phone", "3": "IMO-number", "4": "Call", "5": "Nation"}, "data": [[NaN, NaN, "number", NaN, "signal", NaN], ["Fugro", "Hovedfart\u00f8y", "+311071305", 9452488.0, "C6XR3", "Baham"], ["Synergy", "(innsamlingsfa", "85", NaN, NaN, "as"], [NaN, "rt\u00f8y)", NaN, NaN, NaN, NaN]]}, "9": {"index": [], "columns": {"0": "From date", "1": "To date", "2": "Name", "3": "Phone number"}, "data": []}, "10": {"index": [0, 1, 2, 3], "columns": {"0": "Point", "1": "NS", "2": "NS minutes", "3": "Unnamed: 0", "4": "EW", "5": "EW minutes", "6": "Unnamed: 1"}, "data": [["number", "degrees", "(decimal)", NaN, "degrees", "(decimal)", NaN], ["1", "56", "43.77", "N", "3", "3.21", "E"], ["2", "56", "43.81", "N", "3", "9.29", "E"], ["3", "56", "40.74", "N", "3", "9.24", "E"]]}, "11": {"index": [], "columns": {"0": "4", "1": "56", "2": "41.04", "3": "N", "4": "3", "5": "3.66", "6": "E"}, "data": []}, "12": {"index": [0, 1, 2, 3, 4], "columns": {"0": "Point", "1": "NS", "2": "NS.1", "3": "NS.2", "4": "Unnamed: 0", "5": "EW", "6": "EW.1", "7": "EW.2", "8": "Unnamed: 1"}, "data": [["number", "degrees", "minutes", "seconds", NaN, "degrees", "minutes", "seconds", NaN], ["1", "56", "43", "46.35", "N", "3", "3", "12.38", "E"], ["2", "56", "43", "48.34", "N", "3", "9", "17.37", "E"], ["3", "56", "40", "44.35", "N", "3", "9", "14.37", "E"], ["4", "56", "41", "2.35", "N", "3", "3", "39.38", "E"]]}, "kind": "osdu:wks:master-data--Survey:1.0.0 ", "id": "npd:master-data--Factpages-Survey:10023"}