{"0": {"index": [0, 1, 2, 3, 4, 5, 6, 7, 8, 9, 10, 11, 12, 13, 14, 15, 16, 17, 18, 19, 20, 21, 22, 23, 24], "columns": {"0": "eneral information", "1": "Unnamed: 0"}, "data": [["Survey name", "OKEA21302"], ["Legal basis", "Petroleumsforskriften jf Ressursforskriften"], ["NPDID for survey", "10186"], ["Factmaps - new window", "link to map"], ["Status", "Avlyst"], ["Area", "Norskehavet"], ["Market available", "Nei"], ["Category", "Seismisk unders\u00f8kelse"], ["Main type", "Borestedunders\u00f8kelse"], ["Sub type", "2D"], ["Company - responsible", "OKEA ASA"], ["Source type", "seismicSource"], ["Number of sources", "1"], ["Source size", "160"], ["Source pressure", "2000"], ["Sensor type", "cables"], ["Numbers of sensors", NaN], ["Sensor length [m]", "1200"], ["Sensor width [m]", NaN], ["Start date - planned", "01.05.2022"], ["Start date", NaN], ["Completed date - planned", "31.05.2022"], ["Completed date", NaN], ["Total length [boat km]", NaN], ["Net area - actual 3D/4D [km2]", NaN]]}, "1": {"index": [], "columns": {"0": "Unnamed: 0"}, "data": []}, "2": {"index": [0, 1, 2, 3], "columns": {"0": "Date", "1": "Type of update", "2": "Information"}, "data": [["18.10.2021", "Status", "Avlyst"], ["18.10.2021", "Melding - Unders\u00f8kelsen avlyses", NaN], ["14.10.2021", "Oljedirektoratets uttalelse tilendringsmelding", "Oljedirektoratet ber dere avlyse denne unders\u00f8kelsen,og melde den inn p\u00e5 nytt neste \u00e5r. Unders\u00f8kelser skalmeldes inn 5 uker f\u00f8r, men om denne ligger somplanlagt til neste \u00e5r er der en del ting rundtsaksbehandling og statistikk som blir uriktig ogu\u00f8nskelig for myndighetsbehandlingen. Velg ny status,avlyst, i meldesystemet."], ["08.10.2021", "Melding - Endringsmelding somkrever saksbehandling", "Utsatt til 2022"]]}, "3": {"index": [0, 1, 2, 3, 4, 5, 6, 7, 8, 9, 10, 11, 12, 13, 14, 15, 16, 17, 18, 19, 20, 21], "columns": {"0": "20.08.2021", "1": "Oljedirektoratets uttalelse til", "2": "Oljedirektoratet (OD) viser til melding om endring av"}, "data": [[NaN, "endringsmelding", "tidsrom for unders\u00f8kelsen. P\u00e5 bakgrunn av innmeldt"], [NaN, NaN, "endring og nye uttalelser fra Havforskningsinstituttet og"], [NaN, NaN, "Fiskeridirektoratet, har OD ingen ytterligere merknader"], [NaN, NaN, "til at unders\u00f8kelsen kan gjennomf\u00f8res som planlagt"], [NaN, NaN, "dersom disse blir fulgt."], ["20.08.2021", "Havforskningsinstituttets", "Havforskningsinstituttet har ingen merknader til den"], [NaN, "uttalelse til endringsmelding", "planlagte unders\u00f8kelsen. Vurderingen er gjort med"], [NaN, NaN, "hensyn til aktive gytefelt og konsentrerte"], [NaN, NaN, "gytevandringer for aktuelle fiskebestander"], [NaN, NaN, "(p\u00e5virkningsavstand 5 nmi) og forekomst av koraller"], ["19.08.2021", "Fiskeridirektoratets uttalelse til", "Vi har foretatt en ny fiskerifaglig vurdering som viser at"], [NaN, "endringsmelding", "endring av tidspunktet for gjennomf\u00f8ring av"], [NaN, NaN, "unders\u00f8kelsen ikke ber\u00f8rer nye fiskerier. Ny"], [NaN, NaN, "oppstartdato berammet til 15. september 2021, og ny"], [NaN, NaN, "sluttdato er 15. oktober 2021."], [NaN, NaN, NaN], [NaN, NaN, "Da det ikke er endring i fiskeriene som unders\u00f8kelsen"], [NaN, NaN, "vil ber\u00f8re, vil uttalelsen som ble utarbeidet i"], [NaN, NaN, "oversendelsen datert 15. juli 2021 fortsatt legges til"], [NaN, NaN, "grunn."], ["18.08.2021", "Melding - Endringsmelding som", NaN], [NaN, "krever saksbehandling", NaN]]}, "4": {"index": [0, 1, 2, 3, 4, 5, 6, 7, 8, 9, 10, 11, 12, 13, 14, 15, 16, 17, 18, 19, 20, 21, 22, 23, 24, 25, 26, 27, 28, 29, 30, 31, 32, 33, 34, 35, 36, 37, 38, 39, 40, 41, 42], "columns": {"0": "28.07.2021", "1": "Oljedirektoratet uttalelse til", "2": "Oljedirektoratet (OD) viser til deres melding vedr\u00f8rende"}, "data": [[NaN, "innmelding", "denne unders\u00f8kelsen."], [NaN, NaN, "OD gj\u00f8r s\u00e6rlig oppmerksom p\u00e5 at fart\u00f8y som foretar en"], [NaN, NaN, "unders\u00f8kelse, skal holde forsvarlig avstand til fart\u00f8y"], [NaN, NaN, "som driver fiske, og til fastst\u00e5ende og flytende"], [NaN, NaN, "fiskeredskap. S\u00e6rlig aktsomhet skal utvises n\u00e5r st\u00f8rre"], [NaN, NaN, "ansamlinger av fiskefart\u00f8y observeres, jf. forskrift om"], [NaN, NaN, "ressursforvaltning innen petroleumsvirksomheten av"], [NaN, NaN, "13.12.2017 (ressursforskriften) \u00a7 8 andre ledd."], [NaN, NaN, "Det vises for \u00f8vrig til veileder om \"Gjennomf\u00f8ring av"], [NaN, NaN, "seismiske unders\u00f8kelser p\u00e5 norsk kontinentalsokkel\"."], [NaN, NaN, "OD viser til uttalelsene som er gitt av adressatene"], [NaN, NaN, "innenfor meldesystemet (jf. petroleumsforskriften \u00a7 6/"], [NaN, NaN, "ressursforskriften \u00a7 6), og har ingen merknader til at"], [NaN, NaN, "unders\u00f8kelsen  gjennomf\u00f8res som planlagt dersom"], [NaN, NaN, "disse tas til etterretning. Dette gjelder ogs\u00e5 eventuelt"], [NaN, NaN, "krav om fiskerikyndig fra Fiskeridirektoratet."], [NaN, NaN, "Dersom unders\u00f8kelsen aksepteres gjennomf\u00f8rt slik den"], [NaN, NaN, "er tilr\u00e5dd, stadfestes dette gjennom at det sendes inn"], [NaN, NaN, "melding om oppstart n\u00e5r unders\u00f8kelsen starter, jf."], [NaN, NaN, "ressursforskriften \u00a7 6, 3.ledd."], [NaN, NaN, "Skulle det oppst\u00e5 situasjoner i forbindelse med"], [NaN, NaN, "fiskeriaktiviteten, ber vi om \u00e5 bli underrettet om dette."], [NaN, NaN, "Unders\u00f8kelsen kan bli stanset eller endret p\u00e5 kort varsel"], [NaN, NaN, "dersom det oppst\u00e5r konflikt med fiskeriene."], [NaN, NaN, "OD gj\u00f8r ogs\u00e5 oppmerksom p\u00e5 at ev. endringer m\u00e5"], [NaN, NaN, "meldes inn i henhold til ressursforskriften \u00a7 6. Det er"], [NaN, NaN, "krav om at alle slike regelverkspliktige meldinger,"], [NaN, NaN, "herunder oppstartsmelding, endringsmelding,"], [NaN, NaN, "ukemelding og sluttmelding \u2013 skal rapporteres gjennom"], [NaN, NaN, "ODs innmeldingssystem for unders\u00f8kelser."], [NaN, NaN, "Rettighetshaver og/eller den som st\u00e5r for driften av"], [NaN, NaN, "fart\u00f8yet skal for \u00f8vrig gj\u00f8re relevant regelverk,"], [NaN, NaN, "dokumenter og data tilgjengelig for den fiskerikyndige."], [NaN, NaN, "Regelverk og dokumenter skal foreligge p\u00e5 b\u00e5de norsk"], [NaN, NaN, "og engelsk. Det skal ogs\u00e5 legges til rette for at den"], [NaN, NaN, "fiskerikyndige har tilgang til internett og andre"], [NaN, NaN, "n\u00f8dvendige hjelpemidler jf. ressursforskriften \u00a7 9."], ["28.07.2021", "Status", "Planlagt"], ["19.07.2021", "Havforskningsinstituttets", "Havforskningsinstituttet har ingen merknader til den"], [NaN, "uttalelse til innmelding", "planlagte unders\u00f8kelsen. Vurderingen er gjort med"], [NaN, NaN, "hensyn til aktive gytefelt og konsentrerte"], [NaN, NaN, "gytevandringer for aktuelle fiskebestander"], [NaN, NaN, "(p\u00e5virkningsavstand 5 nmi) og forekomst av koraller"]]}, "5": {"index": [0, 1, 2, 3, 4, 5, 6, 7, 8, 9, 10, 11, 12, 13, 14, 15, 16, 17, 18, 19, 20, 21, 22, 23, 24, 25], "columns": {"0": "15.07.2021", "1": "Fiskeridirektoratets uttalelse til", "2": "Fiskerifaglig vurdering:"}, "data": [[NaN, "innmelding", "Unders\u00f8kelsen skal foreg\u00e5 115 km nordvest fra"], [NaN, NaN, "n\u00e6rmeste land som er Fr\u00f8ya i Tr\u00f8ndelag fylke."], [NaN, NaN, "Unders\u00f8kelsen skal p\u00e5g\u00e5 mellom 20. august 2021 \u2013 20."], [NaN, NaN, "september 2021. Fiskeriaktiviteten i"], [NaN, NaN, "unders\u00f8kelsesomr\u00e5det varierer noe fra \u00e5r til \u00e5r. Med"], [NaN, NaN, "grunnlag fra historiske fiskeridata kan det ventes liten"], [NaN, NaN, "til ingen fiskeriaktivitet i unders\u00f8kelsesomr\u00e5det. I den"], [NaN, NaN, "nordlige omr\u00e5det utenfor unders\u00f8kelsesomr\u00e5det kan det"], [NaN, NaN, "p\u00e5g\u00e5 et fiske etter brosme og lange av den havg\u00e5ende"], [NaN, NaN, "konvensjonelle fiskefl\u00e5ten."], [NaN, NaN, "Sammendrag og tilr\u00e5ding:"], [NaN, NaN, "Vi forutsetter at unders\u00f8kelsen utf\u00f8res med den st\u00f8rste"], [NaN, NaN, "aktsomhet, uten \u00e5 v\u00e6re til hinder for fiskeriaktiviteten i"], [NaN, NaN, "omr\u00e5det som nevnt over."], [NaN, NaN, "Det oppfordres til at den fiskerikyndige blir delaktig"], [NaN, NaN, "tidlig i den operative planleggingsfasen av"], [NaN, NaN, "unders\u00f8kelsen, og at det etableres kontakt med"], [NaN, NaN, "Kystvaktsentralen/Kystvakt for \u00e5 orientere seg om"], [NaN, NaN, "fiskeriaktivitet og st\u00e5ende fiskeredskap i omr\u00e5det."], [NaN, NaN, "Unders\u00f8kelsen m\u00e5 stanses eller endres p\u00e5 kort varsel"], [NaN, NaN, "dersom det oppst\u00e5r konflikter med fiskeriene."], [NaN, NaN, "Det skal v\u00e6re fiskerikyndig bemanning p\u00e5 fart\u00f8yet som"], [NaN, NaN, "ut\u00f8ver unders\u00f8kelsen, med mindre annet fremg\u00e5r av"], [NaN, NaN, "ODs tilbakemelding."], ["14.07.2021", "Status", "Under behandling"], ["14.07.2021", "Melding - Innmelding", NaN]]}, "6": {"index": [0], "columns": {"0": "Type of licence", "1": "Licence name"}, "data": [["Utvinningstillatelse", 1119]]}, "7": {"index": [], "columns": {"0": "Type data", "1": "Format", "2": "Medium", "3": "Comment"}, "data": []}, "8": {"index": [0, 1, 2, 3], "columns": {"0": "Vessel Name", "1": "Type of vessel", "2": "Phone", "3": "IMO-number", "4": "Call", "5": "Nation"}, "data": [[NaN, NaN, "number", NaN, "signal", NaN], ["Fugro Galaxy", "Hovedfart\u00f8y", "+44", 9583445.0, "C6YY4", "Baham"], [NaN, "(innsamlingsfa", "8450343547", NaN, NaN, "as"], [NaN, "rt\u00f8y)", NaN, NaN, NaN, NaN]]}, "9": {"index": [0], "columns": {"0": "From date", "1": "To date", "2": "Name", "3": "Phone number"}, "data": [["20.08.2021", "20.09.2021", "Ken Rainer Vottestad", "+47 90966007"]]}, "10": {"index": [0, 1, 2, 3, 4, 5, 6, 7, 8, 9, 10, 11, 12, 13, 14, 15, 16, 17, 18, 19, 20, 21, 22, 23, 24, 25, 26, 27], "columns": {"0": "Point", "1": "NS", "2": "NS minutes", "3": "Unnamed: 0", "4": "EW", "5": "EW minutes", "6": "Unnamed: 1"}, "data": [["number", "degrees", "(decimal)", NaN, "degrees", "(decimal)", NaN], ["1", "64", "36.79", "N", "6", "47.17", "E"], ["2", "64", "36.79", "N", "6", "47.17", "E"], ["3", "64", "36.79", "N", "6", "47.16", "E"], ["4", "64", "36.79", "N", "6", "47.16", "E"], ["5", "64", "36.79", "N", "6", "47.16", "E"], ["6", "64", "36.79", "N", "6", "47.16", "E"], ["7", "64", "36.79", "N", "6", "47.16", "E"], ["8", "64", "36.79", "N", "6", "47.16", "E"], ["9", "64", "36.79", "N", "6", "47.16", "E"], ["10", "64", "36.79", "N", "6", "47.16", "E"], ["11", "64", "36.79", "N", "6", "47.16", "E"], ["12", "64", "36.79", "N", "6", "47.15", "E"], ["13", "64", "36.79", "N", "6", "47.15", "E"], ["14", "64", "46.17", "N", "6", "42.80", "E"], ["15", "64", "46.19", "N", "6", "41.18", "E"], ["16", "64", "46.19", "N", "6", "41.18", "E"], ["17", "64", "46.19", "N", "6", "41.18", "E"], ["18", "64", "46.19", "N", "6", "41.17", "E"], ["19", "64", "46.19", "N", "6", "41.17", "E"], ["20", "64", "46.19", "N", "6", "41.17", "E"], ["21", "64", "46.19", "N", "6", "41.17", "E"], ["22", "64", "46.19", "N", "6", "41.17", "E"], ["23", "64", "46.19", "N", "6", "41.17", "E"], ["24", "64", "46.19", "N", "6", "41.17", "E"], ["25", "64", "46.20", "N", "6", "41.17", "E"], ["26", "64", "46.20", "N", "6", "41.17", "E"], ["27", "64", "46.20", "N", "6", "41.17", "E"]]}, "11": {"index": [0, 1, 2, 3, 4, 5, 6, 7, 8, 9, 10, 11, 12, 13, 14, 15, 16, 17, 18, 19, 20, 21, 22, 23, 24, 25, 26, 27, 28, 29, 30, 31, 32, 33, 34, 35, 36, 37, 38, 39, 40, 41], "columns": {"0": "28", "1": "64", "2": "46.20", "3": "N", "4": "6", "5": "41.17", "6": "E"}, "data": [[29, 64, 46.2, "N", 6, 41.17, "E"], [30, 64, 46.34, "N", 6, 41.17, "E"], [31, 64, 46.34, "N", 6, 41.17, "E"], [32, 64, 46.34, "N", 6, 41.17, "E"], [33, 64, 46.34, "N", 6, 41.17, "E"], [34, 64, 46.34, "N", 6, 41.17, "E"], [35, 64, 46.34, "N", 6, 41.17, "E"], [36, 64, 46.34, "N", 6, 41.17, "E"], [37, 64, 46.34, "N", 6, 41.17, "E"], [38, 64, 46.34, "N", 6, 41.17, "E"], [39, 64, 46.34, "N", 6, 41.17, "E"], [40, 64, 46.34, "N", 6, 41.17, "E"], [41, 64, 46.34, "N", 6, 41.18, "E"], [42, 64, 46.34, "N", 6, 41.18, "E"], [43, 64, 46.34, "N", 6, 41.18, "E"], [44, 64, 46.34, "N", 6, 41.18, "E"], [45, 64, 46.34, "N", 6, 41.18, "E"], [46, 64, 46.31, "N", 6, 42.74, "E"], [47, 64, 48.14, "N", 6, 41.88, "E"], [48, 64, 48.14, "N", 6, 41.88, "E"], [49, 64, 48.15, "N", 6, 41.88, "E"], [50, 64, 48.15, "N", 6, 41.88, "E"], [51, 64, 48.15, "N", 6, 41.88, "E"], [52, 64, 48.15, "N", 6, 41.88, "E"], [53, 64, 48.15, "N", 6, 41.88, "E"], [54, 64, 48.15, "N", 6, 41.88, "E"], [55, 64, 48.15, "N", 6, 41.89, "E"], [56, 64, 48.15, "N", 6, 41.89, "E"], [57, 64, 48.15, "N", 6, 41.89, "E"], [58, 64, 48.15, "N", 6, 41.89, "E"], [59, 64, 48.15, "N", 6, 41.89, "E"], [60, 64, 48.15, "N", 6, 41.89, "E"], [61, 64, 48.15, "N", 6, 41.89, "E"], [62, 64, 48.15, "N", 6, 41.89, "E"], [63, 64, 49.14, "N", 6, 53.67, "E"], [64, 64, 49.14, "N", 6, 53.67, "E"], [65, 64, 49.14, "N", 6, 53.67, "E"], [66, 64, 49.14, "N", 6, 53.67, "E"], [67, 64, 49.14, "N", 6, 53.67, "E"], [68, 64, 49.14, "N", 6, 53.67, "E"], [69, 64, 49.14, "N", 6, 53.68, "E"], [70, 64, 49.14, "N", 6, 53.68, "E"]]}, "12": {"index": [0, 1, 2, 3, 4, 5, 6, 7, 8, 9, 10, 11, 12, 13, 14, 15, 16, 17, 18, 19, 20, 21, 22, 23, 24, 25, 26, 27, 28, 29, 30, 31, 32, 33, 34, 35, 36, 37, 38, 39, 40, 41], "columns": {"0": "71", "1": "64", "2": "49.14", "3": "N", "4": "6", "5": "53.68", "6": "E"}, "data": [[72, 64, 49.14, "N", 6, 53.68, "E"], [73, 64, 49.14, "N", 6, 53.68, "E"], [74, 64, 49.14, "N", 6, 53.68, "E"], [75, 64, 49.14, "N", 6, 53.68, "E"], [76, 64, 49.14, "N", 6, 53.68, "E"], [77, 64, 49.14, "N", 6, 53.68, "E"], [78, 64, 37.78, "N", 6, 58.88, "E"], [79, 64, 37.78, "N", 6, 58.88, "E"], [80, 64, 37.78, "N", 6, 58.88, "E"], [81, 64, 37.78, "N", 6, 58.88, "E"], [82, 64, 37.78, "N", 6, 58.88, "E"], [83, 64, 37.78, "N", 6, 58.88, "E"], [84, 64, 37.78, "N", 6, 58.87, "E"], [85, 64, 37.78, "N", 6, 58.87, "E"], [86, 64, 37.78, "N", 6, 58.87, "E"], [87, 64, 37.78, "N", 6, 58.87, "E"], [88, 64, 37.78, "N", 6, 58.87, "E"], [89, 64, 37.78, "N", 6, 58.87, "E"], [90, 64, 37.78, "N", 6, 58.87, "E"], [91, 64, 37.78, "N", 6, 58.87, "E"], [92, 64, 37.78, "N", 6, 58.87, "E"], [93, 64, 37.78, "N", 6, 58.87, "E"], [94, 64, 36.79, "N", 6, 47.17, "E"], [95, 64, 36.79, "N", 6, 47.17, "E"], [96, 64, 36.8, "N", 6, 47.18, "E"], [97, 64, 37.79, "N", 6, 58.85, "E"], [98, 64, 49.13, "N", 6, 53.66, "E"], [99, 64, 48.14, "N", 6, 41.91, "E"], [100, 64, 46.31, "N", 6, 42.76, "E"], [101, 64, 46.31, "N", 6, 42.76, "E"], [102, 64, 46.31, "N", 6, 42.76, "E"], [103, 64, 46.31, "N", 6, 42.76, "E"], [104, 64, 46.31, "N", 6, 42.76, "E"], [105, 64, 46.3, "N", 6, 42.76, "E"], [106, 64, 46.3, "N", 6, 42.76, "E"], [107, 64, 46.3, "N", 6, 42.76, "E"], [108, 64, 46.3, "N", 6, 42.76, "E"], [109, 64, 46.3, "N", 6, 42.76, "E"], [110, 64, 46.3, "N", 6, 42.76, "E"], [111, 64, 46.3, "N", 6, 42.76, "E"], [112, 64, 46.3, "N", 6, 42.76, "E"], [113, 64, 46.3, "N", 6, 42.76, "E"]]}, "13": {"index": [0, 1, 2, 3, 4, 5, 6, 7, 8, 9, 10, 11, 12, 13, 14, 15, 16], "columns": {"0": "114", "1": "64", "2": "46.30", "3": "N", "4": "6", "5": "42.75", "6": "E"}, "data": [[115, 64, 46.3, "N", 6, 42.75, "E"], [116, 64, 46.3, "N", 6, 42.75, "E"], [117, 64, 46.33, "N", 6, 41.19, "E"], [118, 64, 46.2, "N", 6, 41.19, "E"], [119, 64, 46.18, "N", 6, 42.82, "E"], [120, 64, 46.18, "N", 6, 42.82, "E"], [121, 64, 46.18, "N", 6, 42.82, "E"], [122, 64, 46.18, "N", 6, 42.82, "E"], [123, 64, 46.18, "N", 6, 42.82, "E"], [124, 64, 46.18, "N", 6, 42.82, "E"], [125, 64, 46.18, "N", 6, 42.82, "E"], [126, 64, 46.18, "N", 6, 42.82, "E"], [127, 64, 46.18, "N", 6, 42.82, "E"], [128, 64, 46.17, "N", 6, 42.83, "E"], [129, 64, 46.17, "N", 6, 42.83, "E"], [130, 64, 46.17, "N", 6, 42.83, "E"], [131, 64, 46.17, "N", 6, 42.83, "E"]]}, "14": {"index": [0, 1, 2, 3, 4, 5, 6, 7, 8, 9, 10, 11, 12, 13, 14, 15, 16, 17, 18], "columns": {"0": "Point", "1": "NS", "2": "NS.1", "3": "NS.2", "4": "Unnamed: 0", "5": "EW", "6": "EW.1", "7": "EW.2", "8": "Unnamed: 1"}, "data": [["number", "degrees", "minutes", "seconds", NaN, "degrees", "minutes", "seconds", NaN], ["1", "64", "36", "47.40", "N", "6", "47", "9.99", "E"], ["2", "64", "36", "47.40", "N", "6", "47", "9.90", "E"], ["3", "64", "36", "47.41", "N", "6", "47", "9.81", "E"], ["4", "64", "36", "47.42", "N", "6", "47", "9.73", "E"], ["5", "64", "36", "47.44", "N", "6", "47", "9.65", "E"], ["6", "64", "36", "47.45", "N", "6", "47", "9.57", "E"], ["7", "64", "36", "47.48", "N", "6", "47", "9.50", "E"], ["8", "64", "36", "47.50", "N", "6", "47", "9.44", "E"], ["9", "64", "36", "47.53", "N", "6", "47", "9.38", "E"], ["10", "64", "36", "47.56", "N", "6", "47", "9.33", "E"], ["11", "64", "36", "47.60", "N", "6", "47", "9.30", "E"], ["12", "64", "36", "47.63", "N", "6", "47", "9.27", "E"], ["13", "64", "36", "47.66", "N", "6", "47", "9.25", "E"], ["14", "64", "46", "10.00", "N", "6", "42", "48.26", "E"], ["15", "64", "46", "11.53", "N", "6", "41", "10.67", "E"], ["16", "64", "46", "11.53", "N", "6", "41", "10.61", "E"], ["17", "64", "46", "11.54", "N", "6", "41", "10.53", "E"], ["18", "64", "46", "11.55", "N", "6", "41", "10.44", "E"]]}, "15": {"index": [0, 1, 2, 3, 4, 5, 6, 7, 8, 9, 10, 11, 12, 13, 14, 15, 16, 17, 18, 19, 20, 21, 22, 23, 24, 25, 26, 27, 28, 29, 30, 31, 32, 33, 34, 35, 36, 37, 38, 39, 40, 41], "columns": {"0": "19", "1": "64", "2": "46", "3": "11.57", "4": "N", "5": "6", "6": "41", "7": "10.36", "8": "E"}, "data": [[20, 64, 46, 11.59, "N", 6, 41, 10.28, "E"], [21, 64, 46, 11.61, "N", 6, 41, 10.21, "E"], [22, 64, 46, 11.63, "N", 6, 41, 10.15, "E"], [23, 64, 46, 11.66, "N", 6, 41, 10.09, "E"], [24, 64, 46, 11.69, "N", 6, 41, 10.05, "E"], [25, 64, 46, 11.73, "N", 6, 41, 10.01, "E"], [26, 64, 46, 11.76, "N", 6, 41, 9.98, "E"], [27, 64, 46, 11.8, "N", 6, 41, 9.96, "E"], [28, 64, 46, 11.84, "N", 6, 41, 9.95, "E"], [29, 64, 46, 11.86, "N", 6, 41, 9.94, "E"], [30, 64, 46, 20.16, "N", 6, 41, 10.06, "E"], [31, 64, 46, 20.17, "N", 6, 41, 10.06, "E"], [32, 64, 46, 20.21, "N", 6, 41, 10.07, "E"], [33, 64, 46, 20.25, "N", 6, 41, 10.09, "E"], [34, 64, 46, 20.28, "N", 6, 41, 10.12, "E"], [35, 64, 46, 20.32, "N", 6, 41, 10.16, "E"], [36, 64, 46, 20.35, "N", 6, 41, 10.21, "E"], [37, 64, 46, 20.38, "N", 6, 41, 10.26, "E"], [38, 64, 46, 20.4, "N", 6, 41, 10.33, "E"], [39, 64, 46, 20.43, "N", 6, 41, 10.4, "E"], [40, 64, 46, 20.44, "N", 6, 41, 10.47, "E"], [41, 64, 46, 20.46, "N", 6, 41, 10.56, "E"], [42, 64, 46, 20.47, "N", 6, 41, 10.64, "E"], [43, 64, 46, 20.48, "N", 6, 41, 10.73, "E"], [44, 64, 46, 20.48, "N", 6, 41, 10.81, "E"], [45, 64, 46, 20.48, "N", 6, 41, 10.85, "E"], [46, 64, 46, 18.74, "N", 6, 42, 44.21, "E"], [47, 64, 48, 8.67, "N", 6, 41, 52.98, "E"], [48, 64, 48, 8.68, "N", 6, 41, 52.97, "E"], [49, 64, 48, 8.72, "N", 6, 41, 52.96, "E"], [50, 64, 48, 8.75, "N", 6, 41, 52.96, "E"], [51, 64, 48, 8.79, "N", 6, 41, 52.97, "E"], [52, 64, 48, 8.83, "N", 6, 41, 52.99, "E"], [53, 64, 48, 8.86, "N", 6, 41, 53.02, "E"], [54, 64, 48, 8.9, "N", 6, 41, 53.06, "E"], [55, 64, 48, 8.93, "N", 6, 41, 53.11, "E"], [56, 64, 48, 8.96, "N", 6, 41, 53.17, "E"], [57, 64, 48, 8.98, "N", 6, 41, 53.23, "E"], [58, 64, 48, 9.0, "N", 6, 41, 53.3, "E"], [59, 64, 48, 9.02, "N", 6, 41, 53.38, "E"], [60, 64, 48, 9.04, "N", 6, 41, 53.46, "E"], [61, 64, 48, 9.05, "N", 6, 41, 53.54, "E"]]}, "16": {"index": [0, 1, 2, 3, 4, 5, 6, 7, 8, 9, 10, 11, 12, 13, 14, 15, 16, 17, 18, 19, 20, 21, 22, 23, 24, 25, 26, 27, 28, 29, 30, 31, 32, 33, 34, 35, 36, 37, 38, 39, 40, 41], "columns": {"0": "62", "1": "64", "2": "48", "3": "9.05", "4": "N", "5": "6", "6": "41", "7": "53.57", "8": "E"}, "data": [[63, 64, 49, 8.61, "N", 6, 53, 40.05, "E"], [64, 64, 49, 8.61, "N", 6, 53, 40.11, "E"], [65, 64, 49, 8.62, "N", 6, 53, 40.2, "E"], [66, 64, 49, 8.61, "N", 6, 53, 40.29, "E"], [67, 64, 49, 8.61, "N", 6, 53, 40.37, "E"], [68, 64, 49, 8.6, "N", 6, 53, 40.46, "E"], [69, 64, 49, 8.58, "N", 6, 53, 40.54, "E"], [70, 64, 49, 8.56, "N", 6, 53, 40.62, "E"], [71, 64, 49, 8.54, "N", 6, 53, 40.69, "E"], [72, 64, 49, 8.51, "N", 6, 53, 40.75, "E"], [73, 64, 49, 8.49, "N", 6, 53, 40.81, "E"], [74, 64, 49, 8.45, "N", 6, 53, 40.86, "E"], [75, 64, 49, 8.42, "N", 6, 53, 40.9, "E"], [76, 64, 49, 8.39, "N", 6, 53, 40.93, "E"], [77, 64, 49, 8.35, "N", 6, 53, 40.94, "E"], [78, 64, 37, 46.92, "N", 6, 58, 52.52, "E"], [79, 64, 37, 46.91, "N", 6, 58, 52.52, "E"], [80, 64, 37, 46.88, "N", 6, 58, 52.53, "E"], [81, 64, 37, 46.84, "N", 6, 58, 52.53, "E"], [82, 64, 37, 46.8, "N", 6, 58, 52.52, "E"], [83, 64, 37, 46.76, "N", 6, 58, 52.5, "E"], [84, 64, 37, 46.73, "N", 6, 58, 52.47, "E"], [85, 64, 37, 46.7, "N", 6, 58, 52.43, "E"], [86, 64, 37, 46.66, "N", 6, 58, 52.38, "E"], [87, 64, 37, 46.64, "N", 6, 58, 52.32, "E"], [88, 64, 37, 46.61, "N", 6, 58, 52.26, "E"], [89, 64, 37, 46.59, "N", 6, 58, 52.19, "E"], [90, 64, 37, 46.57, "N", 6, 58, 52.11, "E"], [91, 64, 37, 46.55, "N", 6, 58, 52.03, "E"], [92, 64, 37, 46.54, "N", 6, 58, 51.95, "E"], [93, 64, 37, 46.54, "N", 6, 58, 51.92, "E"], [94, 64, 36, 47.41, "N", 6, 47, 10.13, "E"], [95, 64, 36, 47.4, "N", 6, 47, 10.07, "E"], [96, 64, 36, 48.1, "N", 6, 47, 10.58, "E"], [97, 64, 37, 47.11, "N", 6, 58, 50.89, "E"], [98, 64, 49, 7.91, "N", 6, 53, 39.6, "E"], [99, 64, 48, 8.48, "N", 6, 41, 54.61, "E"], [100, 64, 46, 18.46, "N", 6, 42, 45.88, "E"], [101, 64, 46, 18.42, "N", 6, 42, 45.89, "E"], [102, 64, 46, 18.38, "N", 6, 42, 45.89, "E"], [103, 64, 46, 18.34, "N", 6, 42, 45.88, "E"], [104, 64, 46, 18.31, "N", 6, 42, 45.86, "E"]]}, "17": {"index": [0, 1, 2, 3, 4, 5, 6, 7, 8, 9, 10, 11, 12, 13, 14, 15, 16, 17, 18, 19, 20, 21, 22, 23, 24, 25], "columns": {"0": "105", "1": "64", "2": "46", "3": "18.27", "4": "N", "5": "6", "6": "42", "7": "45.83", "8": "E"}, "data": [[106, 64, 46, 18.24, "N", 6, 42, 45.79, "E"], [107, 64, 46, 18.21, "N", 6, 42, 45.74, "E"], [108, 64, 46, 18.18, "N", 6, 42, 45.69, "E"], [109, 64, 46, 18.15, "N", 6, 42, 45.62, "E"], [110, 64, 46, 18.13, "N", 6, 42, 45.55, "E"], [111, 64, 46, 18.11, "N", 6, 42, 45.47, "E"], [112, 64, 46, 18.1, "N", 6, 42, 45.39, "E"], [113, 64, 46, 18.09, "N", 6, 42, 45.31, "E"], [114, 64, 46, 18.08, "N", 6, 42, 45.22, "E"], [115, 64, 46, 18.08, "N", 6, 42, 45.14, "E"], [116, 64, 46, 18.08, "N", 6, 42, 45.1, "E"], [117, 64, 46, 19.82, "N", 6, 41, 11.57, "E"], [118, 64, 46, 12.17, "N", 6, 41, 11.46, "E"], [119, 64, 46, 10.63, "N", 6, 42, 48.91, "E"], [120, 64, 46, 10.63, "N", 6, 42, 48.97, "E"], [121, 64, 46, 10.62, "N", 6, 42, 49.06, "E"], [122, 64, 46, 10.61, "N", 6, 42, 49.14, "E"], [123, 64, 46, 10.6, "N", 6, 42, 49.22, "E"], [124, 64, 46, 10.58, "N", 6, 42, 49.3, "E"], [125, 64, 46, 10.56, "N", 6, 42, 49.37, "E"], [126, 64, 46, 10.53, "N", 6, 42, 49.43, "E"], [127, 64, 46, 10.5, "N", 6, 42, 49.49, "E"], [128, 64, 46, 10.47, "N", 6, 42, 49.54, "E"], [129, 64, 46, 10.44, "N", 6, 42, 49.58, "E"], [130, 64, 46, 10.4, "N", 6, 42, 49.61, "E"], [131, 64, 46, 10.37, "N", 6, 42, 49.63, "E"]]}, "kind": "osdu:wks:master-data--Survey:1.0.0 ", "id": "npd:master-data--Factpages-Survey:10186"}