{"0": {"index": [0, 1, 2, 3, 4, 5, 6, 7, 8, 9, 10, 11, 12, 13, 14, 15, 16, 17, 18, 19, 20, 21, 22, 23, 24], "columns": {"0": "eneral information", "1": "Unnamed: 0"}, "data": [["Survey name", "ABP21303"], ["Legal basis", "Petroleumsforskriften jf Ressursforskriften"], ["NPDID for survey", "10080"], ["Factmaps - new window", "link to map"], ["Status", "Ferdig"], ["Area", "Nordsj\u00f8en"], ["Market available", "Nei"], ["Category", "Seismisk unders\u00f8kelse"], ["Main type", "Borestedunders\u00f8kelse"], ["Sub type", "2D"], ["Company - responsible", "Aker BP ASA"], ["Source type", "seismicSource"], ["Number of sources", "2"], ["Source size", "160"], ["Source pressure", "2000"], ["Sensor type", "notRelevant"], ["Numbers of sensors", NaN], ["Sensor length [m]", NaN], ["Sensor width [m]", NaN], ["Start date - planned", "01.09.2021"], ["Start date", "06.06.2021"], ["Completed date - planned", "20.09.2021"], ["Completed date", "10.09.2021"], ["Total length [boat km]", "315"], ["Net area - actual 3D/4D [km2]", "4.00"]]}, "1": {"index": [], "columns": {"0": "Unnamed: 0"}, "data": []}, "2": {"index": [0, 1, 2, 3, 4], "columns": {"0": "Date", "1": "Type of update", "2": "Information"}, "data": [["10.09.2021", "Melding - Unders\u00f8kelsen er ferdig", NaN], ["10.09.2021", "Status", "Ferdig"], ["04.09.2021", "Status", "P\u00e5g\u00e5ende"], ["04.09.2021", "Melding - Unders\u00f8kelsengjenopptas", NaN], ["02.08.2021", "Oljedirektoratets uttalelse tilendringsmelding", "Oljedirektoratet (OD) viser til melding om endring avtidsrom for unders\u00f8kelsen. P\u00e5 bakgrunn av innmeldtendring og nye uttalelser fra Havforskningsinstituttet ogFiskeridirektoratet, har OD ingen ytterligere merknadertil at unders\u00f8kelsen kan gjennomf\u00f8res som planlagtdersom disse blir fulgt."]]}, "3": {"index": [0, 1, 2, 3, 4, 5, 6, 7, 8, 9, 10, 11, 12, 13, 14], "columns": {"0": "01.08.2021", "1": "Havforskningsinstituttetsuttalelse til endringsmelding", "2": "Havforskningsinstituttet har ingen merknader tilendringene i den planlagte unders\u00f8kelsen. Vurderingener gjort med hensyn til aktive gytefelt og konsentrertegytevandringer for aktuelle fiskebestander(p\u00e5virkningsavstand 5 nmi) , beiteomr\u00e5der for hval ogforekomst av koraller."}, "data": [["30.07.2021", "Melding - Endringsmelding - tilinfo", "Land skal v\u00e6re Norge"], ["29.07.2021", "Fiskeridirektoratets uttalelse tilendringsmelding", "Vi har ingen merknader p\u00e5 fiskerifaglig grunnlag ogopprettholder v\u00e5r tidligere uttalelse i saken."], ["29.07.2021", "Melding - Endringsmelding somkrever saksbehandling", "Utsatt pga mangel p\u00e5 mannskap fra Gardline. Dettemedf\u00f8rer ogs\u00e5 bytte av fart\u00f8y."], ["14.06.2021", "Melding - Unders\u00f8kelsen er sattp\u00e5 pause", NaN], ["14.06.2021", "Status", "Pause"], ["06.06.2021", "Status", "P\u00e5g\u00e5ende"], ["06.06.2021", "Melding - Unders\u00f8kelsen startesopp", NaN], ["31.05.2021", "Oljedirektoratets uttalelse tilendringsmelding", "Oljedirektoratet (OD) viser til melding om endring avtidsrom for unders\u00f8kelsen. P\u00e5 bakgrunn av innmeldtendring og nye uttalelser fra Havforskningsinstituttet ogFiskeridirektoratet, har OD ingen ytterligere merknadertil at unders\u00f8kelsen kan gjennomf\u00f8res som planlagtdersom disse blir fulgt."], ["31.05.2021", "Melding - Endringsmelding - tilinfo", NaN], ["28.05.2021", "Havforskningsinstituttetsuttalelse til endringsmelding", "Havforskningsinstituttet har ingen merknader tilendringene i den planlagte unders\u00f8kelsen. Vurderingener gjort med hensyn til aktive gytefelt og konsentrertegytevandringer for aktuelle fiskebestander(p\u00e5virkningsavstand 5 nmi) , beiteomr\u00e5der for hval ogforekomst av koraller"], ["25.05.2021", "Fiskeridirektoratets uttalelse tilendringsmelding", "Vi har ingen merknader p\u00e5 fiskerifaglig grunnlag ogopprettholder v\u00e5r tidligere uttalelse i saken."], ["21.05.2021", "Melding - Endringsmelding somkrever saksbehandling", "Pga marginalt v\u00e6r vil det v\u00e6re aktuelt \u00e5 veksle mellomULA og Valhall surveyene."], ["12.05.2021", "Melding - Endringsmelding - tilinfo", "Forsinket oppstart pga v\u00e6r p\u00e5 tidligere survey"], ["10.05.2021", "Oljedirektoratets uttalelse tilendringsmelding", "Oljedirektoratet (OD) viser til melding om endring avtidsrom for unders\u00f8kelsen. P\u00e5 bakgrunn av innmeldtendring og nye uttalelser fra Havforskningsinstituttet ogFiskeridirektoratet, har OD ingen ytterligere merknadertil at unders\u00f8kelsen kan gjennomf\u00f8res som planlagtdersom disse blir fulgt."], ["10.05.2021", "Havforskningsinstituttetsuttalelse til endringsmelding", "Havforskningsinstituttet har ingen merknader tilendringen i den planlagte unders\u00f8kelsen. Vurderingener gjort med hensyn til aktive gytefelt og konsentrertegytevandringer for aktuelle fiskebestander(p\u00e5virkningsavstand 5 nmi)."]]}, "4": {"index": [0, 1, 2, 3, 4, 5, 6, 7, 8, 9, 10, 11, 12, 13, 14, 15, 16, 17, 18, 19, 20, 21, 22, 23, 24, 25, 26, 27, 28, 29, 30, 31, 32, 33, 34, 35, 36, 37, 38, 39, 40, 41, 42, 43, 44], "columns": {"0": "05.05.2021", "1": "Fiskeridirektoratets uttalelse til", "2": "Vi har ingen merknader p\u00e5 fiskerifaglig grunnlag og"}, "data": [[NaN, "endringsmelding", "opprettholder v\u00e5r tidligere uttalelse i saken."], ["05.05.2021", "Melding - Endringsmelding - til", NaN], [NaN, "info", NaN], ["05.05.2021", "Melding - Endringsmelding som", "Forsinket oppstart pga d\u00e5rlig v\u00e6r tidligere jobber og"], [NaN, "krever saksbehandling", "forlenget varighet pga usikkerhet mht v\u00e6r."], ["23.04.2021", "Melding - Endringsmelding - til", NaN], [NaN, "info", NaN], ["12.04.2021", "Oljedirektoratet uttalelse til", "Oljedirektoratet (OD) viser til deres melding vedr\u00f8rende"], [NaN, "innmelding", "denne unders\u00f8kelsen."], [NaN, NaN, "OD gj\u00f8r s\u00e6rlig oppmerksom p\u00e5 at fart\u00f8y som foretar en"], [NaN, NaN, "unders\u00f8kelse, skal holde forsvarlig avstand til fart\u00f8y"], [NaN, NaN, "som driver fiske, og til fastst\u00e5ende og flytende"], [NaN, NaN, "fiskeredskap. S\u00e6rlig aktsomhet skal utvises n\u00e5r st\u00f8rre"], [NaN, NaN, "ansamlinger av fiskefart\u00f8y observeres, jf. forskrift om"], [NaN, NaN, "ressursforvaltning innen petroleumsvirksomheten av"], [NaN, NaN, "13.12.2017 (ressursforskriften) \u00a7 8 andre ledd."], [NaN, NaN, "Det vises for \u00f8vrig til veileder om \"Gjennomf\u00f8ring av"], [NaN, NaN, "seismiske unders\u00f8kelser p\u00e5 norsk kontinentalsokkel\"."], [NaN, NaN, "OD viser til uttalelsene som er gitt av adressatene"], [NaN, NaN, "innenfor meldesystemet (jf. petroleumsforskriften \u00a7 6/"], [NaN, NaN, "ressursforskriften \u00a7 6), og har ingen merknader til at"], [NaN, NaN, "unders\u00f8kelsen  gjennomf\u00f8res som planlagt dersom"], [NaN, NaN, "disse tas til etterretning."], [NaN, NaN, "Dersom unders\u00f8kelsen aksepteres gjennomf\u00f8rt slik den"], [NaN, NaN, "er tilr\u00e5dd, stadfestes dette gjennom at det sendes inn"], [NaN, NaN, "melding om oppstart n\u00e5r unders\u00f8kelsen starter, jf."], [NaN, NaN, "ressursforskriften \u00a7 6, 3.ledd."], [NaN, NaN, "Skulle det oppst\u00e5 situasjoner i forbindelse med"], [NaN, NaN, "fiskeriaktiviteten, ber vi om \u00e5 bli underrettet om dette."], [NaN, NaN, "Unders\u00f8kelsen kan bli stanset eller endret p\u00e5 kort varsel"], [NaN, NaN, "dersom det oppst\u00e5r konflikt med fiskeriene."], [NaN, NaN, "OD gj\u00f8r ogs\u00e5 oppmerksom p\u00e5 at ev. endringer m\u00e5"], [NaN, NaN, "meldes inn i henhold til ressursforskriften \u00a7 6. Det er"], [NaN, NaN, "krav om at alle slike regelverkspliktige meldinger,"], [NaN, NaN, "herunder oppstartsmelding, endringsmelding,"], [NaN, NaN, "ukemelding og sluttmelding \u2013 skal rapporteres gjennom"], [NaN, NaN, "ODs innmeldingssystem for unders\u00f8kelser."], [NaN, NaN, "Rettighetshaver og/eller den som st\u00e5r for driften av"], [NaN, NaN, "fart\u00f8yet skal for \u00f8vrig gj\u00f8re relevant regelverk,"], [NaN, NaN, "dokumenter og data tilgjengelig for den fiskerikyndige."], [NaN, NaN, "Regelverk og dokumenter skal foreligge p\u00e5 b\u00e5de norsk"], [NaN, NaN, "og engelsk. Det skal ogs\u00e5 legges til rette for at den"], [NaN, NaN, "fiskerikyndige har tilgang til internett og andre"], [NaN, NaN, "n\u00f8dvendige hjelpemidler jf. ressursforskriften \u00a7 9."], ["12.04.2021", "Status", "Planlagt"]]}, "5": {"index": [0, 1, 2, 3, 4, 5, 6, 7, 8, 9, 10], "columns": {"0": "09.04.2021", "1": "Fiskeridirektoratets uttalelse til", "2": "Utfra en helhetsvurdering av fiskeriaktivitet samt type"}, "data": [[NaN, "innmelding", "av oms\u00f8kte unders\u00f8kelse, vil ikke Fiskeridirektoratet"], [NaN, NaN, "anmode om fiskerikyndig bemanning."], ["06.04.2021", "Havforskningsinstituttets", "Havforskningsinstituttet har ingen merknader til den"], [NaN, "uttalelse til innmelding", "planlagte unders\u00f8kelsen. Vurderingen er gjort med"], [NaN, NaN, "hensyn til aktive gytefelt og konsentrerte"], [NaN, NaN, "gytevandringer for aktuelle fiskebestander"], [NaN, NaN, "(p\u00e5virkningsavstand 5 nmi)."], ["30.03.2021", "Status", "Under behandling"], ["30.03.2021", "Melding - Innmelding", "Ocean Reliance vil gjennomf\u00f8re f\u00f8rste del av surveyen i"], [NaN, NaN, "mai. S\u00e5 vil Edda Fauna komme tilbake i Juli \u00e5 skyte"], [NaN, NaN, "skuddpunktene helt inntil plattformene."]]}, "6": {"index": [0, 1], "columns": {"0": "Type of licence", "1": "Licence name"}, "data": [["Unders\u00f8kelsestillatelse", "726"], ["Utvinningstillatelse", "006 B"]]}, "7": {"index": [], "columns": {"0": "Type data", "1": "Format", "2": "Medium", "3": "Comment"}, "data": []}, "8": {"index": [0, 1, 2, 3, 4, 5, 6, 7, 8], "columns": {"0": "Vessel Name", "1": "Type of vessel", "2": "Phone", "3": "IMO-number", "4": "Call", "5": "Nation"}, "data": [[NaN, NaN, "number", NaN, "signal", NaN], ["Ocean", "Hovedfart\u00f8y", NaN, 8616609.0, "HP6391", "Panam"], ["Reliance", "(innsamlingsfa", NaN, NaN, NaN, "a"], [NaN, "rt\u00f8y)", NaN, NaN, NaN, NaN], ["Volantis", "Hovedfart\u00f8y", "+47 51 64", 9399533.0, "LACZ8", "Norge"], [NaN, "(innsamlingsfa", "55 01 +870", NaN, NaN, NaN], [NaN, "rt\u00f8y)", "764839423", NaN, NaN, NaN], [NaN, NaN, "+47", NaN, NaN, NaN], [NaN, NaN, "47390143", NaN, NaN, NaN]]}, "9": {"index": [], "columns": {"0": "From date", "1": "To date", "2": "Name", "3": "Phone number"}, "data": []}, "10": {"index": [0, 1, 2, 3, 4], "columns": {"0": "Point", "1": "NS", "2": "NS minutes", "3": "Unnamed: 0", "4": "EW", "5": "EW minutes", "6": "Unnamed: 1"}, "data": [["number", "degrees", "(decimal)", NaN, "degrees", "(decimal)", NaN], ["1", "56", "21.15", "N", "3", "26.07", "E"], ["2", "56", "15.52", "N", "3", "32.83", "E"], ["3", "56", "11.86", "N", "3", "23.85", "E"], ["4", "56", "17.45", "N", "3", "16.60", "E"]]}, "11": {"index": [0, 1, 2, 3, 4], "columns": {"0": "Point", "1": "NS", "2": "NS.1", "3": "NS.2", "4": "Unnamed: 0", "5": "EW", "6": "EW.1", "7": "EW.2", "8": "Unnamed: 1"}, "data": [["number", "degrees", "minutes", "seconds", NaN, "degrees", "minutes", "seconds", NaN], ["1", "56", "21", "8.78", "N", "3", "26", "4.29", "E"], ["2", "56", "15", "31.44", "N", "3", "32", "49.66", "E"], ["3", "56", "11", "51.59", "N", "3", "23", "50.79", "E"], ["4", "56", "17", "26.73", "N", "3", "16", "35.75", "E"]]}, "kind": "osdu:wks:master-data--Survey:1.0.0 ", "id": "npd:master-data--Factpages-Survey:10080"}