{"0": {"index": [0, 1, 2, 3, 4, 5, 6, 7, 8, 9, 10, 11, 12, 13, 14, 15, 16, 17, 18, 19, 20, 21, 22, 23, 24], "columns": {"0": "eneral information", "1": "Unnamed: 0"}, "data": [["Survey name", "EQ22203"], ["Legal basis", "Petroleumsforskriften jf Ressursforskriften"], ["NPDID for survey", "10364"], ["Factmaps - new window", "link to map"], ["Status", "Avlyst"], ["Area", "Nordsj\u00f8en"], ["Market available", "Ja"], ["Category", "Seismisk unders\u00f8kelse"], ["Main type", "Havbunnseismisk unders\u00f8kelse"], ["Sub type", "3D"], ["Company - responsible", "Equinor Energy AS"], ["Source type", "seismicSource"], ["Number of sources", "2"], ["Source size", "160"], ["Source pressure", "2000"], ["Sensor type", "cables"], ["Numbers of sensors", "2"], ["Sensor length [m]", "1200"], ["Sensor width [m]", NaN], ["Start date - planned", "28.04.2022"], ["Start date", NaN], ["Completed date - planned", "07.07.2022"], ["Completed date", NaN], ["Total length [boat km]", NaN], ["Net area - actual 3D/4D [km2]", NaN]]}, "1": {"index": [], "columns": {"0": "Unnamed: 0"}, "data": []}, "2": {"index": [0, 1, 2, 3, 4, 5, 6, 7, 8, 9], "columns": {"0": "Date", "1": "Type of update", "2": "Information"}, "data": [["15.03.2022", "Status", "Avlyst"], ["15.03.2022", "Melding - Unders\u00f8kelsen avlyses", NaN], ["15.03.2022", "Melding - Innmelding", NaN], ["15.03.2022", "Status", "Under behandling"], [NaN, NaN, NaN], ["icences", NaN, NaN], ["Type of licence", "Licence name", NaN], ["Unders\u00f8kelsestillatelse", "774", NaN], ["Utvinningstillatelse", "090", NaN], [NaN, NaN, NaN]]}, "3": {"index": [], "columns": {"0": "Type data", "1": "Format", "2": "Medium", "3": "Comment"}, "data": []}, "4": {"index": [0, 1, 2, 3], "columns": {"0": "Vessel Name", "1": "Type of vessel", "2": "Phone", "3": "IMO-number", "4": "Call", "5": "Nation"}, "data": [[NaN, NaN, "number", NaN, "signal", NaN], ["Ocean", "Hovedfart\u00f8y", "+441493236", 9779446.0, "3EIP9", "Panam"], ["Resolution", "(innsamlingsfa", "004", NaN, NaN, "a"], [NaN, "rt\u00f8y)", NaN, NaN, NaN, NaN]]}, "5": {"index": [0], "columns": {"0": "From date", "1": "To date", "2": "Name", "3": "Phone number"}, "data": [["28.04.2022", "07.07.2022", "Arnulf Svendsen", 99412491]]}, "6": {"index": [0, 1, 2, 3, 4], "columns": {"0": "Point", "1": "NS", "2": "NS minutes", "3": "Unnamed: 0", "4": "EW", "5": "EW minutes", "6": "Unnamed: 1"}, "data": [["number", "degrees", "(decimal)", NaN, "degrees", "(decimal)", NaN], ["1", "61", "9.79", "N", "3", "33.49", "E"], ["2", "61", "2.33", "N", "3", "44.83", "E"], ["3", "60", "55.29", "N", "3", "25.18", "E"], ["4", "61", "2.72", "N", "3", "13.81", "E"]]}, "7": {"index": [0, 1, 2, 3, 4], "columns": {"0": "Point", "1": "NS", "2": "NS.1", "3": "NS.2", "4": "Unnamed: 0", "5": "EW", "6": "EW.1", "7": "EW.2", "8": "Unnamed: 1"}, "data": [["number", "degrees", "minutes", "seconds", NaN, "degrees", "minutes", "seconds", NaN], ["1", "61", "9", "47.12", "N", "3", "33", "29.37", "E"], ["2", "61", "2", "19.86", "N", "3", "44", "49.62", "E"], ["3", "60", "55", "17.30", "N", "3", "25", "10.96", "E"], ["4", "61", "2", "42.92", "N", "3", "13", "48.61", "E"]]}, "kind": "osdu:wks:master-data--Survey:1.0.0 ", "id": "npd:master-data--Factpages-Survey:10364"}