{"0": {"index": [0, 1, 2, 3, 4, 5, 6, 7, 8, 9, 10, 11, 12, 13, 14, 15, 16, 17, 18, 19, 20, 21, 22, 23, 24], "columns": {"0": "eneral information", "1": "Unnamed: 0"}, "data": [["Survey name", "EQ22312"], ["Legal basis", "Petroleumsforskriften jf Ressursforskriften"], ["NPDID for survey", "10418"], ["Factmaps - new window", "link to map"], ["Status", "Ferdig"], ["Area", "Barentshavet"], ["Market available", "Ja"], ["Category", "Seismisk unders\u00f8kelse"], ["Main type", "Borestedunders\u00f8kelse"], ["Sub type", "3D"], ["Company - responsible", "Equinor Energy AS"], ["Source type", "seismicSource"], ["Number of sources", "2"], ["Source size", "160"], ["Source pressure", "2000"], ["Sensor type", "cables"], ["Numbers of sensors", "2"], ["Sensor length [m]", "1200"], ["Sensor width [m]", NaN], ["Start date - planned", "15.08.2022"], ["Start date", "17.08.2022"], ["Completed date - planned", "30.09.2022"], ["Completed date", "11.09.2022"], ["Total length [boat km]", "788"], ["Net area - actual 3D/4D [km2]", "12.00"]]}, "1": {"index": [], "columns": {"0": "Unnamed: 0"}, "data": []}, "2": {"index": [0, 1, 2, 3, 4, 5, 6, 7], "columns": {"0": "Date", "1": "Type of update", "2": "Information"}, "data": [["11.09.2022", "Melding - Unders\u00f8kelsen er ferdig", NaN], ["10.09.2022", "Status", "Ferdig"], ["05.09.2022", "Melding - Ordin\u00e6r ukemelding", "-"], ["29.08.2022", "Melding - Ordin\u00e6r ukemelding", "-"], ["23.08.2022", "Melding - Endringsmelding - tilinfo", NaN], ["23.08.2022", "Melding - Ordin\u00e6r ukemelding", "-"], ["23.08.2022", "Melding - Endringsmelding - tilinfo", NaN], ["23.08.2022", "Melding - Endringsmelding - tilinfo", NaN]]}, "3": {"index": [0, 1, 2, 3, 4, 5, 6, 7, 8, 9, 10, 11, 12, 13, 14, 15, 16, 17, 18, 19, 20, 21, 22, 23, 24, 25, 26, 27, 28, 29, 30, 31, 32, 33, 34, 35], "columns": {"0": "17.08.2022", "1": "Melding - Unders\u00f8kelsen startes", "2": "Unnamed: 0"}, "data": [[NaN, "opp", NaN], ["17.08.2022", "Status", "P\u00e5g\u00e5ende"], ["12.08.2022", "Oljedirektoratets uttalelse til", "Oljedirektoratet (OD) viser til melding om endring av"], [NaN, "endringsmelding", "tidsrom for unders\u00f8kelsen. P\u00e5 bakgrunn av innmeldt"], [NaN, NaN, "endring og nye uttalelser fra Havforskningsinstituttet og"], [NaN, NaN, "Fiskeridirektoratet, har OD ingen ytterligere merknader"], [NaN, NaN, "til at unders\u00f8kelsen kan gjennomf\u00f8res som planlagt"], [NaN, NaN, "dersom disse blir fulgt."], ["11.08.2022", "Havforskningsinstituttets", "Havforskningsinstituttet har ingen merknader til"], [NaN, "uttalelse til endringsmelding", "endringene i den planlagte unders\u00f8kelsen. Vurderingen"], [NaN, NaN, "er gjort med hensyn til aktive gytefelt og konsentrerte"], [NaN, NaN, "gytevandringer for aktuelle fiskebestander"], [NaN, NaN, "(p\u00e5virkningsavstand 5 nmi) , beiteomr\u00e5der for hval og"], [NaN, NaN, "forekomst av koraller."], ["11.08.2022", "Fiskeridirektoratets uttalelse til", "Endring av sluttdato av unders\u00f8kelsen ber\u00f8rer ikke nye"], [NaN, "endringsmelding", "fiskerier enn de som er beskrevet i uttalelsen fra"], [NaN, NaN, "27.05.2022, som fortsatt m\u00e5 legges til grunn for \u00e5"], [NaN, NaN, "gjennomf\u00f8re unders\u00f8kelsen."], [NaN, NaN, "Det skal v\u00e6re fiskerikyndig bemanning p\u00e5 fart\u00f8yet som"], [NaN, NaN, "ut\u00f8ver unders\u00f8kelsen, med mindre annet fremg\u00e5r av"], [NaN, NaN, "ODs tilbakemelding."], ["09.08.2022", "Melding - Endringsmelding - til", "Forsinket oppstart grunnet mye d\u00e5rlig v\u00e6r i Nordsj\u00f8en"], [NaN, "info", NaN], ["09.08.2022", "Melding - Endringsmelding - til", "Forsinket oppstart grunnet mye d\u00e5rlig v\u00e6r i Nordsj\u00f8en"], [NaN, "info", NaN], ["09.08.2022", "Melding - Endringsmelding som", "Forsinket oppstart grunnet mye d\u00e5rlig v\u00e6r i Nordsj\u00f8en"], [NaN, "krever saksbehandling", NaN], ["02.07.2022", "Melding - Endringsmelding - til", NaN], [NaN, "info", NaN], ["27.05.2022", "Oljedirektoratets uttalelse til", "Oljedirektoratet (OD) viser til melding om endring av"], [NaN, "endringsmelding", "omr\u00e5de for unders\u00f8kelsen. P\u00e5 bakgrunn av innmeldt"], [NaN, NaN, "endring og nye uttalelser fra Havforskningsinstituttet og"], [NaN, NaN, "Fiskeridirektoratet, har OD ingen ytterligere merknader"], [NaN, NaN, "til at unders\u00f8kelsen kan gjennomf\u00f8res som planlagt"], [NaN, NaN, "dersom disse blir fulgt."], ["27.05.2022", "Status", "Planlagt"]]}, "4": {"index": [0, 1, 2, 3, 4, 5, 6, 7, 8, 9, 10, 11, 12, 13, 14, 15, 16, 17, 18, 19, 20, 21, 22, 23, 24, 25, 26, 27, 28, 29, 30], "columns": {"0": "27.05.2022", "1": "Fiskeridirektoratets uttalelse til", "2": "Med grunnlag i blant annet opplysninger om historisk"}, "data": [[NaN, "innmelding", "aktivitet, forventer vi noe fiskeriaktivitet s\u00f8r og s\u00f8rvest"], [NaN, NaN, "for unders\u00f8kelsesomr\u00e5det, vesentlig fra autolinefart\u00f8y"], [NaN, NaN, "som fisker etter torsk og andre bunnarter. Vi utelukker"], [NaN, NaN, "ikke sporadisk fiskeriaktivitet i selve"], [NaN, NaN, "unders\u00f8kelsesomr\u00e5det, herunder fra autolinefart\u00f8y og"], [NaN, NaN, "konvensjonelle fart\u00f8y. I tillegg er det en del fiskefart\u00f8y"], [NaN, NaN, "som g\u00e5r i transitt gjennom omr\u00e5det."], [NaN, NaN, "Det skal v\u00e6re fiskerikyndig bemanning p\u00e5 fart\u00f8yet som"], [NaN, NaN, "ut\u00f8ver unders\u00f8kelsen, med mindre annet fremg\u00e5r av"], [NaN, NaN, "ODs tilbakemelding."], ["27.05.2022", "Fiskeridirektoratets uttalelse til", "Fiskeridirektoratet har ingen merknader til endringen i"], [NaN, "endringsmelding", "den planlagte unders\u00f8kelsen."], ["26.05.2022", "Havforskningsinstituttets", "Havforskningsinstituttet har ingen merknader til den"], [NaN, "uttalelse til innmelding", "planlagte unders\u00f8kelsen. Vurderingen er gjort med"], [NaN, NaN, "hensyn til aktive gytefelt og konsentrerte"], [NaN, NaN, "gytevandringer for aktuelle fiskebestander"], [NaN, NaN, "(p\u00e5virkningsavstand 5 nmi), beiteomr\u00e5der for hval og"], [NaN, NaN, "forekomst av koraller."], ["26.05.2022", "Havforskningsinstituttets", "Havforskningsinstituttet har ingen merknader til"], [NaN, "uttalelse til endringsmelding", "endringen i den planlagte unders\u00f8kelsen. Vurderingen"], [NaN, NaN, "er gjort med hensyn til aktive gytefelt og konsentrerte"], [NaN, NaN, "gytevandringer for aktuelle fiskebestander"], [NaN, NaN, "(p\u00e5virkningsavstand 5 nmi), beiteomr\u00e5der for hval og"], [NaN, NaN, "forekomst av koraller."], ["19.05.2022", "Melding - Endringsmelding som", "Nettto og Bruttuomr\u00e5det er endret"], [NaN, "krever saksbehandling", NaN], ["18.05.2022", "Melding - Innmelding", "Bernt M. Christiansen bmc@equinor.com \u2013 41411263 vil"], [NaN, NaN, "v\u00e6re back-up kontakt for denne unders\u00f8kelsen . Det vil"], [NaN, NaN, "i tillegg ogs\u00e5 bli benyttet en mindre kilde p\u00e5 10 kubikk"], [NaN, NaN, "tommer og en streamer p\u00e5 ca. 100 meter."], ["18.05.2022", "Status", "Under behandling"]]}, "5": {"index": [0, 1], "columns": {"0": "Type of licence", "1": "Licence name"}, "data": [["Unders\u00f8kelsestillatelse", 774], ["Utvinningstillatelse", 1080]]}, "6": {"index": [], "columns": {"0": "Type data", "1": "Format", "2": "Medium", "3": "Comment"}, "data": []}, "7": {"index": [0, 1, 2, 3], "columns": {"0": "Vessel Name", "1": "Type of vessel", "2": "Phone", "3": "IMO-number", "4": "Call", "5": "Nation"}, "data": [[NaN, NaN, "number", NaN, "signal", NaN], ["Ocean", "Hovedfart\u00f8y", "+44", 9779446.0, "3EIP9", "Panam"], ["Resolution", "(innsamlingsfa", "2038682086", NaN, NaN, "a"], [NaN, "rt\u00f8y)", NaN, NaN, NaN, NaN]]}, "8": {"index": [0, 1], "columns": {"0": "From date", "1": "To date", "2": "Name", "3": "Phone number"}, "data": [["20.08.2022", "30.09.2022", "Hans-Kristian", 99412491.0], [NaN, NaN, "Augustinussen", NaN]]}, "9": {"index": [0, 1, 2, 3, 4, 5, 6, 7, 8], "columns": {"0": "Point", "1": "NS", "2": "NS minutes", "3": "Unnamed: 0", "4": "EW", "5": "EW minutes", "6": "Unnamed: 1"}, "data": [["number", "degrees", "(decimal)", NaN, "degrees", "(decimal)", NaN], ["1", "72", "52.85", "N", "20", "29.96", "E"], ["2", "72", "49.17", "N", "20", "56.07", "E"], ["3", "72", "44.76", "N", "20", "48.91", "E"], ["4", "72", "42.90", "N", "20", "57.89", "E"], ["5", "72", "42.02", "N", "20", "55.83", "E"], ["6", "72", "43.73", "N", "20", "47.25", "E"], ["7", "72", "39.00", "N", "20", "39.66", "E"], ["8", "72", "42.64", "N", "20", "13.74", "E"]]}, "10": {"index": [0, 1, 2, 3, 4, 5, 6, 7, 8], "columns": {"0": "Point", "1": "NS", "2": "NS.1", "3": "NS.2", "4": "Unnamed: 0", "5": "EW", "6": "EW.1", "7": "EW.2", "8": "Unnamed: 1"}, "data": [["number", "degrees", "minutes", "seconds", NaN, "degrees", "minutes", "seconds", NaN], ["1", "72", "52", "51.07", "N", "20", "29", "57.74", "E"], ["2", "72", "49", "10.34", "N", "20", "56", "4.46", "E"], ["3", "72", "44", "45.39", "N", "20", "48", "54.58", "E"], ["4", "72", "42", "53.93", "N", "20", "57", "53.60", "E"], ["5", "72", "42", "0.96", "N", "20", "55", "49.65", "E"], ["6", "72", "43", "43.84", "N", "20", "47", "15.29", "E"], ["7", "72", "38", "59.85", "N", "20", "39", "39.88", "E"], ["8", "72", "42", "38.35", "N", "20", "13", "44.43", "E"]]}, "kind": "osdu:wks:master-data--Survey:1.0.0 ", "id": "npd:master-data--Factpages-Survey:10418"}