{"0": {"index": [0, 1, 2, 3, 4, 5, 6, 7, 8, 9, 10, 11, 12, 13, 14, 15, 16, 17, 18, 19, 20, 21, 22, 23, 24], "columns": {"0": "eneral information", "1": "Unnamed: 0"}, "data": [["Survey name", "CP21301"], ["Legal basis", "Petroleumsforskriften jf Ressursforskriften"], ["NPDID for survey", "10098"], ["Factmaps - new window", "link to map"], ["Status", "Ferdig"], ["Area", "Norskehavet"], ["Market available", "Nei"], ["Category", "Seismisk unders\u00f8kelse"], ["Main type", "Borestedunders\u00f8kelse"], ["Sub type", "2D"], ["Company - responsible", "ConocoPhillips Skandinavia AS"], ["Source type", "seismicSource"], ["Number of sources", "1"], ["Source size", "140"], ["Source pressure", "2000"], ["Sensor type", "cables"], ["Numbers of sensors", NaN], ["Sensor length [m]", "1200"], ["Sensor width [m]", NaN], ["Start date - planned", "22.07.2021"], ["Start date", "24.07.2021"], ["Completed date - planned", "21.08.2021"], ["Completed date", "06.08.2021"], ["Total length [boat km]", "118"], ["Net area - actual 3D/4D [km2]", NaN]]}, "1": {"index": [], "columns": {"0": "Unnamed: 0"}, "data": []}, "2": {"index": [0, 1, 2, 3, 4], "columns": {"0": "Date", "1": "Type of update", "2": "Information"}, "data": [["06.08.2021", "Melding - Unders\u00f8kelsen er ferdig", NaN], ["06.08.2021", "Status", "Ferdig"], ["02.08.2021", "Melding - Ordin\u00e6r ukemelding", "7 seabed CPTs completed. - Environmental visualseabed survey to be completed."], ["02.08.2021", "Melding - Endringsmelding - tilinfo", "Project delayed, survey period extended."], ["02.08.2021", "Melding - Endringsmelding - tilinfo", NaN]]}, "3": {"index": [0, 1, 2, 3, 4, 5, 6, 7, 8, 9, 10, 11, 12, 13, 14, 15, 16, 17, 18, 19, 20, 21, 22, 23, 24, 25, 26, 27, 28, 29, 30, 31, 32, 33, 34, 35, 36, 37, 38, 39, 40, 41, 42, 43, 44, 45, 46, 47, 48, 49, 50], "columns": {"0": "02.08.2021", "1": "Oljedirektoratets uttalelse til", "2": "Oljedirektoratet (OD) viser til melding om endring av"}, "data": [[NaN, "endringsmelding", "tidsrom for unders\u00f8kelsen. P\u00e5 bakgrunn av innmeldt"], [NaN, NaN, "endring og nye uttalelser fra Havforskningsinstituttet og"], [NaN, NaN, "Fiskeridirektoratet, har OD ingen ytterligere merknader"], [NaN, NaN, "til at unders\u00f8kelsen kan gjennomf\u00f8res som planlagt"], [NaN, NaN, "dersom disse blir fulgt."], [NaN, NaN, "I tilfeller hvor en unders\u00f8kelse helt eller delvis frar\u00e5des"], [NaN, NaN, "gjennomf\u00f8rt i et omr\u00e5de for et gitt tidspunkt, eller m\u00e5"], [NaN, NaN, "begrenses arealmessig, og unders\u00f8kelsen likevel \u00f8nskes"], [NaN, NaN, "gjennomf\u00f8rt av rettighetshaver uten begrensninger,"], [NaN, NaN, "skal dette meldes skriftlig til OD i god tid f\u00f8r oppstart"], [NaN, NaN, "med en n\u00e6rmere begrunnelse. I begrunnelsen m\u00e5 det"], [NaN, NaN, "fremg\u00e5 hvordan alternative tidsrom og gjennomf\u00f8ring"], [NaN, NaN, "er vurdert og viktigheten av \u00e5 f\u00e5 unders\u00f8kelsen"], [NaN, NaN, "gjennomf\u00f8rt. Myndighetene (OD og Olje- og"], [NaN, NaN, "Energidepartementet) vil i slike tilfeller avgj\u00f8re om"], [NaN, NaN, "unders\u00f8kelsen kan gjennomf\u00f8res eller ikke. N\u00e5r det"], [NaN, NaN, "foreligger s\u00e6rlige grunner kan en unders\u00f8kelse"], [NaN, NaN, "p\u00e5legges utsatt, eventuelt stanses ved at det treffes"], [NaN, NaN, "vedtak om dette."], ["30.07.2021", "Fiskeridirektoratets uttalelse til", "Vi viser til mottatt endringsmelding om forlengelse av"], [NaN, "endringsmelding", "perioden for unders\u00f8kelsen til 22.08.2021. Vi tilr\u00e5r at"], [NaN, NaN, "unders\u00f8kelsen settes p\u00e5 vent i forbindelse med"], [NaN, NaN, "direktefiske etter bl\u00e5kveite med oppstart den 9. august."], [NaN, NaN, "Sannsynligvis kan unders\u00f8kelsen gjenopptas i slutten av"], [NaN, NaN, "m\u00e5neden/begynnelsen av september. Ellers"], [NaN, NaN, "opprettholder vi v\u00e5rt tidligere tilsvar i saken."], ["29.07.2021", "Havforskningsinstituttets", "Havforskningsinstituttet har ingen merknader til"], [NaN, "uttalelse til endringsmelding", "endringene i den planlagte unders\u00f8kelsen. Vurderingen"], [NaN, NaN, "er gjort med hensyn til aktive gytefelt og konsentrerte"], [NaN, NaN, "gytevandringer for aktuelle fiskebestander"], [NaN, NaN, "(p\u00e5virkningsavstand 5 nmi) , beiteomr\u00e5der for hval og"], [NaN, NaN, "forekomst av koraller."], ["24.07.2021", "Status", "P\u00e5g\u00e5ende"], ["24.07.2021", "Melding - Unders\u00f8kelsen startes", NaN], [NaN, "opp", NaN], ["20.07.2021", "Melding - Endringsmelding som", NaN], [NaN, "krever saksbehandling", NaN], ["01.07.2021", "Melding - Endringsmelding - til", NaN], [NaN, "info", NaN], ["05.05.2021", "Melding - Endringsmelding - til", NaN], [NaN, "info", NaN], ["03.05.2021", "Oljedirektoratet uttalelse til", "Oljedirektoratet (OD) viser til deres melding vedr\u00f8rende"], [NaN, "innmelding", "denne unders\u00f8kelsen."], [NaN, NaN, "OD gj\u00f8r s\u00e6rlig oppmerksom p\u00e5 at fart\u00f8y som foretar en"], [NaN, NaN, "unders\u00f8kelse, skal holde forsvarlig avstand til fart\u00f8y"], [NaN, NaN, "som driver fiske, og til fastst\u00e5ende og flytende"], [NaN, NaN, "fiskeredskap. S\u00e6rlig aktsomhet skal utvises n\u00e5r st\u00f8rre"], [NaN, NaN, "ansamlinger av fiskefart\u00f8y observeres, jf. forskrift om"], [NaN, NaN, "ressursforvaltning innen petroleumsvirksomheten av"], [NaN, NaN, "13.12.2017 (ressursforskriften) \u00a7 8 andre ledd."], [NaN, NaN, "Det vises for \u00f8vrig til veileder om \"Gjennomf\u00f8ring av"]]}, "4": {"index": [0, 1, 2, 3, 4, 5, 6, 7, 8, 9, 10, 11, 12, 13, 14, 15, 16, 17, 18, 19, 20, 21, 22, 23, 24, 25, 26, 27, 28, 29, 30, 31, 32, 33, 34, 35, 36, 37, 38, 39, 40, 41, 42, 43, 44, 45, 46], "columns": {"0": "Unnamed: 0", "1": "Unnamed: 1", "2": "seismiske unders\u00f8kelser p\u00e5 norsk kontinentalsokkel\"."}, "data": [[NaN, NaN, "OD viser til uttalelsene som er gitt av adressatene"], [NaN, NaN, "innenfor meldesystemet (jf. petroleumsforskriften \u00a7 6/"], [NaN, NaN, "ressursforskriften \u00a7 6), og har ingen merknader til at"], [NaN, NaN, "unders\u00f8kelsen  gjennomf\u00f8res som planlagt dersom"], [NaN, NaN, "disse tas til etterretning. Dette gjelder ogs\u00e5 ved krav"], [NaN, NaN, "om fiskerikyndig fra Fiskeridirektoratet."], [NaN, NaN, "I tilfeller hvor en unders\u00f8kelse helt eller delvis frar\u00e5des"], [NaN, NaN, "gjennomf\u00f8rt i et omr\u00e5de for et gitt tidspunkt, eller m\u00e5"], [NaN, NaN, "begrenses arealmessig, og unders\u00f8kelsen likevel \u00f8nskes"], [NaN, NaN, "gjennomf\u00f8rt av rettighetshaver uten begrensninger,"], [NaN, NaN, "skal dette meldes skriftlig til OD i god tid f\u00f8r oppstart"], [NaN, NaN, "med en n\u00e6rmere begrunnelse. I begrunnelsen m\u00e5 det"], [NaN, NaN, "fremg\u00e5 hvordan alternative tidsrom og gjennomf\u00f8ring"], [NaN, NaN, "er vurdert og viktigheten av \u00e5 f\u00e5 unders\u00f8kelsen"], [NaN, NaN, "gjennomf\u00f8rt. Myndighetene (OD og Olje- og"], [NaN, NaN, "Energidepartementet) vil i slike tilfeller avgj\u00f8re om"], [NaN, NaN, "unders\u00f8kelsen kan gjennomf\u00f8res eller ikke. N\u00e5r det"], [NaN, NaN, "foreligger s\u00e6rlige grunner kan en unders\u00f8kelse"], [NaN, NaN, "p\u00e5legges utsatt, eventuelt stanses ved at det treffes"], [NaN, NaN, "vedtak om dette."], [NaN, NaN, "Dersom unders\u00f8kelsen aksepteres gjennomf\u00f8rt slik den"], [NaN, NaN, "er tilr\u00e5dd, stadfestes dette gjennom at det sendes inn"], [NaN, NaN, "melding om oppstart n\u00e5r unders\u00f8kelsen starter, jf."], [NaN, NaN, "ressursforskriften \u00a7 6, 3.ledd."], [NaN, NaN, "Skulle det oppst\u00e5 situasjoner i forbindelse med"], [NaN, NaN, "fiskeriaktiviteten, ber vi om \u00e5 bli underrettet om dette."], [NaN, NaN, "Unders\u00f8kelsen kan bli stanset eller endret p\u00e5 kort varsel"], [NaN, NaN, "dersom det oppst\u00e5r konflikt med fiskeriene."], [NaN, NaN, "OD gj\u00f8r ogs\u00e5 oppmerksom p\u00e5 at ev. endringer m\u00e5"], [NaN, NaN, "meldes inn i henhold til ressursforskriften \u00a7 6. Det er"], [NaN, NaN, "krav om at alle slike regelverkspliktige meldinger,"], [NaN, NaN, "herunder oppstartsmelding, endringsmelding,"], [NaN, NaN, "ukemelding og sluttmelding \u2013 skal rapporteres gjennom"], [NaN, NaN, "ODs innmeldingssystem for unders\u00f8kelser."], [NaN, NaN, "Rettighetshaver og/eller den som st\u00e5r for driften av"], [NaN, NaN, "fart\u00f8yet skal for \u00f8vrig gj\u00f8re relevant regelverk,"], [NaN, NaN, "dokumenter og data tilgjengelig for den fiskerikyndige."], [NaN, NaN, "Regelverk og dokumenter skal foreligge p\u00e5 b\u00e5de norsk"], [NaN, NaN, "og engelsk. Det skal ogs\u00e5 legges til rette for at den"], [NaN, NaN, "fiskerikyndige har tilgang til internett og andre"], [NaN, NaN, "n\u00f8dvendige hjelpemidler jf. ressursforskriften \u00a7 9."], ["03.05.2021", "Status", "Planlagt"], ["30.04.2021", "Havforskningsinstituttets", "Havforskningsinstituttet har ingen merknader til den"], [NaN, "uttalelse til innmelding", "planlagte unders\u00f8kelsen. Vurderingen er gjort med"], [NaN, NaN, "hensyn til aktive gytefelt og konsentrerte"], [NaN, NaN, "gytevandringer for aktuelle fiskebestander"], [NaN, NaN, "(p\u00e5virkningsavstand 5 nmi)."]]}, "5": {"index": [0, 1, 2, 3, 4, 5, 6, 7, 8, 9, 10, 11, 12, 13, 14, 15, 16, 17, 18, 19, 20, 21, 22, 23, 24, 25, 26, 27, 28, 29, 30, 31, 32, 33, 34, 35, 36, 37, 38, 39], "columns": {"0": "29.04.2021", "1": "Fiskeridirektoratets uttalelse til", "2": "Det skal v\u00e6re fiskerikyndig bemanning p\u00e5 fart\u00f8yet som"}, "data": [[NaN, "innmelding", "ut\u00f8ver unders\u00f8kelsen, med mindre annet fremg\u00e5r av"], [NaN, NaN, "ODs tilbakemelding."], [NaN, NaN, "Fiskerifaglig vurdering:"], [NaN, NaN, "Unders\u00f8kelsen skal foreg\u00e5 175 km nordvest fra"], [NaN, NaN, "n\u00e6rmeste land som er Vikna i N\u00e6r\u00f8ysund kommune i"], [NaN, NaN, "Tr\u00f8ndelag fylke. Fiskeriaktiviteten i"], [NaN, NaN, "unders\u00f8kelsesomr\u00e5det varierer noe fra \u00e5r til \u00e5r. Med"], [NaN, NaN, "grunnlag fra historiske fiskeridata kan det p\u00e5ventes noe"], [NaN, NaN, "fiskeriaktivitet i"], [NaN, NaN, "Unders\u00f8kelsesomr\u00e5det og i n\u00e6rheten av"], [NaN, NaN, "unders\u00f8kelsesomr\u00e5det. Det kan p\u00e5ventes en aktivitet"], [NaN, NaN, "med konvesjonelle havfiskefart\u00f8y i fisket etter brosme,"], [NaN, NaN, "lange, bl\u00e5kveite og hyse, og direktefiske etter bl\u00e5kveite"], [NaN, NaN, "for fart\u00f8y under 28 meter. F\u00f8rste periode i direktefiske"], [NaN, NaN, "etter bl\u00e5kveite har oppstart 4. juni 2021. Andre periode"], [NaN, NaN, "i direktefisket etter bl\u00e5kveite har oppstart 9. august"], [NaN, NaN, "2021."], [NaN, NaN, "Sammendrag og tilr\u00e5ding/frar\u00e5dning:"], [NaN, NaN, "Vi forutsetter at unders\u00f8kelsen utf\u00f8res med den st\u00f8rste"], [NaN, NaN, "aktsomhet, uten \u00e5 v\u00e6re til hinder for fiskeriaktiviteten i"], [NaN, NaN, "omr\u00e5det som nevnt over. Vi frar\u00e5der at unders\u00f8kelsen"], [NaN, NaN, "settes i gang f\u00f8r f\u00f8rste perioder av direktfisket etter"], [NaN, NaN, "bl\u00e5kveite er avsluttet. Vi tilr\u00e5der at unders\u00f8kelsen"], [NaN, NaN, "avsluttes i god tid f\u00f8r oppstart i direktefisket etter"], [NaN, NaN, "bl\u00e5kveite i andre periode. Det oppfordres til at den"], [NaN, NaN, "fiskerikyndige blir delaktig tidlig i den operative"], [NaN, NaN, "planleggingsfasen av unders\u00f8kelsen, og at det etableres"], [NaN, NaN, "kontakt med Kystvaktsentralen/Kystvakt for \u00e5 orientere"], [NaN, NaN, "seg om fiskeriaktivitet og st\u00e5ende fiskeredskap i"], [NaN, NaN, "omr\u00e5det."], [NaN, NaN, "Unders\u00f8kelsen m\u00e5 stanses eller endres p\u00e5 kort varsel"], [NaN, NaN, "dersom det oppst\u00e5r konflikter med"], [NaN, NaN, "fiskeriene."], ["23.04.2021", "Status", "Under behandling"], ["23.04.2021", "Melding - Innmelding", "Kontakt person under unders\u00f8kelsen:"], [NaN, NaN, "ConocoPhillips Skandinavia AS"], [NaN, NaN, "Palle J. Jensen"], [NaN, NaN, "+45 40 94 94 31"], [NaN, NaN, "palle.j.jensen@contractor.conocophillips.com"], [NaN, NaN, "Fax: 52026600"]]}, "6": {"index": [0, 1], "columns": {"0": "Type of licence", "1": "Licence name"}, "data": [["Utvinningstillatelse", "1064"], ["Utvinningstillatelse", "1009 B"]]}, "7": {"index": [], "columns": {"0": "Type data", "1": "Format", "2": "Medium", "3": "Comment"}, "data": []}, "8": {"index": [0, 1, 2, 3], "columns": {"0": "Vessel Name", "1": "Type of vessel", "2": "Phone", "3": "IMO-number", "4": "Call", "5": "Nation"}, "data": [[NaN, NaN, "number", NaN, "signal", NaN], ["Fugro", "Hovedfart\u00f8y", "+441224051", 8101331.0, "C6QR4", "Baham"], ["Meridian", "(innsamlingsfa", "608", NaN, NaN, "as"], [NaN, "rt\u00f8y)", NaN, NaN, NaN, NaN]]}, "9": {"index": [0, 1], "columns": {"0": "From date", "1": "To date", "2": "Name", "3": "Phone number"}, "data": [["31.07.2021", "21.08.2021", "Bengt Sigurd Hanssen", "+47 41589051"], ["24.06.2021", "30.07.2021", "Roy Arild Espedal", "+47 47902390"]]}, "10": {"index": [0, 1, 2, 3, 4], "columns": {"0": "Point", "1": "NS", "2": "NS minutes", "3": "Unnamed: 0", "4": "EW", "5": "EW minutes", "6": "Unnamed: 1"}, "data": [["number", "degrees", "(decimal)", NaN, "degrees", "(decimal)", NaN], ["1", "65", "32.58", "N", "6", "59.64", "E"], ["2", "65", "39.54", "N", "6", "48.96", "E"], ["3", "65", "44.52", "N", "7", "8.16", "E"], ["4", "65", "37.56", "N", "7", "18.78", "E"]]}, "11": {"index": [0, 1, 2], "columns": {"0": "Point", "1": "NS", "2": "NS.1", "3": "NS.2", "4": "Unnamed: 0", "5": "EW", "6": "EW.1", "7": "EW.2", "8": "Unnamed: 1"}, "data": [["number", "degrees", "minutes", "seconds", NaN, "degrees", "minutes", "seconds", NaN], ["1", "65", "32", "34.81", "N", "6", "59", "38.15", "E"], ["2", "65", "39", "32.41", "N", "6", "48", "57.34", "E"]]}, "12": {"index": [0], "columns": {"0": "3", "1": "65", "2": "44", "3": "31.21", "4": "N", "5": "7", "6": "8", "7": "9.34", "8": "E"}, "data": [[4, 65, 37, 33.61, "N", 7, 18, 46.55, "E"]]}, "kind": "osdu:wks:master-data--Survey:1.0.0 ", "id": "npd:master-data--Factpages-Survey:10098"}