{"0": {"index": [0, 1, 2, 3, 4, 5, 6, 7, 8, 9, 10, 11, 12, 13, 14, 15, 16, 17, 18, 19, 20, 21, 22, 23, 24, 25], "columns": {"0": "eneral information", "1": "Unnamed: 0"}, "data": [["Survey name", "VE21100"], ["Legal basis", "Petroleumsforskriften jf Ressursforskriften"], ["NPDID for survey", "10226"], ["Factmaps - new window", "link to map"], ["Status", "Ferdig"], ["Area", "Nordsj\u00f8en"], ["Market available", "Nei"], ["Category", "Andre unders\u00f8kelser"], ["Main type", "Grunnunders\u00f8kelse"], ["Sub type", "Ikke seismikk"], ["Sampling", "Ja"], ["Company - responsible", "V\u00e5r Energi AS"], ["Source type", NaN], ["Number of sources", NaN], ["Source size", NaN], ["Source pressure", NaN], ["Sensor type", NaN], ["Numbers of sensors", NaN], ["Sensor length [m]", NaN], ["Sensor width [m]", NaN], ["Start date - planned", "27.10.2021"], ["Start date", "26.10.2021"], ["Completed date - planned", "15.12.2021"], ["Completed date", "06.12.2021"], ["Total length [boat km]", "116"], ["Net area - actual 3D/4D [km2]", NaN]]}, "1": {"index": [], "columns": {"0": "Unnamed: 0"}, "data": []}, "2": {"index": [0, 1, 2, 3, 4], "columns": {"0": "Date", "1": "Type of update", "2": "Information"}, "data": [["06.12.2021", "Melding - Unders\u00f8kelsen er ferdig", NaN], ["03.12.2021", "Status", "Ferdig"], ["30.11.2021", "Oljedirektoratets uttalelse tilendringsmelding", "Oljedirektoratet (OD) viser til melding om endring avtidsrom for unders\u00f8kelsen. P\u00e5 bakgrunn av innmeldtendring og ny uttalelse fra Fiskeridirektoratet, har ODingen ytterligere merknader til at unders\u00f8kelsen kangjennomf\u00f8res som planlagt dersom disse blir fulgt."], ["30.11.2021", "Melding - Ordin\u00e6r ukemelding", "-"], ["30.11.2021", "Fiskeridirektoratets uttalelse tilendringsmelding", "Ingen merknad til utvidet sluttdato."]]}, "3": {"index": [0, 1, 2, 3, 4, 5, 6, 7, 8, 9, 10, 11, 12, 13, 14, 15, 16, 17, 18, 19, 20, 21, 22, 23, 24, 25, 26, 27, 28, 29, 30, 31, 32, 33, 34, 35, 36, 37, 38, 39], "columns": {"0": "25.11.2021", "1": "Melding - Ordin\u00e6r ukemelding", "2": "-"}, "data": [["25.11.2021", "Melding - Ordin\u00e6r ukemelding", "-"], ["18.11.2021", "Melding - Endringsmelding som", "P\u00e5 grunn av d\u00e5rlige v\u00e6rforhold har surveyet tatt lenger"], [NaN, "krever saksbehandling", "tid en forventet slik at det er behov for \u00e5 utvide"], [NaN, NaN, "sluttdato."], ["15.11.2021", "Melding - Endringsmelding - til", NaN], [NaN, "info", NaN], ["15.11.2021", "Melding - Endringsmelding - til", NaN], [NaN, "info", NaN], ["10.11.2021", "Melding - Ordin\u00e6r ukemelding", "-"], ["10.11.2021", "Oljedirektoratets uttalelse til", "Oljedirektoratet (OD) viser til melding om endring av"], [NaN, "endringsmelding", "tidsrom for unders\u00f8kelsen. P\u00e5 bakgrunn av innmeldt"], [NaN, NaN, "endring og ny uttalelse fra Fiskeridirektoratet, har OD"], [NaN, NaN, "ingen ytterligere merknader til at unders\u00f8kelsen kan"], [NaN, NaN, "gjennomf\u00f8res som planlagt dersom disse blir fulgt."], ["01.11.2021", "Melding - Ordin\u00e6r ukemelding", "-"], ["27.10.2021", "Fiskeridirektoratets uttalelse til", "Vi viser til mottatt melding om endret sluttdato for"], [NaN, "endringsmelding", "nevnte unders\u00f8kelse. Vi har ikke merknader til dette og"], [NaN, NaN, "opprettholder v\u00e5rt tidligere tilsvar i saken"], ["27.10.2021", "Melding - Endringsmelding som", "P\u00e5 gunn av d\u00e5rlig v\u00e6r, forventes det at surveyet"], [NaN, "krever saksbehandling", "avsluttes senere enn antatt."], ["26.10.2021", "Oljedirektoratets uttalelse til", "Oljedirektoratet (OD) viser til melding om endring av"], [NaN, "endringsmelding", "tidsrom for unders\u00f8kelsen. P\u00e5 bakgrunn av innmeldt"], [NaN, NaN, "endring og ny uttalelse fra Fiskeridirektoratet, har OD"], [NaN, NaN, "ingen ytterligere merknader til at unders\u00f8kelsen kan"], [NaN, NaN, "gjennomf\u00f8res som planlagt dersom disse blir fulgt."], ["26.10.2021", "Status", "P\u00e5g\u00e5ende"], ["26.10.2021", "Melding - Unders\u00f8kelsen startes", NaN], [NaN, "opp", NaN], ["26.10.2021", "Melding - Endringsmelding - til", NaN], [NaN, "info", NaN], ["20.10.2021", "Fiskeridirektoratets uttalelse til", "Ingen merknad"], [NaN, "endringsmelding", NaN], ["16.10.2021", "Melding - Endringsmelding som", "Unntak fra 10 dagers regelen: P\u00e5 grunn av skiftende"], [NaN, "krever saksbehandling", "v\u00e6rforhold p\u00e5 denne tiden av \u00e5ret og at VE21302 og"], [NaN, NaN, "VE21100 ligger  ved siden av hverandre, vil det v\u00e6re"], [NaN, NaN, "mest effektivt \u00e5 ha muligheten til \u00e5 kunne ha"], [NaN, NaN, "operasjoner p\u00e5 begge omr\u00e5der."], ["11.10.2021", "Melding - Endringsmelding - til", NaN], [NaN, "info", NaN], ["08.10.2021", "Status", "Planlagt"]]}, "4": {"index": [0, 1, 2, 3, 4, 5, 6, 7, 8, 9, 10, 11, 12, 13, 14, 15, 16, 17, 18, 19, 20, 21, 22, 23, 24, 25, 26, 27, 28, 29, 30, 31, 32, 33, 34, 35, 36, 37, 38, 39], "columns": {"0": "08.10.2021", "1": "Oljedirektoratet uttalelse til", "2": "Oljedirektoratet (OD) viser til deres melding vedr\u00f8rende"}, "data": [[NaN, "innmelding", "denne unders\u00f8kelsen."], [NaN, NaN, "OD gj\u00f8r s\u00e6rlig oppmerksom p\u00e5 at fart\u00f8y som foretar en"], [NaN, NaN, "unders\u00f8kelse, skal holde forsvarlig avstand til fart\u00f8y"], [NaN, NaN, "som driver fiske, og til fastst\u00e5ende og flytende"], [NaN, NaN, "fiskeredskap. S\u00e6rlig aktsomhet skal utvises n\u00e5r st\u00f8rre"], [NaN, NaN, "ansamlinger av fiskefart\u00f8y observeres, jf. forskrift om"], [NaN, NaN, "ressursforvaltning innen petroleumsvirksomheten av"], [NaN, NaN, "13.12.2017 (ressursforskriften) \u00a7 8 andre ledd."], [NaN, NaN, "Uttalelser som er gitt av adressatene innenfor"], [NaN, NaN, "meldesystemet (jf. petroleumsforskriften \u00a7 6/"], [NaN, NaN, "ressursforskriften \u00a7 6) f\u00f8lger vedlagt. OD har ingen"], [NaN, NaN, "merknader til at unders\u00f8kelsen gjennomf\u00f8res som"], [NaN, NaN, "planlagt dersom tilr\u00e5dningene som angitt blir fulgt. Det"], [NaN, NaN, "er ikke stilt krav om fiskerikyndig bemanning for denne"], [NaN, NaN, "unders\u00f8kelsen."], [NaN, NaN, "Dersom unders\u00f8kelsen aksepteres gjennomf\u00f8rt slik den"], [NaN, NaN, "er tilr\u00e5dd, stadfestes dette gjennom at det sendes inn"], [NaN, NaN, "oppstartsmelding n\u00e5r unders\u00f8kelsen starter, jf."], [NaN, NaN, "ressursforskriften \u00a7 6, 3.ledd."], [NaN, NaN, "Skulle det oppst\u00e5 situasjoner i forhold til"], [NaN, NaN, "fiskeriaktiviteten, ber vi om \u00e5 bli underrettet om dette."], [NaN, NaN, "Unders\u00f8kelsen kan bli stanset eller endret p\u00e5 kort varsel"], [NaN, NaN, "dersom det oppst\u00e5r konflikt med fiskeriene."], [NaN, NaN, "OD gj\u00f8r ogs\u00e5 oppmerksom p\u00e5 at ev. endringer m\u00e5"], [NaN, NaN, "meldes inn i henhold til ressursforskriften \u00a7 6. Det er"], [NaN, NaN, "krav om at alle slike regelverkspliktige meldinger,"], [NaN, NaN, "herunder oppstartsmelding, endringsmelding,"], [NaN, NaN, "ukemelding og sluttmelding \u2013 skal rapporteres gjennom"], [NaN, NaN, "ODs meldingssystem for unders\u00f8kelser."], [NaN, NaN, "Rettighetshaver og/eller den som st\u00e5r for driften av"], [NaN, NaN, "fart\u00f8yet skal for \u00f8vrig gj\u00f8re relevant regelverk,"], [NaN, NaN, "dokumenter og data tilgjengelig for den fiskerikyndige."], [NaN, NaN, "Regelverk og dokumenter skal foreligge p\u00e5 b\u00e5de norsk"], [NaN, NaN, "og engelsk. Det skal ogs\u00e5 legges til rette for at den"], [NaN, NaN, "fiskerikyndige har tilgang til internett og andre"], [NaN, NaN, "n\u00f8dvendige hjelpemidler jf. ressursforskriften \u00a7 9."], ["07.10.2021", "Havforskningsinstituttets", "Havforskningsinstituttet har ingen merknader til de"], [NaN, "uttalelse til innmelding", "planlagte unders\u00f8kelsene. Vurderingen er gjort med"], [NaN, NaN, "hensyn til forekomst av korallrev og andre s\u00e5rbare"], [NaN, NaN, "naturtyper."]]}, "5": {"index": [0, 1, 2, 3, 4, 5, 6, 7, 8, 9, 10, 11, 12, 13, 14, 15, 16, 17, 18, 19, 20, 21, 22, 23, 24, 25, 26, 27, 28, 29, 30, 31], "columns": {"0": "10.09.2021", "1": "Fiskeridirektoratets uttalelse til", "2": "Fiskeridirektoratet region S\u00f8r viser til melding datert"}, "data": [[NaN, "innmelding", "02.09.2021 fra V\u00e5r Energi AS vedr\u00f8rende"], [NaN, NaN, "grunnunders\u00f8kelse VE21100."], [NaN, NaN, NaN], [NaN, NaN, "Unders\u00f8kelsen planlegges gjennomf\u00f8rt i perioden"], [NaN, NaN, "08.10. \u2013 15.11.2021."], [NaN, NaN, "Fiskerifaglig vurdering og tilr\u00e5dning:"], [NaN, NaN, "Det kan i hele den innmeldte perioden ventes fiske etter"], [NaN, NaN, "hvit fisk med bunntr\u00e5l, snurrevad og garn, samt fiske"], [NaN, NaN, "etter sild med flytetr\u00e5l."], [NaN, NaN, "Det er ogs\u00e5 forventet fiske etter hestmakrell med not."], [NaN, NaN, "Intensiteten i fisket etter makrell varierer med"], [NaN, NaN, "makrellens tilgjengelighet for fangst, og i perioder n\u00e5r"], [NaN, NaN, "makrellen er tilgjengelig for fangst kan det ligge mange"], [NaN, NaN, "fart\u00f8y konsentrert i et lite omr\u00e5de."], [NaN, NaN, "Vi venter stor \u00f8kning i deltakelse av norske fart\u00f8y i fiske"], [NaN, NaN, "etter makrell sammenliknet med tidligere \u00e5r, og risikoen"], [NaN, NaN, "for konflikt er tilsvarende st\u00f8rre."], [NaN, NaN, "Annen sporadisk fiskeriaktivitet kan heller ikke"], [NaN, NaN, "utelukkes."], [NaN, NaN, "Vi forutsetter at unders\u00f8kelsen utf\u00f8res med den st\u00f8rste"], [NaN, NaN, "aktsomhet, uten \u00e5 v\u00e6re til hinder for fiskeriaktiviteten i"], [NaN, NaN, "omr\u00e5det som nevnt over. Unders\u00f8kelsen kan bli"], [NaN, NaN, "anmodet endret og stanset dersom det oppst\u00e5r"], [NaN, NaN, "konflikter med fiskeriene."], [NaN, NaN, "Etter en helhetsvurdering, med bakgrunn i type"], [NaN, NaN, "unders\u00f8kelse, og under forutsetning av at det ikke skal"], [NaN, NaN, "slepes utstyr i sj\u00f8en eller samles inn seismikk, vil vi ikke"], [NaN, NaN, "kreve fiskerikyndig for denne unders\u00f8kelsen. Vi r\u00e5der"], [NaN, NaN, "dere imidlertid til \u00e5 planlegge grunnunders\u00f8kelsen godt"], [NaN, NaN, "p\u00e5 forh\u00e5nd ut fra fiskeriaktiviteten som nevnt over."], ["02.09.2021", "Status", "Under behandling"], ["02.09.2021", "Melding - Innmelding", NaN]]}, "6": {"index": [0], "columns": {"0": "Type of licence", "1": "Licence name"}, "data": [["Unders\u00f8kelsestillatelse", 703]]}, "7": {"index": [], "columns": {"0": "Type data", "1": "Format", "2": "Medium", "3": "Comment"}, "data": []}, "8": {"index": [0, 1, 2, 3], "columns": {"0": "Vessel Name", "1": "Type of vessel", "2": "Phone", "3": "IMO-number", "4": "Call", "5": "Nation"}, "data": [[NaN, NaN, "number", NaN, "signal", NaN], ["Fugro", "Hovedfart\u00f8y", "+448452413", 8101331.0, "C6QR4", "Baham"], ["Meridian", "(innsamlingsfa", "415", NaN, NaN, "as"], [NaN, "rt\u00f8y)", NaN, NaN, NaN, NaN]]}, "9": {"index": [], "columns": {"0": "From date", "1": "To date", "2": "Name", "3": "Phone number"}, "data": []}, "10": {"index": [0, 1, 2, 3, 4], "columns": {"0": "Point", "1": "NS", "2": "NS minutes", "3": "Unnamed: 0", "4": "EW", "5": "EW minutes", "6": "Unnamed: 1"}, "data": [["number", "degrees", "(decimal)", NaN, "degrees", "(decimal)", NaN], ["1", "59", "18.62", "N", "2", "17.33", "E"], ["2", "59", "18.68", "N", "2", "27.65", "E"], ["3", "59", "13.83", "N", "2", "27.73", "E"], ["4", "59", "13.78", "N", "2", "17.43", "E"]]}, "11": {"index": [0, 1, 2, 3, 4], "columns": {"0": "Point", "1": "NS", "2": "NS.1", "3": "NS.2", "4": "Unnamed: 0", "5": "EW", "6": "EW.1", "7": "EW.2", "8": "Unnamed: 1"}, "data": [["number", "degrees", "minutes", "seconds", NaN, "degrees", "minutes", "seconds", NaN], ["1", "59", "18", "37.04", "N", "2", "17", "19.85", "E"], ["2", "59", "18", "41.03", "N", "2", "27", "38.84", "E"], ["3", "59", "13", "50.04", "N", "2", "27", "43.82", "E"], ["4", "59", "13", "47.05", "N", "2", "17", "25.84", "E"]]}, "kind": "osdu:wks:master-data--Survey:1.0.0 ", "id": "npd:master-data--Factpages-Survey:10226"}