{"0": {"index": [0, 1, 2, 3, 4, 5, 6, 7, 8, 9, 10, 11, 12, 13, 14, 15, 16, 17, 18, 19, 20, 21, 22, 23, 24], "columns": {"0": "eneral information", "1": "Unnamed: 0"}, "data": [["Survey name", "EQ21318"], ["Legal basis", "Petroleumsforskriften jf Ressursforskriften"], ["NPDID for survey", "10167"], ["Factmaps - new window", "link to map"], ["Status", "Ferdig"], ["Area", "Norskehavet"], ["Market available", "Nei"], ["Category", "Seismisk unders\u00f8kelse"], ["Main type", "Borestedunders\u00f8kelse"], ["Sub type", "2D"], ["Company - responsible", "Equinor Energy AS"], ["Source type", "seismicSource"], ["Number of sources", "1"], ["Source size", "160"], ["Source pressure", "2000"], ["Sensor type", "cables"], ["Numbers of sensors", NaN], ["Sensor length [m]", "1200"], ["Sensor width [m]", NaN], ["Start date - planned", "27.07.2021"], ["Start date", "29.07.2021"], ["Completed date - planned", "19.09.2021"], ["Completed date", "13.08.2021"], ["Total length [boat km]", "501"], ["Net area - actual 3D/4D [km2]", NaN]]}, "1": {"index": [], "columns": {"0": "Unnamed: 0"}, "data": []}, "2": {"index": [0, 1, 2, 3, 4, 5, 6, 7], "columns": {"0": "Date", "1": "Type of update", "2": "Information"}, "data": [["13.08.2021", "Melding - Unders\u00f8kelsen er ferdig", NaN], ["13.08.2021", "Status", "Ferdig"], ["09.08.2021", "Melding - Ordin\u00e6r ukemelding", "+8 CPT -"], ["02.08.2021", "Melding - Endringsmelding - tilinfo", NaN], ["02.08.2021", "Melding - Ordin\u00e6r ukemelding", "Fart\u00f8y i Trondhjem - Trugve Rikkart Nilsen overtar somFiskerikyndig fra 5 August"], ["29.07.2021", "Melding - Unders\u00f8kelsen startesopp", NaN], ["29.07.2021", "Status", "P\u00e5g\u00e5ende"], ["28.07.2021", "Status", "Planlagt"]]}, "3": {"index": [0, 1, 2, 3, 4, 5, 6, 7, 8, 9, 10, 11, 12, 13, 14, 15, 16, 17, 18, 19, 20, 21, 22, 23, 24, 25, 26, 27, 28, 29, 30, 31, 32, 33, 34, 35, 36, 37, 38, 39, 40, 41, 42], "columns": {"0": "28.07.2021", "1": "Oljedirektoratet uttalelse til", "2": "Oljedirektoratet (OD) viser til deres melding vedr\u00f8rende"}, "data": [[NaN, "innmelding", "denne unders\u00f8kelsen."], [NaN, NaN, "OD gj\u00f8r s\u00e6rlig oppmerksom p\u00e5 at fart\u00f8y som foretar en"], [NaN, NaN, "unders\u00f8kelse, skal holde forsvarlig avstand til fart\u00f8y"], [NaN, NaN, "som driver fiske, og til fastst\u00e5ende og flytende"], [NaN, NaN, "fiskeredskap. S\u00e6rlig aktsomhet skal utvises n\u00e5r st\u00f8rre"], [NaN, NaN, "ansamlinger av fiskefart\u00f8y observeres, jf. forskrift om"], [NaN, NaN, "ressursforvaltning innen petroleumsvirksomheten av"], [NaN, NaN, "13.12.2017 (ressursforskriften) \u00a7 8 andre ledd."], [NaN, NaN, "Det vises for \u00f8vrig til veileder om \"Gjennomf\u00f8ring av"], [NaN, NaN, "seismiske unders\u00f8kelser p\u00e5 norsk kontinentalsokkel\"."], [NaN, NaN, "OD viser til uttalelsene som er gitt av adressatene"], [NaN, NaN, "innenfor meldesystemet (jf. petroleumsforskriften \u00a7 6/"], [NaN, NaN, "ressursforskriften \u00a7 6), og har ingen merknader til at"], [NaN, NaN, "unders\u00f8kelsen  gjennomf\u00f8res som planlagt dersom"], [NaN, NaN, "disse tas til etterretning. Dette gjelder ogs\u00e5 eventuelt"], [NaN, NaN, "krav om fiskerikyndig fra Fiskeridirektoratet."], [NaN, NaN, "Dersom unders\u00f8kelsen aksepteres gjennomf\u00f8rt slik den"], [NaN, NaN, "er tilr\u00e5dd, stadfestes dette gjennom at det sendes inn"], [NaN, NaN, "melding om oppstart n\u00e5r unders\u00f8kelsen starter, jf."], [NaN, NaN, "ressursforskriften \u00a7 6, 3.ledd."], [NaN, NaN, "Skulle det oppst\u00e5 situasjoner i forbindelse med"], [NaN, NaN, "fiskeriaktiviteten, ber vi om \u00e5 bli underrettet om dette."], [NaN, NaN, "Unders\u00f8kelsen kan bli stanset eller endret p\u00e5 kort varsel"], [NaN, NaN, "dersom det oppst\u00e5r konflikt med fiskeriene."], [NaN, NaN, "OD gj\u00f8r ogs\u00e5 oppmerksom p\u00e5 at ev. endringer m\u00e5"], [NaN, NaN, "meldes inn i henhold til ressursforskriften \u00a7 6. Det er"], [NaN, NaN, "krav om at alle slike regelverkspliktige meldinger,"], [NaN, NaN, "herunder oppstartsmelding, endringsmelding,"], [NaN, NaN, "ukemelding og sluttmelding \u2013 skal rapporteres gjennom"], [NaN, NaN, "ODs innmeldingssystem for unders\u00f8kelser."], [NaN, NaN, "Rettighetshaver og/eller den som st\u00e5r for driften av"], [NaN, NaN, "fart\u00f8yet skal for \u00f8vrig gj\u00f8re relevant regelverk,"], [NaN, NaN, "dokumenter og data tilgjengelig for den fiskerikyndige."], [NaN, NaN, "Regelverk og dokumenter skal foreligge p\u00e5 b\u00e5de norsk"], [NaN, NaN, "og engelsk. Det skal ogs\u00e5 legges til rette for at den"], [NaN, NaN, "fiskerikyndige har tilgang til internett og andre"], [NaN, NaN, "n\u00f8dvendige hjelpemidler jf. ressursforskriften \u00a7 9."], ["28.07.2021", "Oljedirektoratets uttalelse til", "Oljedirektoratet (OD) viser til melding om endring av"], [NaN, "endringsmelding", "tidsrom for unders\u00f8kelsen. P\u00e5 bakgrunn av innmeldt"], [NaN, NaN, "endring og nye uttalelser fra Havforskningsinstituttet og"], [NaN, NaN, "Fiskeridirektoratet, har OD ingen ytterligere merknader"], [NaN, NaN, "til at unders\u00f8kelsen kan gjennomf\u00f8res som planlagt"], [NaN, NaN, "dersom disse blir fulgt."]]}, "4": {"index": [0, 1, 2, 3, 4, 5, 6, 7, 8, 9, 10, 11, 12, 13, 14, 15, 16, 17, 18, 19, 20, 21, 22, 23, 24], "columns": {"0": "26.07.2021", "1": "Havforskningsinstituttets", "2": "Det er dokumentert forekomster av s\u00e5rbare koraller i"}, "data": [[NaN, "uttalelse til endringsmelding", "unders\u00f8kelsesomr\u00e5det. Havforskningsinstituttet r\u00e5der til"], [NaN, NaN, "at det tas s\u00e6rlig hensyn til dette, og at det brukes"], [NaN, NaN, "visuelt utstyr ved plassering av utstyr p\u00e5 bunn slik at"], [NaN, NaN, "man unng\u00e5r \u00e5 fysisk skade korallene. Ellers har"], [NaN, NaN, "havforskningsinstituttet ingen merknader til den"], [NaN, NaN, "planlagte unders\u00f8kelsen. Vurderingen er gjort med"], [NaN, NaN, "hensyn til aktive gytefelt og konsentrerte"], [NaN, NaN, "gytevandringer for aktuelle fiskebestander"], [NaN, NaN, "(p\u00e5virkningsavstand 5 nmi) beiteomr\u00e5der for hval og"], [NaN, NaN, "forekomst av koraller"], ["16.07.2021", "Fiskeridirektoratets uttalelse til", "Vi har foretatt en ny fiskerifaglig vurdering som viser at"], [NaN, "endringsmelding", "endring av tidspunktet for gjennomf\u00f8ring av"], [NaN, NaN, "unders\u00f8kelsen ikke ber\u00f8re nye fiskerier. Ny"], [NaN, NaN, "oppstartdato berammet til 6. august 2021, og ny"], [NaN, NaN, "sluttdato er 29. september 2021."], [NaN, NaN, "Da det ikke er endring i fiskeriene som ber\u00f8rer"], [NaN, NaN, "unders\u00f8kelsen, vil uttalelsen som ble utarbeidet i"], [NaN, NaN, "oversendelsen datert 6. juli 2021 fortsatt legges til"], [NaN, NaN, "grunn."], ["15.07.2021", "Melding - Endringsmelding - til", NaN], [NaN, "info", NaN], ["15.07.2021", "Melding - Endringsmelding - til", NaN], [NaN, "info", NaN], ["15.07.2021", "Melding - Endringsmelding som", NaN], [NaN, "krever saksbehandling", NaN]]}, "5": {"index": [0, 1, 2, 3, 4, 5, 6, 7, 8, 9, 10, 11, 12, 13, 14, 15, 16, 17, 18], "columns": {"0": "06.07.2021", "1": "Fiskeridirektoratets uttalelse tilinnmelding", "2": "Fiskerifaglig vurdering:Unders\u00f8kelsen skal foreg\u00e5 130 km nordvest fran\u00e6rmeste land som er Fr\u00f8ya Tr\u00f8ndelag fylke.Unders\u00f8kelsen skal p\u00e5g\u00e5 mellom 6. august 2021 \u2013 29.september 2021. Fiskeriaktiviteten iunders\u00f8kelsesomr\u00e5det varierer noe fra \u00e5r til \u00e5r. Medgrunnlag fra historiske fiskeridata kan det p\u00e5vente litentil ingen fiskeriaktivitet i unders\u00f8kelsesomr\u00e5det. I dennordlige omr\u00e5det utenfor unders\u00f8kelsesomr\u00e5det kan detp\u00e5g\u00e5 et fiske etter brosme og lange av den havg\u00e5endekonvensjonelle fiskefl\u00e5ten.Sammendrag og tilr\u00e5ding:Vi forutsetter at unders\u00f8kelsen utf\u00f8res med den st\u00f8rsteaktsomhet, uten \u00e5 v\u00e6re til hinder for fiskeriaktiviteten iomr\u00e5det som nevnt over.Det oppfordres til at den fiskerikyndige blir delaktigtidlig i den operative planleggingsfasen avunders\u00f8kelsen, og at det etableres kontakt medKystvaktsentralen/Kystvakt for \u00e5 orientere seg omfiskeriaktivitet og st\u00e5ende fiskeredskap i omr\u00e5det.Unders\u00f8kelsen m\u00e5 stanses eller endres p\u00e5 kort varseldersom det oppst\u00e5r konflikter med fiskeriene.Det skal v\u00e6re fiskerikyndig bemanning p\u00e5 fart\u00f8yet somut\u00f8ver unders\u00f8kelsen, med mindre annet fremg\u00e5r avODs tilbakemelding.", "3": "Unnamed: 0"}, "data": [["01.07.2021", "Status", "Under behandling", NaN], ["01.07.2021", "Melding - Innmelding", NaN, NaN], [NaN, NaN, NaN, NaN], ["icences", NaN, NaN, NaN], ["Type of licence", "Licence name", NaN, NaN], ["Utvinningstillatelse", "255 B", NaN, NaN], ["Unders\u00f8kelsestillatelse", "701", NaN, NaN], ["Utvinningstillatelse", "255", NaN, NaN], [NaN, NaN, NaN, NaN], ["ompany the acquisition is done for", NaN, NaN, NaN], ["Company name", NaN, NaN, NaN], ["Equinor Energy AS", NaN, NaN, NaN], [NaN, NaN, NaN, NaN], ["ompany doing the acquisition", NaN, NaN, NaN], ["Company name", NaN, NaN, NaN], ["Gardline Geosurvey Ltd", NaN, NaN, NaN], [NaN, NaN, NaN, NaN], ["ata format", NaN, NaN, NaN], ["Type data", "Format", "Medium", "Comment"]]}, "6": {"index": [], "columns": {"0": "Unnamed: 0"}, "data": []}, "7": {"index": [0, 1, 2, 3], "columns": {"0": "Vessel Name", "1": "Type of vessel", "2": "Phone", "3": "IMO-number", "4": "Call", "5": "Nation"}, "data": [[NaN, NaN, "number", NaN, "signal", NaN], ["Kommandor", "Hovedfart\u00f8y", "+44 1493", 8517205.0, "MCJO2", "UK"], [NaN, "(innsamlingsfa", "236", NaN, NaN, NaN], [NaN, "rt\u00f8y)", "050/051/52", NaN, NaN, NaN]]}, "8": {"index": [0, 1], "columns": {"0": "From date", "1": "To date", "2": "Name", "3": "Phone number"}, "data": [["05.08.2021", "19.09.2021", "Trygve-Rikkart Nilsen", "454 51 875"], ["27.07.2021", "04.08.2021", "Svein Davidsen", "41445091"]]}, "9": {"index": [0, 1, 2, 3, 4], "columns": {"0": "Point", "1": "NS", "2": "NS minutes", "3": "Unnamed: 0", "4": "EW", "5": "EW minutes", "6": "Unnamed: 1"}, "data": [["number", "degrees", "(decimal)", NaN, "degrees", "(decimal)", NaN], ["1", "64", "38.45", "N", "6", "43.01", "E"], ["2", "64", "30.62", "N", "6", "34.57", "E"], ["3", "64", "34.49", "N", "6", "15.01", "E"], ["4", "64", "42.33", "N", "6", "23.37", "E"]]}, "10": {"index": [0, 1, 2, 3, 4], "columns": {"0": "Point", "1": "NS", "2": "NS.1", "3": "NS.2", "4": "Unnamed: 0", "5": "EW", "6": "EW.1", "7": "EW.2", "8": "Unnamed: 1"}, "data": [["number", "degrees", "minutes", "seconds", NaN, "degrees", "minutes", "seconds", NaN], ["1", "64", "38", "27.08", "N", "6", "43", "0.38", "E"], ["2", "64", "30", "37.10", "N", "6", "34", "34.37", "E"], ["3", "64", "34", "29.11", "N", "6", "15", "0.43", "E"], ["4", "64", "42", "20.08", "N", "6", "23", "22.44", "E"]]}, "kind": "osdu:wks:master-data--Survey:1.0.0 ", "id": "npd:master-data--Factpages-Survey:10167"}