{"0": {"index": [0, 1, 2, 3, 4, 5, 6, 7, 8, 9, 10, 11, 12, 13, 14, 15, 16, 17, 18, 19, 20, 21, 22, 23], "columns": {"0": "Survey name", "1": "EQ21312"}, "data": [["Legal basis", "Petroleumsforskriften jf Ressursforskriften"], ["NPDID for survey", "10087"], ["Factmaps - new window", "link to map"], ["Status", "Avlyst"], ["Area", "Norskehavet"], ["Market available", "Ja"], ["Category", "Seismisk unders\u00f8kelse"], ["Main type", "Borestedunders\u00f8kelse"], ["Sub type", "2D"], ["Company - responsible", "Equinor Energy AS"], ["Source type", "seismicSource"], ["Number of sources", "1"], ["Source size", "160"], ["Source pressure", "2000"], ["Sensor type", "cables"], ["Numbers of sensors", NaN], ["Sensor length [m]", "1200"], ["Sensor width [m]", NaN], ["Start date - planned", "07.06.2021"], ["Start date", NaN], ["Completed date - planned", "06.08.2021"], ["Completed date", NaN], ["Total length [boat km]", NaN], ["Net area - actual 3D/4D [km2]", NaN]]}, "1": {"index": [0, 1, 2, 3, 4, 5, 6, 7, 8, 9, 10, 11], "columns": {"0": "Date", "1": "Type of update", "2": "Information"}, "data": [["13.08.2021", "Status", "Avlyst"], ["13.08.2021", "Melding - Unders\u00f8kelsen avlyses", NaN], ["30.04.2021", "Oljedirektoratet uttalelse til", "Oljedirektoratet (OD) viser til deres melding vedr\u00f8rende"], [NaN, "innmelding", "denne unders\u00f8kelsen."], [NaN, NaN, "OD gj\u00f8r s\u00e6rlig oppmerksom p\u00e5 at fart\u00f8y som foretar en"], [NaN, NaN, "unders\u00f8kelse, skal holde forsvarlig avstand til fart\u00f8y"], [NaN, NaN, "som driver fiske, og til fastst\u00e5ende og flytende"], [NaN, NaN, "fiskeredskap. S\u00e6rlig aktsomhet skal utvises n\u00e5r st\u00f8rre"], [NaN, NaN, "ansamlinger av fiskefart\u00f8y observeres, jf. forskrift om"], [NaN, NaN, "ressursforvaltning innen petroleumsvirksomheten av"], [NaN, NaN, "13.12.2017 (ressursforskriften) \u00a7 8 andre ledd."], [NaN, NaN, "Det vises for \u00f8vrig til veileder om \"Gjennomf\u00f8ring av"]]}, "2": {"index": [0, 1, 2, 3, 4, 5, 6, 7, 8, 9, 10, 11, 12, 13, 14, 15, 16, 17, 18, 19, 20, 21, 22, 23, 24, 25, 26, 27, 28, 29, 30, 31, 32, 33, 34, 35, 36, 37, 38, 39, 40, 41, 42, 43, 44, 45], "columns": {"0": "30.04.2021", "1": "Havforskningsinstituttets", "2": "Havforskningsinstituttet har ingen merknader til den"}, "data": [[NaN, "uttalelse til innmelding", "planlagte unders\u00f8kelsen. Vurderingen er gjort med"], [NaN, NaN, "hensyn til aktive gytefelt og konsentrerte"], [NaN, NaN, "gytevandringer for aktuelle fiskebestander"], [NaN, NaN, "(p\u00e5virkningsavstand 5 nmi)."], ["16.04.2021", "Fiskeridirektoratets uttalelse til", "Det skal v\u00e6re fiskerikyndig bemanning p\u00e5 fart\u00f8yet som"], [NaN, "innmelding", "ut\u00f8ver unders\u00f8kelsen, med mindre annet fremg\u00e5r av"], [NaN, NaN, "ODs tilbakemelding."], [NaN, NaN, "Fiskerifaglig vurdering:"], [NaN, NaN, "Unders\u00f8kelsen skal foreg\u00e5 90 km nordvest fra"], [NaN, NaN, "n\u00e6rmeste land som er Vega i Nordland fylke."], [NaN, NaN, "Unders\u00f8kelsen skal p\u00e5g\u00e5 mellom 7. juni 2021 \u2013 6."], [NaN, NaN, "august 2021. Fiskeriaktiviteten i unders\u00f8kelsesomr\u00e5det"], [NaN, NaN, "varierer noe fra \u00e5r til \u00e5r. Med grunnlag fra historiske"], [NaN, NaN, "fiskeridata kan det p\u00e5ventes liten til ingen"], [NaN, NaN, "fiskeriaktivitet i unders\u00f8kelsesomr\u00e5det. Det vil p\u00e5g\u00e5 et"], [NaN, NaN, "direktefiske etter bl\u00e5kveite i, eller ved den \u00f8stlige delen"], [NaN, NaN, "av unders\u00f8kelsesomr\u00e5det i unders\u00f8kelsesperioden for"], [NaN, NaN, "fart\u00f8y under 28 meter i den. Den f\u00f8rste f\u00f8rste periode"], [NaN, NaN, "for dette fiskeriet starter 4. juni 2021, og p\u00e5g\u00e5r til"], [NaN, NaN, "periodekvoten er oppfisket. Andre periode i direktefisket"], [NaN, NaN, "etter bl\u00e5kveite starter 9. august 2021. Fiskeridirekt\u00f8ren"], [NaN, NaN, "stopper fisket n\u00e5r periodekvotene er oppfisket. I samme"], [NaN, NaN, "omr\u00e5det vil det p\u00e5g\u00e5 fiske etter breiflabb, brosme og"], [NaN, NaN, "lange av den samme fart\u00f8ygruppen."], [NaN, NaN, "I den vestlige delen av unders\u00f8kelsesomr\u00e5det vil det"], [NaN, NaN, "p\u00e5g\u00e5 fiske etter bl\u00e5kveite, brosme og lange av den"], [NaN, NaN, "havg\u00e5ende konvensjonelle fiskefl\u00e5ten"], [NaN, NaN, "Sammendrag og tilr\u00e5ding:"], [NaN, NaN, "Vi forutsetter at unders\u00f8kelsen utf\u00f8res med den st\u00f8rste"], [NaN, NaN, "aktsomhet, uten \u00e5 v\u00e6re til hinder for fiskeriaktiviteten i"], [NaN, NaN, "omr\u00e5det som nevnt over."], [NaN, NaN, "Det frar\u00e5des at unders\u00f8kelsen settes i gang f\u00f8r f\u00f8rste"], [NaN, NaN, "perioder av direktfisket etter bl\u00e5kveite er avsluttet. Vi"], [NaN, NaN, "frar\u00e5der at unders\u00f8kelsen fortsetter etter 26. juli 2021."], [NaN, NaN, "Dette med bakgrunn at direktefisket etter bl\u00e5kveite for"], [NaN, NaN, "andre periode starter 9. august 2021."], [NaN, NaN, "Det oppfordres til at den fiskerikyndige blir delaktig"], [NaN, NaN, "tidlig i den operative planleggingsfasen av"], [NaN, NaN, "unders\u00f8kelsen, og at det etableres kontakt med"], [NaN, NaN, "Kystvaktsentralen/Kystvakt for \u00e5 orientere seg om"], [NaN, NaN, "fiskeriaktivitet og st\u00e5ende fiskeredskap i omr\u00e5det."], [NaN, NaN, "Unders\u00f8kelsen m\u00e5 stanses eller endres p\u00e5 kort varsel"], [NaN, NaN, "dersom det oppst\u00e5r konflikter med fiskeriene."], ["13.04.2021", "Status", "Under behandling"], ["13.04.2021", "Melding - Innmelding", "Det vil i tillegg bli benyttet en mindre kilde p\u00e5 10 kubikk"], [NaN, NaN, "tommer og en kort streamer/kabel p\u00e5 ca 100 meter."]]}, "3": {"index": [0, 1], "columns": {"0": "Type of licence", "1": "Licence name"}, "data": [["Unders\u00f8kelsestillatelse", 701], ["Utvinningstillatelse", 127]]}, "4": {"index": [], "columns": {"0": "Type data", "1": "Format", "2": "Medium", "3": "Comment"}, "data": []}, "5": {"index": [0, 1, 2, 3], "columns": {"0": "Vessel Name", "1": "Type of vessel", "2": "Phone", "3": "IMO-number", "4": "Call", "5": "Nation"}, "data": [[NaN, NaN, "number", NaN, "signal", NaN], ["Ocean", "Hovedfart\u00f8y", "+44 1493", 8616609.0, "HP6391", "Panam"], ["Reliance", "(innsamlingsfa", "236008", NaN, NaN, "a"], [NaN, "rt\u00f8y)", NaN, NaN, NaN, NaN]]}, "6": {"index": [0], "columns": {"0": "From date", "1": "To date", "2": "Name", "3": "Phone number"}, "data": [["07.06.2021", "06.08.2021", "Jens Thorsteinsen", "941 91 160"]]}, "7": {"index": [0, 1, 2, 3, 4], "columns": {"0": "Point", "1": "NS", "2": "NS minutes", "3": "Unnamed: 0", "4": "EW", "5": "EW minutes", "6": "Unnamed: 1"}, "data": [["number", "degrees", "(decimal)", NaN, "degrees", "(decimal)", NaN], ["1", "66", "9.03", "N", "7", "53.99", "E"], ["2", "66", "3.98", "N", "8", "6.69", "E"], ["3", "65", "57.18", "N", "7", "50.29", "E"], ["4", "66", "2.23", "N", "7", "37.61", "E"]]}, "8": {"index": [0, 1, 2, 3], "columns": {"0": "Pointnumber", "1": "NSdegrees", "2": "NSminutes", "3": "NSseconds", "4": "Unnamed: 0", "5": "EWdegrees", "6": "EWminutes", "7": "EWseconds", "8": "Unnamed: 1"}, "data": [[1, 66, 9, 1.8, "N", 7, 53, 59.59, "E"], [2, 66, 3, 58.8, "N", 8, 6, 41.53, "E"], [3, 65, 57, 10.83, "N", 7, 50, 17.54, "E"], [4, 66, 2, 13.82, "N", 7, 37, 36.59, "E"]]}, "kind": "osdu:wks:master-data--Survey:1.0.0 ", "id": "npd:master-data--Factpages-Survey:10087"}