{"0": {"index": [0, 1, 2, 3, 4, 5, 6, 7, 8, 9, 10, 11, 12, 13, 14, 15, 16, 17, 18, 19, 20, 21, 22, 23], "columns": {"0": "Survey name", "1": "EQ21316"}, "data": [["Legal basis", "Petroleumsforskriften jf Ressursforskriften"], ["NPDID for survey", "10127"], ["Factmaps - new window", "link to map"], ["Status", "Ferdig"], ["Area", "Norskehavet"], ["Market available", "Nei"], ["Category", "Seismisk unders\u00f8kelse"], ["Main type", "Borestedunders\u00f8kelse"], ["Sub type", "2D"], ["Company - responsible", "Equinor Energy AS"], ["Source type", "seismicSource"], ["Number of sources", "1"], ["Source size", "160"], ["Source pressure", "2000"], ["Sensor type", "cables"], ["Numbers of sensors", NaN], ["Sensor length [m]", "1200"], ["Sensor width [m]", NaN], ["Start date - planned", "08.07.2021"], ["Start date", "19.07.2021"], ["Completed date - planned", "21.08.2021"], ["Completed date", "09.08.2021"], ["Total length [boat km]", "662"], ["Net area - actual 3D/4D [km2]", NaN]]}, "1": {"index": [0, 1, 2, 3, 4, 5, 6, 7, 8, 9, 10, 11], "columns": {"0": "Date", "1": "Type of update", "2": "Information"}, "data": [["09.08.2021", "Melding - Unders\u00f8kelsen er ferdig", NaN], ["09.08.2021", "Status", "Ferdig"], ["04.08.2021", "Oljedirektoratets uttalelse til", "Oljedirektoratet (OD) viser til melding om endring av"], [NaN, "endringsmelding", "tidsrom for unders\u00f8kelsen. P\u00e5 bakgrunn av innmeldt"], [NaN, NaN, "endring og nye uttalelser fra Havforskningsinstituttet og"], [NaN, NaN, "Fiskeridirektoratet, har OD ingen ytterligere merknader"], [NaN, NaN, "til at unders\u00f8kelsen kan gjennomf\u00f8res som planlagt"], [NaN, NaN, "dersom disse blir fulgt."], ["02.08.2021", "Fiskeridirektoratets uttalelse til", "Vi viser til mottatt endringsmelding om ny periode"], [NaN, "endringsmelding", "08.07. \u2013 21.08.2021 for nevnte unders\u00f8kelse. Vi har"], [NaN, NaN, "ikke merknader til dette og opprettholder v\u00e5rt tidligere"], [NaN, NaN, "tilsvar i saken."]]}, "2": {"index": [0, 1, 2, 3, 4, 5, 6, 7, 8, 9, 10, 11, 12, 13, 14, 15, 16, 17, 18, 19, 20, 21, 22, 23, 24, 25, 26, 27, 28, 29, 30, 31, 32, 33, 34, 35, 36, 37, 38, 39, 40, 41, 42, 43, 44, 45, 46, 47, 48, 49, 50], "columns": {"0": "02.08.2021", "1": "Melding - Ordin\u00e6r ukemelding", "2": "-"}, "data": [["01.08.2021", "Havforskningsinstituttets", "Det er dokumentert forekomster av s\u00e5rbare koraller i"], [NaN, "uttalelse til endringsmelding", "unders\u00f8kelsesomr\u00e5det. Havforskningsinstituttet r\u00e5der til"], [NaN, NaN, "at det tas s\u00e6rlig hensyn til dette, og at det brukes"], [NaN, NaN, "visuelt utstyr ved plassering av utstyr p\u00e5 bunn slik at"], [NaN, NaN, "man unng\u00e5r \u00e5 fysisk skade korallene. Ellers har"], [NaN, NaN, "havforskningsinstituttet ingen merknader til den"], [NaN, NaN, "planlagte unders\u00f8kelsen. Vurderingen er gjort med"], [NaN, NaN, "hensyn til aktive gytefelt og konsentrerte"], [NaN, NaN, "gytevandringer for aktuelle fiskebestander"], [NaN, NaN, "(p\u00e5virkningsavstand 5) beiteomr\u00e5der for hval og"], [NaN, NaN, "forekomst av koraller."], ["29.07.2021", "Melding - Endringsmelding - til", NaN], [NaN, "info", NaN], ["29.07.2021", "Melding - Endringsmelding - til", NaN], [NaN, "info", NaN], ["29.07.2021", "Melding - Endringsmelding som", NaN], [NaN, "krever saksbehandling", NaN], ["26.07.2021", "Melding - Ordin\u00e6r ukemelding", "-"], ["19.07.2021", "Melding - Unders\u00f8kelsen startes", NaN], [NaN, "opp", NaN], ["19.07.2021", "Status", "P\u00e5g\u00e5ende"], ["09.07.2021", "Oljedirektoratets uttalelse til", "Oljedirektoratet (OD) viser til melding om endring av"], [NaN, "endringsmelding", "omr\u00e5de for unders\u00f8kelsen. P\u00e5 bakgrunn av innmeldt"], [NaN, NaN, "endring og nye uttalelser fra Havforskningsinstituttet og"], [NaN, NaN, "Fiskeridirektoratet, har OD ingen ytterligere merknader"], [NaN, NaN, "til at unders\u00f8kelsen kan gjennomf\u00f8res som planlagt"], [NaN, NaN, "dersom disse blir fulgt."], ["09.07.2021", "Oljedirektoratets uttalelse til", "Oljedirektoratet (OD) viser til melding om endring av"], [NaN, "endringsmelding", "tidsrom for unders\u00f8kelsen. P\u00e5 bakgrunn av innmeldt"], [NaN, NaN, "endring og nye uttalelser fra Havforskningsinstituttet og"], [NaN, NaN, "Fiskeridirektoratet, har OD ingen ytterligere merknader"], [NaN, NaN, "til at unders\u00f8kelsen kan gjennomf\u00f8res som planlagt"], [NaN, NaN, "dersom disse blir fulgt."], ["08.07.2021", "Havforskningsinstituttets", "Havforskningsinstituttet har ingen merknader til"], [NaN, "uttalelse til endringsmelding", "endringen i den planlagte unders\u00f8kelsen. Vurderingen"], [NaN, NaN, "er gjort med hensyn til aktive gytefelt og konsentrerte"], [NaN, NaN, "gytevandringer for aktuelle fiskebestander"], [NaN, NaN, "(p\u00e5virkningsavstand 5 nmi), beiteomr\u00e5der for hval og"], [NaN, NaN, "forekomst av koraller."], ["07.07.2021", "Havforskningsinstituttets", "Havforskningsinstituttet har ingen merknader til"], [NaN, "uttalelse til endringsmelding", "endringene i den planlagte unders\u00f8kelsen. Vurderingen"], [NaN, NaN, "er gjort med hensyn til aktive gytefelt og konsentrerte"], [NaN, NaN, "gytevandringer for aktuelle fiskebestander"], [NaN, NaN, "(p\u00e5virkningsavstand 5 nmi) , beiteomr\u00e5der for hval og"], [NaN, NaN, "forekomst av koraller."], ["06.07.2021", "Oljedirektoratets uttalelse til", "Oljedirektoratet (OD) viser til melding om endring av"], [NaN, "endringsmelding", "omr\u00e5de for unders\u00f8kelsen. P\u00e5 bakgrunn av innmeldt"], [NaN, NaN, "endring og nye uttalelser fra Havforskningsinstituttet og"], [NaN, NaN, "Fiskeridirektoratet, har OD ingen ytterligere merknader"], [NaN, NaN, "til at unders\u00f8kelsen kan gjennomf\u00f8res som planlagt"], [NaN, NaN, "dersom disse blir fulgt."]]}, "3": {"index": [0, 1, 2, 3, 4, 5, 6, 7, 8, 9, 10, 11, 12, 13, 14, 15, 16, 17, 18, 19, 20, 21, 22, 23, 24, 25, 26, 27, 28, 29, 30, 31, 32, 33, 34, 35], "columns": {"0": "05.07.2021", "1": "Fiskeridirektoratets uttalelse til", "2": "Vi har foretatt en ny fiskerifaglig vurdering som viser at"}, "data": [[NaN, "endringsmelding", "utvidelse av unders\u00f8kelsesomr\u00e5det ikke ber\u00f8rer nye"], [NaN, NaN, "fiskerier."], [NaN, NaN, "Da unders\u00f8kelsen ikke ber\u00f8rer nye fiskerier etter at"], [NaN, NaN, "unders\u00f8kelsesomr\u00e5det er utvidet, vil uttalelsen som ble"], [NaN, NaN, "utarbeidet i oversendelsen datert 25. mai 2021 fortsatt"], [NaN, NaN, "legges til grunn."], ["05.07.2021", "Fiskeridirektoratets uttalelse til", "Vi har foretatt en ny fiskerifaglig vurdering som viser at"], [NaN, "endringsmelding", "utvidelse av unders\u00f8kelsesomr\u00e5det ikke ber\u00f8rer nye"], [NaN, NaN, "fiskerier."], [NaN, NaN, "Da unders\u00f8kelsen ikke ber\u00f8rer nye fiskerier etter at"], [NaN, NaN, "unders\u00f8kelsesomr\u00e5det er utvidet, vil uttalelsen som ble"], [NaN, NaN, "utarbeidet i oversendelsen datert 25. mai 2021 fortsatt"], [NaN, NaN, "legges til grunn."], ["05.07.2021", "Fiskeridirektoratets uttalelse til", "Vi har foretatt en ny fiskerifaglig vurdering som viser at"], [NaN, "endringsmelding", "endring av oppstartdato for unders\u00f8kelsen fra 15. juli"], [NaN, NaN, "2021 til 8. juli 2021 ikke ber\u00f8rer nye fiskerier."], [NaN, NaN, "Da unders\u00f8kelsen ikke ber\u00f8rer nye fiskerier etter at"], [NaN, NaN, "oppstartdatoen er endret, vil uttalelsen som ble"], [NaN, NaN, "utarbeidet i oversendelsen datert 25. mai 2021 fortsatt"], [NaN, NaN, "legges til grunn."], ["05.07.2021", "Melding - Endringsmelding - til", NaN], [NaN, "info", NaN], ["05.07.2021", "Melding - Endringsmelding - til", NaN], [NaN, "info", NaN], ["05.07.2021", "Melding - Endringsmelding som", NaN], [NaN, "krever saksbehandling", NaN], ["02.07.2021", "Havforskningsinstituttets", "Havforskningsinstituttet har ingen merknader til"], [NaN, "uttalelse til endringsmelding", "endringen i den planlagte unders\u00f8kelsen. Vurderingen"], [NaN, NaN, "er gjort med hensyn til aktive gytefelt og konsentrerte"], [NaN, NaN, "gytevandringer for aktuelle fiskebestander"], [NaN, NaN, "(p\u00e5virkningsavstand 5 nmi), beiteomr\u00e5der for hval og"], [NaN, NaN, "forekomst av koraller."], ["01.07.2021", "Melding - Endringsmelding som", NaN], [NaN, "krever saksbehandling", NaN], ["01.07.2021", "Melding - Endringsmelding som", "Omr\u00e5det utvidet i s\u00f8r til \u00e5 inkludere tie-linjer til"], [NaN, "krever saksbehandling", "eksisterende br\u00f8nner"]]}, "4": {"index": [0, 1, 2, 3, 4, 5, 6, 7, 8, 9, 10, 11, 12, 13, 14, 15, 16, 17, 18, 19, 20, 21, 22, 23, 24, 25, 26, 27, 28, 29, 30, 31, 32, 33, 34, 35, 36, 37], "columns": {"0": "02.06.2021", "1": "Oljedirektoratet uttalelse til", "2": "Oljedirektoratet (OD) viser til deres melding vedr\u00f8rende"}, "data": [[NaN, "innmelding", "denne unders\u00f8kelsen."], [NaN, NaN, "OD gj\u00f8r s\u00e6rlig oppmerksom p\u00e5 at fart\u00f8y som foretar en"], [NaN, NaN, "unders\u00f8kelse, skal holde forsvarlig avstand til fart\u00f8y"], [NaN, NaN, "som driver fiske, og til fastst\u00e5ende og flytende"], [NaN, NaN, "fiskeredskap. S\u00e6rlig aktsomhet skal utvises n\u00e5r st\u00f8rre"], [NaN, NaN, "ansamlinger av fiskefart\u00f8y observeres, jf. forskrift om"], [NaN, NaN, "ressursforvaltning innen petroleumsvirksomheten av"], [NaN, NaN, "13.12.2017 (ressursforskriften) \u00a7 8 andre ledd."], [NaN, NaN, "Det vises for \u00f8vrig til veileder om \"Gjennomf\u00f8ring av"], [NaN, NaN, "seismiske unders\u00f8kelser p\u00e5 norsk kontinentalsokkel\"."], [NaN, NaN, "OD viser til uttalelsene som er gitt av adressatene"], [NaN, NaN, "innenfor meldesystemet (jf. petroleumsforskriften \u00a7 6/"], [NaN, NaN, "ressursforskriften \u00a7 6), og har ingen merknader til at"], [NaN, NaN, "unders\u00f8kelsen  gjennomf\u00f8res som planlagt dersom"], [NaN, NaN, "disse tas til etterretning. Dette gjelder ogs\u00e5 ved krav"], [NaN, NaN, "om fiskerikyndig fra Fiskeridirektoratet."], [NaN, NaN, "Dersom unders\u00f8kelsen aksepteres gjennomf\u00f8rt slik den"], [NaN, NaN, "er tilr\u00e5dd, stadfestes dette gjennom at det sendes inn"], [NaN, NaN, "melding om oppstart n\u00e5r unders\u00f8kelsen starter, jf."], [NaN, NaN, "ressursforskriften \u00a7 6, 3.ledd."], [NaN, NaN, "Skulle det oppst\u00e5 situasjoner i forbindelse med"], [NaN, NaN, "fiskeriaktiviteten, ber vi om \u00e5 bli underrettet om dette."], [NaN, NaN, "Unders\u00f8kelsen kan bli stanset eller endret p\u00e5 kort varsel"], [NaN, NaN, "dersom det oppst\u00e5r konflikt med fiskeriene."], [NaN, NaN, "OD gj\u00f8r ogs\u00e5 oppmerksom p\u00e5 at ev. endringer m\u00e5"], [NaN, NaN, "meldes inn i henhold til ressursforskriften \u00a7 6. Det er"], [NaN, NaN, "krav om at alle slike regelverkspliktige meldinger,"], [NaN, NaN, "herunder oppstartsmelding, endringsmelding,"], [NaN, NaN, "ukemelding og sluttmelding \u2013 skal rapporteres gjennom"], [NaN, NaN, "ODs innmeldingssystem for unders\u00f8kelser."], [NaN, NaN, "Rettighetshaver og/eller den som st\u00e5r for driften av"], [NaN, NaN, "fart\u00f8yet skal for \u00f8vrig gj\u00f8re relevant regelverk,"], [NaN, NaN, "dokumenter og data tilgjengelig for den fiskerikyndige."], [NaN, NaN, "Regelverk og dokumenter skal foreligge p\u00e5 b\u00e5de norsk"], [NaN, NaN, "og engelsk. Det skal ogs\u00e5 legges til rette for at den"], [NaN, NaN, "fiskerikyndige har tilgang til internett og andre"], [NaN, NaN, "n\u00f8dvendige hjelpemidler jf. ressursforskriften \u00a7 9."], ["02.06.2021", "Status", "Planlagt"]]}, "5": {"index": [0, 1, 2, 3, 4, 5, 6, 7, 8, 9, 10, 11, 12, 13, 14, 15, 16, 17, 18, 19, 20, 21, 22, 23, 24, 25, 26, 27, 28, 29, 30], "columns": {"0": "01.06.2021", "1": "Fiskeridirektoratets uttalelse til", "2": "Fiskerifaglig vurdering:"}, "data": [[NaN, "innmelding", "Unders\u00f8kelsen skal foreg\u00e5 150 km nordvest fra"], [NaN, NaN, "n\u00e6rmeste land som er Vikna i Tr\u00f8ndelag fylke."], [NaN, NaN, "Unders\u00f8kelsen skal p\u00e5g\u00e5 mellom 15. juni 2021 \u2013 15."], [NaN, NaN, "september 2021. Fiskeriaktiviteten i"], [NaN, NaN, "unders\u00f8kelsesomr\u00e5det varierer noe fra \u00e5r til \u00e5r. Med"], [NaN, NaN, "grunnlag fra historiske fiskeridata kan det ventes liten"], [NaN, NaN, "til ingen fiskeriaktivitet i unders\u00f8kelsesomr\u00e5det. I den"], [NaN, NaN, "nordlige omr\u00e5det utenfor unders\u00f8kelsesomr\u00e5det kan det"], [NaN, NaN, "p\u00e5g\u00e5 et fiske etter brosme og lange av den havg\u00e5ende"], [NaN, NaN, "konvensjonelle fiskefl\u00e5ten."], [NaN, NaN, "Sammendrag og tilr\u00e5ding:"], [NaN, NaN, "Vi forutsetter at unders\u00f8kelsen utf\u00f8res med den st\u00f8rste"], [NaN, NaN, "aktsomhet, uten \u00e5 v\u00e6re til hinder for fiskeriaktiviteten i"], [NaN, NaN, "omr\u00e5det som nevnt over."], [NaN, NaN, "Det oppfordres til at den fiskerikyndige blir delaktig"], [NaN, NaN, "tidlig i den operative planleggingsfasen av"], [NaN, NaN, "unders\u00f8kelsen, og at det etableres kontakt med"], [NaN, NaN, "Kystvaktsentralen/Kystvakt for \u00e5 orientere seg om"], [NaN, NaN, "fiskeriaktivitet og st\u00e5ende fiskeredskap i omr\u00e5det."], [NaN, NaN, "Unders\u00f8kelsen m\u00e5 stanses eller endres p\u00e5 kort varsel"], [NaN, NaN, "dersom det oppst\u00e5r konflikter med fiskeriene."], [NaN, NaN, "Det skal v\u00e6re fiskerikyndig bemanning p\u00e5 fart\u00f8yet som"], [NaN, NaN, "ut\u00f8ver unders\u00f8kelsen, med mindre annet fremg\u00e5r av"], [NaN, NaN, "ODs tilbakemelding."], ["26.05.2021", "Havforskningsinstituttets", "Havforskningsinstituttet har ingen merknader til den"], [NaN, "uttalelse til innmelding", "planlagte unders\u00f8kelsen. Vurderingen er gjort med"], [NaN, NaN, "hensyn til aktive gytefelt og konsentrerte"], [NaN, NaN, "gytevandringer for aktuelle fiskebestander"], [NaN, NaN, "(p\u00e5virkningsavstand 5 nmi)."], ["25.05.2021", "Status", "Under behandling"], ["25.05.2021", "Melding - Innmelding", NaN]]}, "6": {"index": [0, 1], "columns": {"0": "Type of licence", "1": "Licence name"}, "data": [["Utvinningstillatelse", 124], ["Unders\u00f8kelsestillatelse", 701]]}, "7": {"index": [], "columns": {"0": "Type data", "1": "Format", "2": "Medium", "3": "Comment"}, "data": []}, "8": {"index": [0, 1, 2, 3], "columns": {"0": "Vessel Name", "1": "Type of vessel", "2": "Phone", "3": "IMO-number", "4": "Call", "5": "Nation"}, "data": [[NaN, NaN, "number", NaN, "signal", NaN], ["Ocean", "Hovedfart\u00f8y", "+441493236", 8616609.0, "HP6391", "Panam"], ["Reliance", "(innsamlingsfa", "008", NaN, NaN, "a"], [NaN, "rt\u00f8y)", NaN, NaN, NaN, NaN]]}, "9": {"index": [0], "columns": {"0": "From date", "1": "To date", "2": "Name", "3": "Phone number"}, "data": [["08.07.2021", "21.08.2021", "Jens Thorsteinsen", 94191160]]}, "10": {"index": [0, 1, 2, 3, 4], "columns": {"0": "Point", "1": "NS", "2": "NS minutes", "3": "Unnamed: 0", "4": "EW", "5": "EW minutes", "6": "Unnamed: 1"}, "data": [["number", "degrees", "(decimal)", NaN, "degrees", "(decimal)", NaN], ["1", "65", "34.05", "N", "7", "22.14", "E"], ["2", "65", "30.70", "N", "7", "41.57", "E"], ["3", "65", "19.22", "N", "7", "30.24", "E"], ["4", "65", "23.13", "N", "7", "9.89", "E"]]}, "11": {"index": [0, 1, 2, 3, 4], "columns": {"0": "Point", "1": "NS", "2": "NS.1", "3": "NS.2", "4": "Unnamed: 0", "5": "EW", "6": "EW.1", "7": "EW.2", "8": "Unnamed: 1"}, "data": [["number", "degrees", "minutes", "seconds", NaN, "degrees", "minutes", "seconds", NaN], ["1", "65", "34", "2.91", "N", "7", "22", "8.51", "E"], ["2", "65", "30", "41.90", "N", "7", "41", "34.46", "E"], ["3", "65", "19", "12.94", "N", "7", "30", "14.44", "E"], ["4", "65", "23", "7.95", "N", "7", "9", "53.50", "E"]]}, "kind": "osdu:wks:master-data--Survey:1.0.0 ", "id": "npd:master-data--Factpages-Survey:10127"}