{"0": {"index": [0, 1, 2, 3, 4, 5, 6], "columns": {"0": "Field name", "1": "TUNE"}, "data": [["Factmaps in new window", "link to map"], ["Current activity status", "Producing"], ["Discovery wellbore", "30/8-1 S"], ["Discovery year.", "1995"], ["Main area", "North sea"], ["Main supply base", "Mongstad"], ["NPDID field", "853376"]]}, "1": {"index": [0, 1, 2], "columns": {"0": "Status", "1": "Status from", "2": "Status to"}, "data": [["Producing", "28.11.2002", NaN], ["Approved for", "17.12.1999", "27.11.2002"], ["production", NaN, NaN]]}, "2": {"index": [0, 1, 2], "columns": {"0": "Unnamed: 0", "1": "Block name", "2": "Prod. licence"}, "data": [["30/6", NaN, 53], ["30/8", NaN, 190], ["30/5", NaN, 34]]}, "3": {"index": [0], "columns": {"0": "Owner kind", "1": "Unnamed: 0", "2": "Owner name"}, "data": [["PRODUCTION LICENSE", 190, NaN]]}, "4": {"index": [0, 1, 2], "columns": {"0": "Unnamed: 0", "1": "Company name", "2": "Nation code", "3": "Company share [%]"}, "data": [["Equinor Energy AS", NaN, "NO", 50.0], ["Petoro AS", NaN, "NO", 40.0], ["TotalEnergies EP Norge AS", NaN, "NO", 10.0]]}, "5": {"index": [0, 1, 2], "columns": {"0": "Orig. recoverable", "1": "Orig. recoverable.1", "2": "Orig. recoverable.2", "3": "Orig. recoverable.3", "4": "Orig. recoverable.4"}, "data": [["oil", "gas", "NGL", "cond.", "oil eq."], ["[mill Sm3]", "[bill Sm3]", "[mill tonn]", "[mill Sm3]", "[mill Sm3 o.e]"], ["3.48", "18.91", "0.14", "0.00", "22.66"]]}, "6": {"index": [0, 1], "columns": {"0": "Remaining oil", "1": "Remaining gas", "2": "Remaining NGL", "3": "Remaining cond.", "4": "Remaining oil eq."}, "data": [["[mill Sm3]", "[bill Sm3]", "[mill tonn]", "[mill Sm3]", "[mill Sm3 o.e]"], ["0.01", "0.08", "0.00", "0.00", "0.09"]]}, "7": {"index": [0, 1, 2], "columns": {"0": "Orig. inplace oil", "1": "Orig. inplace ass.", "2": "Orig. inplace ass..1", "3": "Orig. inplace free"}, "data": [["[mill Sm3]", "liquid", "gas", "gas"], [NaN, "[mill Sm3]", "[bill Sm3]", "[bill Sm3]"], ["2.00", "11.00", "0.00", "22.00"]]}, "8": {"index": [0, 1, 2, 3, 4, 5, 6, 7, 8, 9, 10, 11, 12, 13, 14, 15, 16, 17, 18, 19, 20, 21, 22], "columns": {"0": "Type", "1": "Text", "2": "Date"}, "data": [[NaN, NaN, "updated"], ["Development", "Tune is a field in the northern part of the North Sea, ten", "28.02.2023"], [NaN, "kilometres west of the Oseberg field. The water depth is 95", NaN], [NaN, "metres. Tune was discovered in 1995, and the plan for", NaN], [NaN, "development and operation (PDO) was approved in 1999. The", NaN], [NaN, "field has been developed with a subsea template and a satellite", NaN], [NaN, "well tied to the Oseberg Field Centre. Production started in", NaN], [NaN, "2002. A PDO exemption was granted for the development of the", NaN], [NaN, "northern part of the field in 2004. A similar exemption was", NaN], [NaN, "granted for the southern part of the field in 2005.", NaN], ["Reservoir", "Tune produces gas and some condensate mainly from Middle", "28.02.2023"], [NaN, "Jurassic sandstone in the Tarbert Formation (Brent Group). The", NaN], [NaN, "reservoir is divided into several inclined fault blocks and lies at a", NaN], [NaN, "depth of 3,400 metres. Another reservoir is in the underlying", NaN], [NaN, "Statfjord Formation.", NaN], ["Recovery strategy", "The field is produced by pressure depletion. Low-pressure", "28.02.2023"], [NaN, "production has been implemented.", NaN], ["Transport", "The well stream from Tune is transported in pipelines to the", "28.02.2023"], [NaN, "Oseberg Field Centre, where the condensate is separated and", NaN], [NaN, "transported to the Sture terminal through the Oseberg", NaN], [NaN, "Transport System (OTS). Gas from Tune is injected in the", NaN], [NaN, "Oseberg field, while the licensees can export a corresponding", NaN], [NaN, "volume of sales gas from Oseberg.", NaN]]}, "9": {"index": [], "columns": {"0": "Status", "1": "The Tune field is in its tail production phase and producescyclically. However, since the inlet pressure for the Tune wellshas been reduced in 2021, the field has had more continuousproduction.", "2": "28.02.2023"}, "data": []}, "10": {"index": [], "columns": {"0": "The operators future investments related to the reservers from2022 [mill NOK 2022-kroner]. The stated investment estimate hasnot been corrected for possible investment sharing.", "1": "13"}, "data": []}, "11": {"index": [0, 1, 2, 3, 4, 5, 6, 7, 8, 9, 10, 11, 12, 13, 14, 15, 16, 17, 18, 19, 20, 21, 22, 23, 24], "columns": {"0": "Unnamed: 0", "1": "Investments[mill NOK nominalvalues]"}, "data": [["Sum", 4725], ["2021", 3], ["2020", 0], ["2019", 0], ["2018", 0], ["2017", 0], ["2016", 1], ["2015", 1], ["2014", 0], ["2013", 0], ["2012", 3], ["2011", 23], ["2010", 7], ["2009", 549], ["2008", 136], ["2007", 53], ["2006", 90], ["2005", 331], ["2004", 76], ["2003", -29], ["2002", 1218], ["2001", 1532], ["2000", 695], ["1999", 36], ["1998", 0]]}, "12": {"index": [0], "columns": {"0": "Unnamed: 0", "1": "Month", "2": "Net - oil[mill Sm3]", "3": "Net - gas[bill Sm3]", "4": "Net -condensate[mill Sm3]", "5": "Net - NGL[mill Sm3]", "6": "Net - oil equivalents[mill Sm3]"}, "data": [["Sum", NaN, 3.58997, 19.967265, 0.0, 0.258165, 23.8154]]}, "13": {"index": [0, 1, 2, 3, 4, 5, 6, 7, 8, 9, 10, 11, 12, 13, 14, 15, 16, 17, 18, 19, 20, 21, 22, 23, 24, 25, 26, 27, 28, 29, 30, 31, 32, 33, 34, 35, 36, 37, 38, 39, 40, 41], "columns": {"0": "2023", "1": "Unnamed: 0", "2": "-0.000028", "3": "0.000000", "4": "0.000000.1", "5": "0.000000.2", "6": "-0.000028.1"}, "data": [[NaN, 1.0, -2.8e-05, 0.0, 0.0, 0.0, -2.8e-05], [NaN, 2.0, 0.0, 0.0, 0.0, 0.0, 0.0], [NaN, 3.0, 0.0, 0.0, 0.0, 0.0, 0.0], [NaN, 4.0, 0.0, 0.0, 0.0, 0.0, 0.0], [NaN, 5.0, 0.0, 0.0, 0.0, 0.0, 0.0], [NaN, 6.0, 0.0, 0.0, 0.0, 0.0, 0.0], [2022.0, NaN, 0.009028, 0.090053, 0.0, 0.001272, 0.100353], [NaN, 1.0, 0.00232, 0.022685, 0.0, 0.000336, 0.025341], [NaN, 2.0, 0.001893, 0.01837, 0.0, 0.000253, 0.020516], [NaN, 3.0, 4.5e-05, 0.023501, 0.0, 0.000349, 0.023895], [NaN, 4.0, 0.004577, 0.024623, 0.0, 0.000324, 0.029524], [NaN, 5.0, 0.000189, 0.000874, 0.0, 8e-06, 0.001071], [NaN, 6.0, 4e-06, 0.0, 0.0, 2e-06, 6e-06], [NaN, 7.0, 0.0, 0.0, 0.0, 0.0, 0.0], [NaN, 8.0, 0.0, 0.0, 0.0, 0.0, 0.0], [NaN, 9.0, 0.0, 0.0, 0.0, 0.0, 0.0], [NaN, 10.0, 0.0, 0.0, 0.0, 0.0, 0.0], [NaN, 11.0, 0.0, 0.0, 0.0, 0.0, 0.0], [NaN, 12.0, 0.0, 0.0, 0.0, 0.0, 0.0], [2021.0, NaN, 0.014488, 0.152104, 0.0, 0.002365, 0.168957], [NaN, 1.0, 0.0, 0.0, 0.0, 0.0, 0.0], [NaN, 2.0, 0.0, 0.0, 0.0, 0.0, 0.0], [NaN, 3.0, 0.001025, 0.010947, 0.0, 0.000149, 0.012121], [NaN, 4.0, 0.002008, 0.020944, 0.0, 0.000321, 0.023273], [NaN, 5.0, 0.000701, 0.006158, 0.0, 0.000104, 0.006963], [NaN, 6.0, -0.00045, 0.0, 0.0, -6.5e-05, -0.000515], [NaN, 7.0, 0.0, 0.0, 0.0, 0.0, 0.0], [NaN, 8.0, 0.000199, 0.002079, 0.0, 1.5e-05, 0.002293], [NaN, 9.0, 0.003009, 0.031823, 0.0, 0.000517, 0.035349], [NaN, 10.0, 0.002635, 0.026374, 0.0, 0.00048, 0.029489], [NaN, 11.0, 0.002782, 0.02951, 0.0, 0.000495, 0.032787], [NaN, 12.0, 0.002579, 0.024269, 0.0, 0.000349, 0.027197], [2020.0, NaN, 7e-06, 6.5e-05, 0.0, 0.0, 7.2e-05], [1.0, 0.0, 0.0, 0.0, 0.0, 0.0, NaN], [2.0, 7e-06, 6.5e-05, 0.0, 0.0, 7.2e-05, NaN], [3.0, 0.0, 0.0, 0.0, 0.0, 0.0, NaN], [4.0, 0.0, 0.0, 0.0, 0.0, 0.0, NaN], [5.0, 0.0, 0.0, 0.0, 0.0, 0.0, NaN], [6.0, 0.0, 0.0, 0.0, 0.0, 0.0, NaN], [7.0, 0.0, 0.0, 0.0, 0.0, 0.0, NaN], [8.0, 0.0, 0.0, 0.0, 0.0, 0.0, NaN], [9.0, 0.0, 0.0, 0.0, 0.0, NaN, NaN]]}, "14": {"index": [0, 1, 2, 3, 4, 5, 6, 7, 8, 9, 10, 11, 12, 13, 14, 15, 16, 17, 18, 19, 20, 21, 22, 23, 24, 25, 26, 27, 28, 29, 30, 31, 32, 33, 34, 35, 36, 37, 38, 39, 40], "columns": {"0": "2020", "1": "10", "2": "0.000000", "3": "0.000000.1", "4": "0.000000.2", "5": "0.000000.3", "6": "0.000000.4"}, "data": [[NaN, 11.0, 0.0, 0.0, 0.0, 0.0, 0.0], [NaN, 12.0, 0.0, 0.0, 0.0, 0.0, 0.0], [2019.0, NaN, 0.004832, 0.051779, 0.0, 0.0008, 0.057411], [NaN, 1.0, 9.5e-05, 0.0, 0.0, 1.6e-05, 0.000111], [NaN, 2.0, 6e-06, 0.0, 0.0, -1.5e-05, -9e-06], [NaN, 3.0, -1e-06, 0.0, 0.0, -2e-06, -3e-06], [NaN, 4.0, 0.0, 0.0, 0.0, 0.0, 0.0], [NaN, 5.0, 0.000814, 0.009267, 0.0, 0.000125, 0.010206], [NaN, 6.0, 0.001143, 0.013013, 0.0, 0.000211, 0.014367], [NaN, 7.0, 5.1e-05, 0.0, 0.0, 7e-06, 5.8e-05], [NaN, 8.0, -2e-06, 0.0, 0.0, 0.0, -2e-06], [NaN, 9.0, 0.0, 0.0, 0.0, 0.0, 0.0], [NaN, 10.0, 0.000318, 0.003678, 0.0, 5.8e-05, 0.004054], [NaN, 11.0, 0.002192, 0.024952, 0.0, 0.000369, 0.027513], [NaN, 12.0, 0.000216, 0.000869, 0.0, 3.1e-05, 0.001116], [2018.0, NaN, 0.010436, 0.107685, 0.0, 0.001805, 0.119926], [NaN, 1.0, 0.002313, 0.024411, 0.0, 0.000404, 0.027128], [NaN, 2.0, 0.002262, 0.020149, 0.0, 0.000362, 0.022773], [NaN, 3.0, 0.00057, 0.005972, 0.0, 9.7e-05, 0.006639], [NaN, 4.0, 0.000811, 0.008473, 0.0, 0.000145, 0.009429], [NaN, 5.0, 0.0, 0.0, 0.0, 0.0, 0.0], [NaN, 6.0, 0.001371, 0.014859, 0.0, 0.000253, 0.016483], [NaN, 7.0, 0.000762, 0.007387, 0.0, 0.000138, 0.008287], [NaN, 8.0, 0.00011, 0.000865, 0.0, 2.3e-05, 0.000998], [NaN, 9.0, -1e-06, 0.0, 0.0, -5e-06, -6e-06], [NaN, 10.0, 0.0, 0.0, 0.0, 0.0, 0.0], [NaN, 11.0, 0.000187, 0.002326, 0.0, 4.5e-05, 0.002558], [NaN, 12.0, 0.002051, 0.023243, 0.0, 0.000343, 0.025637], [2017.0, NaN, -0.000658, 0.0, 0.0, 0.00209, 0.001432], [1.0, 0.0, 0.0, 0.0, 0.0, 0.0, NaN], [2.0, 0.0, 0.0, 0.0, 0.0, 0.0, NaN], [3.0, 0.0, 0.0, 0.0, 0.0, 0.0, NaN], [4.0, 0.0, 0.0, 0.0, 0.0, 0.0, NaN], [5.0, 0.0, 0.0, 0.0, 0.0, 0.0, NaN], [6.0, 0.0, 0.0, 0.0, 0.0, 0.0, NaN], [7.0, 0.0, 0.0, 0.0, 0.0, 0.0, NaN], [8.0, 0.0, 0.0, 0.0, 0.0, 0.0, NaN], [9.0, 0.0, 0.0, 0.0, 0.0, 0.0, NaN], [10.0, -0.000658, 0.0, 0.0, 0.00209, 0.001432, NaN], [11.0, 0.0, 0.0, 0.0, 0.0, 0.0, NaN], [12.0, 0.0, 0.0, 0.0, 0.0, 0.0, NaN]]}, "15": {"index": [0, 1, 2, 3, 4, 5, 6, 7, 8, 9, 10, 11, 12, 13, 14, 15, 16, 17, 18, 19, 20, 21, 22, 23, 24, 25, 26, 27, 28, 29, 30, 31, 32, 33, 34, 35, 36, 37, 38, 39, 40, 41], "columns": {"0": "2016", "1": "Unnamed: 0", "2": "0.012712", "3": "0.129066", "4": "0.000000", "5": "0.001967", "6": "0.143745"}, "data": [[NaN, 1.0, 2.8e-05, 0.0, 0.0, 2e-06, 3e-05], [NaN, 2.0, 1e-06, 0.0, 0.0, 2e-06, 3e-06], [NaN, 3.0, 0.001751, 0.01691, 0.0, 0.00026, 0.018921], [NaN, 4.0, 0.002606, 0.024129, 0.0, 0.000385, 0.02712], [NaN, 5.0, 0.003042, 0.030625, 0.0, 0.000476, 0.034143], [NaN, 6.0, 0.001506, 0.017794, 0.0, 0.000234, 0.019534], [NaN, 7.0, 0.001616, 0.015787, 0.0, 0.000256, 0.017659], [NaN, 8.0, 0.001289, 0.010566, 0.0, 0.000186, 0.012041], [NaN, 9.0, 0.001127, 0.007891, 0.0, 8.4e-05, 0.009102], [NaN, 10.0, 5.4e-05, 0.0, 0.0, 8e-06, 6.2e-05], [NaN, 11.0, -0.000321, 0.005364, 0.0, 7.5e-05, 0.005118], [NaN, 12.0, 1.3e-05, 0.0, 0.0, -1e-06, 1.2e-05], [2015.0, NaN, 0.021633, 0.194611, 0.0, 0.002773, 0.219017], [NaN, 1.0, 0.002155, 0.020767, 0.0, 0.000308, 0.02323], [NaN, 2.0, 0.002755, 0.022872, 0.0, 0.000351, 0.025978], [NaN, 3.0, 0.002232, 0.021618, 0.0, 0.000274, 0.024124], [NaN, 4.0, 0.001924, 0.017208, 0.0, 0.000239, 0.019371], [NaN, 5.0, 0.002389, 0.019615, 0.0, 0.000295, 0.022299], [NaN, 6.0, 0.002875, 0.022831, 0.0, 0.000348, 0.026054], [NaN, 7.0, 0.001784, 0.017187, 0.0, 0.000252, 0.019223], [NaN, 8.0, 0.001633, 0.015397, 0.0, 0.000213, 0.017243], [NaN, 9.0, 0.001912, 0.018449, 0.0, 0.000246, 0.020607], [NaN, 10.0, 0.001328, 0.013036, 0.0, 0.000158, 0.014522], [NaN, 11.0, 2.8e-05, 1e-05, 0.0, 5e-06, 4.3e-05], [NaN, 12.0, 0.000618, 0.005621, 0.0, 8.4e-05, 0.006323], [2014.0, NaN, 0.032443, 0.318529, 0.0, 0.004718, 0.35569], [NaN, 1.0, 0.002748, 0.035338, 0.0, 0.000369, 0.038455], [NaN, 2.0, 0.002189, 0.027414, 0.0, 0.000499, 0.030102], [NaN, 3.0, 0.002052, 0.025368, 0.0, 0.000379, 0.027799], [NaN, 4.0, 0.003168, 0.028892, 0.0, 0.000454, 0.032514], [NaN, 5.0, 0.000308, 0.004223, 0.0, 0.000116, 0.004647], [NaN, 6.0, 0.001461, 0.031807, 0.0, 0.000197, 0.033465], [NaN, 7.0, 0.00573, 0.028928, 0.0, 0.000721, 0.035379], [NaN, 8.0, 0.002044, 0.018696, 0.0, 0.000329, 0.021069], [NaN, 9.0, 0.00329, 0.024618, 0.0, 0.000309, 0.028217], [NaN, 10.0, 0.004476, 0.043308, 0.0, 0.00059, 0.048374], [NaN, 11.0, 0.00293, 0.029158, 0.0, 0.000434, 0.032522], [NaN, 12.0, 0.002047, 0.020779, 0.0, 0.000321, 0.023147], [2013.0, NaN, 0.042687, 0.397545, 0.0, 0.006495, 0.446727], [1.0, 0.005294, 0.044895, 0.0, 0.000774, 0.050963, NaN], [2.0, 0.002692, 0.025705, 0.0, 0.000389, 0.028786, NaN], [3.0, 0.003361, 0.036641, 0.0, 0.000665, NaN, NaN]]}, "16": {"index": [0, 1, 2, 3, 4, 5, 6, 7, 8, 9, 10, 11, 12, 13, 14, 15, 16, 17, 18, 19, 20, 21, 22, 23, 24, 25, 26, 27, 28, 29, 30, 31, 32, 33, 34, 35, 36, 37, 38, 39, 40, 41], "columns": {"0": "2013", "1": "4", "2": "0.004123", "3": "0.035969", "4": "0.000000", "5": "0.000592", "6": "0.040684"}, "data": [[NaN, 5.0, 0.003469, 0.036917, 0.0, 0.000512, 0.040898], [NaN, 6.0, 0.00305, 0.025248, 0.0, 0.000415, 0.028713], [NaN, 7.0, 0.001941, 0.015366, 0.0, 0.000316, 0.017623], [NaN, 8.0, 0.003413, 0.030269, 0.0, 0.00047, 0.034152], [NaN, 9.0, 0.003832, 0.031509, 0.0, 0.000495, 0.035836], [NaN, 10.0, 0.004516, 0.038702, 0.0, 0.000617, 0.043835], [NaN, 11.0, 0.00325, 0.03363, 0.0, 0.000446, 0.037326], [NaN, 12.0, 0.003746, 0.042694, 0.0, 0.000804, 0.047244], [2012.0, NaN, 0.041553, 0.343467, 0.0, 0.006327, 0.391347], [NaN, 1.0, 0.004507, 0.047833, 0.0, 0.000735, 0.053075], [NaN, 2.0, 0.004955, 0.034729, 0.0, 0.000581, 0.040265], [NaN, 3.0, 0.001402, 0.007205, 0.0, 0.000161, 0.008768], [NaN, 4.0, 0.002736, 0.018117, 0.0, 0.000286, 0.021139], [NaN, 5.0, 0.00329, 0.024956, 0.0, 0.000544, 0.02879], [NaN, 6.0, 0.001606, 0.014436, 0.0, 0.000225, 0.016267], [NaN, 7.0, 0.001497, 0.013527, 0.0, 0.000214, 0.015238], [NaN, 8.0, 0.002178, 0.019542, 0.0, 0.000362, 0.022082], [NaN, 9.0, 0.002268, 0.015121, 0.0, 0.000357, 0.017746], [NaN, 10.0, 0.005863, 0.051936, 0.0, 0.001027, 0.058826], [NaN, 11.0, 0.006297, 0.054032, 0.0, 0.000952, 0.061281], [NaN, 12.0, 0.004954, 0.042033, 0.0, 0.000883, 0.04787], [2011.0, NaN, 0.045818, 0.435075, 0.0, 0.008741, 0.489634], [NaN, 1.0, 0.004756, 0.043757, 0.0, 0.001024, 0.049537], [NaN, 2.0, 0.005185, 0.047599, 0.0, 0.00092, 0.053704], [NaN, 3.0, 0.00546, 0.053045, 0.0, 0.001185, 0.05969], [NaN, 4.0, 0.00498, 0.049674, 0.0, 0.001096, 0.05575], [NaN, 5.0, 0.003454, 0.031391, 0.0, 0.000947, 0.035792], [NaN, 6.0, 0.006186, 0.047949, 0.0, 0.000682, 0.054817], [NaN, 7.0, 0.003145, 0.043357, 0.0, 0.000599, 0.047101], [NaN, 8.0, 0.004109, 0.036789, 0.0, 0.000767, 0.041665], [NaN, 9.0, 0.001048, 0.009797, 0.0, 0.00024, 0.011085], [NaN, 10.0, 0.0, 1e-06, 0.0, 9e-06, 1e-05], [NaN, 11.0, 0.004077, 0.028812, 0.0, 0.000711, 0.0336], [NaN, 12.0, 0.003418, 0.042904, 0.0, 0.000561, 0.046883], [2010.0, NaN, 0.07061, 0.593737, 0.0, 0.011505, 0.675852], [1.0, 0.008058, 0.067772, 0.0, 0.002049, 0.077879, NaN], [2.0, 0.007237, 0.066424, 0.0, 0.001524, 0.075185, NaN], [3.0, 0.006627, 0.059427, 0.0, 0.001409, 0.067463, NaN], [4.0, 0.006646, 0.058474, 0.0, 0.001395, 0.066515, NaN], [5.0, 0.007964, 0.068277, 0.0, 0.001594, 0.077835, NaN], [6.0, 0.006106, 0.056697, 0.0, 0.000832, 0.063635, NaN], [7.0, 0.00543, 0.021354, 0.0, 0.000384, 0.027168, NaN]]}, "17": {"index": [0, 1, 2, 3, 4, 5, 6, 7, 8, 9, 10, 11, 12, 13, 14, 15, 16, 17, 18, 19, 20, 21, 22, 23, 24, 25, 26, 27, 28, 29, 30, 31, 32, 33, 34, 35, 36, 37, 38, 39, 40, 41], "columns": {"0": "2010", "1": "8", "2": "0.007292", "3": "0.060995", "4": "0.000000", "5": "0.000553", "6": "0.068840"}, "data": [[NaN, 9.0, 0.006277, 0.053556, 0.0, 0.001041, 0.060874], [NaN, 10.0, 1e-06, 0.0, 0.0, -0.000112, -0.000111], [NaN, 11.0, 0.002509, 0.021687, 0.0, -0.000973, 0.023223], [NaN, 12.0, 0.006463, 0.059074, 0.0, 0.001809, 0.067346], [2009.0, NaN, 0.112483, 1.05624, 0.0, 0.017782, 1.186505], [NaN, 1.0, 0.010658, 0.127848, 0.0, 0.001781, 0.140287], [NaN, 2.0, 0.006708, 0.082096, 0.0, 0.001546, 0.09035], [NaN, 3.0, 0.009007, 0.096051, 0.0, 0.001389, 0.106447], [NaN, 4.0, 0.009056, 0.102019, 0.0, 0.001504, 0.112579], [NaN, 5.0, 0.005239, 0.078803, 0.0, 0.001119, 0.085161], [NaN, 6.0, 0.001368, 0.023819, 0.0, 0.000825, 0.026012], [NaN, 7.0, 0.004127, 0.033089, 0.0, 0.000343, 0.037559], [NaN, 8.0, 0.01715, 0.110581, 0.0, 0.002098, 0.129829], [NaN, 9.0, 0.016264, 0.121559, 0.0, 0.002134, 0.139957], [NaN, 10.0, 0.01208, 0.107697, 0.0, 0.002224, 0.122001], [NaN, 11.0, 0.010667, 0.089364, 0.0, 0.001793, 0.101824], [NaN, 12.0, 0.010159, 0.083314, 0.0, 0.001026, 0.094499], [2008.0, NaN, 0.099093, 1.272759, 0.0, 0.020585, 1.392437], [NaN, 1.0, 0.013129, 0.15854, 0.0, 0.002476, 0.174145], [NaN, 2.0, 0.011784, 0.140938, 0.0, 0.001866, 0.154588], [NaN, 3.0, 0.012838, 0.143169, 0.0, 0.001617, 0.157624], [NaN, 4.0, 0.003053, 0.034805, 0.0, 0.000748, 0.038606], [NaN, 5.0, 0.007708, 0.092872, 0.0, 0.001149, 0.101729], [NaN, 6.0, 0.002781, 0.045504, 0.0, 0.000518, 0.048803], [NaN, 7.0, 0.006376, 0.103637, 0.0, 0.000642, 0.110655], [NaN, 8.0, 0.008154, 0.090814, 0.0, 0.002276, 0.101244], [NaN, 9.0, 0.00744, 0.09062, 0.0, 0.000795, 0.098855], [NaN, 10.0, 0.006349, 0.110059, 0.0, 0.001452, 0.11786], [NaN, 11.0, 0.010756, 0.133954, 0.0, 0.003673, 0.148383], [NaN, 12.0, 0.008725, 0.127847, 0.0, 0.003373, 0.139945], [2007.0, NaN, 0.164968, 1.800959, 0.0, 0.019539, 1.985466], [1.0, 0.019031, 0.203123, 0.0, 0.001856, 0.22401, NaN], [2.0, 0.01532, 0.168317, 0.0, 0.001676, 0.185313, NaN], [3.0, 0.010442, 0.106591, 0.0, 0.000775, 0.117808, NaN], [4.0, 0.018587, 0.192033, 0.0, 0.001459, 0.212079, NaN], [5.0, 0.013475, 0.14898, 0.0, 0.002353, 0.164808, NaN], [6.0, 0.00859, 0.094051, 0.0, 0.000796, 0.103437, NaN], [7.0, 0.014619, 0.171487, 0.0, 0.001734, 0.18784, NaN], [8.0, 0.012156, 0.129063, 0.0, 0.001704, 0.142923, NaN], [9.0, 0.014364, 0.155539, 0.0, 0.002024, 0.171927, NaN], [10.0, 0.011651, 0.124471, 0.0, 0.001425, 0.137547, NaN], [11.0, 0.012894, 0.150774, 0.0, 0.001834, 0.165502, NaN]]}, "18": {"index": [0, 1, 2, 3, 4, 5, 6, 7, 8, 9, 10, 11, 12, 13, 14, 15, 16, 17, 18, 19, 20, 21, 22, 23, 24, 25, 26, 27, 28, 29, 30, 31, 32, 33, 34, 35, 36, 37, 38, 39, 40, 41], "columns": {"0": "2007", "1": "12", "2": "0.013839", "3": "0.156530", "4": "0.000000", "5": "0.001903", "6": "Unnamed: 0"}, "data": [[2006.0, NaN, 0.286645, 2.556796, 0.0, 0.027083, 2.870524], [NaN, 1.0, 0.035196, 0.250845, 0.0, 0.002891, 0.288932], [NaN, 2.0, 0.024433, 0.194388, 0.0, 0.0023, 0.221121], [NaN, 3.0, 0.034995, 0.265033, 0.0, 0.002195, 0.302223], [NaN, 4.0, 0.024468, 0.184754, 0.0, 0.00115, 0.210372], [NaN, 5.0, 0.02355, 0.244947, 0.0, 0.002673, 0.27117], [NaN, 6.0, 0.022297, 0.218058, 0.0, 0.001793, 0.242148], [NaN, 7.0, 0.02171, 0.22165, 0.0, 0.002388, 0.245748], [NaN, 8.0, 0.017366, 0.163294, 0.0, 0.001684, 0.182344], [NaN, 9.0, 0.020249, 0.198898, 0.0, 0.002286, 0.221433], [NaN, 10.0, 0.022744, 0.213572, 0.0, 0.002725, 0.239041], [NaN, 11.0, 0.020465, 0.198511, 0.0, 0.002699, 0.221675], [NaN, 12.0, 0.019172, 0.202846, 0.0, 0.002299, 0.224317], [2005.0, NaN, 0.505852, 3.118345, 0.0, 0.03364, 3.657837], [NaN, 1.0, 0.059362, 0.313792, 0.0, 0.003718, 0.376872], [NaN, 2.0, 0.055057, 0.300501, 0.0, 0.003717, 0.359275], [NaN, 3.0, 0.054941, 0.313122, 0.0, 0.0038, 0.371863], [NaN, 4.0, 0.051893, 0.300505, 0.0, 0.003541, 0.355939], [NaN, 5.0, 0.039834, 0.238948, 0.0, 0.002712, 0.281494], [NaN, 6.0, 0.018432, 0.107636, 0.0, 0.00094, 0.127008], [NaN, 7.0, 0.037984, 0.262168, 0.0, 0.002114, 0.302266], [NaN, 8.0, 0.040545, 0.250587, 0.0, 0.002896, 0.294028], [NaN, 9.0, 0.039925, 0.270961, 0.0, 0.003017, 0.313903], [NaN, 10.0, 0.038732, 0.273589, 0.0, 0.002853, 0.315174], [NaN, 11.0, 0.036169, 0.253076, 0.0, 0.002343, 0.291588], [NaN, 12.0, 0.032978, 0.23346, 0.0, 0.001989, 0.268427], [2004.0, NaN, 0.957785, 3.972434, 0.0, 0.046063, 4.976282], [NaN, 1.0, 0.100441, 0.37653, 0.0, 0.005432, 0.482403], [NaN, 2.0, 0.090881, 0.286896, 0.0, 0.00351, 0.381287], [NaN, 3.0, 0.098734, 0.358459, 0.0, 0.004455, 0.461648], [NaN, 4.0, 0.088249, 0.36845, 0.0, 0.00255, 0.459249], [NaN, 5.0, 0.068338, 0.251658, 0.0, 0.002396, 0.322392], [NaN, 6.0, 0.088998, 0.376108, 0.0, 0.003724, 0.46883], [NaN, 7.0, 0.084133, 0.352939, 0.0, 0.002798, 0.43987], [NaN, 8.0, 0.081253, 0.376676, 0.0, 0.005751, 0.46368], [NaN, 9.0, 0.076676, 0.352013, 0.0, 0.004632, 0.433321], [NaN, 10.0, 0.051235, 0.235744, 0.0, 0.002689, 0.289668], [NaN, 11.0, 0.061484, 0.293812, 0.0, 0.003847, 0.359143], [NaN, 12.0, 0.067363, 0.343149, 0.0, 0.004279, 0.414791], [2003.0, NaN, 1.139283, 3.331998, 0.0, 0.041953, 4.513234], [1.0, 0.076457, 0.208173, 0.0, 0.00276, 0.28739, NaN], [2.0, 0.057426, 0.208451, 0.0, 0.003223, 0.2691, NaN]]}, "19": {"index": [0, 1, 2, 3, 4, 5, 6, 7, 8, 9, 10, 11], "columns": {"0": "2003", "1": "3", "2": "0.083967", "3": "0.250565", "4": "0.000000", "5": "0.001905", "6": "0.336437"}, "data": [[4.0, 0.107131, 0.333649, 0.0, 0.004185, 0.444965, NaN], [5.0, 0.106295, 0.371125, 0.0, 0.005264, 0.482684, NaN], [6.0, 0.069535, 0.254038, 0.0, 0.001625, 0.325198, NaN], [NaN, 7.0, 0.082811, 0.234122, 0.0, 0.001357, 0.31829], [NaN, 8.0, 0.064468, 0.221626, 0.0, 0.002039, 0.288133], [NaN, 9.0, 0.174238, 0.213071, 0.0, 0.005695, 0.393004], [NaN, 10.0, 0.09132, 0.307901, 0.0, 0.004902, 0.404123], [NaN, 11.0, 0.089622, 0.339355, 0.0, 0.004315, 0.433292], [NaN, 12.0, 0.136013, 0.389922, 0.0, 0.004683, 0.530618], [2002.0, NaN, 0.0183, 0.044018, 0.0, 0.000662, 0.06298], [11.0, 0.002073, 0.004368, 0.0, 0.000148, 0.006589, NaN], [12.0, 0.016227, 0.03965, 0.0, 0.000514, 0.056391, NaN]]}, "20": {"index": [0, 1, 2, 3, 4, 5, 6, 7, 8, 9, 10, 11, 12, 13, 14, 15, 16, 17, 18, 19, 20, 21, 22, 23, 24, 25], "columns": {"0": "Unnamed: 0", "1": "Month", "2": "Gross - oil[mill Sm3]", "3": "Gross - gas[bill Sm3]", "4": "Gross -condensate[mill Sm3]", "5": "Gross - oilequivalents[mill Sm3]"}, "data": [["Sum", NaN, 0.0, 19.3223, 3.722236, 23.044536], ["2023", NaN, 0.0, 0.0, 0.0, 0.0], [NaN, 1.0, 0.0, 0.0, 0.0, 0.0], [NaN, 2.0, 0.0, 0.0, 0.0, 0.0], [NaN, 3.0, 0.0, 0.0, 0.0, 0.0], [NaN, 4.0, 0.0, 0.0, 0.0, 0.0], [NaN, 5.0, 0.0, 0.0, 0.0, 0.0], [NaN, 6.0, 0.0, 0.0, 0.0, 0.0], ["2022", NaN, 0.0, 0.088591, 0.010214, 0.098805], [NaN, 1.0, 0.0, 0.022274, 0.002568, 0.024842], [NaN, 2.0, 0.0, 0.018148, 0.002093, 0.020241], [NaN, 3.0, 0.0, 0.023079, 0.002661, 0.02574], [NaN, 4.0, 0.0, 0.024228, 0.002793, 0.027021], [NaN, 5.0, 0.0, 0.000862, 9.9e-05, 0.000961], [NaN, 6.0, 0.0, 0.0, 0.0, 0.0], [NaN, 7.0, 0.0, 0.0, 0.0, 0.0], [NaN, 8.0, 0.0, 0.0, 0.0, 0.0], [NaN, 9.0, 0.0, 0.0, 0.0, 0.0], [NaN, 10.0, 0.0, 0.0, 0.0, 0.0], [NaN, 11.0, 0.0, 0.0, 0.0, 0.0], [NaN, 12.0, 0.0, 0.0, 0.0, 0.0], ["2021", NaN, 0.0, 0.144492, 0.01666, 0.161152], ["1", 0.0, 0.0, 0.0, 0.0, NaN], ["2", 0.0, 0.0, 0.0, 0.0, NaN], ["3", 0.0, 0.010892, 0.001256, 0.012148, NaN], ["4", 0.0, 0.015768, 0.001818, 0.017586, NaN]]}, "21": {"index": [0, 1, 2, 3, 4, 5, 6, 7, 8, 9, 10, 11, 12, 13, 14, 15, 16, 17, 18, 19, 20, 21, 22, 23, 24, 25, 26, 27, 28, 29, 30, 31, 32, 33, 34, 35, 36, 37, 38, 39, 40, 41], "columns": {"0": "2021", "1": "5", "2": "0.000000", "3": "0.006010", "4": "0.000693", "5": "0.006703"}, "data": [[NaN, 6.0, 0.0, 0.0, 0.0, 0.0], [NaN, 7.0, 0.0, 0.0, 0.0, 0.0], [NaN, 8.0, 0.0, 0.002035, 0.000235, 0.00227], [NaN, 9.0, 0.0, 0.03117, 0.003594, 0.034764], [NaN, 10.0, 0.0, 0.02582, 0.002977, 0.028797], [NaN, 11.0, 0.0, 0.028959, 0.003339, 0.032298], [NaN, 12.0, 0.0, 0.023838, 0.002748, 0.026586], [2020.0, NaN, 0.0, 6.4e-05, 7e-06, 7.1e-05], [NaN, 1.0, 0.0, 0.0, 0.0, 0.0], [NaN, 2.0, 0.0, 6.4e-05, 7e-06, 7.1e-05], [NaN, 3.0, 0.0, 0.0, 0.0, 0.0], [NaN, 4.0, 0.0, 0.0, 0.0, 0.0], [NaN, 5.0, 0.0, 0.0, 0.0, 0.0], [NaN, 6.0, 0.0, 0.0, 0.0, 0.0], [NaN, 7.0, 0.0, 0.0, 0.0, 0.0], [NaN, 8.0, 0.0, 0.0, 0.0, 0.0], [NaN, 9.0, 0.0, 0.0, 0.0, 0.0], [NaN, 10.0, 0.0, 0.0, 0.0, 0.0], [NaN, 11.0, 0.0, 0.0, 0.0, 0.0], [NaN, 12.0, 0.0, 0.0, 0.0, 0.0], [2019.0, NaN, 0.0, 0.050672, 0.005843, 0.056515], [NaN, 1.0, 0.0, 0.0, 0.0, 0.0], [NaN, 2.0, 0.0, 0.0, 0.0, 0.0], [NaN, 3.0, 0.0, 0.0, 0.0, 0.0], [NaN, 4.0, 0.0, 0.0, 0.0, 0.0], [NaN, 5.0, 0.0, 0.009051, 0.001044, 0.010095], [NaN, 6.0, 0.0, 0.012744, 0.001469, 0.014213], [NaN, 7.0, 0.0, 0.0, 0.0, 0.0], [NaN, 8.0, 0.0, 0.0, 0.0, 0.0], [NaN, 9.0, 0.0, 0.0, 0.0, 0.0], [NaN, 10.0, 0.0, 0.003613, 0.000417, 0.00403], [NaN, 11.0, 0.0, 0.024414, 0.002815, 0.027229], [NaN, 12.0, 0.0, 0.00085, 9.8e-05, 0.000948], [2018.0, NaN, 0.0, 0.105969, 0.012368, 0.118337], [1.0, 0.0, 0.024145, 0.002784, 0.026929, NaN], [2.0, 0.0, 0.019893, 0.002442, 0.022335, NaN], [3.0, 0.0, 0.005912, 0.000682, 0.006594, NaN], [4.0, 0.0, 0.008386, 0.000967, 0.009353, NaN], [5.0, 0.0, 0.0, 0.0, 0.0, NaN], [6.0, 0.0, 0.014554, 0.001678, 0.016232, NaN], [7.0, 0.0, 0.007256, 0.000837, 0.008093, NaN], [8.0, 0.0, 0.000847, 9.8e-05, 0.000945, NaN]]}, "22": {"index": [0, 1, 2, 3, 4, 5, 6, 7, 8, 9, 10, 11, 12, 13, 14, 15, 16, 17, 18, 19, 20, 21, 22, 23, 24, 25, 26, 27, 28, 29, 30, 31, 32, 33, 34, 35, 36, 37, 38, 39, 40, 41], "columns": {"0": "2018", "1": "9", "2": "0.000000", "3": "0.000000.1", "4": "0.000000.2", "5": "0.000000.3"}, "data": [[NaN, 10.0, 0.0, 0.0, 0.0, 0.0], [NaN, 11.0, 0.0, 0.002271, 0.000262, 0.002533], [NaN, 12.0, 0.0, 0.022705, 0.002618, 0.025323], [2017.0, NaN, 0.0, 0.0, 0.0, 0.0], [NaN, 1.0, 0.0, 0.0, 0.0, 0.0], [NaN, 2.0, 0.0, 0.0, 0.0, 0.0], [NaN, 3.0, 0.0, 0.0, 0.0, 0.0], [NaN, 4.0, 0.0, 0.0, 0.0, 0.0], [NaN, 5.0, 0.0, 0.0, 0.0, 0.0], [NaN, 6.0, 0.0, 0.0, 0.0, 0.0], [NaN, 7.0, 0.0, 0.0, 0.0, 0.0], [NaN, 8.0, 0.0, 0.0, 0.0, 0.0], [NaN, 9.0, 0.0, 0.0, 0.0, 0.0], [NaN, 10.0, 0.0, 0.0, 0.0, 0.0], [NaN, 11.0, 0.0, 0.0, 0.0, 0.0], [NaN, 12.0, 0.0, 0.0, 0.0, 0.0], [2016.0, NaN, 0.0, 0.115071, 0.013916, 0.128987], [NaN, 1.0, 0.0, 0.0, 0.0, 0.0], [NaN, 2.0, 0.0, 0.0, 0.0, 0.0], [NaN, 3.0, 0.0, 0.016584, 0.001929, 0.018513], [NaN, 4.0, 0.0, 0.023731, 0.002759, 0.02649], [NaN, 5.0, 0.0, 0.019321, 0.002234, 0.021555], [NaN, 6.0, 0.0, 0.016523, 0.001904, 0.018427], [NaN, 7.0, 0.0, 0.015519, 0.001794, 0.017313], [NaN, 8.0, 0.0, 0.01038, 0.001488, 0.011868], [NaN, 9.0, 0.0, 0.007741, 0.001192, 0.008933], [NaN, 10.0, 0.0, 0.0, 0.0, 0.0], [NaN, 11.0, 0.0, 0.005272, 0.000616, 0.005888], [NaN, 12.0, 0.0, 0.0, 0.0, 0.0], [2015.0, NaN, 0.0, 0.190489, 0.02381, 0.214299], [NaN, 1.0, 0.0, 0.020422, 0.002504, 0.022926], [NaN, 2.0, 0.0, 0.022388, 0.003142, 0.02553], [NaN, 3.0, 0.0, 0.021914, 0.00254, 0.024454], [NaN, 4.0, 0.0, 0.016861, 0.001964, 0.018825], [NaN, 5.0, 0.0, 0.019222, 0.002733, 0.021955], [NaN, 6.0, 0.0, 0.022435, 0.003123, 0.025558], [NaN, 7.0, 0.0, 0.016907, 0.001959, 0.018866], [NaN, 8.0, 0.0, 0.015149, 0.001762, 0.016911], [NaN, 9.0, 0.0, 0.016862, 0.001957, 0.018819], [NaN, 10.0, 0.0, 0.012808, 0.001487, 0.014295], [NaN, 11.0, 0.0, 1e-05, 1e-06, 1.1e-05], [NaN, 12.0, 0.0, 0.005511, 0.000638, 0.006149]]}, "23": {"index": [0, 1, 2, 3, 4, 5, 6, 7, 8, 9, 10, 11, 12, 13, 14, 15, 16, 17, 18, 19, 20, 21, 22, 23, 24, 25, 26, 27, 28, 29, 30, 31, 32, 33, 34, 35, 36, 37, 38, 39, 40, 41], "columns": {"0": "2014", "1": "Unnamed: 0", "2": "0.000000", "3": "0.322372", "4": "0.038393", "5": "0.360765"}, "data": [[NaN, 1.0, 0.0, 0.033416, 0.003837, 0.037253], [NaN, 2.0, 0.0, 0.026313, 0.002671, 0.028984], [NaN, 3.0, 0.0, 0.026096, 0.003088, 0.029184], [NaN, 4.0, 0.0, 0.026373, 0.003122, 0.029495], [NaN, 5.0, 0.0, 0.009917, 0.001073, 0.01099], [NaN, 6.0, 0.0, 0.035905, 0.004704, 0.040609], [NaN, 7.0, 0.0, 0.028524, 0.003355, 0.031879], [NaN, 8.0, 0.0, 0.018464, 0.002201, 0.020665], [NaN, 9.0, 0.0, 0.025791, 0.003549, 0.02934], [NaN, 10.0, 0.0, 0.042601, 0.005104, 0.047705], [NaN, 11.0, 0.0, 0.028573, 0.00332, 0.031893], [NaN, 12.0, 0.0, 0.020399, 0.002369, 0.022768], [2013.0, NaN, 0.0, 0.391542, 0.047815, 0.439357], [NaN, 1.0, 0.0, 0.042967, 0.005532, 0.048499], [NaN, 2.0, 0.0, 0.025944, 0.003033, 0.028977], [NaN, 3.0, 0.0, 0.034337, 0.004027, 0.038364], [NaN, 4.0, 0.0, 0.035986, 0.004811, 0.040797], [NaN, 5.0, 0.0, 0.043397, 0.004762, 0.048159], [NaN, 6.0, 0.0, 0.027156, 0.00338, 0.030536], [NaN, 7.0, 0.0, 0.012531, 0.001459, 0.01399], [NaN, 8.0, 0.0, 0.033247, 0.004433, 0.03768], [NaN, 9.0, 0.0, 0.033171, 0.004503, 0.037674], [NaN, 10.0, 0.0, 0.039611, 0.004381, 0.043992], [NaN, 11.0, 0.0, 0.028189, 0.003208, 0.031397], [NaN, 12.0, 0.0, 0.035006, 0.004286, 0.039292], [2012.0, NaN, 0.0, 0.341997, 0.046694, 0.388691], [NaN, 1.0, 0.0, 0.036905, 0.005105, 0.04201], [NaN, 2.0, 0.0, 0.027958, 0.004404, 0.032362], [NaN, 3.0, 0.0, 0.012097, 0.002057, 0.014154], [NaN, 4.0, 0.0, 0.020178, 0.003202, 0.02338], [NaN, 5.0, 0.0, 0.023917, 0.003104, 0.027021], [NaN, 6.0, 0.0, 0.01481, 0.00189, 0.0167], [NaN, 7.0, 0.0, 0.014324, 0.001694, 0.016018], [NaN, 8.0, 0.0, 0.024004, 0.003297, 0.027301], [NaN, 9.0, 0.0, 0.017571, 0.002235, 0.019806], [NaN, 10.0, 0.0, 0.052755, 0.007254, 0.060009], [NaN, 11.0, 0.0, 0.049654, 0.006179, 0.055833], [NaN, 12.0, 0.0, 0.047824, 0.006273, 0.054097], [2011.0, NaN, 0.0, 0.423869, 0.057782, 0.481651], [1.0, 0.0, 0.044187, 0.006492, 0.050679, NaN], [2.0, 0.0, 0.045577, 0.006486, 0.052063, NaN], [3.0, 0.0, 0.05207, 0.00724, 0.05931, NaN]]}, "24": {"index": [0, 1, 2, 3, 4, 5, 6, 7, 8, 9, 10, 11, 12, 13, 14, 15, 16, 17, 18, 19, 20, 21, 22, 23, 24, 25, 26, 27, 28, 29, 30, 31, 32, 33, 34, 35, 36, 37, 38, 39, 40, 41], "columns": {"0": "2011", "1": "4", "2": "0.000000", "3": "0.048191", "4": "0.006699", "5": "0.054890"}, "data": [[NaN, 5.0, 0.0, 0.020534, 0.002381, 0.022915], [NaN, 6.0, 0.0, 0.052358, 0.008637, 0.060995], [NaN, 7.0, 0.0, 0.048696, 0.005332, 0.054028], [NaN, 8.0, 0.0, 0.040097, 0.004036, 0.044133], [NaN, 9.0, 0.0, 0.009617, 0.000891, 0.010508], [NaN, 10.0, 0.0, 0.0, 0.0, 0.0], [NaN, 11.0, 0.0, 0.029122, 0.005337, 0.034459], [NaN, 12.0, 0.0, 0.03342, 0.004251, 0.037671], [2010.0, NaN, 0.0, 0.599365, 0.090902, 0.690267], [NaN, 1.0, 0.0, 0.051552, 0.007492, 0.059044], [NaN, 2.0, 0.0, 0.06121, 0.008934, 0.070144], [NaN, 3.0, 0.0, 0.060979, 0.008839, 0.069818], [NaN, 4.0, 0.0, 0.061316, 0.009257, 0.070573], [NaN, 5.0, 0.0, 0.067904, 0.010389, 0.078293], [NaN, 6.0, 0.0, 0.057287, 0.008534, 0.065821], [NaN, 7.0, 0.0, 0.045734, 0.006671, 0.052405], [NaN, 8.0, 0.0, 0.059435, 0.010236, 0.069671], [NaN, 9.0, 0.0, 0.051855, 0.008097, 0.059952], [NaN, 10.0, 0.0, 0.0, 0.0, 0.0], [NaN, 11.0, 0.0, 0.023416, 0.00354, 0.026956], [NaN, 12.0, 0.0, 0.058677, 0.008913, 0.06759], [2009.0, NaN, 0.0, 1.053444, 0.15903, 1.212474], [NaN, 1.0, 0.0, 0.105543, 0.013615, 0.119158], [NaN, 2.0, 0.0, 0.071329, 0.010097, 0.081426], [NaN, 3.0, 0.0, 0.102832, 0.01152, 0.114352], [NaN, 4.0, 0.0, 0.102011, 0.010605, 0.112616], [NaN, 5.0, 0.0, 0.070881, 0.007096, 0.077977], [NaN, 6.0, 0.0, 0.016909, 0.002084, 0.018993], [NaN, 7.0, 0.0, 0.034121, 0.006925, 0.041046], [NaN, 8.0, 0.0, 0.102182, 0.018761, 0.120943], [NaN, 9.0, 0.0, 0.111934, 0.01973, 0.131664], [NaN, 10.0, 0.0, 0.168661, 0.032362, 0.201023], [NaN, 11.0, 0.0, 0.086513, 0.014535, 0.101048], [NaN, 12.0, 0.0, 0.080528, 0.0117, 0.092228], [2008.0, NaN, 0.0, 1.211069, 0.155093, 1.366162], [1.0, 0.0, 0.153195, 0.0181, 0.171295, NaN], [2.0, 0.0, 0.136425, 0.015955, 0.15238, NaN], [3.0, 0.0, 0.138403, 0.016165, 0.154568, NaN], [4.0, 0.0, 0.033689, 0.003983, 0.037672, NaN], [5.0, 0.0, 0.090069, 0.010012, 0.100081, NaN], [6.0, 0.0, 0.044127, 0.004525, 0.048652, NaN], [7.0, 0.0, 0.104122, 0.014563, 0.118685, NaN]]}, "25": {"index": [0, 1, 2, 3, 4, 5, 6, 7, 8, 9, 10, 11, 12, 13, 14, 15, 16, 17, 18, 19, 20, 21, 22, 23, 24, 25, 26, 27, 28, 29, 30, 31, 32, 33, 34, 35, 36, 37, 38, 39, 40, 41], "columns": {"0": "2008", "1": "8", "2": "0.000000", "3": "0.092955", "4": "0.012228", "5": "0.105183"}, "data": [[NaN, 9.0, 0.0, 0.089255, 0.01206, 0.101315], [NaN, 10.0, 0.0, 0.096228, 0.01434, 0.110568], [NaN, 11.0, 0.0, 0.121228, 0.017697, 0.138925], [NaN, 12.0, 0.0, 0.111373, 0.015465, 0.126838], [2007.0, NaN, 0.0, 1.741625, 0.204981, 1.946606], [NaN, 1.0, 0.0, 0.195831, 0.023237, 0.219068], [NaN, 2.0, 0.0, 0.162359, 0.019054, 0.181413], [NaN, 3.0, 0.0, 0.102956, 0.012573, 0.115529], [NaN, 4.0, 0.0, 0.18545, 0.0218, 0.20725], [NaN, 5.0, 0.0, 0.143617, 0.01675, 0.160367], [NaN, 6.0, 0.0, 0.090883, 0.01053, 0.101413], [NaN, 7.0, 0.0, 0.165872, 0.018803, 0.184675], [NaN, 8.0, 0.0, 0.125034, 0.015006, 0.14004], [NaN, 9.0, 0.0, 0.150639, 0.018139, 0.168778], [NaN, 10.0, 0.0, 0.120752, 0.014588, 0.13534], [NaN, 11.0, 0.0, 0.146348, 0.016956, 0.163304], [NaN, 12.0, 0.0, 0.151884, 0.017545, 0.169429], [2006.0, NaN, 0.0, 2.468982, 0.320777, 2.789759], [NaN, 1.0, 0.0, 0.242647, 0.034833, 0.27748], [NaN, 2.0, 0.0, 0.187389, 0.025703, 0.213092], [NaN, 3.0, 0.0, 0.25455, 0.034906, 0.289456], [NaN, 4.0, 0.0, 0.178119, 0.022028, 0.200147], [NaN, 5.0, 0.0, 0.23535, 0.028832, 0.264182], [NaN, 6.0, 0.0, 0.211067, 0.026873, 0.23794], [NaN, 7.0, 0.0, 0.214544, 0.02611, 0.240654], [NaN, 8.0, 0.0, 0.15765, 0.020508, 0.178158], [NaN, 9.0, 0.0, 0.192784, 0.024986, 0.21777], [NaN, 10.0, 0.0, 0.206623, 0.027172, 0.233795], [NaN, 11.0, 0.0, 0.192461, 0.025266, 0.217727], [NaN, 12.0, 0.0, 0.195798, 0.02356, 0.219358], [2005.0, NaN, 0.0, 3.009276, 0.49538, 3.504656], [1.0, 0.0, 0.302387, 0.056456, 0.358843, NaN], [2.0, 0.0, 0.288017, 0.051536, 0.339553, NaN], [3.0, 0.0, 0.302708, 0.053412, 0.35612, NaN], [4.0, 0.0, 0.290129, 0.050029, 0.340158, NaN], [5.0, 0.0, 0.230041, 0.039142, 0.269183, NaN], [6.0, 0.0, 0.104067, 0.017471, 0.121538, NaN], [7.0, 0.0, 0.255491, 0.040557, 0.296048, NaN], [8.0, 0.0, 0.241617, 0.038063, 0.27968, NaN], [9.0, 0.0, 0.261359, 0.039931, 0.30129, NaN], [10.0, 0.0, 0.263464, 0.039078, 0.302542, NaN], [11.0, 0.0, 0.244682, 0.03645, 0.281132, NaN]]}, "26": {"index": [0, 1, 2, 3, 4, 5, 6, 7, 8, 9, 10, 11, 12, 13, 14, 15, 16, 17, 18, 19, 20, 21, 22, 23, 24, 25, 26, 27, 28], "columns": {"0": "2005", "1": "12", "2": "0.000000", "3": "0.225314", "4": "0.033255", "5": "0.258569"}, "data": [[2004.0, NaN, 0.0, 3.816395, 0.88761, 4.704005], [NaN, 1.0, 0.0, 0.365426, 0.102908, 0.468334], [NaN, 2.0, 0.0, 0.281237, 0.078378, 0.359615], [NaN, 3.0, 0.0, 0.347149, 0.091514, 0.438663], [NaN, 4.0, 0.0, 0.352898, 0.086105, 0.439003], [NaN, 5.0, 0.0, 0.240996, 0.058489, 0.299485], [NaN, 6.0, 0.0, 0.359122, 0.084582, 0.443704], [NaN, 7.0, 0.0, 0.336947, 0.073171, 0.410118], [NaN, 8.0, 0.0, 0.360619, 0.076362, 0.436981], [NaN, 9.0, 0.0, 0.337999, 0.069771, 0.40777], [NaN, 10.0, 0.0, 0.225581, 0.046404, 0.271985], [NaN, 11.0, 0.0, 0.282126, 0.057123, 0.339249], [NaN, 12.0, 0.0, 0.326295, 0.062803, 0.389098], [2003.0, NaN, 0.0, 3.204108, 1.118882, 4.32299], [NaN, 1.0, 0.0, 0.202929, 0.083487, 0.286416], [NaN, 2.0, 0.0, 0.204254, 0.076557, 0.280811], [NaN, 3.0, 0.0, 0.240465, 0.091969, 0.332434], [NaN, 4.0, 0.0, 0.32166, 0.121354, 0.443014], [NaN, 5.0, 0.0, 0.351815, 0.127657, 0.479472], [NaN, 6.0, 0.0, 0.244065, 0.090913, 0.334978], [NaN, 7.0, 0.0, 0.225564, 0.083004, 0.308568], [NaN, 8.0, 0.0, 0.202044, 0.071947, 0.273991], [NaN, 9.0, 0.0, 0.205757, 0.068445, 0.274202], [NaN, 10.0, 0.0, 0.297765, 0.094619, 0.392384], [NaN, 11.0, 0.0, 0.329878, 0.099408, 0.429286], [NaN, 12.0, 0.0, 0.377912, 0.109522, 0.487434], [2002.0, NaN, 0.0, 0.042908, 0.016079, 0.058987], [11.0, 0.0, 0.003962, 0.001564, 0.005526, NaN], [12.0, 0.0, 0.038946, 0.014515, 0.053461, NaN]]}, "27": {"index": [0, 1, 2, 3], "columns": {"0": "Wellbore name", "1": "Entered date", "2": "Completeddate", "3": "Purpose", "4": "Status", "5": "Content"}, "data": [["30/5-2", "04.10.1996", "21.12.1996", "APPRAISAL", "P&A", "OIL/GAS"], ["30/8-1 A", NaN, NaN, "WILDCAT", "WILL NEVERBE DRILLED", NaN], ["30/8-1 S", "01.11.1994", "01.03.1995", "WILDCAT", "SUSPENDED", "GAS/CONDENSATE"], ["30/8-5", "02.12.2017", "19.02.2018", "APPRAISAL", "JUNKED", "NOTAPPLICABLE"]]}, "28": {"index": [0, 1, 2, 3, 4, 5, 6, 7, 8, 9], "columns": {"0": "Wellbore name", "1": "Entered date", "2": "Completeddate", "3": "Purpose", "4": "Content"}, "data": [["30/8-A-11 H", "13.01.2002", "23.03.2002", "OBSERVATION", "NOTAPPLICABLE"], ["30/8-A-11 AH", "30.03.2002", "19.04.2002", "PRODUCTION", "GAS"], ["30/8-A-12 H", "31.08.2001", "17.11.2001", "PRODUCTION", "GAS"], ["30/8-A-13 H", "08.09.2001", "22.12.2001", "PRODUCTION", "GAS"], ["30/8-A-13 AH", NaN, NaN, "PRODUCTION", NaN], ["30/8-A-14 H", "09.01.2002", "17.05.2002", "PRODUCTION", "GAS"], ["30/8-A-21 H", "26.12.2008", "10.03.2009", "OBSERVATION", "NOTAPPLICABLE"], ["30/8-A-21 AH", "14.03.2009", "16.04.2009", "PRODUCTION", "GAS/CONDENSATE"], ["30/9-N-11 H", "02.11.2004", "14.01.2005", "OBSERVATION", "NOTAPPLICABLE"], ["30/9-N-11 AH", "17.01.2005", "14.02.2005", "OBSERVATION", "NOTAPPLICABLE"]]}, "29": {"index": [], "columns": {"0": "Wellbore name", "1": "Entered date", "2": "Completeddate", "3": "Purpose", "4": "Status"}, "data": []}, "kind": "osdu:wks:master-data--Field:1.0.0 ", "id": "npd:master-data--Factpages-Field:853376"}