{"0": {"index": [0, 1, 2], "columns": {"0": "Lithostrat. unit", "1": "AGAT FM"}, "data": [["NPDID lithostrat. unit", "2"], ["Level", "FORMATION"], ["Lithostrat. unit, parent", "CROMER KNOLL GP"]]}, "1": {"index": [0, 1, 2, 3, 4, 5, 6, 7, 8, 9, 10, 11, 12, 13, 14, 15, 16, 17, 18, 19], "columns": {"0": "Wellbore name", "1": "Wellbore", "2": "Top depth", "3": "Bottom"}, "data": [[NaN, "completion", "[m]", "depth [m]"], [NaN, "date", NaN, NaN], ["35/3-1", "26.10.1976", "3805", "4020"], ["35/3-2", "26.10.1980", "3528", "3722"], ["35/3-4", "06.06.1981", "3345", "3583"], ["35/3-5", "31.03.1982", "3219", "3510"], ["35/3-6", "02.04.2002", "2955", "2958"], ["35/3-7 S", "01.10.2009", "3596", "3998"], ["35/6-2 S", "04.04.2009", "3015", "3391"], ["35/9-3", "11.11.1997", "2658", "2703"], ["35/9-5", "07.02.2010", "2975", "3114"], ["36/1-1", "14.06.1975", "1218", "1358"], ["36/1-2", "27.10.1975", "2815", "2865"], ["36/1-3", "25.03.2019", "2564", "2766"], ["36/7-3", "06.01.2002", "2555", "2632"], ["36/7-4", "26.09.2016", "2428", "2554"], ["6204/10-1", "23.11.1995", "2564", "2670"], ["6204/11-2", "28.12.1997", "2700", "2730"], ["6205/3-1", "11.02.1990", "3179", "3780"], ["6205/3-1 R", "30.11.1990", "3179", "3780"]]}, "2": {"index": [0, 1, 2, 3, 4, 5], "columns": {"0": "Wellbore name", "1": "Wellborecompletiondate", "2": "Core length[m]"}, "data": [["35/3-2", "26.10.1980", 59], ["35/3-4", "06.06.1981", 97], ["35/3-5", "31.03.1982", 65], ["35/3-7 S", "01.10.2009", 51], ["35/9-3", "11.11.1997", 39], ["36/7-4", "26.09.2016", 117]]}, "kind": "osdu:wks:master-data--Litho:1.0.0 ", "id": "npd:master-data--Factpages-Litho:2"}