{"0": {"index": [0, 1, 2, 3, 4, 5, 6, 7, 8, 9, 10, 11, 12, 13, 14, 15, 16, 17, 18, 19, 20, 21, 22, 23, 24], "columns": {"0": "eneral information", "1": "Unnamed: 0"}, "data": [["Survey name", "VE21001"], ["Legal basis", "Petroleumsforskriften jf Ressursforskriften"], ["NPDID for survey", "10073"], ["Factmaps - new window", "link to map"], ["Status", "Avlyst"], ["Area", "Nordsj\u00f8en"], ["Market available", "Nei"], ["Category", "Seismisk unders\u00f8kelse"], ["Main type", "Ordin\u00e6r seismisk unders\u00f8kelse"], ["Sub type", "4D"], ["Company - responsible", "V\u00e5r Energi AS"], ["Source type", "seismicSource"], ["Number of sources", "2"], ["Source size", "3683"], ["Source pressure", "2000"], ["Sensor type", "cables"], ["Numbers of sensors", "10"], ["Sensor length [m]", "2600"], ["Sensor width [m]", NaN], ["Start date - planned", "26.05.2021"], ["Start date", NaN], ["Completed date - planned", "31.07.2021"], ["Completed date", NaN], ["Total length [boat km]", NaN], ["Net area - actual 3D/4D [km2]", NaN]]}, "1": {"index": [], "columns": {"0": "Unnamed: 0"}, "data": []}, "2": {"index": [0, 1, 2, 3, 4, 5, 6], "columns": {"0": "Date", "1": "Type of update", "2": "Information"}, "data": [["30.03.2021", "Status", "Avlyst"], ["30.03.2021", "Melding - Unders\u00f8kelsen avlyses", NaN], ["29.03.2021", "Havforskningsinstituttetsuttalelse til innmelding", "Havforskningsinstituttet har ingen merknader til denplanlagte unders\u00f8kelsen. Vurderingen er gjort medhensyn til aktive gytefelt og konsentrertegytevandringer for aktuelle fiskebestander(p\u00e5virkningsavstand 20 nmi)."], ["26.03.2021", "Melding - Innmelding", "Fiskerikyndig vil bli lagt til senere."], ["26.03.2021", "Status", "Under behandling"], [NaN, NaN, NaN], ["icences", NaN, NaN]]}, "3": {"index": [0, 1], "columns": {"0": "Type of licence", "1": "Licence name"}, "data": [["Utvinningstillatelse", 1], ["Unders\u00f8kelsestillatelse", 703]]}, "4": {"index": [], "columns": {"0": "Type data", "1": "Format", "2": "Medium", "3": "Comment"}, "data": []}, "5": {"index": [0, 1, 2, 3], "columns": {"0": "Vessel Name", "1": "Type of vessel", "2": "Phone", "3": "IMO-number", "4": "Call", "5": "Nation"}, "data": [[NaN, NaN, "number", NaN, "signal", NaN], ["Ramform", "Hovedfart\u00f8y", NaN, 9188714.0, "C6TU8", "Norge"], ["Vanguard", "(innsamlingsfa", NaN, NaN, NaN, NaN], [NaN, "rt\u00f8y)", NaN, NaN, NaN, NaN]]}, "6": {"index": [], "columns": {"0": "From date", "1": "To date", "2": "Name", "3": "Phone number"}, "data": []}, "7": {"index": [0, 1, 2, 3, 4, 5, 6, 7, 8, 9, 10, 11, 12], "columns": {"0": "Point", "1": "NS", "2": "NS minutes", "3": "Unnamed: 0", "4": "EW", "5": "EW minutes", "6": "Unnamed: 1"}, "data": [["number", "degrees", "(decimal)", NaN, "degrees", "(decimal)", NaN], ["1", "58", "55.11", "N", "2", "24.50", "E"], ["2", "59", "1.92", "N", "2", "1.02", "E"], ["3", "59", "1.92", "N", "2", "1.02", "E"], ["4", "59", "1.92", "N", "2", "1.02", "E"], ["5", "59", "1.92", "N", "2", "1.02", "E"], ["6", "59", "1.92", "N", "2", "1.02", "E"], ["7", "59", "1.92", "N", "2", "1.02", "E"], ["8", "59", "13.92", "N", "2", "4.85", "E"], ["9", "59", "13.92", "N", "2", "4.85", "E"], ["10", "59", "13.92", "N", "2", "4.85", "E"], ["11", "59", "34.26", "N", "2", "26.48", "E"], ["12", "59", "34.26", "N", "2", "26.48", "E"]]}, "8": {"index": [0, 1, 2, 3, 4, 5, 6, 7, 8, 9, 10], "columns": {"0": "13", "1": "59", "2": "34.26", "3": "N", "4": "2", "5": "26.48", "6": "E"}, "data": [[14, 59, 34.26, "N", 2, 26.48, "E"], [15, 59, 25.29, "N", 2, 58.37, "E"], [16, 59, 25.29, "N", 2, 58.37, "E"], [17, 59, 25.29, "N", 2, 58.37, "E"], [18, 59, 25.29, "N", 2, 58.37, "E"], [19, 59, 25.29, "N", 2, 58.37, "E"], [20, 59, 25.29, "N", 2, 58.37, "E"], [21, 59, 25.29, "N", 2, 58.37, "E"], [22, 58, 55.11, "N", 2, 24.5, "E"], [23, 58, 55.11, "N", 2, 24.5, "E"], [24, 58, 55.11, "N", 2, 24.5, "E"]]}, "9": {"index": [0, 1, 2, 3, 4, 5, 6, 7, 8, 9, 10, 11, 12, 13, 14, 15, 16, 17, 18, 19, 20, 21, 22, 23, 24], "columns": {"0": "Point", "1": "NS", "2": "NS.1", "3": "NS.2", "4": "Unnamed: 0", "5": "EW", "6": "EW.1", "7": "EW.2", "8": "Unnamed: 1"}, "data": [["number", "degrees", "minutes", "seconds", NaN, "degrees", "minutes", "seconds", NaN], ["1", "58", "55", "6.60", "N", "2", "24", "30.15", "E"], ["2", "59", "1", "55.28", "N", "2", "1", "0.94", "E"], ["3", "59", "1", "55.28", "N", "2", "1", "0.93", "E"], ["4", "59", "1", "55.29", "N", "2", "1", "0.92", "E"], ["5", "59", "1", "55.30", "N", "2", "1", "0.91", "E"], ["6", "59", "1", "55.31", "N", "2", "1", "0.91", "E"], ["7", "59", "1", "55.32", "N", "2", "1", "0.92", "E"], ["8", "59", "13", "55.45", "N", "2", "4", "50.98", "E"], ["9", "59", "13", "55.46", "N", "2", "4", "50.98", "E"], ["10", "59", "13", "55.47", "N", "2", "4", "50.99", "E"], ["11", "59", "34", "15.88", "N", "2", "26", "28.95", "E"], ["12", "59", "34", "15.88", "N", "2", "26", "28.96", "E"], ["13", "59", "34", "15.89", "N", "2", "26", "28.97", "E"], ["14", "59", "34", "15.89", "N", "2", "26", "28.98", "E"], ["15", "59", "25", "17.19", "N", "2", "58", "22.31", "E"], ["16", "59", "25", "17.18", "N", "2", "58", "22.32", "E"], ["17", "59", "25", "17.17", "N", "2", "58", "22.33", "E"], ["18", "59", "25", "17.16", "N", "2", "58", "22.34", "E"], ["19", "59", "25", "17.15", "N", "2", "58", "22.34", "E"], ["20", "59", "25", "17.13", "N", "2", "58", "22.33", "E"], ["21", "59", "25", "17.12", "N", "2", "58", "22.32", "E"], ["22", "58", "55", "6.61", "N", "2", "24", "30.18", "E"], ["23", "58", "55", "6.61", "N", "2", "24", "30.17", "E"], ["24", "58", "55", "6.60", "N", "2", "24", "30.16", "E"]]}, "kind": "osdu:wks:master-data--Survey:1.0.0 ", "id": "npd:master-data--Factpages-Survey:10073"}