{"0": {"index": [0, 1, 2], "columns": {"0": "Lithostrat. unit", "1": "GASSUM FM"}, "data": [["NPDID lithostrat. unit", "49"], ["Level", "FORMATION"], ["Lithostrat. unit, parent", NaN]]}, "1": {"index": [0, 1, 2, 3, 4, 5, 6, 7, 8, 9, 10, 11, 12, 13, 14], "columns": {"0": "Wellbore name", "1": "Wellbore", "2": "Top depth", "3": "Bottom"}, "data": [[NaN, "completion", "[m]", "depth [m]"], [NaN, "date", NaN, NaN], ["3/5-2", "20.08.1978", "3575", "3604"], ["7/8-1", "05.02.1969", "3275", "3334"], ["7/9-1", "29.05.1971", "2601", "2609"], ["7/12-2", "23.09.1976", "3554", "3676"], ["8/1-1", "07.02.1972", "2680", "2704"], ["9/11-1", "19.08.1971", "2082", "2121"], ["10/5-1", "26.06.1976", "1524", "1539"], ["10/8-1", "17.01.1971", "1494", "1567"], ["11/10-1", "19.08.1969", "1860", "1900"], ["17/6-1", "07.02.2011", "2800", "2988"], ["17/10-1", "24.03.1969", "2682", "2825"], ["17/12-1 R", "21.06.1972", "2410", "2446"], ["17/12-3", "03.02.1980", "2617", "2638"]]}, "2": {"index": [0, 1, 2], "columns": {"0": "Wellbore name", "1": "Wellbore", "2": "Core length"}, "data": [[NaN, "completion", "[m]"], [NaN, "date", NaN], ["7/12-2", "23.09.1976", "18"]]}, "kind": "osdu:wks:master-data--Litho:1.0.0 ", "id": "npd:master-data--Factpages-Litho:49"}