{"0": {"index": [0, 1, 2, 3, 4, 5, 6], "columns": {"0": "Field name", "1": "GYDA"}, "data": [["Factmaps in new window", "link to map"], ["Current activity status", "Shut down"], ["Discovery wellbore", "2/1-3"], ["Discovery year.", "1980"], ["Main area", "North sea"], ["Main supply base", "Tananger"], ["NPDID field", "43492"]]}, "1": {"index": [0, 1], "columns": {"0": "Discovery name"}, "data": [["2/1-3 Gyda"], ["2/1-9 Gyda S\u00f8r"]]}, "2": {"index": [0, 1, 2, 3], "columns": {"0": "Status", "1": "Status from", "2": "Status to"}, "data": [["Shut down", "29.02.2020", NaN], ["Producing", "21.06.1990", "28.02.2020"], ["Approved for", "02.06.1987", "20.06.1990"], ["production", NaN, NaN]]}, "3": {"index": [0], "columns": {"0": "Unnamed: 0", "1": "Block name", "2": "Prod. licence"}, "data": [["2/1", NaN, NaN]]}, "4": {"index": [0], "columns": {"0": "Orig. recoverableoil[mill Sm3]", "1": "Orig. recoverablegas[bill Sm3]", "2": "Orig. recoverableNGL[mill tonn]", "3": "Orig. recoverablecond.[mill Sm3]", "4": "Orig. recoverableoil eq.[mill Sm3 o.e]"}, "data": [[36.27, 6.2, 1.91, 0.0, 46.1]]}, "5": {"index": [0], "columns": {"0": "Remaining oil[mill Sm3]", "1": "Remaining gas[bill Sm3]", "2": "Remaining NGL[mill tonn]", "3": "Remaining cond.[mill Sm3]", "4": "Remaining oil eq.[mill Sm3 o.e]"}, "data": [[0.0, 0.0, 0.0, 0.0, 0.0]]}, "6": {"index": [0], "columns": {"0": "Orig. inplace oil[mill Sm3]", "1": "Orig. inplace ass.liquid[mill Sm3]", "2": "Orig. inplace ass.gas[bill Sm3]", "3": "Orig. inplace freegas[bill Sm3]"}, "data": [[90.0, 9.0, 18.0, 0.0]]}, "7": {"index": [0, 1, 2, 3, 4], "columns": {"0": "Type", "1": "Text", "2": "Dateupdated"}, "data": [["Development", "Gyda is a field in the southern part of the Norwegian sector inthe North Sea, between the Ula and Ekofisk fields. The waterdepth is 65 metres. Gyda was discovered in 1980, and the planfor development and operation (PDO) was approved in 1987.The field was developed with a combined drilling,accommodation and processing facility with a steel jacket.Production started in 1990. A PDO for Gyda S\u00f8r was approvedin 1993.", "28.02.2023"], ["Reservoir", "Gyda produced oil from three reservoirs in Upper Jurassicsandstone in the Ula Formation. The reservoir depth is 4,000metres.", "28.02.2023"], ["Recovery strategy", "The field was produced by water injection, as well as bypressure support from both gas cap and aquifer in parts of thefield.", "28.02.2023"], ["Transport", "The oil was transported to the Ekofisk field via the oil pipelinefrom Ula, and further via Norpipe to Teesside in the UK. The gaswas transported in a dedicated pipeline to Ekofisk for furthertransport via Norpipe to Emden in Germany. Gas export ceasedin 2016.", "28.02.2023"], ["Status", "The field was shut down in 2020 and the facility was removed in2022.", NaN]]}, "8": {"index": [], "columns": {"0": "Unnamed: 0", "1": "Investments[mill NOK nominalvalues]"}, "data": []}, "9": {"index": [0, 1, 2, 3, 4, 5, 6, 7, 8, 9, 10, 11, 12, 13, 14, 15, 16, 17, 18, 19, 20, 21, 22, 23, 24, 25, 26, 27, 28, 29, 30, 31, 32], "columns": {"0": "Sum", "1": "13263"}, "data": [[2021, 0], [2020, 0], [2019, 0], [2018, 0], [2016, 0], [2015, 0], [2014, 27], [2013, 610], [2012, 189], [2011, 650], [2010, 623], [2009, 298], [2008, 561], [2007, 484], [2006, 302], [2005, 360], [2004, 336], [2003, 120], [2002, 100], [2001, 234], [2000, 24], [1999, 20], [1998, 293], [1997, 191], [1996, 226], [1995, 190], [1994, 310], [1993, 316], [1992, 264], [1991, 327], [1990, 1234], [1989, 2336], [1988, 2636]]}, "10": {"index": [0, 1, 2, 3, 4, 5], "columns": {"0": "Unnamed: 0", "1": "Month", "2": "Net - oil", "3": "Net - gas", "4": "Net -", "5": "Net - NGL", "6": "Net - oil equivalents"}, "data": [[NaN, NaN, "[mill Sm3]", "[bill Sm3]", "condensate", "[mill Sm3]", NaN], [NaN, NaN, NaN, NaN, "[mill Sm3]", NaN, "[mill Sm3]"], ["Sum", NaN, "36.271661", "6.195508", "0.000000", "3.941320", "46.408489"], ["2020", NaN, "0.008745", "0.000000", "0.000000", "0.000174", "0.008919"], [NaN, 1.0, "0.002418", "0.000000", "0.000000", "0.000049", "0.002467"], [NaN, 2.0, "0.002149", "0.000000", "0.000000", "0.000044", "0.002193"]]}, "11": {"index": [0, 1, 2, 3, 4, 5, 6, 7, 8, 9, 10, 11, 12, 13, 14, 15, 16, 17, 18, 19, 20, 21, 22, 23, 24, 25, 26, 27, 28, 29, 30, 31, 32, 33, 34, 35, 36, 37, 38, 39, 40, 41], "columns": {"0": "2020", "1": "3", "2": "0.000000", "3": "0.000000.1", "4": "0.000000.2", "5": "0.000000.3", "6": "0.000000.4"}, "data": [[NaN, 4.0, 0.0, 0.0, 0.0, 0.0, 0.0], [NaN, 5.0, 0.0, 0.0, 0.0, 0.0, 0.0], [NaN, 6.0, 0.0, 0.0, 0.0, 0.0, 0.0], [NaN, 7.0, 0.0, 0.0, 0.0, 0.0, 0.0], [NaN, 8.0, 0.004178, 0.0, 0.0, 8.1e-05, 0.004259], [NaN, 9.0, 0.0, 0.0, 0.0, 0.0, 0.0], [2019.0, NaN, 0.049256, 0.0, 0.0, 0.00144, 0.050696], [NaN, 1.0, 0.004977, 0.0, 0.0, 0.000163, 0.00514], [NaN, 2.0, 0.004483, 0.0, 0.0, 0.000142, 0.004625], [NaN, 3.0, 0.004638, 0.0, 0.0, 0.000148, 0.004786], [NaN, 4.0, 0.004149, 0.0, 0.0, 0.00012, 0.004269], [NaN, 5.0, 0.004422, 0.0, 0.0, 0.000122, 0.004544], [NaN, 6.0, 0.000849, 0.0, 0.0, 1.5e-05, 0.000864], [NaN, 7.0, 0.004645, 0.0, 0.0, 0.000119, 0.004764], [NaN, 8.0, 0.004577, 0.0, 0.0, 0.000136, 0.004713], [NaN, 9.0, 0.00315, 0.0, 0.0, 9.7e-05, 0.003247], [NaN, 10.0, 0.004494, 0.0, 0.0, 0.000121, 0.004615], [NaN, 11.0, 0.004471, 0.0, 0.0, 0.000127, 0.004598], [NaN, 12.0, 0.004401, 0.0, 0.0, 0.00013, 0.004531], [2018.0, NaN, 0.05637, 0.0, 0.0, 0.001942, 0.058312], [NaN, 1.0, 0.005144, 0.0, 0.0, 0.000202, 0.005346], [NaN, 2.0, 0.004765, 0.0, 0.0, 0.000174, 0.004939], [NaN, 3.0, 0.00561, 0.0, 0.0, 0.000189, 0.005799], [NaN, 4.0, 0.005372, 0.0, 0.0, 0.000181, 0.005553], [NaN, 5.0, 0.004751, 0.0, 0.0, 0.000162, 0.004913], [NaN, 6.0, 0.000155, 0.0, 0.0, 6e-06, 0.000161], [NaN, 7.0, 0.005555, 0.0, 0.0, 0.000169, 0.005724], [NaN, 8.0, 0.005111, 0.0, 0.0, 0.000177, 0.005288], [NaN, 9.0, 0.004576, 0.0, 0.0, 0.000155, 0.004731], [NaN, 10.0, 0.005441, 0.0, 0.0, 0.000188, 0.005629], [NaN, 11.0, 0.00468, 0.0, 0.0, 0.000158, 0.004838], [NaN, 12.0, 0.00521, 0.0, 0.0, 0.000181, 0.005391], [2017.0, NaN, 0.065302, 0.0, 0.0, 0.002305, 0.067607], [1.0, 0.005596, 0.0, 0.0, 0.000196, 0.005792, NaN], [2.0, 0.005518, 0.0, 0.0, 0.000196, 0.005714, NaN], [3.0, 0.004834, 0.0, 0.0, 0.000163, 0.004997, NaN], [4.0, 0.006622, 0.0, 0.0, 0.000237, 0.006859, NaN], [5.0, 0.005918, 0.0, 0.0, 0.000179, 0.006097, NaN], [6.0, 0.005331, 0.0, 0.0, 0.000176, 0.005507, NaN], [7.0, 0.005803, 0.0, 0.0, 0.000195, 0.005998, NaN], [8.0, 0.005588, 0.0, 0.0, 0.000197, 0.005785, NaN], [9.0, 0.005159, 0.0, 0.0, 0.000199, 0.005358, NaN]]}, "12": {"index": [0, 1, 2, 3, 4, 5, 6, 7, 8, 9, 10, 11, 12, 13, 14, 15, 16, 17, 18, 19, 20, 21, 22, 23, 24, 25, 26, 27, 28, 29, 30, 31, 32, 33, 34, 35, 36, 37, 38, 39, 40], "columns": {"0": "2017", "1": "10", "2": "0.004806", "3": "0.000000", "4": "0.000000.1", "5": "0.000182", "6": "0.004988"}, "data": [[NaN, 11.0, 0.004217, 0.0, 0.0, 0.000155, 0.004372], [NaN, 12.0, 0.00591, 0.0, 0.0, 0.00023, 0.00614], [2016.0, NaN, 0.080991, 0.002419, 0.0, 0.003224, 0.086634], [NaN, 1.0, 0.008152, 0.000318, 0.0, 0.000373, 0.008843], [NaN, 2.0, 0.007399, 0.000268, 0.0, 0.000304, 0.007971], [NaN, 3.0, 0.007901, 0.000281, 0.0, 0.000332, 0.008514], [NaN, 4.0, 0.00757, 0.000246, 0.0, 0.000308, 0.008124], [NaN, 5.0, 0.007206, 0.000155, 0.0, 0.00027, 0.007631], [NaN, 6.0, 0.001374, 1.9e-05, 0.0, 4.4e-05, 0.001437], [NaN, 7.0, 0.00742, 0.000212, 0.0, 0.00026, 0.007892], [NaN, 8.0, 0.007599, 0.000246, 0.0, 0.000302, 0.008147], [NaN, 9.0, 0.006918, 0.000196, 0.0, 0.0003, 0.007414], [NaN, 10.0, 0.007048, 0.000173, 0.0, 0.000273, 0.007494], [NaN, 11.0, 0.00663, 0.000177, 0.0, 0.000247, 0.007054], [NaN, 12.0, 0.005774, 0.000128, 0.0, 0.000211, 0.006113], [2015.0, NaN, 0.094695, 0.003738, 0.0, 0.004184, 0.102617], [NaN, 1.0, 0.009297, 0.000383, 0.0, 0.000452, 0.010132], [NaN, 2.0, 0.007776, 0.000295, 0.0, 0.000358, 0.008429], [NaN, 3.0, 0.008186, 0.000372, 0.0, 0.000373, 0.008931], [NaN, 4.0, 0.008779, 0.000353, 0.0, 0.000414, 0.009546], [NaN, 5.0, 0.008774, 0.00035, 0.0, 0.000428, 0.009552], [NaN, 6.0, 0.00667, 0.000257, 0.0, 0.000233, 0.00716], [NaN, 7.0, 0.008459, 0.000307, 0.0, 0.000357, 0.009123], [NaN, 8.0, 0.007883, 0.000259, 0.0, 0.00033, 0.008472], [NaN, 9.0, 0.008588, 0.000396, 0.0, 0.000392, 0.009376], [NaN, 10.0, 0.008508, 0.000322, 0.0, 0.000357, 0.009187], [NaN, 11.0, 0.00568, 0.000175, 0.0, 0.000217, 0.006072], [NaN, 12.0, 0.006095, 0.000269, 0.0, 0.000273, 0.006637], [2014.0, NaN, 0.11747, 0.010862, 0.0, 0.006292, 0.134624], [1.0, 0.011441, 0.001701, 0.0, 0.000685, 0.013827, NaN], [2.0, 0.009659, 0.000768, 0.0, 0.000524, 0.010951, NaN], [3.0, 0.010007, 0.001194, 0.0, 0.000622, 0.011823, NaN], [4.0, 0.010713, 0.001133, 0.0, 0.000625, 0.012471, NaN], [5.0, 0.006493, 0.000723, 0.0, 0.000375, 0.007591, NaN], [6.0, 0.009995, 0.000887, 0.0, 0.000538, 0.01142, NaN], [7.0, 0.011373, 0.001365, 0.0, 0.000492, 0.01323, NaN], [8.0, 0.010786, 0.000925, 0.0, 0.000603, 0.012314, NaN], [9.0, 0.010239, 0.000746, 0.0, 0.000557, 0.011542, NaN], [10.0, 0.00803, 0.000451, 0.0, 0.00033, 0.008811, NaN], [11.0, 0.008687, 0.000428, 0.0, 0.000416, 0.009531, NaN], [12.0, 0.010047, 0.000541, 0.0, 0.000525, 0.011113, NaN]]}, "13": {"index": [0, 1, 2, 3, 4, 5, 6, 7, 8, 9, 10, 11, 12, 13, 14, 15, 16, 17, 18, 19, 20, 21, 22, 23, 24, 25, 26, 27, 28, 29, 30, 31, 32, 33, 34, 35, 36, 37, 38, 39, 40, 41], "columns": {"0": "2013", "1": "Unnamed: 0", "2": "0.122683", "3": "0.011582", "4": "0.000000", "5": "0.006785", "6": "0.141050"}, "data": [[NaN, 1.0, 0.013148, 0.000424, 0.0, 0.00062, 0.014192], [NaN, 2.0, 0.009917, 0.000275, 0.0, 0.00044, 0.010632], [NaN, 3.0, 0.010778, 0.00025, 0.0, 0.000396, 0.011424], [NaN, 4.0, 0.011176, 0.000313, 0.0, 0.000486, 0.011975], [NaN, 5.0, 0.008222, 0.000159, 0.0, 0.000307, 0.008688], [NaN, 6.0, 0.000806, 2.1e-05, 0.0, 3e-05, 0.000857], [NaN, 7.0, 0.010368, 0.000254, 0.0, 0.000415, 0.011037], [NaN, 8.0, 0.012084, 0.000317, 0.0, 0.000508, 0.012909], [NaN, 9.0, 0.010545, 0.001688, 0.0, 0.000786, 0.013019], [NaN, 10.0, 0.012595, 0.003304, 0.0, 0.001135, 0.017034], [NaN, 11.0, 0.012388, 0.002846, 0.0, 0.000943, 0.016177], [NaN, 12.0, 0.010656, 0.001731, 0.0, 0.000719, 0.013106], [2012.0, NaN, 0.144002, 0.004156, 0.0, 0.006387, 0.154545], [NaN, 1.0, 0.012959, 0.000177, 0.0, 0.00047, 0.013606], [NaN, 2.0, 0.011031, 7.1e-05, 0.0, 0.0004, 0.011502], [NaN, 3.0, 0.011303, 0.000121, 0.0, 0.000448, 0.011872], [NaN, 4.0, 0.011845, 0.000115, 0.0, 0.000452, 0.012412], [NaN, 5.0, 0.012117, 0.000288, 0.0, 0.000514, 0.012919], [NaN, 6.0, 0.011646, 0.000501, 0.0, 0.000563, 0.01271], [NaN, 7.0, 0.010565, 0.000464, 0.0, 0.000509, 0.011538], [NaN, 8.0, 0.013048, 0.000786, 0.0, 0.000716, 0.01455], [NaN, 9.0, 0.011291, 0.000706, 0.0, 0.000648, 0.012645], [NaN, 10.0, 0.014149, 0.000312, 0.0, 0.000595, 0.015056], [NaN, 11.0, 0.01173, 0.000232, 0.0, 0.00049, 0.012452], [NaN, 12.0, 0.012318, 0.000383, 0.0, 0.000582, 0.013283], [2011.0, NaN, 0.233621, 0.061156, 0.0, 0.020823, 0.3156], [NaN, 1.0, 0.019362, 0.006296, 0.0, 0.001935, 0.027593], [NaN, 2.0, 0.021571, 0.00601, 0.0, 0.00193, 0.029511], [NaN, 3.0, 0.022428, 0.006109, 0.0, 0.001996, 0.030533], [NaN, 4.0, 0.019487, 0.005269, 0.0, 0.001717, 0.026473], [NaN, 5.0, 0.021204, 0.006013, 0.0, 0.002025, 0.029242], [NaN, 6.0, 0.022075, 0.005883, 0.0, 0.002048, 0.030006], [NaN, 7.0, 0.024169, 0.006409, 0.0, 0.002177, 0.032755], [NaN, 8.0, 0.018066, 0.005304, 0.0, 0.001661, 0.025031], [NaN, 9.0, 0.016316, 0.004693, 0.0, 0.001517, 0.022526], [NaN, 10.0, 0.019377, 0.004924, 0.0, 0.001805, 0.026106], [NaN, 11.0, 0.017077, 0.004127, 0.0, 0.001538, 0.022742], [NaN, 12.0, 0.012489, 0.000119, 0.0, 0.000474, 0.013082], [2010.0, NaN, 0.22377, 0.080701, 0.0, 0.025719, 0.33019], [1.0, 0.024181, 0.009247, 0.0, 0.003008, 0.036436, NaN], [2.0, 0.020457, 0.008378, 0.0, 0.002541, 0.031376, NaN], [3.0, 0.024538, 0.008971, 0.0, 0.002863, NaN, NaN]]}, "14": {"index": [0, 1, 2, 3, 4, 5, 6, 7, 8, 9, 10, 11, 12, 13, 14, 15, 16, 17, 18, 19, 20, 21, 22, 23, 24, 25, 26, 27, 28, 29, 30, 31, 32, 33, 34, 35, 36, 37, 38, 39, 40, 41], "columns": {"0": "2010", "1": "4", "2": "0.022771", "3": "0.008225", "4": "0.000000", "5": "0.002796", "6": "0.033792"}, "data": [[NaN, 5.0, 0.020172, 0.007465, 0.0, 0.002578, 0.030215], [NaN, 6.0, 0.003978, 0.001115, 0.0, 0.00038, 0.005473], [NaN, 7.0, 0.01445, 0.00372, 0.0, 0.001303, 0.019473], [NaN, 8.0, 0.020391, 0.00768, 0.0, 0.00242, 0.030491], [NaN, 9.0, 0.018876, 0.006844, 0.0, 0.002119, 0.027839], [NaN, 10.0, 0.018729, 0.006904, 0.0, 0.002157, 0.02779], [NaN, 11.0, 0.016881, 0.005753, 0.0, 0.001712, 0.024346], [NaN, 12.0, 0.018346, 0.006399, 0.0, 0.001842, 0.026587], [2009.0, NaN, 0.383922, 0.123773, 0.0, 0.041363, 0.549058], [NaN, 1.0, 0.039743, 0.011742, 0.0, 0.004474, 0.055959], [NaN, 2.0, 0.030855, 0.010082, 0.0, 0.003571, 0.044508], [NaN, 3.0, 0.036611, 0.011661, 0.0, 0.00388, 0.052152], [NaN, 4.0, 0.03665, 0.01115, 0.0, 0.004243, 0.052043], [NaN, 5.0, 0.036507, 0.011206, 0.0, 0.003505, 0.051218], [NaN, 6.0, 0.033611, 0.01076, 0.0, 0.003498, 0.047869], [NaN, 7.0, 0.030949, 0.010442, 0.0, 0.003353, 0.044744], [NaN, 8.0, 0.035851, 0.011181, 0.0, 0.003871, 0.050903], [NaN, 9.0, 0.030236, 0.009353, 0.0, 0.003067, 0.042656], [NaN, 10.0, 0.024764, 0.009843, 0.0, 0.003013, 0.03762], [NaN, 11.0, 0.022592, 0.006071, 0.0, 0.001987, 0.03065], [NaN, 12.0, 0.025553, 0.010282, 0.0, 0.002901, 0.038736], [2008.0, NaN, 0.622584, 0.149954, 0.0, 0.061292, 0.83383], [NaN, 1.0, 0.06646, 0.014404, 0.0, 0.006738, 0.087602], [NaN, 2.0, 0.060543, 0.01357, 0.0, 0.005958, 0.080071], [NaN, 3.0, 0.061232, 0.015032, 0.0, 0.005938, 0.082202], [NaN, 4.0, 0.05996, 0.013588, 0.0, 0.005883, 0.079431], [NaN, 5.0, 0.054519, 0.013662, 0.0, 0.005296, 0.073477], [NaN, 6.0, 0.039439, 0.005588, 0.0, 0.003028, 0.048055], [NaN, 7.0, 0.051625, 0.012674, 0.0, 0.004963, 0.069262], [NaN, 8.0, 0.050206, 0.012384, 0.0, 0.004683, 0.067273], [NaN, 9.0, 0.046094, 0.011938, 0.0, 0.005023, 0.063055], [NaN, 10.0, 0.047341, 0.013008, 0.0, 0.004711, 0.06506], [NaN, 11.0, 0.043184, 0.012245, 0.0, 0.004231, 0.05966], [NaN, 12.0, 0.041981, 0.011861, 0.0, 0.00484, 0.058682], [2007.0, NaN, 0.520814, 0.123901, 0.0, 0.047606, 0.692321], [1.0, 0.050279, 0.013216, 0.0, 0.004676, 0.068171, NaN], [2.0, 0.042657, 0.011641, 0.0, 0.003857, 0.058155, NaN], [3.0, 0.047481, 0.012863, 0.0, 0.004442, 0.064786, NaN], [4.0, 0.057703, 0.014236, 0.0, 0.005262, 0.077201, NaN], [5.0, 0.058039, 0.014439, 0.0, 0.005567, 0.078045, NaN], [6.0, 0.019229, 0.0037, 0.0, 0.00121, 0.024139, NaN], [7.0, 0.028884, 0.002769, 0.0, 0.001713, 0.033366, NaN]]}, "15": {"index": [0, 1, 2, 3, 4, 5, 6, 7, 8, 9, 10, 11, 12, 13, 14, 15, 16, 17, 18, 19, 20, 21, 22, 23, 24, 25, 26, 27, 28, 29, 30, 31, 32, 33, 34, 35, 36, 37, 38, 39, 40, 41], "columns": {"0": "2007", "1": "8", "2": "0.036474", "3": "0.003842", "4": "0.000000", "5": "0.002708", "6": "0.043024"}, "data": [[NaN, 9.0, 0.041961, 0.011269, 0.0, 0.004148, 0.057378], [NaN, 10.0, 0.046661, 0.012291, 0.0, 0.004778, 0.06373], [NaN, 11.0, 0.042754, 0.011421, 0.0, 0.004346, 0.058521], [NaN, 12.0, 0.048692, 0.012214, 0.0, 0.004899, 0.065805], [2006.0, NaN, 0.650138, 0.134076, 0.0, 0.057712, 0.841926], [NaN, 1.0, 0.072356, 0.012958, 0.0, 0.006548, 0.091862], [NaN, 2.0, 0.061952, 0.011377, 0.0, 0.005617, 0.078946], [NaN, 3.0, 0.05554, 0.010119, 0.0, 0.004702, 0.070361], [NaN, 4.0, 0.053528, 0.009911, 0.0, 0.004544, 0.067983], [NaN, 5.0, 0.061287, 0.012311, 0.0, 0.005447, 0.079045], [NaN, 6.0, 0.053359, 0.011524, 0.0, 0.004927, 0.06981], [NaN, 7.0, 0.051721, 0.011465, 0.0, 0.004449, 0.067635], [NaN, 8.0, 0.036049, 0.005841, 0.0, 0.00271, 0.0446], [NaN, 9.0, 0.044368, 0.008865, 0.0, 0.003821, 0.057054], [NaN, 10.0, 0.055411, 0.013072, 0.0, 0.005184, 0.073667], [NaN, 11.0, 0.053328, 0.013194, 0.0, 0.004811, 0.071333], [NaN, 12.0, 0.051239, 0.013439, 0.0, 0.004952, 0.06963], [2005.0, NaN, 0.744686, 0.123165, 0.0, 0.059325, 0.927176], [NaN, 1.0, 0.065749, 0.011861, 0.0, 0.006227, 0.083837], [NaN, 2.0, 0.059992, 0.010745, 0.0, 0.005004, 0.075741], [NaN, 3.0, 0.071587, 0.013477, 0.0, 0.006295, 0.091359], [NaN, 4.0, 0.06188, 0.011981, 0.0, 0.005461, 0.079322], [NaN, 5.0, 0.051473, 0.008544, 0.0, 0.003603, 0.06362], [NaN, 6.0, 0.042651, 0.004674, 0.0, 0.002279, 0.049604], [NaN, 7.0, 0.058303, 0.007826, 0.0, 0.004019, 0.070148], [NaN, 8.0, 0.059985, 0.009875, 0.0, 0.004519, 0.074379], [NaN, 9.0, 0.061431, 0.010175, 0.0, 0.004776, 0.076382], [NaN, 10.0, 0.068285, 0.011041, 0.0, 0.005353, 0.084679], [NaN, 11.0, 0.072662, 0.01136, 0.0, 0.005902, 0.089924], [NaN, 12.0, 0.070688, 0.011606, 0.0, 0.005887, 0.088181], [2004.0, NaN, 0.52395, 0.05522, 0.0, 0.03764, 0.61681], [1.0, 0.050945, 0.004921, 0.0, 0.003804, 0.05967, NaN], [2.0, 0.043219, 0.00388, 0.0, 0.002989, 0.050088, NaN], [3.0, 0.042119, 0.003288, 0.0, 0.002317, 0.047724, NaN], [4.0, 0.042599, 0.003769, 0.0, 0.00297, 0.049338, NaN], [5.0, 0.049418, 0.0052, 0.0, 0.003732, 0.05835, NaN], [6.0, 0.049718, 0.005098, 0.0, 0.003579, 0.058395, NaN], [7.0, 0.039775, 0.003992, 0.0, 0.002771, 0.046538, NaN], [8.0, 0.026994, 0.002552, 0.0, 0.001847, 0.031393, NaN], [9.0, 0.029528, 0.002798, 0.0, 0.001984, 0.03431, NaN], [10.0, 0.043786, 0.004288, 0.0, 0.002821, 0.050895, NaN], [11.0, 0.048729, 0.006061, 0.0, 0.003622, 0.058412, NaN]]}, "16": {"index": [0, 1, 2, 3, 4, 5, 6, 7, 8, 9, 10, 11, 12, 13, 14, 15, 16, 17, 18, 19, 20, 21, 22, 23, 24, 25, 26, 27, 28, 29, 30, 31, 32, 33, 34, 35, 36, 37, 38, 39, 40, 41], "columns": {"0": "2004", "1": "12", "2": "0.057120", "3": "0.009373", "4": "0.000000", "5": "0.005204", "6": "Unnamed: 0"}, "data": [[2003.0, NaN, 0.649644, 0.0645, 0.0, 0.048989, 0.763133], [NaN, 1.0, 0.075565, 0.008459, 0.0, 0.006083, 0.090107], [NaN, 2.0, 0.086695, 0.008738, 0.0, 0.007088, 0.102521], [NaN, 3.0, 0.053268, 0.005134, 0.0, 0.003698, 0.0621], [NaN, 4.0, 0.052455, 0.005261, 0.0, 0.003913, 0.061629], [NaN, 5.0, 0.051457, 0.005512, 0.0, 0.004203, 0.061172], [NaN, 6.0, 0.050931, 0.00551, 0.0, 0.003901, 0.060342], [NaN, 7.0, 0.049693, 0.004685, 0.0, 0.003572, 0.05795], [NaN, 8.0, 0.034721, 0.002906, 0.0, 0.002381, 0.040008], [NaN, 9.0, 0.044043, 0.003869, 0.0, 0.003008, 0.05092], [NaN, 10.0, 0.05067, 0.005019, 0.0, 0.003839, 0.059528], [NaN, 11.0, 0.047672, 0.00446, 0.0, 0.003516, 0.055648], [NaN, 12.0, 0.052474, 0.004947, 0.0, 0.003787, 0.061208], [2002.0, NaN, 0.69825, 0.088394, 0.0, 0.060213, 0.846857], [NaN, 1.0, 0.068533, 0.011482, 0.0, 0.006764, 0.086779], [NaN, 2.0, 0.066891, 0.011979, 0.0, 0.006478, 0.085348], [NaN, 3.0, 0.039807, 0.004287, 0.0, 0.003438, 0.047532], [NaN, 4.0, 0.072606, 0.011619, 0.0, 0.006566, 0.090791], [NaN, 5.0, 0.065752, 0.008927, 0.0, 0.005942, 0.080621], [NaN, 6.0, 0.056286, 0.005135, 0.0, 0.004533, 0.065954], [NaN, 7.0, 0.059237, 0.005788, 0.0, 0.005144, 0.070169], [NaN, 8.0, 0.055754, 0.006026, 0.0, 0.004619, 0.066399], [NaN, 9.0, 0.052826, 0.005377, 0.0, 0.00436, 0.062563], [NaN, 10.0, 0.055079, 0.006105, 0.0, 0.004166, 0.06535], [NaN, 11.0, 0.051641, 0.00576, 0.0, 0.004002, 0.061403], [NaN, 12.0, 0.053838, 0.005909, 0.0, 0.004201, 0.063948], [2001.0, NaN, 1.115893, 0.234469, 0.0, 0.110548, 1.46091], [NaN, 1.0, 0.09127, 0.018347, 0.0, 0.009459, 0.119076], [NaN, 2.0, 0.09347, 0.021612, 0.0, 0.009456, 0.124538], [NaN, 3.0, 0.117426, 0.026553, 0.0, 0.012227, 0.156206], [NaN, 4.0, 0.114006, 0.024876, 0.0, 0.011742, 0.150624], [NaN, 5.0, 0.110651, 0.024437, 0.0, 0.011005, 0.146093], [NaN, 6.0, 0.106815, 0.02181, 0.0, 0.01011, 0.138735], [NaN, 7.0, 0.106813, 0.022638, 0.0, 0.010106, 0.139557], [NaN, 8.0, 0.046381, 0.00985, 0.0, 0.003915, 0.060146], [NaN, 9.0, 0.071578, 0.015721, 0.0, 0.006981, 0.09428], [NaN, 10.0, 0.086681, 0.015989, 0.0, 0.009258, 0.111928], [NaN, 11.0, 0.088188, 0.016505, 0.0, 0.008571, 0.113264], [NaN, 12.0, 0.082614, 0.016131, 0.0, 0.007718, 0.106463], [2000.0, NaN, 1.115588, 0.280638, 0.0, 0.124044, 1.52027], [1.0, 0.111343, 0.037571, 0.0, 0.014296, 0.16321, NaN], [2.0, 0.105264, 0.03406, 0.0, 0.013118, 0.152442, NaN]]}, "17": {"index": [0, 1, 2, 3, 4, 5, 6, 7, 8, 9, 10, 11, 12, 13, 14, 15, 16, 17, 18, 19, 20, 21, 22, 23, 24, 25, 26, 27, 28, 29, 30, 31, 32, 33, 34, 35, 36, 37, 38, 39, 40, 41], "columns": {"0": "2000", "1": "3", "2": "0.088041", "3": "0.024045", "4": "0.000000", "5": "0.009914", "6": "0.122000"}, "data": [[NaN, 4.0, 0.102875, 0.02795, 0.0, 0.011992, 0.142817], [NaN, 5.0, 0.096264, 0.023834, 0.0, 0.010799, 0.130897], [NaN, 6.0, 0.100401, 0.024697, 0.0, 0.010799, 0.135897], [NaN, 7.0, 0.103238, 0.025351, 0.0, 0.010817, 0.139406], [NaN, 8.0, 0.086411, 0.017475, 0.0, 0.009546, 0.113432], [NaN, 9.0, 0.05969, 0.013633, 0.0, 0.006145, 0.079468], [NaN, 10.0, 0.090656, 0.018045, 0.0, 0.008955, 0.117656], [NaN, 11.0, 0.088463, 0.017847, 0.0, 0.009208, 0.115518], [NaN, 12.0, 0.082942, 0.01613, 0.0, 0.008455, 0.107527], [1999.0, NaN, 1.50185, 0.456224, 0.0, 0.176028, 2.134102], [NaN, 1.0, 0.163499, 0.052613, 0.0, 0.015237, 0.231349], [NaN, 2.0, 0.13844, 0.047998, 0.0, 0.016169, 0.202607], [NaN, 3.0, 0.158708, 0.054133, 0.0, 0.019527, 0.232368], [NaN, 4.0, 0.108961, 0.029364, 0.0, 0.012379, 0.150704], [NaN, 5.0, 0.141952, 0.045642, 0.0, 0.01778, 0.205374], [NaN, 6.0, 0.118041, 0.023514, 0.0, 0.012915, 0.15447], [NaN, 7.0, 0.132265, 0.023639, 0.0, 0.014528, 0.170432], [NaN, 8.0, 0.08029, 0.016565, 0.0, 0.009166, 0.106021], [NaN, 9.0, 0.113386, 0.035812, 0.0, 0.013606, 0.162804], [NaN, 10.0, 0.110521, 0.0365, 0.0, 0.014007, 0.161028], [NaN, 11.0, 0.117217, 0.044448, 0.0, 0.014848, 0.176513], [NaN, 12.0, 0.11857, 0.045996, 0.0, 0.015866, 0.180432], [1998.0, NaN, 1.739897, 0.483634, 0.0, 0.221153, 2.444684], [NaN, 1.0, 0.187096, 0.046611, 0.0, 0.026147, 0.259854], [NaN, 2.0, 0.17408, 0.046312, 0.0, 0.0225, 0.242892], [NaN, 3.0, 0.189434, 0.050402, 0.0, 0.024624, 0.26446], [NaN, 4.0, 0.185346, 0.051221, 0.0, 0.026968, 0.263535], [NaN, 5.0, 0.189922, 0.052859, 0.0, 0.026127, 0.268908], [NaN, 6.0, 0.177597, 0.051244, 0.0, 0.025268, 0.254109], [NaN, 7.0, 0.161012, 0.05186, 0.0, 0.022663, 0.235535], [NaN, 8.0, 0.034054, 0.007975, 0.0, 0.00244, 0.044469], [NaN, 9.0, 0.148747, 0.045902, 0.0, 0.015381, 0.21003], [NaN, 10.0, 0.112206, 0.032257, 0.0, 0.011471, 0.155934], [NaN, 11.0, 0.062022, 0.016394, 0.0, 0.00579, 0.084206], [NaN, 12.0, 0.118381, 0.030597, 0.0, 0.011774, 0.160752], [1997.0, NaN, 2.50517, 0.580707, 0.0, 0.310022, 3.395899], [1.0, 0.234225, 0.05217, 0.0, 0.026523, 0.312918, NaN], [2.0, 0.20457, 0.04532, 0.0, 0.025554, 0.275444, NaN], [3.0, 0.22829, 0.051255, 0.0, 0.026223, 0.305768, NaN], [4.0, 0.220395, 0.049594, 0.0, 0.026895, 0.296884, NaN], [5.0, 0.23278, 0.055112, 0.0, 0.028071, 0.315963, NaN], [6.0, 0.192234, 0.035334, 0.0, 0.022232, 0.2498, NaN]]}, "18": {"index": [0, 1, 2, 3, 4, 5, 6, 7, 8, 9, 10, 11, 12, 13, 14, 15, 16, 17, 18, 19, 20, 21, 22, 23, 24, 25, 26, 27, 28, 29, 30, 31, 32, 33, 34, 35, 36, 37, 38, 39, 40, 41], "columns": {"0": "1997", "1": "7", "2": "0.216954", "3": "0.051933", "4": "0.000000", "5": "0.027236", "6": "0.296123"}, "data": [[NaN, 8.0, 0.182547, 0.040949, 0.0, 0.022247, 0.245743], [NaN, 9.0, 0.184315, 0.047523, 0.0, 0.024095, 0.255933], [NaN, 10.0, 0.194844, 0.052248, 0.0, 0.027191, 0.274283], [NaN, 11.0, 0.203491, 0.050812, 0.0, 0.028619, 0.282922], [NaN, 12.0, 0.210525, 0.048457, 0.0, 0.025136, 0.284118], [1996.0, NaN, 3.124741, 0.607886, 0.0, 0.362455, 4.095082], [NaN, 1.0, 0.279703, 0.050384, 0.0, 0.033321, 0.363408], [NaN, 2.0, 0.269319, 0.047303, 0.0, 0.03113, 0.347752], [NaN, 3.0, 0.293928, 0.052708, 0.0, 0.035922, 0.382558], [NaN, 4.0, 0.272414, 0.048978, 0.0, 0.031938, 0.35333], [NaN, 5.0, 0.28513, 0.0528, 0.0, 0.029603, 0.367533], [NaN, 6.0, 0.258148, 0.050099, 0.0, 0.028548, 0.336795], [NaN, 7.0, 0.266064, 0.051315, 0.0, 0.029054, 0.346433], [NaN, 8.0, 0.255313, 0.051936, 0.0, 0.029279, 0.336528], [NaN, 9.0, 0.240994, 0.050785, 0.0, 0.028528, 0.320307], [NaN, 10.0, 0.235741, 0.051352, 0.0, 0.029155, 0.316248], [NaN, 11.0, 0.229655, 0.049038, 0.0, 0.028238, 0.306931], [NaN, 12.0, 0.238332, 0.051188, 0.0, 0.027739, 0.317259], [1995.0, NaN, 3.447577, 0.500808, 0.0, 0.380503, 4.328888], [NaN, 1.0, 0.361997, 0.045126, 0.0, 0.040814, 0.447937], [NaN, 2.0, 0.295444, 0.035768, 0.0, 0.032825, 0.364037], [NaN, 3.0, 0.299085, 0.036159, 0.0, 0.03342, 0.368664], [NaN, 4.0, 0.290576, 0.036122, 0.0, 0.031741, 0.358439], [NaN, 5.0, 0.281632, 0.034479, 0.0, 0.030376, 0.346487], [NaN, 6.0, 0.270988, 0.033728, 0.0, 0.028915, 0.333631], [NaN, 7.0, 0.267314, 0.033327, 0.0, 0.028775, 0.329416], [NaN, 8.0, 0.285613, 0.047047, 0.0, 0.032755, 0.365415], [NaN, 9.0, 0.264289, 0.045155, 0.0, 0.03147, 0.340914], [NaN, 10.0, 0.28399, 0.053698, 0.0, 0.027196, 0.364884], [NaN, 11.0, 0.268314, 0.051981, 0.0, 0.029579, 0.349874], [NaN, 12.0, 0.278335, 0.048218, 0.0, 0.032637, 0.35919], [1994.0, NaN, 3.808361, 0.475457, 0.0, 0.412533, 4.696351], [1.0, 0.292705, 0.036873, 0.0, 0.032509, 0.362087, NaN], [2.0, 0.252004, 0.032691, 0.0, 0.027578, 0.312273, NaN], [3.0, 0.257576, 0.03304, 0.0, 0.028255, 0.318871, NaN], [4.0, 0.262057, 0.034499, 0.0, 0.027816, 0.324372, NaN], [5.0, 0.311889, 0.039593, 0.0, 0.033425, 0.384907, NaN], [6.0, 0.361523, 0.044179, 0.0, 0.03899, 0.444692, NaN], [7.0, 0.354991, 0.045113, 0.0, 0.03511, 0.435214, NaN], [8.0, 0.184403, 0.022135, 0.0, 0.017307, 0.223845, NaN], [9.0, 0.36824, 0.044535, 0.0, 0.040623, 0.453398, NaN], [10.0, 0.408569, 0.05001, 0.0, 0.046171, 0.50475, NaN]]}, "19": {"index": [0, 1, 2, 3, 4, 5, 6, 7, 8, 9, 10, 11, 12, 13, 14, 15, 16, 17, 18, 19, 20, 21, 22, 23, 24, 25, 26, 27, 28, 29, 30, 31, 32, 33, 34, 35, 36, 37, 38, 39, 40, 41], "columns": {"0": "1994", "1": "11", "2": "0.380114", "3": "0.046532", "4": "0.000000", "5": "0.042558", "6": "0.469204"}, "data": [[NaN, 12.0, 0.37429, 0.046257, 0.0, 0.042191, 0.462738], [1993.0, NaN, 3.70815, 0.483436, 0.0, 0.401909, 4.593495], [NaN, 1.0, 0.303906, 0.040311, 0.0, 0.032873, 0.37709], [NaN, 2.0, 0.273359, 0.036121, 0.0, 0.030091, 0.339571], [NaN, 3.0, 0.305137, 0.040419, 0.0, 0.033962, 0.379518], [NaN, 4.0, 0.29594, 0.039126, 0.0, 0.031836, 0.366902], [NaN, 5.0, 0.320161, 0.041659, 0.0, 0.035195, 0.397015], [NaN, 6.0, 0.326816, 0.04148, 0.0, 0.034881, 0.403177], [NaN, 7.0, 0.334544, 0.044042, 0.0, 0.035519, 0.414105], [NaN, 8.0, 0.311797, 0.040396, 0.0, 0.033528, 0.385721], [NaN, 9.0, 0.295544, 0.038891, 0.0, 0.032207, 0.366642], [NaN, 10.0, 0.334879, 0.043927, 0.0, 0.035572, 0.414378], [NaN, 11.0, 0.304781, 0.039221, 0.0, 0.033504, 0.377506], [NaN, 12.0, 0.301286, 0.037843, 0.0, 0.032741, 0.37187], [1992.0, NaN, 3.587141, 0.479387, 0.0, 0.39991, 4.466438], [NaN, 1.0, 0.147905, 0.017803, 0.0, 0.01625, 0.181958], [NaN, 2.0, 0.302656, 0.039543, 0.0, 0.034761, 0.37696], [NaN, 3.0, 0.32207, 0.042157, 0.0, 0.036174, 0.400401], [NaN, 4.0, 0.33471, 0.044995, 0.0, 0.038988, 0.418693], [NaN, 5.0, 0.260612, 0.034873, 0.0, 0.029999, 0.325484], [NaN, 6.0, 0.307046, 0.039182, 0.0, 0.034455, 0.380683], [NaN, 7.0, 0.313304, 0.041227, 0.0, 0.035131, 0.389662], [NaN, 8.0, 0.313841, 0.041438, 0.0, 0.035741, 0.39102], [NaN, 9.0, 0.306439, 0.040696, 0.0, 0.034231, 0.381366], [NaN, 10.0, 0.332738, 0.047954, 0.0, 0.033715, 0.414407], [NaN, 11.0, 0.317263, 0.045267, 0.0, 0.034338, 0.396868], [NaN, 12.0, 0.328557, 0.044252, 0.0, 0.036127, 0.408936], [1991.0, NaN, 3.129888, 0.416425, 0.0, 0.3678, 3.914113], [NaN, 1.0, 0.340943, 0.045086, 0.0, 0.040137, 0.426166], [NaN, 2.0, 0.268199, 0.033626, 0.0, 0.030526, 0.332351], [NaN, 3.0, 0.269442, 0.037041, 0.0, 0.032734, 0.339217], [NaN, 4.0, 0.279478, 0.039322, 0.0, 0.035387, 0.354187], [NaN, 5.0, 0.285551, 0.039543, 0.0, 0.035549, 0.360643], [NaN, 6.0, 0.235171, 0.032146, 0.0, 0.02794, 0.295257], [NaN, 7.0, 0.205876, 0.026367, 0.0, 0.023186, 0.255429], [NaN, 8.0, 0.116221, 0.013364, 0.0, 0.009508, 0.139093], [NaN, 9.0, 0.257891, 0.034651, 0.0, 0.032093, 0.324635], [NaN, 10.0, 0.267689, 0.036326, 0.0, 0.031389, 0.335404], [NaN, 11.0, 0.295772, 0.038404, 0.0, 0.033909, 0.368085], [NaN, 12.0, 0.307655, 0.040549, 0.0, 0.035442, 0.383646], [1990.0, NaN, 1.496512, 0.15884, 0.0, 0.181, 1.836352], [6.0, 0.015713, 0.0, 0.0, 0.00183, 0.017543, NaN]]}, "20": {"index": [0, 1, 2, 3, 4], "columns": {"0": "1990", "1": "7", "2": "0.128952", "3": "0.009254", "4": "0.000000", "5": "0.013918", "6": "0.152124"}, "data": [[8, 0.157781, 0.01613, 0.0, 0.020281, 0.194192, NaN], [9, 0.238089, 0.025841, 0.0, 0.030556, 0.294486, NaN], [10, 0.299884, 0.028348, 0.0, 0.035349, 0.363581, NaN], [11, 0.333529, 0.041101, 0.0, 0.041209, 0.415839, NaN], [12, 0.322564, 0.038166, 0.0, 0.037857, NaN, NaN]]}, "21": {"index": [0, 1, 2, 3, 4, 5, 6, 7, 8, 9, 10, 11, 12, 13, 14, 15, 16, 17, 18, 19, 20, 21, 22, 23, 24, 25, 26, 27, 28, 29, 30, 31, 32], "columns": {"0": "Unnamed: 0", "1": "Month", "2": "Gross - oil[mill Sm3]", "3": "Gross - gas[bill Sm3]", "4": "Gross -condensate[mill Sm3]", "5": "Gross - oilequivalents[mill Sm3]"}, "data": [["Sum", NaN, 41.003193, 9.253154, 0.0, 50.256347], ["2020", NaN, 0.002381, 0.001262, 0.0, 0.003643], [NaN, 1.0, 0.000113, 3.1e-05, 0.0, 0.000144], [NaN, 2.0, 0.002268, 0.001231, 0.0, 0.003499], [NaN, 3.0, 0.0, 0.0, 0.0, 0.0], [NaN, 4.0, 0.0, 0.0, 0.0, 0.0], [NaN, 5.0, 0.0, 0.0, 0.0, 0.0], [NaN, 6.0, 0.0, 0.0, 0.0, 0.0], [NaN, 7.0, 0.0, 0.0, 0.0, 0.0], [NaN, 8.0, 0.0, 0.0, 0.0, 0.0], [NaN, 9.0, 0.0, 0.0, 0.0, 0.0], ["2019", NaN, 0.028428, 0.007274, 0.0, 0.035702], [NaN, 1.0, 0.002866, 0.000543, 0.0, 0.003409], [NaN, 2.0, 0.002205, 0.000439, 0.0, 0.002644], [NaN, 3.0, 0.003737, 0.000824, 0.0, 0.004561], [NaN, 4.0, 0.002594, 0.000858, 0.0, 0.003452], [NaN, 5.0, 0.002191, 0.000776, 0.0, 0.002967], [NaN, 6.0, 0.000174, 4.4e-05, 0.0, 0.000218], [NaN, 7.0, 0.002839, 0.000818, 0.0, 0.003657], [NaN, 8.0, 0.001642, 0.000409, 0.0, 0.002051], [NaN, 9.0, 0.003245, 0.00068, 0.0, 0.003925], [NaN, 10.0, 0.004623, 0.001252, 0.0, 0.005875], [NaN, 11.0, 0.000491, 0.000139, 0.0, 0.00063], [NaN, 12.0, 0.001821, 0.000492, 0.0, 0.002313], ["2018", NaN, 0.052797, 0.00941, 0.0, 0.062207], ["1", 0.005272, 0.00099, 0.0, 0.006262, NaN], ["2", 0.005018, 0.000946, 0.0, 0.005964, NaN], ["3", 0.005812, 0.001007, 0.0, 0.006819, NaN], ["4", 0.005642, 0.000984, 0.0, 0.006626, NaN], ["5", 0.004974, 0.000961, 0.0, 0.005935, NaN], ["6", 0.000165, 4.5e-05, 0.0, 0.00021, NaN], ["7", 0.004872, 0.00085, 0.0, 0.005722, NaN], ["8", 0.005359, 0.000926, 0.0, 0.006285, NaN]]}, "22": {"index": [0, 1, 2, 3, 4, 5, 6, 7, 8, 9, 10, 11, 12, 13, 14, 15, 16, 17, 18, 19, 20, 21, 22, 23, 24, 25, 26, 27, 28, 29, 30, 31, 32, 33, 34, 35, 36, 37, 38, 39, 40, 41], "columns": {"0": "2018", "1": "9", "2": "0.004793", "3": "0.000824", "4": "0.000000", "5": "0.005617"}, "data": [[NaN, 10.0, 0.005703, 0.00096, 0.0, 0.006663], [NaN, 11.0, 0.002012, 0.000358, 0.0, 0.00237], [NaN, 12.0, 0.003175, 0.000559, 0.0, 0.003734], [2017.0, NaN, 0.066845, 0.011251, 0.0, 0.078096], [NaN, 1.0, 0.00582, 0.001056, 0.0, 0.006876], [NaN, 2.0, 0.005793, 0.001025, 0.0, 0.006818], [NaN, 3.0, 0.005071, 0.000851, 0.0, 0.005922], [NaN, 4.0, 0.006961, 0.001175, 0.0, 0.008136], [NaN, 5.0, 0.006165, 0.000999, 0.0, 0.007164], [NaN, 6.0, 0.005358, 0.000914, 0.0, 0.006272], [NaN, 7.0, 0.006064, 0.001009, 0.0, 0.007073], [NaN, 8.0, 0.005832, 0.000995, 0.0, 0.006827], [NaN, 9.0, 0.004257, 0.000714, 0.0, 0.004971], [NaN, 10.0, 0.005055, 0.000801, 0.0, 0.005856], [NaN, 11.0, 0.004243, 0.000716, 0.0, 0.004959], [NaN, 12.0, 0.006226, 0.000996, 0.0, 0.007222], [2016.0, NaN, 0.084035, 0.014065, 0.0, 0.0981], [NaN, 1.0, 0.00852, 0.001362, 0.0, 0.009882], [NaN, 2.0, 0.007642, 0.001273, 0.0, 0.008915], [NaN, 3.0, 0.008209, 0.00144, 0.0, 0.009649], [NaN, 4.0, 0.007875, 0.001314, 0.0, 0.009189], [NaN, 5.0, 0.00746, 0.001277, 0.0, 0.008737], [NaN, 6.0, 0.001349, 0.000238, 0.0, 0.001587], [NaN, 7.0, 0.007829, 0.001311, 0.0, 0.00914], [NaN, 8.0, 0.007891, 0.001317, 0.0, 0.009208], [NaN, 9.0, 0.007233, 0.001178, 0.0, 0.008411], [NaN, 10.0, 0.0073, 0.001192, 0.0, 0.008492], [NaN, 11.0, 0.006739, 0.001148, 0.0, 0.007887], [NaN, 12.0, 0.005988, 0.001015, 0.0, 0.007003], [2015.0, NaN, 0.098688, 0.016459, 0.0, 0.115147], [NaN, 1.0, 0.009793, 0.001604, 0.0, 0.011397], [NaN, 2.0, 0.00814, 0.001326, 0.0, 0.009466], [NaN, 3.0, 0.00851, 0.001418, 0.0, 0.009928], [NaN, 4.0, 0.009153, 0.001503, 0.0, 0.010656], [NaN, 5.0, 0.009211, 0.001556, 0.0, 0.010767], [NaN, 6.0, 0.006897, 0.001245, 0.0, 0.008142], [NaN, 7.0, 0.008818, 0.001471, 0.0, 0.010289], [NaN, 8.0, 0.008197, 0.001365, 0.0, 0.009562], [NaN, 9.0, 0.008942, 0.001503, 0.0, 0.010445], [NaN, 10.0, 0.008853, 0.001451, 0.0, 0.010304], [NaN, 11.0, 0.005863, 0.000986, 0.0, 0.006849], [NaN, 12.0, 0.006311, 0.001031, 0.0, 0.007342]]}, "23": {"index": [0, 1, 2, 3, 4, 5, 6, 7, 8, 9, 10, 11, 12, 13, 14, 15, 16, 17, 18, 19, 20, 21, 22, 23, 24, 25, 26, 27, 28, 29, 30, 31, 32, 33, 34, 35, 36, 37, 38, 39, 40, 41], "columns": {"0": "2014", "1": "Unnamed: 0", "2": "0.121620", "3": "0.035762", "4": "0.000000", "5": "0.157382"}, "data": [[NaN, 1.0, 0.011839, 0.00441, 0.0, 0.016249], [NaN, 2.0, 0.009964, 0.002658, 0.0, 0.012622], [NaN, 3.0, 0.010347, 0.003742, 0.0, 0.014089], [NaN, 4.0, 0.011065, 0.003366, 0.0, 0.014431], [NaN, 5.0, 0.006693, 0.002327, 0.0, 0.00902], [NaN, 6.0, 0.010396, 0.003132, 0.0, 0.013528], [NaN, 7.0, 0.011762, 0.00344, 0.0, 0.015202], [NaN, 8.0, 0.011242, 0.003286, 0.0, 0.014528], [NaN, 9.0, 0.010534, 0.003043, 0.0, 0.013577], [NaN, 10.0, 0.008257, 0.002354, 0.0, 0.010611], [NaN, 11.0, 0.00903, 0.002087, 0.0, 0.011117], [NaN, 12.0, 0.010491, 0.001917, 0.0, 0.012408], [2013.0, NaN, 0.12763, 0.033636, 0.0, 0.161266], [NaN, 1.0, 0.013726, 0.002242, 0.0, 0.015968], [NaN, 2.0, 0.010397, 0.00174, 0.0, 0.012137], [NaN, 3.0, 0.011275, 0.001856, 0.0, 0.013131], [NaN, 4.0, 0.011693, 0.002005, 0.0, 0.013698], [NaN, 5.0, 0.008471, 0.001462, 0.0, 0.009933], [NaN, 6.0, 0.000814, 0.000183, 0.0, 0.000997], [NaN, 7.0, 0.01105, 0.001831, 0.0, 0.012881], [NaN, 8.0, 0.01252, 0.002094, 0.0, 0.014614], [NaN, 9.0, 0.010943, 0.00358, 0.0, 0.014523], [NaN, 10.0, 0.012877, 0.006408, 0.0, 0.019285], [NaN, 11.0, 0.012779, 0.005758, 0.0, 0.018537], [NaN, 12.0, 0.011085, 0.004477, 0.0, 0.015562], [2012.0, NaN, 0.150484, 0.023487, 0.0, 0.173971], [NaN, 1.0, 0.013577, 0.001866, 0.0, 0.015443], [NaN, 2.0, 0.011541, 0.001687, 0.0, 0.013228], [NaN, 3.0, 0.011899, 0.001873, 0.0, 0.013772], [NaN, 4.0, 0.01234, 0.002015, 0.0, 0.014355], [NaN, 5.0, 0.012637, 0.00178, 0.0, 0.014417], [NaN, 6.0, 0.012185, 0.001934, 0.0, 0.014119], [NaN, 7.0, 0.011066, 0.001758, 0.0, 0.012824], [NaN, 8.0, 0.013582, 0.002072, 0.0, 0.015654], [NaN, 9.0, 0.01182, 0.001945, 0.0, 0.013765], [NaN, 10.0, 0.014725, 0.002419, 0.0, 0.017144], [NaN, 11.0, 0.012199, 0.002032, 0.0, 0.014231], [NaN, 12.0, 0.012913, 0.002106, 0.0, 0.015019], [2011.0, NaN, 0.206441, 0.086195, 0.0, 0.292636], [1.0, 0.019601, 0.009844, 0.0, 0.029445, NaN], [2.0, 0.00449, 0.00221, 0.0, 0.0067, NaN], [3.0, 0.022752, 0.010044, 0.0, 0.032796, NaN]]}, "24": {"index": [0, 1, 2, 3, 4, 5, 6, 7, 8, 9, 10, 11, 12, 13, 14, 15, 16, 17, 18, 19, 20, 21, 22, 23, 24, 25, 26, 27, 28, 29, 30, 31, 32, 33, 34, 35, 36, 37, 38, 39, 40, 41], "columns": {"0": "2011", "1": "4", "2": "0.005611", "3": "0.002487", "4": "0.000000", "5": "0.008098"}, "data": [[NaN, 5.0, 0.021568, 0.009258, 0.0, 0.030826], [NaN, 6.0, 0.02235, 0.009197, 0.0, 0.031547], [NaN, 7.0, 0.024742, 0.009608, 0.0, 0.03435], [NaN, 8.0, 0.018148, 0.008463, 0.0, 0.026611], [NaN, 9.0, 0.016654, 0.007799, 0.0, 0.024453], [NaN, 10.0, 0.019805, 0.008291, 0.0, 0.028096], [NaN, 11.0, 0.017562, 0.007256, 0.0, 0.024818], [NaN, 12.0, 0.013158, 0.001738, 0.0, 0.014896], [2010.0, NaN, 0.210609, 0.109053, 0.0, 0.319662], [NaN, 1.0, 0.024205, 0.012749, 0.0, 0.036954], [NaN, 2.0, 0.020827, 0.011066, 0.0, 0.031893], [NaN, 3.0, 0.018904, 0.009672, 0.0, 0.028576], [NaN, 4.0, 0.023121, 0.011729, 0.0, 0.03485], [NaN, 5.0, 0.020588, 0.010505, 0.0, 0.031093], [NaN, 6.0, 0.003881, 0.00172, 0.0, 0.005601], [NaN, 7.0, 0.01202, 0.004441, 0.0, 0.016461], [NaN, 8.0, 0.015783, 0.008713, 0.0, 0.024496], [NaN, 9.0, 0.01649, 0.009142, 0.0, 0.025632], [NaN, 10.0, 0.01906, 0.010476, 0.0, 0.029536], [NaN, 11.0, 0.017062, 0.009003, 0.0, 0.026065], [NaN, 12.0, 0.018668, 0.009837, 0.0, 0.028505], [2009.0, NaN, 0.384773, 0.164434, 0.0, 0.549207], [NaN, 1.0, 0.03973, 0.015572, 0.0, 0.055302], [NaN, 2.0, 0.03084, 0.013211, 0.0, 0.044051], [NaN, 3.0, 0.036592, 0.01512, 0.0, 0.051712], [NaN, 4.0, 0.036632, 0.014758, 0.0, 0.05139], [NaN, 5.0, 0.03648, 0.015019, 0.0, 0.051499], [NaN, 6.0, 0.033604, 0.014319, 0.0, 0.047923], [NaN, 7.0, 0.030934, 0.013964, 0.0, 0.044898], [NaN, 8.0, 0.035833, 0.014777, 0.0, 0.05061], [NaN, 9.0, 0.030221, 0.012618, 0.0, 0.042839], [NaN, 10.0, 0.024751, 0.01303, 0.0, 0.037781], [NaN, 11.0, 0.022965, 0.008711, 0.0, 0.031676], [NaN, 12.0, 0.026191, 0.013335, 0.0, 0.039526], [2008.0, NaN, 0.621948, 0.197832, 0.0, 0.81978], [1.0, 0.066426, 0.018705, 0.0, 0.085131, NaN], [2.0, 0.060507, 0.017285, 0.0, 0.077792, NaN], [3.0, 0.061191, 0.01811, 0.0, 0.079301, NaN], [4.0, 0.05993, 0.017625, 0.0, 0.077555, NaN], [5.0, 0.054491, 0.01728, 0.0, 0.071771, NaN], [6.0, 0.03932, 0.012612, 0.0, 0.051932, NaN], [7.0, 0.051395, 0.01663, 0.0, 0.068025, NaN]]}, "25": {"index": [0, 1, 2, 3, 4, 5, 6, 7, 8, 9, 10, 11, 12, 13, 14, 15, 16, 17, 18, 19, 20, 21, 22, 23, 24, 25, 26, 27, 28, 29, 30, 31, 32, 33, 34, 35, 36, 37, 38, 39, 40, 41], "columns": {"0": "2008", "1": "8", "2": "0.050180", "3": "0.016281", "4": "0.000000", "5": "0.066461"}, "data": [[NaN, 9.0, 0.04607, 0.015655, 0.0, 0.061725], [NaN, 10.0, 0.047317, 0.016311, 0.0, 0.063628], [NaN, 11.0, 0.043161, 0.015515, 0.0, 0.058676], [NaN, 12.0, 0.04196, 0.015823, 0.0, 0.057783], [2007.0, NaN, 0.50416, 0.15832, 0.0, 0.66248], [NaN, 1.0, 0.050275, 0.017107, 0.0, 0.067382], [NaN, 2.0, 0.042635, 0.014966, 0.0, 0.057601], [NaN, 3.0, 0.047482, 0.016733, 0.0, 0.064215], [NaN, 4.0, 0.057673, 0.0182, 0.0, 0.075873], [NaN, 5.0, 0.058007, 0.018415, 0.0, 0.076422], [NaN, 6.0, 0.019036, 0.004927, 0.0, 0.023963], [NaN, 7.0, 0.02887, 0.005018, 0.0, 0.033888], [NaN, 8.0, 0.036456, 0.006477, 0.0, 0.042933], [NaN, 9.0, 0.041946, 0.014624, 0.0, 0.05657], [NaN, 10.0, 0.04662, 0.015956, 0.0, 0.062576], [NaN, 11.0, 0.042733, 0.01481, 0.0, 0.057543], [NaN, 12.0, 0.032427, 0.011087, 0.0, 0.043514], [2006.0, NaN, 0.650197, 0.179149, 0.0, 0.829346], [NaN, 1.0, 0.072338, 0.016579, 0.0, 0.088917], [NaN, 2.0, 0.06192, 0.014919, 0.0, 0.076839], [NaN, 3.0, 0.055512, 0.013563, 0.0, 0.069075], [NaN, 4.0, 0.053501, 0.013285, 0.0, 0.066786], [NaN, 5.0, 0.061256, 0.016353, 0.0, 0.077609], [NaN, 6.0, 0.053332, 0.015283, 0.0, 0.068615], [NaN, 7.0, 0.051695, 0.015568, 0.0, 0.067263], [NaN, 8.0, 0.036031, 0.008956, 0.0, 0.044987], [NaN, 9.0, 0.044419, 0.012911, 0.0, 0.05733], [NaN, 10.0, 0.055414, 0.017388, 0.0, 0.072802], [NaN, 11.0, 0.053632, 0.016988, 0.0, 0.07062], [NaN, 12.0, 0.051147, 0.017356, 0.0, 0.068503], [2005.0, NaN, 0.743636, 0.173466, 0.0, 0.917102], [1.0, 0.065716, 0.017597, 0.0, 0.083313, NaN], [2.0, 0.059972, 0.014806, 0.0, 0.074778, NaN], [3.0, 0.071551, 0.018184, 0.0, 0.089735, NaN], [4.0, 0.061085, 0.016295, 0.0, 0.07738, NaN], [5.0, 0.051447, 0.012428, 0.0, 0.063875, NaN], [6.0, 0.042629, 0.007981, 0.0, 0.05061, NaN], [7.0, 0.058273, 0.011561, 0.0, 0.069834, NaN], [8.0, 0.059954, 0.013746, 0.0, 0.0737, NaN], [9.0, 0.061409, 0.014153, 0.0, 0.075562, NaN], [10.0, 0.068269, 0.015227, 0.0, 0.083496, NaN], [11.0, 0.072654, 0.015644, 0.0, 0.088298, NaN]]}, "26": {"index": [0, 1, 2, 3, 4, 5, 6, 7, 8, 9, 10, 11, 12, 13, 14, 15, 16, 17, 18, 19, 20, 21, 22, 23, 24, 25, 26, 27, 28, 29, 30, 31, 32, 33, 34, 35, 36, 37, 38, 39, 40, 41], "columns": {"0": "2005", "1": "12", "2": "0.070677", "3": "0.015844", "4": "0.000000", "5": "0.086521"}, "data": [[2004.0, NaN, 0.524894, 0.095827, 0.0, 0.620721], [NaN, 1.0, 0.051871, 0.008742, 0.0, 0.060613], [NaN, 2.0, 0.043194, 0.007328, 0.0, 0.050522], [NaN, 3.0, 0.042077, 0.007037, 0.0, 0.049114], [NaN, 4.0, 0.042812, 0.007244, 0.0, 0.050056], [NaN, 5.0, 0.049419, 0.008726, 0.0, 0.058145], [NaN, 6.0, 0.049722, 0.008599, 0.0, 0.058321], [NaN, 7.0, 0.039755, 0.007073, 0.0, 0.046828], [NaN, 8.0, 0.02698, 0.004837, 0.0, 0.031817], [NaN, 9.0, 0.029513, 0.005123, 0.0, 0.034636], [NaN, 10.0, 0.043765, 0.007621, 0.0, 0.051386], [NaN, 11.0, 0.048698, 0.009594, 0.0, 0.058292], [NaN, 12.0, 0.057088, 0.013903, 0.0, 0.070991], [2003.0, NaN, 0.64759, 0.108767, 0.0, 0.756357], [NaN, 1.0, 0.075093, 0.012314, 0.0, 0.087407], [NaN, 2.0, 0.086127, 0.013995, 0.0, 0.100122], [NaN, 3.0, 0.053359, 0.008916, 0.0, 0.062275], [NaN, 4.0, 0.051825, 0.008917, 0.0, 0.060742], [NaN, 5.0, 0.051139, 0.008932, 0.0, 0.060071], [NaN, 6.0, 0.050887, 0.008756, 0.0, 0.059643], [NaN, 7.0, 0.050008, 0.008322, 0.0, 0.05833], [NaN, 8.0, 0.034794, 0.005746, 0.0, 0.04054], [NaN, 9.0, 0.04362, 0.007408, 0.0, 0.051028], [NaN, 10.0, 0.050644, 0.008628, 0.0, 0.059272], [NaN, 11.0, 0.047647, 0.007975, 0.0, 0.055622], [NaN, 12.0, 0.052447, 0.008858, 0.0, 0.061305], [2002.0, NaN, 0.694445, 0.129791, 0.0, 0.824236], [NaN, 1.0, 0.068212, 0.015051, 0.0, 0.083263], [NaN, 2.0, 0.066855, 0.015041, 0.0, 0.081896], [NaN, 3.0, 0.039787, 0.007751, 0.0, 0.047538], [NaN, 4.0, 0.072576, 0.015333, 0.0, 0.087909], [NaN, 5.0, 0.065651, 0.012787, 0.0, 0.078438], [NaN, 6.0, 0.056143, 0.008798, 0.0, 0.064941], [NaN, 7.0, 0.059868, 0.009399, 0.0, 0.069267], [NaN, 8.0, 0.055282, 0.009364, 0.0, 0.064646], [NaN, 9.0, 0.052014, 0.009063, 0.0, 0.061077], [NaN, 10.0, 0.05433, 0.009279, 0.0, 0.063609], [NaN, 11.0, 0.050764, 0.008824, 0.0, 0.059588], [NaN, 12.0, 0.052963, 0.009101, 0.0, 0.062064], [2001.0, NaN, 1.112684, 0.45906, 0.0, 1.571744], [1.0, 0.091577, 0.021878, 0.0, 0.113455, NaN], [2.0, 0.093071, 0.02483, 0.0, 0.117901, NaN]]}, "27": {"index": [0, 1, 2, 3, 4, 5, 6, 7, 8, 9, 10, 11, 12, 13, 14, 15, 16, 17, 18, 19, 20, 21, 22, 23, 24, 25, 26, 27, 28, 29, 30, 31, 32, 33, 34, 35, 36, 37, 38, 39, 40, 41], "columns": {"0": "2001", "1": "3", "2": "0.116340", "3": "0.030367", "4": "0.000000", "5": "0.146707"}, "data": [[NaN, 4.0, 0.113019, 0.028753, 0.0, 0.141772], [NaN, 5.0, 0.110595, 0.028031, 0.0, 0.138626], [NaN, 6.0, 0.106771, 0.02641, 0.0, 0.133181], [NaN, 7.0, 0.108221, 0.026746, 0.0, 0.134967], [NaN, 8.0, 0.046538, 0.012334, 0.0, 0.058872], [NaN, 9.0, 0.070765, 0.019936, 0.0, 0.090701], [NaN, 10.0, 0.085994, 0.020412, 0.0, 0.106406], [NaN, 11.0, 0.087426, 0.020264, 0.0, 0.10769], [NaN, 12.0, 0.082367, 0.199099, 0.0, 0.281466], [2000.0, NaN, 1.110753, 0.318489, 0.0, 1.429242], [NaN, 1.0, 0.111103, 0.040326, 0.0, 0.151429], [NaN, 2.0, 0.106021, 0.036237, 0.0, 0.142258], [NaN, 3.0, 0.088752, 0.026464, 0.0, 0.115216], [NaN, 4.0, 0.102858, 0.031181, 0.0, 0.134039], [NaN, 5.0, 0.093935, 0.028369, 0.0, 0.122304], [NaN, 6.0, 0.098856, 0.028049, 0.0, 0.126905], [NaN, 7.0, 0.103977, 0.028551, 0.0, 0.132528], [NaN, 8.0, 0.087583, 0.02053, 0.0, 0.108113], [NaN, 9.0, 0.059479, 0.016605, 0.0, 0.076084], [NaN, 10.0, 0.087269, 0.021034, 0.0, 0.108303], [NaN, 11.0, 0.088198, 0.021548, 0.0, 0.109746], [NaN, 12.0, 0.082722, 0.019595, 0.0, 0.102317], [1999.0, NaN, 2.062548, 0.763431, 0.0, 2.825979], [NaN, 1.0, 0.233724, 0.090319, 0.0, 0.324043], [NaN, 2.0, 0.204896, 0.085593, 0.0, 0.290489], [NaN, 3.0, 0.235562, 0.096686, 0.0, 0.332248], [NaN, 4.0, 0.148693, 0.050464, 0.0, 0.199157], [NaN, 5.0, 0.194164, 0.074361, 0.0, 0.268525], [NaN, 6.0, 0.14884, 0.039213, 0.0, 0.188053], [NaN, 7.0, 0.162493, 0.0358, 0.0, 0.198293], [NaN, 8.0, 0.100379, 0.026216, 0.0, 0.126595], [NaN, 9.0, 0.155268, 0.058414, 0.0, 0.213682], [NaN, 10.0, 0.15434, 0.061845, 0.0, 0.216185], [NaN, 11.0, 0.161154, 0.071048, 0.0, 0.232202], [NaN, 12.0, 0.163035, 0.073472, 0.0, 0.236507], [1998.0, NaN, 2.466579, 0.882477, 0.0, 3.349056], [1.0, 0.276585, 0.080394, 0.0, 0.356979, NaN], [2.0, 0.253844, 0.082288, 0.0, 0.336132, NaN], [3.0, 0.269382, 0.09644, 0.0, 0.365822, NaN], [4.0, 0.261048, 0.091726, 0.0, 0.352774, NaN], [5.0, 0.263711, 0.092824, 0.0, 0.356535, NaN], [6.0, 0.249235, 0.092179, 0.0, 0.341414, NaN]]}, "28": {"index": [0, 1, 2, 3, 4, 5, 6, 7, 8, 9, 10, 11, 12, 13, 14, 15, 16, 17, 18, 19, 20, 21, 22, 23, 24, 25, 26, 27, 28, 29, 30, 31, 32, 33, 34, 35, 36, 37, 38, 39, 40, 41], "columns": {"0": "1998", "1": "7", "2": "0.226872", "3": "0.096771", "4": "0.000000", "5": "0.323643"}, "data": [[NaN, 8.0, 0.045828, 0.017536, 0.0, 0.063364], [NaN, 9.0, 0.211583, 0.084147, 0.0, 0.29573], [NaN, 10.0, 0.158606, 0.059422, 0.0, 0.218028], [NaN, 11.0, 0.086204, 0.03217, 0.0, 0.118374], [NaN, 12.0, 0.163681, 0.05658, 0.0, 0.220261], [1997.0, NaN, 3.400932, 0.977698, 0.0, 4.37863], [NaN, 1.0, 0.315082, 0.095951, 0.0, 0.411033], [NaN, 2.0, 0.279656, 0.079357, 0.0, 0.359013], [NaN, 3.0, 0.313435, 0.088775, 0.0, 0.40221], [NaN, 4.0, 0.303173, 0.084329, 0.0, 0.387502], [NaN, 5.0, 0.312223, 0.086107, 0.0, 0.39833], [NaN, 6.0, 0.228839, 0.051072, 0.0, 0.279911], [NaN, 7.0, 0.284499, 0.08368, 0.0, 0.368179], [NaN, 8.0, 0.234348, 0.069516, 0.0, 0.303864], [NaN, 9.0, 0.241385, 0.079732, 0.0, 0.321117], [NaN, 10.0, 0.278855, 0.091838, 0.0, 0.370693], [NaN, 11.0, 0.304477, 0.088373, 0.0, 0.39285], [NaN, 12.0, 0.30496, 0.078968, 0.0, 0.383928], [1996.0, NaN, 4.050545, 1.089409, 0.0, 5.139954], [NaN, 1.0, 0.353241, 0.08774, 0.0, 0.440981], [NaN, 2.0, 0.338284, 0.081894, 0.0, 0.420178], [NaN, 3.0, 0.369632, 0.088801, 0.0, 0.458433], [NaN, 4.0, 0.346237, 0.086918, 0.0, 0.433155], [NaN, 5.0, 0.367861, 0.097814, 0.0, 0.465675], [NaN, 6.0, 0.33032, 0.090455, 0.0, 0.420775], [NaN, 7.0, 0.347073, 0.083575, 0.0, 0.430648], [NaN, 8.0, 0.330482, 0.094028, 0.0, 0.42451], [NaN, 9.0, 0.316586, 0.0918, 0.0, 0.408386], [NaN, 10.0, 0.314723, 0.094335, 0.0, 0.409058], [NaN, 11.0, 0.314437, 0.096276, 0.0, 0.410713], [NaN, 12.0, 0.321669, 0.095773, 0.0, 0.417442], [1995.0, NaN, 3.938008, 0.758442, 0.0, 4.69645], [1.0, 0.392656, 0.054145, 0.0, 0.446801, NaN], [2.0, 0.319232, 0.044014, 0.0, 0.363246, NaN], [3.0, 0.32397, 0.044705, 0.0, 0.368675, NaN], [4.0, 0.316536, 0.044147, 0.0, 0.360683, NaN], [5.0, 0.30666, 0.042702, 0.0, 0.349362, NaN], [6.0, 0.293836, 0.041284, 0.0, 0.33512, NaN], [7.0, 0.287975, 0.040593, 0.0, 0.328568, NaN], [8.0, 0.342735, 0.075437, 0.0, 0.418172, NaN], [9.0, 0.32096, 0.083041, 0.0, 0.404001, NaN], [10.0, 0.348864, 0.099503, 0.0, 0.448367, NaN]]}, "29": {"index": [0, 1, 2, 3, 4, 5, 6, 7, 8, 9, 10, 11, 12, 13, 14, 15, 16, 17, 18, 19, 20, 21, 22, 23, 24, 25, 26, 27, 28, 29, 30, 31, 32, 33, 34, 35, 36, 37, 38, 39, 40, 41], "columns": {"0": "1995", "1": "11", "2": "0.335586", "3": "0.097342", "4": "0.000000", "5": "0.432928"}, "data": [[NaN, 12.0, 0.348998, 0.091529, 0.0, 0.440527], [1994.0, NaN, 4.11677, 0.564524, 0.0, 4.681294], [NaN, 1.0, 0.314325, 0.044695, 0.0, 0.35902], [NaN, 2.0, 0.270079, 0.039487, 0.0, 0.309566], [NaN, 3.0, 0.276027, 0.040295, 0.0, 0.316322], [NaN, 4.0, 0.281532, 0.041799, 0.0, 0.323331], [NaN, 5.0, 0.337044, 0.046931, 0.0, 0.383975], [NaN, 6.0, 0.390101, 0.052628, 0.0, 0.442729], [NaN, 7.0, 0.382371, 0.052338, 0.0, 0.434709], [NaN, 8.0, 0.19918, 0.025607, 0.0, 0.224787], [NaN, 9.0, 0.402859, 0.052534, 0.0, 0.455393], [NaN, 10.0, 0.442825, 0.058162, 0.0, 0.500987], [NaN, 11.0, 0.412296, 0.054912, 0.0, 0.467208], [NaN, 12.0, 0.408131, 0.055136, 0.0, 0.463267], [1993.0, NaN, 3.980069, 0.572703, 0.0, 4.552772], [NaN, 1.0, 0.326126, 0.048044, 0.0, 0.37417], [NaN, 2.0, 0.293378, 0.042663, 0.0, 0.336041], [NaN, 3.0, 0.328415, 0.047887, 0.0, 0.376302], [NaN, 4.0, 0.319269, 0.046346, 0.0, 0.365615], [NaN, 5.0, 0.342927, 0.049372, 0.0, 0.392299], [NaN, 6.0, 0.349558, 0.049065, 0.0, 0.398623], [NaN, 7.0, 0.359769, 0.051268, 0.0, 0.411037], [NaN, 8.0, 0.336026, 0.048032, 0.0, 0.384058], [NaN, 9.0, 0.316905, 0.045678, 0.0, 0.362583], [NaN, 10.0, 0.358222, 0.051584, 0.0, 0.409806], [NaN, 11.0, 0.326337, 0.046716, 0.0, 0.373053], [NaN, 12.0, 0.323137, 0.046048, 0.0, 0.369185], [1992.0, NaN, 3.859068, 0.562878, 0.0, 4.421946], [NaN, 1.0, 0.158844, 0.022144, 0.0, 0.180988], [NaN, 2.0, 0.327515, 0.046633, 0.0, 0.374148], [NaN, 3.0, 0.345178, 0.05004, 0.0, 0.395218], [NaN, 4.0, 0.360684, 0.052161, 0.0, 0.412845], [NaN, 5.0, 0.28126, 0.040906, 0.0, 0.322166], [NaN, 6.0, 0.330472, 0.047243, 0.0, 0.377715], [NaN, 7.0, 0.337304, 0.048417, 0.0, 0.385721], [NaN, 8.0, 0.337313, 0.048314, 0.0, 0.385627], [NaN, 9.0, 0.32818, 0.048456, 0.0, 0.376636], [NaN, 10.0, 0.357353, 0.054047, 0.0, 0.4114], [NaN, 11.0, 0.341808, 0.051673, 0.0, 0.393481], [NaN, 12.0, 0.353157, 0.052844, 0.0, 0.406001], [1991.0, NaN, 3.355051, 0.507568, 0.0, 3.862619], [1.0, 0.366928, 0.05592, 0.0, 0.422848, NaN]]}, "30": {"index": [0, 1, 2, 3, 4, 5, 6, 7, 8, 9, 10, 11, 12, 13, 14, 15, 16, 17], "columns": {"0": "1991", "1": "2", "2": "0.289042", "3": "0.044379", "4": "0.000000", "5": "0.333421"}, "data": [[NaN, 3.0, 0.289268, 0.045036, 0.0, 0.334304], [NaN, 4.0, 0.300299, 0.046549, 0.0, 0.346848], [NaN, 5.0, 0.306638, 0.047535, 0.0, 0.354173], [NaN, 6.0, 0.250641, 0.038861, 0.0, 0.289502], [NaN, 7.0, 0.220229, 0.03213, 0.0, 0.252359], [NaN, 8.0, 0.12316, 0.0188, 0.0, 0.14196], [NaN, 9.0, 0.276319, 0.042165, 0.0, 0.318484], [NaN, 10.0, 0.286751, 0.043262, 0.0, 0.330013], [NaN, 11.0, 0.31578, 0.045417, 0.0, 0.361197], [NaN, 12.0, 0.329996, 0.047514, 0.0, 0.37751], [1990.0, NaN, 1.628585, 0.241035, 0.0, 1.86962], [6.0, 0.026144, 0.003768, 0.0, 0.029912, NaN], [7.0, 0.138895, 0.019761, 0.0, 0.158656, NaN], [8.0, 0.17204, 0.02431, 0.0, 0.19635, NaN], [9.0, 0.259415, 0.036501, 0.0, 0.295916, NaN], [10.0, 0.324201, 0.048392, 0.0, 0.372593, NaN], [11.0, 0.360951, 0.05573, 0.0, 0.416681, NaN], [12.0, 0.346939, 0.052573, 0.0, 0.399512, NaN]]}, "31": {"index": [], "columns": {"0": "Unnamed: 0"}, "data": []}, "32": {"index": [0, 1, 2, 3, 4, 5, 6], "columns": {"0": "Wellbore name", "1": "Entered date", "2": "Completed", "3": "Purpose", "4": "Status", "5": "Content"}, "data": [[NaN, NaN, "date", NaN, NaN, NaN], ["2/1-3", "03.11.1979", "29.03.1980", "WILDCAT", "P&A", "OIL"], ["2/1-4", "05.04.1982", "03.08.1982", "APPRAISAL", "P&A", "OIL"], ["2/1-6", "30.04.1984", "12.08.1984", "APPRAISAL", "P&A", "DRY"], ["2/1-8", "28.07.1985", "23.11.1985", "APPRAISAL", "P&A", "OIL"], ["2/1-9", "15.04.1991", "06.07.1991", "WILDCAT", "P&A", "OIL"], ["2/1-9 A", "18.01.1992", "08.03.1992", "APPRAISAL", "P&A", "OIL"]]}, "33": {"index": [0, 1, 2, 3, 4], "columns": {"0": "Wellbore name", "1": "Entered date", "2": "Completed", "3": "Purpose", "4": "Content"}, "data": [[NaN, NaN, "date", NaN, NaN], ["2/1-A-1", "26.05.1989", "19.07.1989", "PRODUCTION", "OIL"], ["2/1-A-2", "21.02.1989", "03.05.1989", "PRODUCTION", "OIL"], ["2/1-A-2 A", "17.02.2007", "17.03.2007", "PRODUCTION", "OIL"], ["2/1-A-3", "29.12.1988", "17.02.1989", "INJECTION", "WATER"]]}, "34": {"index": [0, 1, 2, 3, 4, 5, 6, 7, 8, 9, 10, 11, 12, 13, 14, 15, 16, 17, 18, 19, 20, 21, 22, 23, 24, 25, 26, 27, 28, 29, 30, 31, 32, 33, 34, 35, 36, 37, 38, 39, 40], "columns": {"0": "2/1-A-4", "1": "05.05.1988", "2": "17.06.1988", "3": "PRODUCTION", "4": "OIL"}, "data": [["2/1-A-5", "18.03.1988", "30.04.1988", "INJECTION", "WATER"], ["2/1-A-6", "28.07.1988", "24.09.1988", "PRODUCTION", "DRY"], ["2/1-A-6 A", "06.02.1991", "05.03.1991", "PRODUCTION", "OIL"], ["2/1-A-7", "13.01.1988", "10.03.1988", "PRODUCTION", "OIL"], ["2/1-A-7 A", "05.08.2005", "04.10.2005", "PRODUCTION", "OIL"], ["2/1-A-8", "18.11.1987", "10.01.1988", "PRODUCTION", "OIL"], ["2/1-A-8 A", "21.10.2002", "15.12.2002", "PRODUCTION", "OIL"], ["2/1-A-9 A", "29.09.2007", "12.10.2007", "INJECTION", "WATER"], ["2/1-A-9", "11.07.1991", "21.08.1991", "INJECTION", "WATER"], ["2/1-A-10", "22.01.2008", "05.05.2008", "PRODUCTION", "OIL"], ["2/1-A-11", "25.08.1994", "06.10.1994", "INJECTION", "WATER"], ["2/1-A-12", "09.05.1996", "29.07.1996", "INJECTION", "WATER"], ["2/1-A-13", "01.02.1994", "08.05.1995", "PRODUCTION", "OIL"], ["2/1-A-14", "16.11.1992", "19.12.1992", "PRODUCTION", "DRY"], ["2/1-A-14 A", "20.03.1996", "22.04.1996", "PRODUCTION", "OIL"], ["2/1-A-14 B", "14.06.2002", "13.10.2002", "PRODUCTION", "DRY"], ["2/1-A-14 C", "29.04.2007", "09.05.2007", "INJECTION", "WATER"], ["2/1-A-15", "24.06.1992", "26.07.1992", "PRODUCTION", "OIL"], ["2/1-A-16", "26.10.1991", "03.01.1992", "INJECTION", "WATER"], ["2/1-A-16 AY2", "01.12.2004", "08.12.2004", "PRODUCTION", "OIL"], ["2/1-A-16 AY1", "20.07.2004", "30.11.2004", "PRODUCTION", "OIL"], ["2/1-A-16 B", "14.02.2009", "31.03.2009", "PRODUCTION", "OIL"], ["2/1-A-17", "05.12.1990", "23.01.1991", "INJECTION", "WATER"], ["2/1-A-17 A", "01.03.2004", "10.05.2004", "PRODUCTION", "OIL"], ["2/1-A-18", "22.05.1993", "08.09.1993", "PRODUCTION", "OIL"], ["2/1-A-19", "10.01.1992", "08.03.1992", "PRODUCTION", "OIL"], ["2/1-A-19 A", "14.11.2010", "25.11.2010", "PRODUCTION", "OIL"], ["2/1-A-20", "07.04.1993", "15.05.1993", "INJECTION", "WATER"], ["2/1-A-21", "27.11.1997", "05.06.1998", "INJECTION", "WATER"], ["2/1-A-22", "04.09.1991", "16.10.1991", "INJECTION", "WATER"], ["2/1-A-23", "18.04.1991", "29.06.1991", "PRODUCTION", "OIL"], ["2/1-A-24", "18.09.1992", "14.11.1992", "INJECTION", "NOTAPPLICABLE"], ["2/1-A-24 A", "25.12.1992", "30.01.1993", "PRODUCTION", "OIL"], ["2/1-A-24 B", "21.08.1995", "07.10.1995", "INJECTION", "WATER"], ["2/1-A-25", "22.01.1996", "04.03.1996", "PRODUCTION", "OIL"], ["2/1-A-25 A", "31.01.2011", "06.05.2011", "PRODUCTION", "OIL"], ["2/1-A-26", "03.08.1992", "12.09.1992", "PRODUCTION", "OIL"], ["2/1-A-27", "24.04.1992", "14.06.1992", "INJECTION", "WATER"], ["2/1-A-27 A", "10.11.2007", "11.12.2007", "PRODUCTION", "OIL"], ["2/1-A-28", "30.10.1995", "31.12.1995", "PRODUCTION", "OIL"], ["2/1-A-28 A", "17.07.2008", "07.08.2008", "INJECTION", "WATER"]]}, "35": {"index": [0, 1, 2, 3, 4, 5, 6, 7, 8], "columns": {"0": "2/1-A-29", "1": "21.08.1997", "2": "13.10.1997", "3": "INJECTION", "4": "WATER"}, "data": [["2/1-A-30", "23.07.1993", "20.11.1993", "PRODUCTION", "OIL"], ["2/1-A-30 A", "24.11.1993", "04.05.1994", "PRODUCTION", "OIL"], ["2/1-A-31", "05.02.1993", "19.03.1993", "PRODUCTION", "OIL"], ["2/1-A-31 A", "02.01.2005", "14.04.2005", "PRODUCTION", "OIL"], ["2/1-A-32", "20.05.1994", "03.08.1994", "INJECTION", "WATER"], ["2/1-A-32 A", "01.10.2006", "25.01.2007", "PRODUCTION", "OIL"], ["2/1-A-32 B", "08.06.2008", "08.07.2008", "PRODUCTION", "OIL"], ["2/1-A-32 C", "08.12.2012", "25.04.2013", "OBSERVATION", "OIL"], ["2/1-A-32 D", "27.04.2013", "14.08.2013", "PRODUCTION", "OIL"]]}, "36": {"index": [], "columns": {"0": "Wellbore name", "1": "Entered date", "2": "Completeddate", "3": "Purpose", "4": "Status"}, "data": []}, "kind": "osdu:wks:master-data--Field:1.0.0 ", "id": "npd:master-data--Factpages-Field:43492"}