{"0": {"index": [0, 1, 2, 3, 4, 5, 6], "columns": {"0": "Field name", "1": "MIME"}, "data": [["Factmaps in new window", "link to map"], ["Current activity status", "Shut down"], ["Discovery wellbore", "7/11-5"], ["Discovery year.", "1982"], ["Main area", "North sea"], ["Main supply base", NaN], ["NPDID field", "43792"]]}, "1": {"index": [0, 1, 2, 3], "columns": {"0": "Status", "1": "Status from", "2": "Status to"}, "data": [["Shut down", "04.11.1993", NaN], ["Producing", "01.01.1993", "03.11.1993"], ["Approved for", "06.11.1992", "31.12.1992"], ["production", NaN, NaN]]}, "2": {"index": [0], "columns": {"0": "Unnamed: 0", "1": "Block name", "2": "Prod. licence"}, "data": [["7/11", NaN, NaN]]}, "3": {"index": [0], "columns": {"0": "Orig. recoverableoil[mill Sm3]", "1": "Orig. recoverablegas[bill Sm3]", "2": "Orig. recoverableNGL[mill tonn]", "3": "Orig. recoverablecond.[mill Sm3]", "4": "Orig. recoverableoil eq.[mill Sm3 o.e]"}, "data": [[0.37, 0.08, 0.01, 0.0, 0.47]]}, "4": {"index": [0], "columns": {"0": "Remaining oil[mill Sm3]", "1": "Remaining gas[bill Sm3]", "2": "Remaining NGL[mill tonn]", "3": "Remaining cond.[mill Sm3]", "4": "Remaining oil eq.[mill Sm3 o.e]"}, "data": [[0.0, 0.0, 0.0, 0.0, 0.0]]}, "5": {"index": [0], "columns": {"0": "Orig. inplace oil[mill Sm3]", "1": "Orig. inplace ass.liquid[mill Sm3]", "2": "Orig. inplace ass.gas[bill Sm3]", "3": "Orig. inplace freegas[bill Sm3]"}, "data": [[7.0, 0.0, 2.0, 0.0]]}, "6": {"index": [0, 1, 2, 3, 4], "columns": {"0": "Type", "1": "Text", "2": "Dateupdated"}, "data": [["Development", "Mime is a field in the southern part of the Norwegian sector inthe North Sea, six kilometres northeast of the Cod field. Thewater depth is 80 metres. Mime was discovered in 1982, andthe plan for development and operation (PDO) was approved in1992. The field was developed with a subsea well tied to theCod facility. Production started 1993.", "28.02.2023"], ["Reservoir", "Mime produced oil from sandstone of Late Jurassic age in theUla Formation. The reservoir depth is 4,200 metres.", "28.02.2023"], ["Recovery strategy", "The filed was produced by pressure depletion.", "28.02.2023"], ["Transport", "The well stream from Mime was mixed with gas and condensatefrom the Cod field and transported to the Ekofisk Complex. Theoil was transported further to Teesside in the UK, whereas thegas was used at the Ekofisk Complex.", "28.02.2023"], ["Status", "The field was shut down in 1993 and the facility was removed in1999. Currently, there are no plans to recover the remainingresources.", NaN]]}, "7": {"index": [0, 1, 2, 3, 4, 5, 6], "columns": {"0": "Unnamed: 0", "1": "Investments[mill NOK nominalvalues]"}, "data": [["Sum", 323], ["1994", 0], ["1993", -1], ["1992", 0], ["1991", 0], ["1990", 264], ["1989", 60]]}, "8": {"index": [0, 1, 2, 3, 4, 5, 6, 7, 8, 9, 10, 11, 12, 13, 14, 15, 16, 17, 18, 19, 20, 21, 22, 23, 24, 25, 26, 27, 28, 29, 30, 31, 32, 33, 34, 35, 36, 37, 38], "columns": {"0": "Unnamed: 0", "1": "Month", "2": "Net - oil[mill Sm3]", "3": "Net - gas[bill Sm3]", "4": "Net -condensate[mill Sm3]", "5": "Net - NGL[mill Sm3]", "6": "Net - oil equivalents[mill Sm3]"}, "data": [["Sum", NaN, 0.374755, 0.084639, 0.0, 0.024826, NaN], ["1993", NaN, 0.064241, 0.014563, 0.0, 0.004007, 0.082811], [NaN, 1.0, 0.008338, 0.001895, 0.0, 0.000512, 0.010745], [NaN, 2.0, 0.00748, 0.001647, 0.0, 0.000463, 0.00959], [NaN, 3.0, 0.001663, 0.000301, 0.0, 9.4e-05, 0.002058], [NaN, 4.0, 0.005412, 0.001108, 0.0, 0.000314, 0.006834], [NaN, 5.0, 0.008225, 0.001988, 0.0, 0.000539, 0.010752], [NaN, 6.0, 0.006409, 0.001492, 0.0, 0.000406, 0.008307], [NaN, 7.0, 0.007564, 0.001671, 0.0, 0.000461, 0.009696], [NaN, 8.0, 0.007217, 0.001634, 0.0, 0.000446, 0.009297], [NaN, 9.0, 0.006154, 0.001451, 0.0, 0.000401, 0.008006], [NaN, 10.0, 0.005244, 0.00126, 0.0, 0.000334, 0.006838], [NaN, 11.0, 0.000535, 0.000116, 0.0, 3.7e-05, 0.000688], ["1992", NaN, 0.122331, 0.027603, 0.0, 0.00755, 0.157484], [NaN, 1.0, 0.012504, 0.002728, 0.0, 0.000781, 0.016013], [NaN, 2.0, 0.011282, 0.002502, 0.0, 0.000706, 0.01449], [NaN, 3.0, 0.00981, 0.002143, 0.0, 0.00058, 0.012533], [NaN, 4.0, 0.008376, 0.001884, 0.0, 0.000537, 0.010797], [NaN, 5.0, 0.00925, 0.002111, 0.0, 0.000582, 0.011943], [NaN, 6.0, 0.010975, 0.002484, 0.0, 0.000708, 0.014167], [NaN, 7.0, 0.010793, 0.002466, 0.0, 0.000696, 0.013955], [NaN, 8.0, 0.010606, 0.002375, 0.0, 0.000704, 0.013685], [NaN, 9.0, 0.009891, 0.002236, 0.0, 0.000649, 0.012776], [NaN, 10.0, 0.010655, 0.002424, 0.0, 0.000518, 0.013597], [NaN, 11.0, 0.009628, 0.002223, 0.0, 0.000541, 0.012392], [NaN, 12.0, 0.008561, 0.002027, 0.0, 0.000548, 0.011136], ["1991", NaN, 0.162348, 0.036706, 0.0, 0.011339, 0.210393], ["1", 0.015728, 0.00372, 0.0, 0.001174, 0.020622, NaN], ["2", 0.014714, 0.003373, 0.0, 0.001037, 0.019124, NaN], ["3", 0.016465, 0.003832, 0.0, 0.001194, 0.021491, NaN], ["4", 0.015316, 0.003473, 0.0, 0.001152, 0.019941, NaN], ["5", 0.015198, 0.003372, 0.0, 0.001075, 0.019645, NaN], ["6", 0.014096, 0.003116, 0.0, 0.000992, 0.018204, NaN], ["7", 0.013796, 0.003175, 0.0, 0.000874, 0.017845, NaN], ["8", 0.005121, 0.001147, 0.0, 0.000231, 0.006499, NaN], ["9", 0.013723, 0.003122, 0.0, 0.001042, 0.017887, NaN], ["10", 0.013474, 0.002951, 0.0, 0.000925, 0.01735, NaN], ["11", 0.012261, 0.002669, 0.0, 0.000816, 0.015746, NaN], ["12", 0.012456, 0.002756, 0.0, 0.000827, 0.016039, NaN]]}, "9": {"index": [0, 1, 2], "columns": {"0": "1990", "1": "Unnamed: 0", "2": "0.025835", "3": "0.005767", "4": "0.000000", "5": "0.001930", "6": "0.033532"}, "data": [[10, 0.002225, 0.000484, 0.0, 0.000178, 0.002887, NaN], [11, 0.011896, 0.002636, 0.0, 0.000901, 0.015433, NaN], [12, 0.011714, 0.002647, 0.0, 0.000851, NaN, NaN]]}, "10": {"index": [0, 1, 2, 3, 4, 5, 6, 7, 8, 9, 10, 11, 12, 13, 14, 15, 16, 17, 18, 19, 20, 21, 22, 23, 24, 25, 26, 27, 28, 29, 30, 31, 32, 33, 34], "columns": {"0": "Unnamed: 0", "1": "Month", "2": "Gross - oil[mill Sm3]", "3": "Gross - gas[bill Sm3]", "4": "Gross -condensate[mill Sm3]", "5": "Gross - oilequivalents[mill Sm3]"}, "data": [["Sum", NaN, 0.391057, 0.08089, 0.0, 0.471947], ["1993", NaN, 0.066824, 0.013945, 0.0, 0.080769], [NaN, 1.0, 0.00868, 0.001857, 0.0, 0.010537], [NaN, 2.0, 0.00774, 0.001568, 0.0, 0.009308], [NaN, 3.0, 0.001719, 0.00028, 0.0, 0.001999], [NaN, 4.0, 0.005621, 0.001044, 0.0, 0.006665], [NaN, 5.0, 0.008586, 0.001903, 0.0, 0.010489], [NaN, 6.0, 0.00665, 0.001464, 0.0, 0.008114], [NaN, 7.0, 0.007864, 0.001566, 0.0, 0.00943], [NaN, 8.0, 0.007515, 0.001549, 0.0, 0.009064], [NaN, 9.0, 0.006413, 0.001391, 0.0, 0.007804], [NaN, 10.0, 0.005478, 0.001212, 0.0, 0.00669], [NaN, 11.0, 0.000558, 0.000111, 0.0, 0.000669], ["1992", NaN, 0.127076, 0.026286, 0.0, 0.153362], [NaN, 1.0, 0.012997, 0.002605, 0.0, 0.015602], [NaN, 2.0, 0.011744, 0.0024, 0.0, 0.014144], [NaN, 3.0, 0.010139, 0.002034, 0.0, 0.012173], [NaN, 4.0, 0.008701, 0.001783, 0.0, 0.010484], [NaN, 5.0, 0.009571, 0.002018, 0.0, 0.011589], [NaN, 6.0, 0.011387, 0.002398, 0.0, 0.013785], [NaN, 7.0, 0.011267, 0.00234, 0.0, 0.013607], [NaN, 8.0, 0.01105, 0.00225, 0.0, 0.0133], [NaN, 9.0, 0.010338, 0.002119, 0.0, 0.012457], [NaN, 10.0, 0.010952, 0.002285, 0.0, 0.013237], [NaN, 11.0, 0.010002, 0.002086, 0.0, 0.012088], [NaN, 12.0, 0.008928, 0.001968, 0.0, 0.010896], ["1991", NaN, 0.169988, 0.035125, 0.0, 0.205113], ["1", 0.016522, 0.003591, 0.0, 0.020113, NaN], ["2", 0.015365, 0.003295, 0.0, 0.01866, NaN], ["3", 0.017316, 0.003651, 0.0, 0.020967, NaN], ["4", 0.016076, 0.003335, 0.0, 0.019411, NaN], ["5", 0.015943, 0.003258, 0.0, 0.019201, NaN], ["6", 0.014698, 0.002977, 0.0, 0.017675, NaN], ["7", 0.014283, 0.002975, 0.0, 0.017258, NaN], ["8", 0.005379, 0.001124, 0.0, 0.006503, NaN]]}, "11": {"index": [0, 1, 2, 3, 4, 5, 6], "columns": {"0": "1991", "1": "9", "2": "0.014515", "3": "0.002986", "4": "0.000000", "5": "0.017501"}, "data": [[NaN, 10.0, 0.014119, 0.002797, 0.0, 0.016916], [NaN, 11.0, 0.012776, 0.002551, 0.0, 0.015327], [NaN, 12.0, 0.012996, 0.002585, 0.0, 0.015581], [1990.0, NaN, 0.027169, 0.005534, 0.0, 0.032703], [NaN, 10.0, 0.002364, 0.00046, 0.0, 0.002824], [NaN, 11.0, 0.012557, 0.002527, 0.0, 0.015084], [NaN, 12.0, 0.012248, 0.002547, 0.0, 0.014795]]}, "12": {"index": [0, 1, 2, 3, 4, 5], "columns": {"0": "Wellbore name", "1": "Entered date", "2": "Completed", "3": "Purpose", "4": "Status", "5": "Content"}, "data": [[NaN, NaN, "date", NaN, NaN, NaN], ["7/11-4", "02.07.1969", "31.07.1969", "WILDCAT", "P&A", "DRY"], ["7/11-5", "09.02.1982", "10.06.1982", "WILDCAT", "P&A", "OIL"], ["7/11-10 S", "05.07.1990", "10.09.1990", "APPRAISAL", "SUSPENDED", "OIL"], ["7/11-10 SR", "25.09.1990", "24.10.1990", "APPRAISAL", "P&A", "OIL"], ["7/11-11 S", "29.03.2007", "10.06.2007", "APPRAISAL", "P&A", "OIL SHOWS"]]}, "13": {"index": [0], "columns": {"0": "Wellbore name", "1": "Entered date", "2": "Completed", "3": "Purpose", "4": "Content"}, "data": [[NaN, NaN, "date", NaN, NaN]]}, "14": {"index": [0], "columns": {"0": "Wellbore name", "1": "Entered date", "2": "Completed", "3": "Purpose", "4": "Status"}, "data": [[NaN, NaN, "date", NaN, NaN]]}, "kind": "osdu:wks:master-data--Field:1.0.0 ", "id": "npd:master-data--Factpages-Field:43792"}