{"0": {"index": [0, 1, 2, 3, 4, 5, 6], "columns": {"0": "Field name", "1": "VEST EKOFISK"}, "data": [["Factmaps in new window", "link to map"], ["Current activity status", "Shut down"], ["Discovery wellbore", "2/4-6"], ["Discovery year.", "1970"], ["Main area", "North sea"], ["Main supply base", NaN], ["NPDID field", "43513"]]}, "1": {"index": [0, 1, 2, 3], "columns": {"0": "Status", "1": "Status from", "2": "Status to"}, "data": [["Shut down", "25.08.1998", NaN], ["Producing", "31.05.1977", "24.08.1998"], ["Approved for", "04.05.1973", "30.05.1977"], ["production", NaN, NaN]]}, "2": {"index": [0], "columns": {"0": "Unnamed: 0", "1": "Block name", "2": "Prod. licence"}, "data": [["2/4", NaN, 18]]}, "3": {"index": [0], "columns": {"0": "Owner kind", "1": "Unnamed: 0", "2": "Owner name"}, "data": [["PRODUCTION LICENSE", 18, NaN]]}, "4": {"index": [0, 1, 2], "columns": {"0": "Company name", "1": "Nation code", "2": "Company share [%]"}, "data": [["TotalEnergies EP Norge AS", "NO", 39.896], ["ConocoPhillips Skandinavia AS", "NO", 35.112], ["V\u00e5r Energi ASA", "NO", 12.388]]}, "5": {"index": [0], "columns": {"0": "Sval Energi AS", "1": "NO", "2": "7.604000"}, "data": [["Petoro AS", "NO", 5.0]]}, "6": {"index": [0, 1, 2], "columns": {"0": "Orig. recoverable", "1": "Orig. recoverable.1", "2": "Orig. recoverable.2", "3": "Orig. recoverable.3", "4": "Orig. recoverable.4"}, "data": [["oil", "gas", "NGL", "cond.", "oil eq."], ["[mill Sm3]", "[bill Sm3]", "[mill tonn]", "[mill Sm3]", "[mill Sm3 o.e]"], ["12.15", "25.97", "1.43", "0.00", "40.84"]]}, "7": {"index": [0, 1], "columns": {"0": "Remaining oil", "1": "Remaining gas", "2": "Remaining NGL", "3": "Remaining cond.", "4": "Remaining oil eq."}, "data": [["[mill Sm3]", "[bill Sm3]", "[mill tonn]", "[mill Sm3]", "[mill Sm3 o.e]"], ["0.00", "0.00", "0.00", "0.00", "0.00"]]}, "8": {"index": [0, 1, 2], "columns": {"0": "Orig. inplace oil", "1": "Orig. inplace ass.", "2": "Orig. inplace ass..1", "3": "Orig. inplace free"}, "data": [["[mill Sm3]", "liquid", "gas", "gas"], [NaN, "[mill Sm3]", "[bill Sm3]", "[bill Sm3]"], ["85.00", "0.00", "45.00", "0.00"]]}, "9": {"index": [0, 1, 2, 3, 4, 5, 6, 7, 8, 9, 10, 11, 12, 13, 14, 15, 16, 17, 18, 19], "columns": {"0": "Type", "1": "Text", "2": "Date"}, "data": [[NaN, NaN, "updated"], ["Development", "Vest Ekofisk is a field in the southern part of the Norwegian", "28.02.2023"], [NaN, "sector in the North Sea, five kilometres west of the Ekofisk field.", NaN], [NaN, "The water depth is 70 metres. Vest Ekofisk was discovered in", NaN], [NaN, "1970, and the plan for development and operation (PDO) was", NaN], [NaN, "approved in 1973. The field was developed with a combined", NaN], [NaN, "drilling, production and living quarters facility. Production", NaN], [NaN, "started in 1977. From 1994, the Vest Ekofisk 2/4 D facility was", NaN], [NaN, "remotely controlled from Ekofisk 2/4 T.", NaN], ["Reservoir", "Vest Ekofisk produced oil and gas from fractured chalk of Late", "28.02.2023"], [NaN, "Cretaceous age in the Tor Formation and of early Paleocene age", NaN], [NaN, "in the Ekofisk Formation. The reservoir lies at a depth of 3,200", NaN], [NaN, "metres on a salt dome.", NaN], ["Recovery strategy", "The field was produced by pressure depletion.", "28.02.2023"], ["Transport", "The well stream was transported via pipeline to the Ekofisk", "28.02.2023"], [NaN, "Complex for further export to Emden in Germany and Teesside", NaN], [NaN, "in the UK.", NaN], ["Status", "Production was shut down in 1998 and the facility was removed", "28.02.2023"], [NaN, "in 2012. Any redevelopment of the field must be viewed in", NaN], [NaN, "combination with other decommissioned fields in the area.", NaN]]}, "10": {"index": [0, 1, 2, 3, 4, 5, 6, 7, 8, 9, 10, 11, 12, 13, 14, 15, 16, 17, 18, 19, 20, 21, 22, 23, 24, 25, 26, 27, 28, 29, 30, 31, 32, 33, 34, 35, 36, 37, 38, 39, 40], "columns": {"0": "Unnamed: 0", "1": "Investments[mill NOK nominalvalues]"}, "data": [["Sum", 943], ["2016", 0], ["2015", 0], ["2014", 0], ["2013", 0], ["2012", 0], ["2011", 0], ["2010", 0], ["2009", 0], ["2008", 0], ["2007", 0], ["2006", 0], ["2005", 0], ["2004", 0], ["2003", 0], ["2002", 0], ["2001", 0], ["2000", 0], ["1999", 0], ["1998", 0], ["1997", 0], ["1996", 0], ["1995", 1], ["1994", 40], ["1993", 14], ["1992", 10], ["1991", 9], ["1990", 4], ["1989", 3], ["1988", 40], ["1987", 18], ["1986", 87], ["1985", 4], ["1984", 12], ["1983", 136], ["1982", 38], ["1981", 1], ["1980", 1], ["1979", 3], ["1978", 8], ["1977", 83]]}, "11": {"index": [0, 1, 2, 3], "columns": {"0": "1976", "1": "105"}, "data": [[1975, 132], [1974, 103], [1973, 88], [1972, 3]]}, "12": {"index": [0, 1, 2, 3, 4, 5, 6, 7, 8, 9, 10, 11, 12, 13, 14, 15, 16, 17, 18, 19, 20, 21, 22, 23, 24, 25, 26, 27, 28, 29, 30, 31, 32, 33, 34, 35], "columns": {"0": "Unnamed: 0", "1": "Month", "2": "Net - oil", "3": "Net - gas", "4": "Net -", "5": "Net - NGL", "6": "Net - oil equivalents"}, "data": [[NaN, NaN, "[mill Sm3]", "[bill Sm3]", "condensate", "[mill Sm3]", NaN], [NaN, NaN, NaN, NaN, "[mill Sm3]", NaN, "[mill Sm3]"], ["Sum", NaN, "12.153426", "25.974306", "0.000000", "2.910241", "41.037973"], ["1998", NaN, "0.025523", "0.093881", "0.000000", "0.015503", "0.134907"], [NaN, 1.0, "0.004055", "0.014287", "0.000000", "0.002600", "0.020942"], [NaN, 2.0, "0.003485", "0.012907", "0.000000", "0.002040", "0.018432"], [NaN, 3.0, "0.003727", "0.014068", "0.000000", "0.002161", "0.019956"], [NaN, 4.0, "0.003968", "0.013374", "0.000000", "0.002440", "0.019782"], [NaN, 5.0, "0.003937", "0.013454", "0.000000", "0.002202", "0.019593"], [NaN, 6.0, "0.003571", "0.012848", "0.000000", "0.002169", "0.018588"], [NaN, 7.0, "0.002780", "0.012943", "0.000000", "0.001891", "0.017614"], ["1997", NaN, "0.046207", "0.165622", "0.000000", "0.026299", "0.238128"], [NaN, 1.0, "0.003571", "0.013003", "0.000000", "0.002067", "0.018641"], [NaN, 2.0, "0.003996", "0.013641", "0.000000", "0.002177", "0.019814"], [NaN, 3.0, "0.003723", "0.015354", "0.000000", "0.002253", "0.021330"], [NaN, 4.0, "0.004042", "0.012096", "0.000000", "0.001983", "0.018121"], [NaN, 5.0, "0.003671", "0.012393", "0.000000", "0.001851", "0.017915"], [NaN, 6.0, "0.003347", "0.012368", "0.000000", "0.001750", "0.017465"], [NaN, 7.0, "0.003206", "0.011281", "0.000000", "0.001707", "0.016194"], [NaN, 8.0, "0.004105", "0.016532", "0.000000", "0.002656", "0.023293"], [NaN, 9.0, "0.003937", "0.015380", "0.000000", "0.002456", "0.021773"], [NaN, 10.0, "0.004047", "0.015279", "0.000000", "0.002480", "0.021806"], [NaN, 11.0, "0.003924", "0.014325", "0.000000", "0.002481", "0.020730"], [NaN, 12.0, "0.004638", "0.013970", "0.000000", "0.002438", "0.021046"], ["1996", NaN, "0.054722", "0.195320", "0.000000", "0.028816", "0.278858"], [NaN, 1.0, "0.005416", "0.019345", "0.000000", "0.003045", "0.027806"], [NaN, 2.0, "0.005437", "0.019748", "0.000000", "0.002741", "0.027926"], [NaN, 3.0, "0.005625", "0.021238", "0.000000", "0.003120", "0.029983"], [NaN, 4.0, "0.005415", "0.019393", "0.000000", "0.002965", "0.027773"], [NaN, 5.0, "0.004284", "0.015645", "0.000000", "0.002011", "0.021940"], [NaN, 6.0, "0.003912", "0.013538", "0.000000", "0.001922", "0.019372"], [NaN, 7.0, "0.003607", "0.012494", "0.000000", "0.001839", "0.017940"], [NaN, 8.0, "0.003556", "0.012707", "0.000000", "0.001983", "0.018246"], [NaN, 9.0, "0.003782", "0.012565", "0.000000", "0.001830", "0.018177"], [NaN, 10.0, "0.004375", "0.015042", "0.000000", "0.002311", "0.021728"], [NaN, 11.0, "0.004837", "0.016903", "0.000000", "0.002594", "0.024334"]]}, "13": {"index": [0, 1, 2, 3, 4, 5, 6, 7, 8, 9, 10, 11, 12, 13, 14, 15, 16, 17, 18, 19, 20, 21, 22, 23, 24, 25, 26, 27, 28, 29, 30, 31, 32, 33, 34, 35, 36, 37, 38, 39, 40, 41], "columns": {"0": "1996", "1": "12", "2": "0.004476", "3": "0.016702", "4": "0.000000", "5": "0.002455", "6": "Unnamed: 0"}, "data": [[1995.0, NaN, 0.070953, 0.25174, 0.0, 0.039135, 0.361828], [NaN, 1.0, 0.007186, 0.022047, 0.0, 0.003641, 0.032874], [NaN, 2.0, 0.006994, 0.023943, 0.0, 0.003737, 0.034674], [NaN, 3.0, 0.007259, 0.025715, 0.0, 0.004243, 0.037217], [NaN, 4.0, 0.007296, 0.024175, 0.0, 0.00371, 0.035181], [NaN, 5.0, 0.006635, 0.023027, 0.0, 0.003642, 0.033304], [NaN, 6.0, 0.006242, 0.021898, 0.0, 0.003405, 0.031545], [NaN, 7.0, 0.005172, 0.017901, 0.0, 0.003051, 0.026124], [NaN, 8.0, 0.003794, 0.01465, 0.0, 0.002066, 0.02051], [NaN, 9.0, 0.004678, 0.018998, 0.0, 0.00291, 0.026586], [NaN, 10.0, 0.005145, 0.020046, 0.0, 0.002053, 0.027244], [NaN, 11.0, 0.004957, 0.019062, 0.0, 0.003419, 0.027438], [NaN, 12.0, 0.005595, 0.020278, 0.0, 0.003258, 0.029131], [1994.0, NaN, 0.097233, 0.347377, 0.0, 0.050878, 0.495488], [NaN, 1.0, 0.009241, 0.032058, 0.0, 0.004753, 0.046052], [NaN, 2.0, 0.007775, 0.028941, 0.0, 0.004242, 0.040958], [NaN, 3.0, 0.009615, 0.033969, 0.0, 0.005497, 0.049081], [NaN, 4.0, 0.008791, 0.031287, 0.0, 0.004742, 0.04482], [NaN, 5.0, 0.008481, 0.031726, 0.0, 0.004547, 0.044754], [NaN, 6.0, 0.008311, 0.029566, 0.0, 0.004386, 0.042263], [NaN, 7.0, 0.008018, 0.030311, 0.0, 0.003596, 0.041925], [NaN, 8.0, 0.00475, 0.013994, 0.0, 0.001721, 0.020465], [NaN, 9.0, 0.007737, 0.027903, 0.0, 0.00387, 0.03951], [NaN, 10.0, 0.008749, 0.030681, 0.0, 0.004581, 0.044011], [NaN, 11.0, 0.008086, 0.029022, 0.0, 0.004388, 0.041496], [NaN, 12.0, 0.007679, 0.027919, 0.0, 0.004555, 0.040153], [1993.0, NaN, 0.108235, 0.408888, 0.0, 0.058245, 0.575368], [NaN, 1.0, 0.00778, 0.031603, 0.0, 0.004133, 0.043516], [NaN, 2.0, 0.006797, 0.026061, 0.0, 0.003628, 0.036486], [NaN, 3.0, 0.007084, 0.026602, 0.0, 0.003677, 0.037363], [NaN, 4.0, 0.007235, 0.026543, 0.0, 0.003621, 0.037399], [NaN, 5.0, 0.00729, 0.027081, 0.0, 0.003828, 0.038199], [NaN, 6.0, 0.008733, 0.032897, 0.0, 0.004557, 0.046187], [NaN, 7.0, 0.010837, 0.043796, 0.0, 0.005996, 0.060629], [NaN, 8.0, 0.012678, 0.043069, 0.0, 0.006292, 0.062039], [NaN, 9.0, 0.009996, 0.039712, 0.0, 0.005573, 0.055281], [NaN, 10.0, 0.010886, 0.040043, 0.0, 0.005516, 0.056445], [NaN, 11.0, 0.009629, 0.036079, 0.0, 0.005966, 0.051674], [NaN, 12.0, 0.00929, 0.035402, 0.0, 0.005458, 0.05015], [1992.0, NaN, 0.098865, 0.356784, 0.0, 0.048738, 0.504387], [1.0, 0.009978, 0.035833, 0.0, 0.00496, 0.050771, NaN], [2.0, 0.008673, 0.030582, 0.0, 0.004267, 0.043522, NaN]]}, "14": {"index": [0, 1, 2, 3, 4, 5, 6, 7, 8, 9, 10, 11, 12, 13, 14, 15, 16, 17, 18, 19, 20, 21, 22, 23, 24, 25, 26, 27, 28, 29, 30, 31, 32, 33, 34, 35, 36, 37, 38, 39, 40, 41], "columns": {"0": "1992", "1": "3", "2": "0.006442", "3": "0.024576", "4": "0.000000", "5": "0.003300", "6": "0.034318"}, "data": [[NaN, 4.0, 0.009754, 0.033674, 0.0, 0.004785, 0.048213], [NaN, 5.0, 0.007739, 0.025286, 0.0, 0.003471, 0.036496], [NaN, 6.0, 0.007943, 0.028562, 0.0, 0.004025, 0.04053], [NaN, 7.0, 0.009859, 0.036025, 0.0, 0.005127, 0.051011], [NaN, 8.0, 0.009388, 0.033897, 0.0, 0.004975, 0.04826], [NaN, 9.0, 0.007795, 0.025251, 0.0, 0.003711, 0.036757], [NaN, 10.0, 0.007051, 0.02634, 0.0, 0.002761, 0.036152], [NaN, 11.0, 0.00615, 0.024687, 0.0, 0.00301, 0.033847], [NaN, 12.0, 0.008093, 0.032071, 0.0, 0.004346, 0.04451], [1991.0, NaN, 0.119051, 0.414754, 0.0, 0.063603, 0.597408], [NaN, 1.0, 0.010654, 0.034156, 0.0, 0.005524, 0.050334], [NaN, 2.0, 0.009011, 0.03135, 0.0, 0.004826, 0.045187], [NaN, 3.0, 0.010317, 0.034621, 0.0, 0.005441, 0.050379], [NaN, 4.0, 0.011005, 0.035897, 0.0, 0.005912, 0.052814], [NaN, 5.0, 0.012497, 0.04052, 0.0, 0.006538, 0.059555], [NaN, 6.0, 0.011258, 0.040174, 0.0, 0.006372, 0.057804], [NaN, 7.0, 0.011013, 0.039485, 0.0, 0.00547, 0.055968], [NaN, 8.0, 0.003727, 0.012186, 0.0, 0.001205, 0.017118], [NaN, 9.0, 0.01037, 0.038886, 0.0, 0.006349, 0.055605], [NaN, 10.0, 0.010133, 0.038432, 0.0, 0.005832, 0.054397], [NaN, 11.0, 0.009787, 0.03568, 0.0, 0.005267, 0.050734], [NaN, 12.0, 0.009279, 0.033367, 0.0, 0.004867, 0.047513], [1990.0, NaN, 0.156879, 0.524398, 0.0, 0.095431, 0.776708], [NaN, 1.0, 0.015634, 0.056119, 0.0, 0.010515, 0.082268], [NaN, 2.0, 0.01452, 0.047607, 0.0, 0.009141, 0.071268], [NaN, 3.0, 0.015515, 0.04962, 0.0, 0.009941, 0.075076], [NaN, 4.0, 0.013599, 0.048163, 0.0, 0.009025, 0.070787], [NaN, 5.0, 0.014699, 0.046987, 0.0, 0.008956, 0.070642], [NaN, 6.0, 0.013577, 0.044018, 0.0, 0.008312, 0.065907], [NaN, 7.0, 0.011847, 0.038669, 0.0, 0.006393, 0.056909], [NaN, 8.0, 0.012969, 0.043607, 0.0, 0.008041, 0.064617], [NaN, 9.0, 0.012288, 0.039959, 0.0, 0.006997, 0.059244], [NaN, 10.0, 0.011828, 0.040817, 0.0, 0.007047, 0.059692], [NaN, 11.0, 0.010162, 0.033736, 0.0, 0.005499, 0.049397], [NaN, 12.0, 0.010241, 0.035096, 0.0, 0.005564, 0.050901], [1989.0, NaN, 0.213317, 0.7479, 0.0, 0.137797, 1.099014], [1.0, 0.021857, 0.071308, 0.0, 0.012124, 0.105289, NaN], [2.0, 0.019381, 0.064362, 0.0, 0.012311, 0.096054, NaN], [3.0, 0.017983, 0.063121, 0.0, 0.011866, 0.09297, NaN], [4.0, 0.01347, 0.046351, 0.0, 0.008802, 0.068623, NaN], [5.0, 0.015866, 0.055664, 0.0, 0.010351, 0.081881, NaN], [6.0, 0.019324, 0.069234, 0.0, 0.01245, 0.101008, NaN]]}, "15": {"index": [0, 1, 2, 3, 4, 5, 6, 7, 8, 9, 10, 11, 12, 13, 14, 15, 16, 17, 18, 19, 20, 21, 22, 23, 24, 25, 26, 27, 28, 29, 30, 31, 32, 33, 34, 35, 36, 37, 38, 39, 40, 41], "columns": {"0": "1989", "1": "7", "2": "0.018667", "3": "0.068903", "4": "0.000000", "5": "0.012446", "6": "0.100016"}, "data": [[NaN, 8.0, 0.0184, 0.064173, 0.0, 0.01187, 0.094443], [NaN, 9.0, 0.016798, 0.064145, 0.0, 0.012295, 0.093238], [NaN, 10.0, 0.018268, 0.063751, 0.0, 0.01245, 0.094469], [NaN, 11.0, 0.016815, 0.059089, 0.0, 0.010541, 0.086445], [NaN, 12.0, 0.016488, 0.057799, 0.0, 0.010291, 0.084578], [1988.0, NaN, 0.284467, 1.06773, 0.0, 0.204894, 1.557091], [NaN, 1.0, 0.028116, 0.105925, 0.0, 0.018839, 0.15288], [NaN, 2.0, 0.029927, 0.089609, 0.0, 0.019099, 0.138635], [NaN, 3.0, 0.023914, 0.095411, 0.0, 0.019554, 0.138879], [NaN, 4.0, 0.023374, 0.098894, 0.0, 0.019196, 0.141464], [NaN, 5.0, 0.023749, 0.099156, 0.0, 0.016578, 0.139483], [NaN, 6.0, 0.022583, 0.088961, 0.0, 0.017137, 0.128681], [NaN, 7.0, 0.024797, 0.077219, 0.0, 0.014777, 0.116793], [NaN, 8.0, 0.02108, 0.076419, 0.0, 0.015155, 0.112654], [NaN, 9.0, 0.023543, 0.090107, 0.0, 0.01793, 0.13158], [NaN, 10.0, 0.021553, 0.086961, 0.0, 0.015797, 0.124311], [NaN, 11.0, 0.021315, 0.079879, 0.0, 0.015267, 0.116461], [NaN, 12.0, 0.020516, 0.079189, 0.0, 0.015565, 0.11527], [1987.0, NaN, 0.283389, 1.245655, 0.0, 0.202055, 1.731099], [NaN, 1.0, 0.027229, 0.116163, 0.0, 0.018943, 0.162335], [NaN, 2.0, 0.024925, 0.107438, 0.0, 0.017455, 0.149818], [NaN, 3.0, 0.028418, 0.124721, 0.0, 0.02103, 0.174169], [NaN, 4.0, 0.023902, 0.109585, 0.0, 0.018341, 0.151828], [NaN, 5.0, 0.025815, 0.110599, 0.0, 0.020066, 0.15648], [NaN, 6.0, 0.026314, 0.114556, 0.0, 0.020301, 0.161171], [NaN, 7.0, 0.026004, 0.109536, 0.0, 0.019316, 0.154856], [NaN, 8.0, 0.006031, 0.025914, 0.0, 0.004516, 0.036461], [NaN, 9.0, 0.021493, 0.090025, 0.0, 0.013135, 0.124653], [NaN, 10.0, 0.022631, 0.116493, 0.0, 0.012826, 0.15195], [NaN, 11.0, 0.024077, 0.111563, 0.0, 0.017644, 0.153284], [NaN, 12.0, 0.02655, 0.109062, 0.0, 0.018482, 0.154094], [1986.0, NaN, 0.331953, 1.341204, 0.0, 0.217816, 1.890973], [1.0, 0.028212, 0.107767, 0.0, 0.01809, 0.154069, NaN], [2.0, 0.026004, 0.103869, 0.0, 0.017633, 0.147506, NaN], [3.0, 0.030251, 0.116109, 0.0, 0.019705, 0.166065, NaN], [4.0, 0.009427, 0.035127, 0.0, 0.005999, 0.050553, NaN], [5.0, 0.031495, 0.120466, 0.0, 0.019929, 0.17189, NaN], [6.0, 0.030073, 0.130703, 0.0, 0.022414, 0.18319, NaN], [7.0, 0.030435, 0.13422, 0.0, 0.022238, 0.186893, NaN], [8.0, 0.030215, 0.125875, 0.0, 0.021843, 0.177933, NaN], [9.0, 0.028741, 0.11509, 0.0, 0.017862, 0.161693, NaN], [10.0, 0.030742, 0.125556, 0.0, 0.014521, 0.170819, NaN]]}, "16": {"index": [0, 1, 2, 3, 4, 5, 6, 7, 8, 9, 10, 11, 12, 13, 14, 15, 16, 17, 18, 19, 20, 21, 22, 23, 24, 25, 26, 27, 28, 29, 30, 31, 32, 33, 34, 35, 36, 37, 38, 39, 40, 41], "columns": {"0": "1986", "1": "11", "2": "0.026828", "3": "0.112579", "4": "0.000000", "5": "0.017763", "6": "0.157170"}, "data": [[NaN, 12.0, 0.02953, 0.113843, 0.0, 0.019819, 0.163192], [1985.0, NaN, 0.380653, 1.292013, 0.0, 0.226433, 1.899099], [NaN, 1.0, 0.039564, 0.132655, 0.0, 0.018147, 0.190366], [NaN, 2.0, 0.036317, 0.119738, 0.0, 0.020319, 0.176374], [NaN, 3.0, 0.037311, 0.127021, 0.0, 0.023907, 0.188239], [NaN, 4.0, 0.034374, 0.124022, 0.0, 0.019878, 0.178274], [NaN, 5.0, 0.035922, 0.118701, 0.0, 0.020582, 0.175205], [NaN, 6.0, 0.032404, 0.108909, 0.0, 0.019434, 0.160747], [NaN, 7.0, 0.030699, 0.106305, 0.0, 0.020289, 0.157293], [NaN, 8.0, 0.029038, 0.097622, 0.0, 0.018346, 0.145006], [NaN, 9.0, 0.02876, 0.091198, 0.0, 0.018269, 0.138227], [NaN, 10.0, 0.025509, 0.091063, 0.0, 0.016528, 0.1331], [NaN, 11.0, 0.02351, 0.085527, 0.0, 0.015367, 0.124404], [NaN, 12.0, 0.027245, 0.089252, 0.0, 0.015367, 0.131864], [1984.0, NaN, 0.398869, 1.281805, 0.0, 0.207022, 1.887696], [NaN, 1.0, 0.042333, 0.138175, 0.0, 0.021802, 0.20231], [NaN, 2.0, 0.034128, 0.106511, 0.0, 0.018241, 0.15888], [NaN, 3.0, 0.034975, 0.110835, 0.0, 0.017809, 0.163619], [NaN, 4.0, 0.032395, 0.104577, 0.0, 0.018641, 0.155613], [NaN, 5.0, 0.035313, 0.112348, 0.0, 0.019834, 0.167495], [NaN, 6.0, 0.033665, 0.104989, 0.0, 0.018854, 0.157508], [NaN, 7.0, 0.033231, 0.101566, 0.0, 0.014768, 0.149565], [NaN, 8.0, 0.019468, 0.056837, 0.0, 0.00837, 0.084675], [NaN, 9.0, 0.029808, 0.097544, 0.0, 0.014047, 0.141399], [NaN, 10.0, 0.03498, 0.115177, 0.0, 0.018375, 0.168532], [NaN, 11.0, 0.033497, 0.11711, 0.0, 0.017617, 0.168224], [NaN, 12.0, 0.035076, 0.116136, 0.0, 0.018664, 0.169876], [1983.0, NaN, 0.517145, 1.680389, 0.0, 0.280483, 2.478017], [NaN, 1.0, 0.047001, 0.160312, 0.0, 0.024988, 0.232301], [NaN, 2.0, 0.044597, 0.144098, 0.0, 0.023002, 0.211697], [NaN, 3.0, 0.045252, 0.15159, 0.0, 0.026423, 0.223265], [NaN, 4.0, 0.040409, 0.134119, 0.0, 0.025307, 0.199835], [NaN, 5.0, 0.042225, 0.136915, 0.0, 0.028392, 0.207532], [NaN, 6.0, 0.042333, 0.140044, 0.0, 0.023206, 0.205583], [NaN, 7.0, 0.039, 0.123569, 0.0, 0.020066, 0.182635], [NaN, 8.0, 0.040036, 0.121831, 0.0, 0.018492, 0.180359], [NaN, 9.0, 0.045113, 0.139027, 0.0, 0.022145, 0.206285], [NaN, 10.0, 0.04458, 0.145953, 0.0, 0.02242, 0.212953], [NaN, 11.0, 0.043097, 0.142084, 0.0, 0.022388, 0.207569], [NaN, 12.0, 0.043502, 0.140847, 0.0, 0.023654, 0.208003], [1982.0, NaN, 0.522131, 1.672036, 0.0, 0.229077, 2.423244], [1.0, 0.048458, 0.146856, 0.0, 0.016365, 0.211679, NaN]]}, "17": {"index": [0, 1, 2, 3, 4, 5, 6, 7, 8, 9, 10, 11, 12, 13, 14, 15, 16, 17, 18, 19, 20, 21, 22, 23, 24, 25, 26, 27, 28, 29, 30, 31, 32, 33, 34, 35, 36, 37, 38, 39, 40, 41], "columns": {"0": "1982", "1": "2", "2": "0.045641", "3": "0.145523", "4": "0.000000", "5": "0.016366", "6": "0.207530"}, "data": [[NaN, 3.0, 0.049357, 0.159842, 0.0, 0.020991, 0.23019], [NaN, 4.0, 0.050086, 0.158852, 0.0, 0.019912, 0.22885], [NaN, 5.0, 0.03975, 0.134652, 0.0, 0.015379, 0.189781], [NaN, 6.0, 0.049007, 0.150123, 0.0, 0.019952, 0.219082], [NaN, 7.0, 0.034852, 0.121931, 0.0, 0.017666, 0.174449], [NaN, 8.0, 0.040367, 0.121198, 0.0, 0.017893, 0.179458], [NaN, 9.0, 0.041549, 0.131912, 0.0, 0.019679, 0.19314], [NaN, 10.0, 0.034747, 0.105201, 0.0, 0.016915, 0.156863], [NaN, 11.0, 0.042996, 0.144326, 0.0, 0.023713, 0.211035], [NaN, 12.0, 0.045321, 0.15162, 0.0, 0.024246, 0.221187], [1981.0, NaN, 0.546196, 1.490082, 0.0, 0.187867, 2.224145], [NaN, 1.0, 0.062957, 0.164486, 0.0, 0.021455, 0.248898], [NaN, 2.0, 0.047534, 0.124754, 0.0, 0.016311, 0.188599], [NaN, 3.0, 0.054107, 0.137585, 0.0, 0.017908, 0.2096], [NaN, 4.0, 0.053348, 0.152099, 0.0, 0.020244, 0.225691], [NaN, 5.0, 0.05432, 0.152039, 0.0, 0.018291, 0.22465], [NaN, 6.0, 0.051562, 0.144958, 0.0, 0.017996, 0.214516], [NaN, 7.0, 0.052802, 0.153128, 0.0, 0.018951, 0.224881], [NaN, 8.0, 0.014232, 0.032878, 0.0, 0.003819, 0.050929], [NaN, 9.0, 0.036179, 0.091348, 0.0, 0.011783, 0.13931], [NaN, 10.0, 0.030592, 0.090547, 0.0, 0.011371, 0.13251], [NaN, 11.0, 0.039172, 0.100337, 0.0, 0.013331, 0.15284], [NaN, 12.0, 0.049391, 0.145923, 0.0, 0.016407, 0.211721], [1980.0, NaN, 1.161717, 2.880204, 0.0, 0.349566, 4.391487], [NaN, 1.0, 0.135969, 0.298799, 0.0, 0.038064, 0.472832], [NaN, 2.0, 0.121548, 0.286965, 0.0, 0.034799, 0.443312], [NaN, 3.0, 0.120331, 0.273787, 0.0, 0.032159, 0.426277], [NaN, 4.0, 0.111863, 0.267299, 0.0, 0.032807, 0.411969], [NaN, 5.0, 0.107441, 0.267353, 0.0, 0.034749, 0.409543], [NaN, 6.0, 0.099163, 0.266847, 0.0, 0.033333, 0.399343], [NaN, 7.0, 0.053407, 0.125784, 0.0, 0.014927, 0.194118], [NaN, 8.0, 0.082997, 0.208467, 0.0, 0.026043, 0.317507], [NaN, 9.0, 0.083733, 0.225402, 0.0, 0.026534, 0.335669], [NaN, 10.0, 0.08767, 0.235676, 0.0, 0.025602, 0.348948], [NaN, 11.0, 0.086225, 0.234173, 0.0, 0.027679, 0.348077], [NaN, 12.0, 0.07137, 0.189652, 0.0, 0.02287, 0.283892], [1979.0, NaN, 2.136048, 3.913992, 0.0, 0.240583, 6.290623], [1.0, 0.271827, 0.419832, 0.0, 0.0, 0.691659, NaN], [2.0, 0.202278, 0.354147, 0.0, 0.0, 0.556425, NaN], [3.0, 0.18941, 0.32656, 0.0, 0.002996, 0.518966, NaN], [4.0, 0.209989, 0.363458, 0.0, 0.013401, 0.586848, NaN], [5.0, 0.189286, 0.337018, 0.0, 0.01579, 0.542094, NaN]]}, "18": {"index": [0, 1, 2, 3, 4, 5, 6, 7, 8, 9, 10, 11, 12, 13, 14, 15, 16, 17, 18, 19, 20, 21, 22, 23, 24, 25, 26, 27], "columns": {"0": "1979", "1": "6", "2": "0.171827", "3": "0.320181", "4": "0.000000", "5": "0.018708", "6": "0.510716"}, "data": [[NaN, 7.0, 0.178763, 0.343473, 0.0, 0.03399, 0.556226], [NaN, 8.0, 0.167778, 0.348685, 0.0, 0.035357, 0.55182], [NaN, 9.0, 0.168238, 0.3232, 0.0, 0.037512, 0.52895], [NaN, 10.0, 0.105799, 0.205248, 0.0, 0.01773, 0.328777], [NaN, 11.0, 0.141087, 0.279819, 0.0, 0.03149, 0.452396], [NaN, 12.0, 0.139766, 0.292371, 0.0, 0.033609, 0.465746], [1978.0, NaN, 3.847183, 4.345736, 0.0, 0.0, 8.192919], [NaN, 1.0, 0.410709, 0.303456, 0.0, 0.0, 0.714165], [2.0, 0.368696, 0.310254, 0.0, 0.0, 0.67895, NaN], [3.0, 0.340784, 0.315158, 0.0, 0.0, 0.655942, NaN], [NaN, 4.0, 0.349798, 0.357114, 0.0, 0.0, 0.706912], [NaN, 5.0, 0.314212, 0.345054, 0.0, 0.0, 0.659266], [NaN, 6.0, 0.281119, 0.312049, 0.0, 0.0, 0.593168], [NaN, 7.0, 0.299081, 0.376181, 0.0, 0.0, 0.675262], [NaN, 8.0, 0.331246, 0.408979, 0.0, 0.0, 0.740225], [NaN, 9.0, 0.314122, 0.399923, 0.0, 0.0, 0.714045], [NaN, 10.0, 0.2697, 0.379273, 0.0, 0.0, 0.648973], [NaN, 11.0, 0.284485, 0.408108, 0.0, 0.0, 0.692593], [NaN, 12.0, 0.283231, 0.430187, 0.0, 0.0, 0.713418], [1977.0, NaN, 0.75269, 0.256796, 0.0, 0.0, 1.009486], [5.0, 0.00254, 0.0, 0.0, 0.0, 0.00254, NaN], [6.0, 0.284064, 0.0, 0.0, 0.0, 0.284064, NaN], [7.0, 0.086294, 0.0, 0.0, 0.0, 0.086294, NaN], [8.0, 0.0, 0.0, 0.0, 0.0, 0.0, NaN], [9.0, 0.0, 0.0, 0.0, 0.0, 0.0, NaN], [10.0, 0.0, 0.0, 0.0, 0.0, 0.0, NaN], [11.0, 0.001405, 0.001125, 0.0, 0.0, 0.00253, NaN], [12.0, 0.378387, 0.255671, 0.0, 0.0, 0.634058, NaN]]}, "19": {"index": [0, 1, 2, 3, 4, 5, 6, 7, 8], "columns": {"0": "Unnamed: 0", "1": "Month", "2": "Gross - oil[mill Sm3]", "3": "Gross - gas[bill Sm3]", "4": "Gross -condensate[mill Sm3]", "5": "Gross - oilequivalents[mill Sm3]"}, "data": [["Sum", NaN, 15.462973, 28.008399, 0.0, 43.471372], ["1998", NaN, 0.047267, 0.099734, 0.0, 0.147001], ["1", 0.007445, 0.01533, 0.0, 0.022775, NaN], ["2", 0.006388, 0.013765, 0.0, 0.020153, NaN], ["3", 0.006954, 0.015165, 0.0, 0.022119, NaN], ["4", 0.007229, 0.014315, 0.0, 0.021544, NaN], ["5", 0.007065, 0.014491, 0.0, 0.021556, NaN], ["6", 0.006602, 0.013176, 0.0, 0.019778, NaN], ["7", 0.005584, 0.013492, 0.0, 0.019076, NaN]]}, "20": {"index": [0, 1, 2, 3, 4, 5, 6, 7, 8, 9, 10, 11, 12, 13, 14, 15, 16, 17, 18, 19, 20, 21, 22, 23, 24, 25, 26, 27, 28, 29, 30, 31, 32, 33, 34, 35, 36, 37, 38, 39, 40, 41], "columns": {"0": "1997", "1": "Unnamed: 0", "2": "0.083526", "3": "0.176756", "4": "0.000000", "5": "0.260282"}, "data": [[NaN, 1.0, 0.006647, 0.013913, 0.0, 0.02056], [NaN, 2.0, 0.007415, 0.014444, 0.0, 0.021859], [NaN, 3.0, 0.007219, 0.016386, 0.0, 0.023605], [NaN, 4.0, 0.006747, 0.012902, 0.0, 0.019649], [NaN, 5.0, 0.006138, 0.013173, 0.0, 0.019311], [NaN, 6.0, 0.005756, 0.013206, 0.0, 0.018962], [NaN, 7.0, 0.005529, 0.011969, 0.0, 0.017498], [NaN, 8.0, 0.007962, 0.017623, 0.0, 0.025585], [NaN, 9.0, 0.007316, 0.016365, 0.0, 0.023681], [NaN, 10.0, 0.007386, 0.016396, 0.0, 0.023782], [NaN, 11.0, 0.007207, 0.015399, 0.0, 0.022606], [NaN, 12.0, 0.008204, 0.01498, 0.0, 0.023184], [1996.0, NaN, 0.093695, 0.204616, 0.0, 0.298311], [NaN, 1.0, 0.00948, 0.020214, 0.0, 0.029694], [NaN, 2.0, 0.009057, 0.020766, 0.0, 0.029823], [NaN, 3.0, 0.009793, 0.022128, 0.0, 0.031921], [NaN, 4.0, 0.009379, 0.020445, 0.0, 0.029824], [NaN, 5.0, 0.007242, 0.016453, 0.0, 0.023695], [NaN, 6.0, 0.006559, 0.014152, 0.0, 0.020711], [NaN, 7.0, 0.00616, 0.013205, 0.0, 0.019365], [NaN, 8.0, 0.006204, 0.013359, 0.0, 0.019563], [NaN, 9.0, 0.006244, 0.013286, 0.0, 0.01953], [NaN, 10.0, 0.007395, 0.015588, 0.0, 0.022983], [NaN, 11.0, 0.008375, 0.017626, 0.0, 0.026001], [NaN, 12.0, 0.007807, 0.017394, 0.0, 0.025201], [1995.0, NaN, 0.12265, 0.262953, 0.0, 0.385603], [NaN, 1.0, 0.011939, 0.023067, 0.0, 0.035006], [NaN, 2.0, 0.011856, 0.025224, 0.0, 0.03708], [NaN, 3.0, 0.01266, 0.026831, 0.0, 0.039491], [NaN, 4.0, 0.012056, 0.025369, 0.0, 0.037425], [NaN, 5.0, 0.011384, 0.024292, 0.0, 0.035676], [NaN, 6.0, 0.010687, 0.022808, 0.0, 0.033495], [NaN, 7.0, 0.009202, 0.018761, 0.0, 0.027963], [NaN, 8.0, 0.006569, 0.015364, 0.0, 0.021933], [NaN, 9.0, 0.00849, 0.020048, 0.0, 0.028538], [NaN, 10.0, 0.008293, 0.020846, 0.0, 0.029139], [NaN, 11.0, 0.009663, 0.019163, 0.0, 0.028826], [NaN, 12.0, 0.009851, 0.02118, 0.0, 0.031031], [1994.0, NaN, 0.165034, 0.365641, 0.0, 0.530675], [1.0, 0.015427, 0.033831, 0.0, 0.049258, NaN], [2.0, 0.013296, 0.030708, 0.0, 0.044004, NaN], [3.0, 0.016879, 0.035677, 0.0, 0.052556, NaN]]}, "21": {"index": [0, 1, 2, 3, 4, 5, 6, 7, 8, 9, 10, 11, 12, 13, 14, 15, 16, 17, 18, 19, 20, 21, 22, 23, 24, 25, 26, 27, 28, 29, 30, 31, 32, 33, 34, 35, 36, 37, 38, 39, 40, 41], "columns": {"0": "1994", "1": "4", "2": "0.015099", "3": "0.032958", "4": "0.000000", "5": "0.048057"}, "data": [[NaN, 5.0, 0.014556, 0.033406, 0.0, 0.047962], [NaN, 6.0, 0.014282, 0.031182, 0.0, 0.045464], [NaN, 7.0, 0.01316, 0.031826, 0.0, 0.044986], [NaN, 8.0, 0.007377, 0.014762, 0.0, 0.022139], [NaN, 9.0, 0.012992, 0.029471, 0.0, 0.042463], [NaN, 10.0, 0.014628, 0.032288, 0.0, 0.046916], [NaN, 11.0, 0.013774, 0.030258, 0.0, 0.044032], [NaN, 12.0, 0.013564, 0.029274, 0.0, 0.042838], [1993.0, NaN, 0.185797, 0.429953, 0.0, 0.61575], [NaN, 1.0, 0.013239, 0.033183, 0.0, 0.046422], [NaN, 2.0, 0.011572, 0.027246, 0.0, 0.038818], [NaN, 3.0, 0.011958, 0.027826, 0.0, 0.039784], [NaN, 4.0, 0.012114, 0.027885, 0.0, 0.039999], [NaN, 5.0, 0.012344, 0.028413, 0.0, 0.040757], [NaN, 6.0, 0.014759, 0.034955, 0.0, 0.049714], [NaN, 7.0, 0.018891, 0.046411, 0.0, 0.065302], [NaN, 8.0, 0.021149, 0.04508, 0.0, 0.066229], [NaN, 9.0, 0.017372, 0.041961, 0.0, 0.059333], [NaN, 10.0, 0.018406, 0.042387, 0.0, 0.060793], [NaN, 11.0, 0.017545, 0.03749, 0.0, 0.055035], [NaN, 12.0, 0.016448, 0.037116, 0.0, 0.053564], [1992.0, NaN, 0.162388, 0.375929, 0.0, 0.538317], [NaN, 1.0, 0.016445, 0.037732, 0.0, 0.054177], [NaN, 2.0, 0.014175, 0.032421, 0.0, 0.046596], [NaN, 3.0, 0.010726, 0.025844, 0.0, 0.03657], [NaN, 4.0, 0.015801, 0.035298, 0.0, 0.051099], [NaN, 5.0, 0.012176, 0.026602, 0.0, 0.038778], [NaN, 6.0, 0.013176, 0.030363, 0.0, 0.043539], [NaN, 7.0, 0.016602, 0.038112, 0.0, 0.054714], [NaN, 8.0, 0.015683, 0.03579, 0.0, 0.051473], [NaN, 9.0, 0.012568, 0.026569, 0.0, 0.039137], [NaN, 10.0, 0.010976, 0.027715, 0.0, 0.038691], [NaN, 11.0, 0.010198, 0.025669, 0.0, 0.035867], [NaN, 12.0, 0.013862, 0.033814, 0.0, 0.047676], [1991.0, NaN, 0.19626, 0.439913, 0.0, 0.636173], [1.0, 0.0172, 0.036098, 0.0, 0.053298, NaN], [2.0, 0.015064, 0.033253, 0.0, 0.048317, NaN], [3.0, 0.016808, 0.036567, 0.0, 0.053375, NaN], [4.0, 0.017701, 0.037968, 0.0, 0.055669, NaN], [5.0, 0.020046, 0.043117, 0.0, 0.063163, NaN], [6.0, 0.018869, 0.042909, 0.0, 0.061778, NaN], [7.0, 0.017695, 0.041718, 0.0, 0.059413, NaN]]}, "22": {"index": [0, 1, 2, 3, 4, 5, 6, 7, 8, 9, 10, 11, 12, 13, 14, 15, 16, 17, 18, 19, 20, 21, 22, 23, 24, 25, 26, 27, 28, 29, 30, 31, 32, 33, 34, 35, 36, 37, 38, 39, 40, 41], "columns": {"0": "1991", "1": "8", "2": "0.005832", "3": "0.013232", "4": "0.000000", "5": "0.019064"}, "data": [[NaN, 9.0, 0.017929, 0.04154, 0.0, 0.059469], [NaN, 10.0, 0.017297, 0.040716, 0.0, 0.058013], [NaN, 11.0, 0.016424, 0.037687, 0.0, 0.054111], [NaN, 12.0, 0.015395, 0.035108, 0.0, 0.050503], [1990.0, NaN, 0.258813, 0.554342, 0.0, 0.813155], [NaN, 1.0, 0.026512, 0.059218, 0.0, 0.08573], [NaN, 2.0, 0.023737, 0.050281, 0.0, 0.074018], [NaN, 3.0, 0.025694, 0.052141, 0.0, 0.077835], [NaN, 4.0, 0.023066, 0.051151, 0.0, 0.074217], [NaN, 5.0, 0.023997, 0.049356, 0.0, 0.073353], [NaN, 6.0, 0.021785, 0.046517, 0.0, 0.068302], [NaN, 7.0, 0.019208, 0.041193, 0.0, 0.060401], [NaN, 8.0, 0.021876, 0.046102, 0.0, 0.067978], [NaN, 9.0, 0.020059, 0.042484, 0.0, 0.062543], [NaN, 10.0, 0.019672, 0.043167, 0.0, 0.062839], [NaN, 11.0, 0.016469, 0.035649, 0.0, 0.052118], [NaN, 12.0, 0.016738, 0.037083, 0.0, 0.053821], [1989.0, NaN, 0.357167, 0.791968, 0.0, 1.149135], [NaN, 1.0, 0.035404, 0.075813, 0.0, 0.111217], [NaN, 2.0, 0.031889, 0.068069, 0.0, 0.099958], [NaN, 3.0, 0.030174, 0.06722, 0.0, 0.097394], [NaN, 4.0, 0.02241, 0.049059, 0.0, 0.071469], [NaN, 5.0, 0.026269, 0.059169, 0.0, 0.085438], [NaN, 6.0, 0.032453, 0.07345, 0.0, 0.105903], [NaN, 7.0, 0.031948, 0.073057, 0.0, 0.105005], [NaN, 8.0, 0.030959, 0.067983, 0.0, 0.098942], [NaN, 9.0, 0.029028, 0.067114, 0.0, 0.096142], [NaN, 10.0, 0.030946, 0.067086, 0.0, 0.098032], [NaN, 11.0, 0.027898, 0.06281, 0.0, 0.090708], [NaN, 12.0, 0.027789, 0.061138, 0.0, 0.088927], [1988.0, NaN, 0.492464, 1.133208, 0.0, 1.625672], [1.0, 0.047763, 0.112729, 0.0, 0.160492, NaN], [2.0, 0.048932, 0.094792, 0.0, 0.143724, NaN], [3.0, 0.043373, 0.10102, 0.0, 0.144393, NaN], [4.0, 0.04263, 0.104684, 0.0, 0.147314, NaN], [5.0, 0.041639, 0.105906, 0.0, 0.147545, NaN], [6.0, 0.039691, 0.093698, 0.0, 0.133389, NaN], [7.0, 0.039919, 0.082077, 0.0, 0.121996, NaN], [8.0, 0.036115, 0.081143, 0.0, 0.117258, NaN], [9.0, 0.042087, 0.095345, 0.0, 0.137432, NaN], [10.0, 0.037651, 0.092325, 0.0, 0.129976, NaN], [11.0, 0.036945, 0.085049, 0.0, 0.121994, NaN]]}, "23": {"index": [0, 1, 2, 3, 4, 5, 6, 7, 8, 9, 10, 11, 12, 13, 14, 15, 16, 17, 18, 19, 20, 21, 22, 23, 24, 25, 26, 27, 28, 29, 30, 31, 32, 33, 34, 35, 36, 37, 38, 39, 40, 41], "columns": {"0": "1988", "1": "12", "2": "0.035719", "3": "0.084440", "4": "0.000000", "5": "0.120159"}, "data": [[1987.0, NaN, 0.504965, 1.324865, 0.0, 1.82983], [NaN, 1.0, 0.048489, 0.123089, 0.0, 0.171578], [NaN, 2.0, 0.044091, 0.114611, 0.0, 0.158702], [NaN, 3.0, 0.051163, 0.132561, 0.0, 0.183724], [NaN, 4.0, 0.043874, 0.117319, 0.0, 0.161193], [NaN, 5.0, 0.048916, 0.117042, 0.0, 0.165958], [NaN, 6.0, 0.04852, 0.121433, 0.0, 0.169953], [NaN, 7.0, 0.047245, 0.116426, 0.0, 0.163671], [NaN, 8.0, 0.010546, 0.027376, 0.0, 0.037922], [NaN, 9.0, 0.036357, 0.097921, 0.0, 0.134278], [NaN, 10.0, 0.036408, 0.124564, 0.0, 0.160972], [NaN, 11.0, 0.042914, 0.117779, 0.0, 0.160693], [NaN, 12.0, 0.046442, 0.114744, 0.0, 0.161186], [1986.0, NaN, 0.569578, 1.428226, 0.0, 1.997804], [NaN, 1.0, 0.047467, 0.11501, 0.0, 0.162477], [NaN, 2.0, 0.045233, 0.109928, 0.0, 0.155161], [NaN, 3.0, 0.051732, 0.123411, 0.0, 0.175143], [NaN, 4.0, 0.016437, 0.038444, 0.0, 0.054881], [NaN, 5.0, 0.053628, 0.12876, 0.0, 0.182388], [NaN, 6.0, 0.052956, 0.139297, 0.0, 0.192253], [NaN, 7.0, 0.054817, 0.143084, 0.0, 0.197901], [NaN, 8.0, 0.053209, 0.134097, 0.0, 0.187306], [NaN, 9.0, 0.048327, 0.122783, 0.0, 0.17111], [NaN, 10.0, 0.048308, 0.132239, 0.0, 0.180547], [NaN, 11.0, 0.046691, 0.119608, 0.0, 0.166299], [NaN, 12.0, 0.050773, 0.121565, 0.0, 0.172338], [1985.0, NaN, 0.614636, 1.367688, 0.0, 1.982324], [NaN, 1.0, 0.062064, 0.141467, 0.0, 0.203531], [NaN, 2.0, 0.056867, 0.126176, 0.0, 0.183043], [NaN, 3.0, 0.060987, 0.133889, 0.0, 0.194876], [NaN, 4.0, 0.054651, 0.131859, 0.0, 0.18651], [NaN, 5.0, 0.057386, 0.124878, 0.0, 0.182264], [NaN, 6.0, 0.053165, 0.114722, 0.0, 0.167887], [NaN, 7.0, 0.05127, 0.111366, 0.0, 0.162636], [NaN, 8.0, 0.047744, 0.102637, 0.0, 0.150381], [NaN, 9.0, 0.04725, 0.096549, 0.0, 0.143799], [NaN, 10.0, 0.042498, 0.09705, 0.0, 0.139548], [NaN, 11.0, 0.038461, 0.092007, 0.0, 0.130468], [NaN, 12.0, 0.042293, 0.095088, 0.0, 0.137381], [1984.0, NaN, 0.626853, 1.355423, 0.0, 1.982276], [1.0, 0.065542, 0.146722, 0.0, 0.212264, NaN], [2.0, 0.054847, 0.111934, 0.0, 0.166781, NaN]]}, "24": {"index": [0, 1, 2, 3, 4, 5, 6, 7, 8, 9, 10, 11, 12, 13, 14, 15, 16, 17, 18, 19, 20, 21, 22, 23, 24, 25, 26, 27, 28, 29, 30, 31, 32, 33, 34, 35, 36, 37, 38, 39, 40, 41], "columns": {"0": "1984", "1": "3", "2": "0.054572", "3": "0.115822", "4": "0.000000", "5": "0.170394"}, "data": [[NaN, 4.0, 0.052706, 0.10982, 0.0, 0.162526], [NaN, 5.0, 0.056607, 0.11851, 0.0, 0.175117], [NaN, 6.0, 0.054372, 0.110092, 0.0, 0.164464], [NaN, 7.0, 0.050342, 0.107641, 0.0, 0.157983], [NaN, 8.0, 0.02865, 0.061099, 0.0, 0.089749], [NaN, 9.0, 0.044897, 0.104293, 0.0, 0.14919], [NaN, 10.0, 0.055023, 0.12152, 0.0, 0.176543], [NaN, 11.0, 0.053317, 0.125355, 0.0, 0.178672], [NaN, 12.0, 0.055978, 0.122615, 0.0, 0.178593], [1983.0, NaN, 0.806255, 1.786337, 0.0, 2.592592], [NaN, 1.0, 0.073665, 0.170183, 0.0, 0.243848], [NaN, 2.0, 0.067952, 0.153666, 0.0, 0.221618], [NaN, 3.0, 0.0713, 0.161301, 0.0, 0.232601], [NaN, 4.0, 0.066315, 0.141905, 0.0, 0.20822], [NaN, 5.0, 0.069012, 0.144398, 0.0, 0.21341], [NaN, 6.0, 0.065824, 0.15065, 0.0, 0.216474], [NaN, 7.0, 0.059986, 0.131588, 0.0, 0.191574], [NaN, 8.0, 0.059671, 0.130098, 0.0, 0.189769], [NaN, 9.0, 0.068805, 0.147711, 0.0, 0.216516], [NaN, 10.0, 0.068516, 0.155384, 0.0, 0.2239], [NaN, 11.0, 0.066729, 0.150393, 0.0, 0.217122], [NaN, 12.0, 0.06848, 0.14906, 0.0, 0.21754], [1982.0, NaN, 0.781749, 1.786738, 0.0, 2.568487], [NaN, 1.0, 0.067175, 0.157311, 0.0, 0.224486], [NaN, 2.0, 0.063256, 0.156832, 0.0, 0.220088], [NaN, 3.0, 0.073602, 0.169381, 0.0, 0.242983], [NaN, 4.0, 0.074774, 0.168839, 0.0, 0.243613], [NaN, 5.0, 0.060099, 0.143214, 0.0, 0.203313], [NaN, 6.0, 0.072938, 0.163899, 0.0, 0.236837], [NaN, 7.0, 0.054613, 0.129935, 0.0, 0.184548], [NaN, 8.0, 0.060514, 0.130226, 0.0, 0.19074], [NaN, 9.0, 0.062901, 0.140619, 0.0, 0.20352], [NaN, 10.0, 0.053734, 0.11174, 0.0, 0.165474], [NaN, 11.0, 0.067978, 0.153344, 0.0, 0.221322], [NaN, 12.0, 0.070165, 0.161398, 0.0, 0.231563], [1981.0, NaN, 0.764466, 1.583902, 0.0, 2.348368], [1.0, 0.087625, 0.175218, 0.0, 0.262843, NaN], [2.0, 0.065804, 0.133754, 0.0, 0.199558, NaN], [3.0, 0.075533, 0.145226, 0.0, 0.220759, NaN], [4.0, 0.076068, 0.158816, 0.0, 0.234884, NaN], [5.0, 0.077023, 0.161322, 0.0, 0.238345, NaN], [6.0, 0.072707, 0.153159, 0.0, 0.225866, NaN]]}, "25": {"index": [0, 1, 2, 3, 4, 5, 6, 7, 8, 9, 10, 11, 12, 13, 14, 15, 16, 17, 18, 19, 20, 21, 22, 23, 24, 25, 26, 27, 28, 29, 30, 31, 32, 33, 34, 35, 36, 37, 38, 39, 40, 41], "columns": {"0": "1981", "1": "7", "2": "0.074759", "3": "0.161574", "4": "0.000000", "5": "0.236333"}, "data": [[NaN, 8.0, 0.018506, 0.035723, 0.0, 0.054229], [NaN, 9.0, 0.049746, 0.097556, 0.0, 0.147302], [NaN, 10.0, 0.04332, 0.095953, 0.0, 0.139273], [NaN, 11.0, 0.054077, 0.108991, 0.0, 0.163068], [NaN, 12.0, 0.069298, 0.15661, 0.0, 0.225908], [1980.0, NaN, 1.586442, 3.080454, 0.0, 4.666896], [NaN, 1.0, 0.182693, 0.320386, 0.0, 0.503079], [NaN, 2.0, 0.166109, 0.306245, 0.0, 0.472354], [NaN, 3.0, 0.162266, 0.292137, 0.0, 0.454403], [NaN, 4.0, 0.151321, 0.286654, 0.0, 0.437975], [NaN, 5.0, 0.14836, 0.285036, 0.0, 0.433396], [NaN, 6.0, 0.13919, 0.284215, 0.0, 0.423405], [NaN, 7.0, 0.072598, 0.136845, 0.0, 0.209443], [NaN, 8.0, 0.114494, 0.223996, 0.0, 0.33849], [NaN, 9.0, 0.114051, 0.241446, 0.0, 0.355497], [NaN, 10.0, 0.120198, 0.25162, 0.0, 0.371818], [NaN, 11.0, 0.116822, 0.250058, 0.0, 0.36688], [NaN, 12.0, 0.09834, 0.201816, 0.0, 0.300156], [1979.0, NaN, 2.466293, 4.232197, 0.0, 6.69849], [NaN, 1.0, 0.26597, 0.454123, 0.0, 0.720093], [NaN, 2.0, 0.199072, 0.383922, 0.0, 0.582994], [NaN, 3.0, 0.193588, 0.359516, 0.0, 0.553104], [NaN, 4.0, 0.221157, 0.391296, 0.0, 0.612453], [NaN, 5.0, 0.227956, 0.364115, 0.0, 0.592071], [NaN, 6.0, 0.205922, 0.344987, 0.0, 0.550909], [NaN, 7.0, 0.223517, 0.371625, 0.0, 0.595142], [NaN, 8.0, 0.210292, 0.378185, 0.0, 0.588477], [NaN, 9.0, 0.217221, 0.345362, 0.0, 0.562583], [NaN, 10.0, 0.133935, 0.217566, 0.0, 0.351501], [NaN, 11.0, 0.184569, 0.303814, 0.0, 0.488383], [NaN, 12.0, 0.183094, 0.317686, 0.0, 0.50078], [1978.0, NaN, 3.848639, 4.702529, 0.0, 8.551168], [1.0, 0.404912, 0.330005, 0.0, 0.734917, NaN], [2.0, 0.366152, 0.340876, 0.0, 0.707028, NaN], [3.0, 0.340135, 0.344618, 0.0, 0.684753, NaN], [4.0, 0.347506, 0.395646, 0.0, 0.743152, NaN], [5.0, 0.318003, 0.380749, 0.0, 0.698752, NaN], [6.0, 0.279822, 0.331277, 0.0, 0.611099, NaN], [7.0, 0.320202, 0.412159, 0.0, 0.732361, NaN], [8.0, 0.329607, 0.437745, 0.0, 0.767352, NaN], [9.0, 0.300348, 0.429726, 0.0, 0.730074, NaN], [10.0, 0.274076, 0.406013, 0.0, 0.680089, NaN]]}, "26": {"index": [0, 1, 2, 3, 4, 5, 6, 7, 8, 9], "columns": {"0": "1978", "1": "11", "2": "0.279847", "3": "0.432259", "4": "0.000000", "5": "0.712106"}, "data": [[NaN, 12.0, 0.288029, 0.461456, 0.0, 0.749485], [1977.0, NaN, 0.728036, 0.525027, 0.0, 1.253063], [5.0, 0.002425, 0.001624, 0.0, 0.004049, NaN], [6.0, 0.278094, 0.189969, 0.0, 0.468063, NaN], [7.0, 0.073286, 0.050521, 0.0, 0.123807, NaN], [8.0, 0.0, 0.0, 0.0, 0.0, NaN], [9.0, 0.0, 0.0, 0.0, 0.0, NaN], [10.0, 0.0, 0.0, 0.0, 0.0, NaN], [11.0, 0.001356, 0.001277, 0.0, 0.002633, NaN], [12.0, 0.372875, 0.281636, 0.0, 0.654511, NaN]]}, "27": {"index": [], "columns": {"0": "Unnamed: 0"}, "data": []}, "28": {"index": [0, 1, 2], "columns": {"0": "Wellbore name", "1": "Entered date", "2": "Completed", "3": "Purpose", "4": "Status", "5": "Content"}, "data": [[NaN, NaN, "date", NaN, NaN, NaN], ["2/4-6", "28.08.1970", "10.12.1970", "WILDCAT", "P&A", "GAS/CONDE"], [NaN, NaN, NaN, NaN, NaN, "NSATE"]]}, "29": {"index": [0, 1, 2, 3, 4, 5, 6, 7, 8, 9], "columns": {"0": "Wellbore name", "1": "Entered date", "2": "Completed", "3": "Purpose", "4": "Content"}, "data": [[NaN, NaN, "date", NaN, NaN], ["2/4-D-1", "01.09.1976", "30.09.1976", "PRODUCTION", "GAS"], ["2/4-D-1 A", "11.10.1992", "12.11.1992", "PRODUCTION", "GAS"], ["2/4-D-3", "13.11.1986", "07.01.1987", "PRODUCTION", "GAS"], ["2/4-D-4", "20.04.1975", "07.06.1975", "PRODUCTION", "NOT"], [NaN, NaN, NaN, NaN, "APPLICABLE"], ["2/4-D-5", "16.04.1976", "26.06.1976", "PRODUCTION", "GAS"], ["2/4-D-6", "07.06.1975", "18.08.1975", "PRODUCTION", "GAS"], ["2/4-D-7", "17.08.1977", "20.09.1977", "PRODUCTION", "GAS"], ["2/4-D-7 A", "10.05.1992", "15.06.1992", "PRODUCTION", "GAS"]]}, "30": {"index": [0, 1, 2, 3, 4, 5, 6, 7, 8, 9, 10], "columns": {"0": "2/4-D-8", "1": "16.08.1975", "2": "14.04.1976", "3": "PRODUCTION", "4": "GAS"}, "data": [["2/4-D-8 A", "09.03.1988", "27.03.1988", "PRODUCTION", "GAS"], ["2/4-D-9", "21.01.1975", "20.04.1975", "PRODUCTION", "GAS"], ["2/4-D-10", "30.09.1976", "11.11.1976", "PRODUCTION", "GAS"], ["2/4-D-11", "26.03.1977", "22.04.1977", "PRODUCTION", "GAS"], ["2/4-D-11 A", "06.04.1987", "19.05.1987", "PRODUCTION", "GAS"], ["2/4-D-12", "22.04.1977", "01.06.1977", "PRODUCTION", "GAS"], ["2/4-D-13", "06.02.1977", "26.07.1977", "PRODUCTION", "GAS"], ["2/4-D-13 A", "24.07.1992", "03.09.1992", "PRODUCTION", "GAS"], ["2/4-D-14", "28.06.1976", "01.09.1976", "PRODUCTION", "GAS"], ["2/4-D-15", "24.06.1988", "24.08.1988", "PRODUCTION", "GAS"], ["2/4-D-15 A", "26.04.1993", "21.05.1993", "PRODUCTION", "GAS"]]}, "31": {"index": [], "columns": {"0": "Wellbore name", "1": "Entered date", "2": "Completeddate", "3": "Purpose", "4": "Status"}, "data": []}, "kind": "osdu:wks:master-data--Field:1.0.0 ", "id": "npd:master-data--Factpages-Field:43513"}