{"0": {"index": [0, 1, 2, 3, 4, 5, 6, 7, 8, 9, 10, 11, 12, 13, 14, 15, 16, 17, 18, 19, 20, 21, 22, 23, 24], "columns": {"0": "eneral information", "1": "Unnamed: 0"}, "data": [["Survey name", "EMG21251"], ["Legal basis", "Petroleumsforskriften jf Ressursforskriften"], ["NPDID for survey", "10037"], ["Factmaps - new window", "link to map"], ["Status", "Ferdig"], ["Area", "Nordsj\u00f8en"], ["Market available", "Ja"], ["Category", "Elektromagnetisk unders\u00f8kelse"], ["Main type", "Elektromagnetisk unders\u00f8kelse"], ["Sub type", "3D"], ["Company - responsible", "Electromagnetic Geoservices ASA"], ["Source type", "electromagneticSource"], ["Number of sources", "1"], ["Source size", NaN], ["Source pressure", NaN], ["Sensor type", "nodes"], ["Numbers of sensors", NaN], ["Sensor length [m]", NaN], ["Sensor width [m]", NaN], ["Start date - planned", "23.09.2021"], ["Start date", "24.09.2021"], ["Completed date - planned", "04.11.2021"], ["Completed date", "02.11.2021"], ["Total length [boat km]", "1174"], ["Net area - actual 3D/4D [km2]", "1300.00"]]}, "1": {"index": [], "columns": {"0": "Unnamed: 0"}, "data": []}, "2": {"index": [0, 1, 2, 3, 4, 5, 6], "columns": {"0": "Date", "1": "Type of update", "2": "Information"}, "data": [["02.11.2021", "Melding - Unders\u00f8kelsen er ferdig", NaN], ["02.11.2021", "Status", "Ferdig"], ["27.10.2021", "Fiskeridirektoratets uttalelse tilendringsmelding", "Vi viser til mottatt melding om endret sluttdato fornevnte unders\u00f8kelse. Vi har ikke merknader til dette ogopprettholder v\u00e5rt tidligere tilsvar i saken"], ["27.10.2021", "Melding - Ordin\u00e6r ukemelding", "- Har kun igjen \u00e5 transmittere en tauelinje og vilderetter starte \u00e5 plukke opp nodene."], ["27.10.2021", "Melding - Endringsmelding somkrever saksbehandling", NaN], ["21.10.2021", "Melding - Ordin\u00e6r ukemelding", "-"], ["12.10.2021", "Melding - Ordin\u00e6r ukemelding", "-"]]}, "3": {"index": [0, 1, 2, 3, 4, 5, 6, 7, 8, 9, 10, 11, 12, 13, 14, 15, 16, 17, 18, 19, 20, 21, 22, 23, 24, 25, 26, 27, 28, 29, 30, 31, 32, 33, 34, 35, 36, 37, 38, 39, 40, 41, 42, 43, 44, 45], "columns": {"0": "04.10.2021", "1": "Melding - Ordin\u00e6r ukemelding", "2": "Litt nedetid p\u00e5 grunn av v\u00e6r, s\u00e5 ble et mindre omr\u00e5de"}, "data": [[NaN, NaN, "enn planlagt den f\u00f8rste uken. -"], ["24.09.2021", "Melding - Unders\u00f8kelsen startes", NaN], [NaN, "opp", NaN], ["24.09.2021", "Status", "P\u00e5g\u00e5ende"], ["23.09.2021", "Melding - Endringsmelding - til", "Updated phone number to the bridge phone number on"], [NaN, "info", "Atlantic Guardian"], ["23.09.2021", "Melding - Endringsmelding - til", NaN], [NaN, "info", NaN], ["06.09.2021", "Oljedirektoratets uttalelse til", "Oljedirektoratet (OD) viser til melding om endring av"], [NaN, "endringsmelding", "tidsrom for unders\u00f8kelsen. P\u00e5 bakgrunn av innmeldt"], [NaN, NaN, "endring og nye uttalelser fra Havforskningsinstituttet og"], [NaN, NaN, "Fiskeridirektoratet, har OD ingen ytterligere merknader"], [NaN, NaN, "til at unders\u00f8kelsen kan gjennomf\u00f8res som planlagt"], [NaN, NaN, "dersom disse blir fulgt."], ["02.09.2021", "Havforskningsinstituttets", "Havforskningsinstituttet har ingen merknader til"], [NaN, "uttalelse til endringsmelding", "endringene i den planlagte unders\u00f8kelsen. Vurderingen"], [NaN, NaN, "er gjort med hensyn til konsentrerte gytevandringer for"], [NaN, NaN, "aktuelle fiskebestander."], ["31.08.2021", "Fiskeridirektoratets uttalelse til", "Ingen merknad"], [NaN, "endringsmelding", NaN], ["30.08.2021", "Melding - Endringsmelding som", "Atlantic Guardian vil v\u00e6re p\u00e5 plass 3 dager tidligere enn"], [NaN, "krever saksbehandling", "f\u00f8rst planlagt. Alle forbehold fra tidligere vil bli fulgt."], ["04.08.2021", "Oljedirektoratets uttalelse til", "Oljedirektoratet (OD) viser til melding om endring av"], [NaN, "endringsmelding", "tidsrom for unders\u00f8kelsen. P\u00e5 bakgrunn av innmeldt"], [NaN, NaN, "endring og nye uttalelser fra Havforskningsinstituttet og"], [NaN, NaN, "Fiskeridirektoratet, har OD ingen ytterligere merknader"], [NaN, NaN, "til at unders\u00f8kelsen kan gjennomf\u00f8res som planlagt"], [NaN, NaN, "dersom disse blir fulgt."], ["02.08.2021", "Havforskningsinstituttets", "Havforskningsinstituttet har ingen merknader til den"], [NaN, "uttalelse til endringsmelding", "planlagte unders\u00f8kelsen. Vurderingen er gjort med"], [NaN, NaN, "hensyn til konsentrerte gytevandringer for aktuelle"], [NaN, NaN, "fiskebestander."], ["02.08.2021", "Fiskeridirektoratets uttalelse til", "Vi viser til mottatt melding om endret tidsperiode for"], [NaN, "endringsmelding", "nevnte unders\u00f8kelse. Vi har ikke merknader til dette og"], [NaN, NaN, "opprettholder v\u00e5rt tidligere tilsvar i saken."], ["02.08.2021", "Melding - Endringsmelding som", "Forsinkelse p\u00e5 p\u00e5g\u00e5ende innsamling gj\u00f8r at vi skyver p\u00e5"], [NaN, "krever saksbehandling", "oppstart. Samme plan som nevnt i foreg\u00e5ende"], [NaN, NaN, "meldinger. Kun oppstart tidspunkt har endret seg og"], [NaN, NaN, "slik vi har forst\u00e5tt det vil dette gj\u00f8re det lettere med"], [NaN, NaN, "tanke p\u00e5 Fiskeri-aktivitet."], ["31.05.2021", "Oljedirektoratets uttalelse til", "Oljedirektoratet (OD) viser til melding om endring av"], [NaN, "endringsmelding", "tidsrom for unders\u00f8kelsen. P\u00e5 bakgrunn av innmeldt"], [NaN, NaN, "endring og nye uttalelser fra Havforskningsinstituttet og"], [NaN, NaN, "Fiskeridirektoratet, har OD ingen ytterligere merknader"], [NaN, NaN, "til at unders\u00f8kelsen kan gjennomf\u00f8res som planlagt"], [NaN, NaN, "dersom disse blir fulgt."]]}, "4": {"index": [0, 1, 2, 3, 4, 5, 6, 7, 8, 9, 10, 11, 12, 13, 14, 15, 16, 17, 18, 19, 20, 21, 22, 23, 24, 25, 26, 27, 28, 29, 30, 31, 32, 33, 34, 35, 36, 37, 38, 39, 40, 41, 42, 43, 44], "columns": {"0": "31.05.2021", "1": "Fiskeridirektoratets uttalelse til", "2": "Vi vurderer at ved \u00e5 flytte unders\u00f8kelsen til en m\u00e5ned"}, "data": [[NaN, "endringsmelding", "senere s\u00e5 vil det v\u00e6re mindre risiko for konflikt."], [NaN, NaN, "Vi ber likevel om at det ut\u00f8ves h\u00f8y aktsomhet mht"], [NaN, NaN, "fiskeri i omr\u00e5det, spesielt i den \u00f8stre delen samt langt"], [NaN, NaN, "r\u00f8rledning."], ["21.05.2021", "Havforskningsinstituttets", "Havforskningsinstituttet har ingen merknader til den"], [NaN, "uttalelse til endringsmelding", "planlagte unders\u00f8kelsen. Vurderingen er gjort med"], [NaN, NaN, "hensyn til konsentrerte gytevandringer for aktuelle"], [NaN, NaN, "fiskebestander."], ["20.05.2021", "Melding - Endringsmelding som", "Basert p\u00e5 tilbakemeldinger fra Fiskerdepartementet s\u00e5"], [NaN, "krever saksbehandling", "flytter vi innsamlingen med en m\u00e5ned. H\u00e5per dette"], [NaN, NaN, "f\u00f8rer til godkjennelse for at innsamlingen kan g\u00e5 som"], [NaN, NaN, "planlagt. Vi vil fortsatt dele opp innsamlingen i samme"], [NaN, NaN, "mindre segmenter som foresl\u00e5tt tidligere."], ["10.05.2021", "Oljedirektoratets uttalelse til", "Oljedirektoratet (OD) viser til melding om endring av"], [NaN, "endringsmelding", "tidsrom for unders\u00f8kelsen, og uttalelser til dette. OD"], [NaN, NaN, "ingen merknader til at unders\u00f8kelsen kan gjennomf\u00f8res"], [NaN, NaN, "som planlagt dersom disse blir fulgt."], [NaN, NaN, "I tilfeller hvor en unders\u00f8kelse helt eller delvis frar\u00e5des"], [NaN, NaN, "gjennomf\u00f8rt i et omr\u00e5de for et gitt tidspunkt, eller m\u00e5"], [NaN, NaN, "begrenses arealmessig, og unders\u00f8kelsen likevel \u00f8nskes"], [NaN, NaN, "gjennomf\u00f8rt av rettighetshaver uten begrensninger,"], [NaN, NaN, "skal dette meldes skriftlig til OD i god tid f\u00f8r oppstart"], [NaN, NaN, "med en n\u00e6rmere begrunnelse. I begrunnelsen m\u00e5 det"], [NaN, NaN, "fremg\u00e5 hvordan alternative tidsrom og gjennomf\u00f8ring"], [NaN, NaN, "er vurdert og viktigheten av \u00e5 f\u00e5 unders\u00f8kelsen"], [NaN, NaN, "gjennomf\u00f8rt. Myndighetene (OD og Olje- og"], [NaN, NaN, "Energidepartementet) vil i slike tilfeller avgj\u00f8re om"], [NaN, NaN, "unders\u00f8kelsen kan gjennomf\u00f8res eller ikke. N\u00e5r det"], [NaN, NaN, "foreligger s\u00e6rlige grunner kan en unders\u00f8kelse"], [NaN, NaN, "p\u00e5legges utsatt, eventuelt stanses ved at det treffes"], [NaN, NaN, "vedtak om dette."], ["03.05.2021", "Fiskeridirektoratets uttalelse til", "Ny periode er lagt til en tid p\u00e5 \u00e5ret da det kan ventes"], [NaN, "endringsmelding", "mindre konflikt mot nordsj\u00f8sildfisket. Pga uklarhet om"], [NaN, NaN, "kvoteadgang i skrivende stund er det stor usikkerhet"], [NaN, NaN, "mht hvordan dette fisket vil bli i 2021. Vi venter st\u00f8rre"], [NaN, NaN, "aktivitet i norsk sone."], [NaN, NaN, "Planlagt omr\u00e5de er fortsatt for stort til at vi finner"], [NaN, NaN, "grunnlag til \u00e5 frafalle v\u00e5r frar\u00e5dning. Vi har tidligere gitt"], [NaN, NaN, "r\u00e5d til operat\u00f8ren om \u00e5 dele opp unders\u00f8kelsen og"], [NaN, NaN, "legge ut noder kun i et begrenset omr\u00e5de ad gangen."], [NaN, NaN, "Vi kan ikke se at dette r\u00e5det er blitt fulgt opp."], ["29.04.2021", "Havforskningsinstituttets", "Havforskningsinstituttet har ingen merknader til den"], [NaN, "uttalelse til endringsmelding", "planlagte unders\u00f8kelsen. Vurderingen er gjort med"], [NaN, NaN, "hensyn til konsentrerte gytevandringer for aktuelle"], [NaN, NaN, "fiskebestander."]]}, "5": {"index": [0, 1, 2, 3, 4, 5, 6, 7, 8, 9, 10, 11, 12, 13, 14, 15, 16, 17, 18, 19, 20, 21, 22, 23, 24, 25, 26, 27, 28, 29, 30, 31, 32, 33, 34, 35, 36, 37, 38, 39, 40, 41, 42, 43, 44, 45, 46, 47, 48], "columns": {"0": "29.04.2021", "1": "Melding - Endringsmelding som", "2": "Basert p\u00e5 tilbakemeldinger fra Fiskeri, s\u00e5 har vi valgt \u00e5"}, "data": [[NaN, "krever saksbehandling", "flytte innsamlingen noen m\u00e5neder. Tidligst oppstart vil"], [NaN, NaN, "v\u00e6re midten av august, men mest sannsynlig tidlig"], [NaN, NaN, "september."], ["12.04.2021", "Oljedirektoratets uttalelse til", "Oljedirektoratet (OD) viser til melding om endring av"], [NaN, "endringsmelding", "tidsrom for unders\u00f8kelsen. P\u00e5 bakgrunn av innmeldt"], [NaN, NaN, "endring og nye uttalelser fra Havforskningsinstituttet og"], [NaN, NaN, "Fiskeridirektoratet, har OD ingen ytterligere merknader"], [NaN, NaN, "til at unders\u00f8kelsen kan gjennomf\u00f8res som planlagt"], [NaN, NaN, "dersom disse blir fulgt, og im\u00f8teser n\u00e6rmere"], [NaN, NaN, "informasjon for ny tidsperiode i tr\u00e5d med"], [NaN, NaN, "Fiskeridirektoratets tilbakemelding."], ["06.04.2021", "Havforskningsinstituttets", "Havforskningsinstituttet har ingen merknader til den"], [NaN, "uttalelse til endringsmelding", "planlagte unders\u00f8kelsen. Vurderingen er gjort med"], [NaN, NaN, "hensyn til konsentrerte gytevandringer for aktuelle"], [NaN, NaN, "fiskebestander."], ["01.04.2021", "Fiskeridirektoratets uttalelse til", "Kan dere gi en konkret angivelse av hvilket omr\u00e5de som"], [NaN, "endringsmelding", "n\u00e5 planlegges gjennomf\u00f8rt? Vi trenger \u00e5 se dette f\u00f8r vi"], [NaN, NaN, "kan gi en konkret tilbakemelding"], ["29.03.2021", "Melding - Endringsmelding som", "B\u00e5ten vil tidligst kunne starte innsamlingen her i"], [NaN, "krever saksbehandling", "begynnelsen av juni, og vi har derfor justert"], [NaN, NaN, "tidsperioden."], [NaN, NaN, "Basert p\u00e5 tilbakemelding p\u00e5 s\u00f8knad s\u00e5 langt, s\u00e5 ser vi"], [NaN, NaN, "at det vil v\u00e6re en del fiskeaktivitet i omr\u00e5det. Vi vil"], [NaN, NaN, "derfor dele opp innsamlingen i mindre deler (minimum"], [NaN, NaN, "2 deler), for \u00e5 kunne samarbeide bedre mot annen"], [NaN, NaN, "aktivitet som finnes i omr\u00e5det (som blant annet fiske)."], ["22.03.2021", "Oljedirektoratet uttalelse til", "Oljedirektoratet (OD) viser til deres melding vedr\u00f8rende"], [NaN, "innmelding", "denne unders\u00f8kelsen."], [NaN, NaN, "OD gj\u00f8r s\u00e6rlig oppmerksom p\u00e5 at fart\u00f8y som foretar en"], [NaN, NaN, "unders\u00f8kelse, skal holde forsvarlig avstand til fart\u00f8y"], [NaN, NaN, "som driver fiske, og til fastst\u00e5ende og flytende"], [NaN, NaN, "fiskeredskap. S\u00e6rlig aktsomhet skal utvises n\u00e5r st\u00f8rre"], [NaN, NaN, "ansamlinger av fiskefart\u00f8y observeres, jf. forskrift om"], [NaN, NaN, "ressursforvaltning innen petroleumsvirksomheten av"], [NaN, NaN, "13.12.2017 (ressursforskriften) \u00a7 8 andre ledd."], [NaN, NaN, "Det vises for \u00f8vrig til veileder om \"Gjennomf\u00f8ring av"], [NaN, NaN, "seismiske unders\u00f8kelser p\u00e5 norsk kontinentalsokkel\"."], [NaN, NaN, "OD viser til uttalelsene som er gitt av adressatene"], [NaN, NaN, "innenfor meldesystemet (jf. petroleumsforskriften \u00a7 6/"], [NaN, NaN, "ressursforskriften \u00a7 6), og har ingen merknader til at"], [NaN, NaN, "unders\u00f8kelsen  gjennomf\u00f8res som planlagt dersom"], [NaN, NaN, "disse tas til etterretning."], [NaN, NaN, "I tilfeller hvor en unders\u00f8kelse helt eller delvis frar\u00e5des"], [NaN, NaN, "gjennomf\u00f8rt i et omr\u00e5de for et gitt tidspunkt, eller m\u00e5"], [NaN, NaN, "begrenses arealmessig, og unders\u00f8kelsen likevel \u00f8nskes"], [NaN, NaN, "gjennomf\u00f8rt av rettighetshaver uten begrensninger,"], [NaN, NaN, "skal dette meldes skriftlig til OD i god tid f\u00f8r oppstart"], [NaN, NaN, "med en n\u00e6rmere begrunnelse. I begrunnelsen m\u00e5 det"], [NaN, NaN, "fremg\u00e5 hvordan alternative tidsrom og gjennomf\u00f8ring"]]}, "6": {"index": [0, 1, 2, 3, 4, 5, 6, 7, 8, 9, 10, 11, 12, 13, 14, 15, 16, 17, 18, 19, 20, 21, 22, 23, 24, 25, 26, 27, 28, 29, 30, 31, 32, 33, 34, 35, 36, 37, 38, 39, 40, 41, 42, 43, 44], "columns": {"0": "19.03.2021", "1": "Fiskeridirektoratets uttalelse til", "2": "Unders\u00f8kelsen sammenfaller med viktige fiskerier der"}, "data": [[NaN, "innmelding", "redskapen kommer i ber\u00f8ring med sj\u00f8bunnen."], [NaN, NaN, "Konvensjonelle redskap (garn, line, snurrevad) etter"], [NaN, NaN, "hvitfisk, tr\u00e5l etter konsumfisk og industrifisk, samt not"], [NaN, NaN, "etter nordsj\u00f8sild."], [NaN, NaN, "Vi gj\u00f8r spesielt oppmerksom p\u00e5 nordsj\u00f8sildfisket som"], [NaN, NaN, "ventes \u00e5 v\u00e6re intensivt i perioden 17.mai og ut planlagt"], [NaN, NaN, "periode."], [NaN, NaN, "Elektromagnetiske noder har lange antenner som"], [NaN, NaN, "stikker ut og har lettere for \u00e5 hefte i fiskeredskap enn"], [NaN, NaN, "andre typer noder. Dette, kombinert med stort omr\u00e5de"], [NaN, NaN, "midt i viktig sesongfiske, gj\u00f8r at vi ser oss n\u00f8dt til \u00e5"], [NaN, NaN, "frar\u00e5de at unders\u00f8kelsen gjennomf\u00f8res som planlagt."], [NaN, NaN, "Denne unders\u00f8kelsen m\u00e5 reduseres betydelig i omfang"], [NaN, NaN, "og legges til en tid p\u00e5 \u00e5ret da det ventes lite fiske. Vi"], [NaN, NaN, "viser til v\u00e5r kartl\u00f8sning \"Yggdrasil\" som hjelp til \u00e5 se n\u00e5r"], [NaN, NaN, "det kan v\u00e6re realistisk \u00e5 endre unders\u00f8kelsen. Vi kan"], [NaN, NaN, "ogs\u00e5 bidra med r\u00e5d i planleggingen dersom selskapet"], [NaN, NaN, "\u00f8nsker dette."], [NaN, NaN, "Siden vi frar\u00e5der finner vi ikke grunnlag for \u00e5 gi noe r\u00e5d"], [NaN, NaN, "om fiskerikyndig: Uansett hvor mange fiskerikyndige"], [NaN, NaN, "som settes om bord p\u00e5 fart\u00f8yet som gjennomf\u00f8rer"], [NaN, NaN, "unders\u00f8kelsen, s\u00e5 vil det ikke v\u00e6re mulig \u00e5 f\u00f8lge med"], [NaN, NaN, "p\u00e5 -eller f\u00f8lge opp - en periodevis sv\u00e6rt intensiv"], [NaN, NaN, "fiskeriaktivitet i et s\u00e5 stort omr\u00e5de som det er innmeldt"], [NaN, NaN, "her."], ["15.03.2021", "Melding - Endringsmelding - til", NaN], [NaN, "info", NaN], ["15.03.2021", "Melding - Endringsmelding - til", NaN], [NaN, "info", NaN], ["15.03.2021", "Melding - Endringsmelding - til", NaN], [NaN, "info", NaN], ["15.03.2021", "Melding - Endringsmelding - til", NaN], [NaN, "info", NaN], ["15.03.2021", "Melding - Endringsmelding - til", NaN], [NaN, "info", NaN], ["15.03.2021", "Melding - Endringsmelding - til", NaN], [NaN, "info", NaN], ["15.03.2021", "Melding - Endringsmelding - til", NaN], [NaN, "info", NaN], ["08.03.2021", "Havforskningsinstituttets", "Havforskningsinstituttet har ingen merknader til den"], [NaN, "uttalelse til innmelding", "planlagte unders\u00f8kelsen. Vurderingen er gjort med"], [NaN, NaN, "hensyn til konsentrerte gytevandringer for aktuelle"], [NaN, NaN, "fiskebestander."], ["04.03.2021", "Status", "Under behandling"], ["04.03.2021", "Melding - Innmelding", NaN]]}, "7": {"index": [0], "columns": {"0": "Type of licence", "1": "Licence name"}, "data": [["Unders\u00f8kelsestillatelse", 706]]}, "8": {"index": [], "columns": {"0": "Type data", "1": "Format", "2": "Medium", "3": "Comment"}, "data": []}, "9": {"index": [0, 1, 2, 3], "columns": {"0": "Vessel Name", "1": "Type of vessel", "2": "Phone", "3": "IMO-number", "4": "Call", "5": "Nation"}, "data": [[NaN, NaN, "number", NaN, "signal", NaN], ["Atlantic", "Hovedfart\u00f8y", "+47", 9239355.0, "LAEU6", "Norge"], ["Guardian", "(innsamlingsfa", "23965034", NaN, NaN, NaN], [NaN, "rt\u00f8y)", NaN, NaN, NaN, NaN]]}, "10": {"index": [0, 1, 2], "columns": {"0": "From date", "1": "To date", "2": "Name", "3": "Phone number"}, "data": [[NaN, NaN, "Hans-Kristian", "+47 23 96 50 34"], [NaN, NaN, "Augustinussen", NaN], [NaN, NaN, "Jan Sverre Trulsen", "+47 23 96 50 34"]]}, "11": {"index": [0, 1, 2, 3, 4, 5, 6, 7, 8, 9], "columns": {"0": "Point", "1": "NS", "2": "NS minutes", "3": "Unnamed: 0", "4": "EW", "5": "EW minutes", "6": "Unnamed: 1"}, "data": [["number", "degrees", "(decimal)", NaN, "degrees", "(decimal)", NaN], ["1", "59", "8.24", "N", "2", "6.40", "E"], ["2", "59", "15.36", "N", "2", "21.87", "E"], ["3", "59", "19.04", "N", "2", "31.67", "E"], ["4", "59", "14.60", "N", "2", "42.17", "E"], ["5", "59", "6.94", "N", "3", "25.90", "E"], ["6", "58", "54.30", "N", "3", "22.68", "E"], ["7", "58", "54.99", "N", "3", "6.98", "E"], ["8", "58", "44.50", "N", "3", "0.39", "E"], ["9", "58", "54.69", "N", "2", "6.09", "E"]]}, "12": {"index": [0, 1, 2, 3, 4, 5, 6, 7, 8, 9], "columns": {"0": "Point", "1": "NS", "2": "NS.1", "3": "NS.2", "4": "Unnamed: 0", "5": "EW", "6": "EW.1", "7": "EW.2", "8": "Unnamed: 1"}, "data": [["number", "degrees", "minutes", "seconds", NaN, "degrees", "minutes", "seconds", NaN], ["1", "59", "8", "14.42", "N", "2", "6", "24.04", "E"], ["2", "59", "15", "21.75", "N", "2", "21", "52.26", "E"], ["3", "59", "19", "2.30", "N", "2", "31", "40.43", "E"], ["4", "59", "14", "35.78", "N", "2", "42", "9.94", "E"], ["5", "59", "6", "56.25", "N", "3", "25", "53.70", "E"], ["6", "58", "54", "18.08", "N", "3", "22", "40.67", "E"], ["7", "58", "54", "59.44", "N", "3", "6", "58.69", "E"], ["8", "58", "44", "29.93", "N", "3", "0", "23.49", "E"], ["9", "58", "54", "41.11", "N", "2", "6", "5.62", "E"]]}, "kind": "osdu:wks:master-data--Survey:1.0.0 ", "id": "npd:master-data--Factpages-Survey:10037"}