{"0": {"index": [0, 1, 2, 3, 4, 5, 6], "columns": {"0": "Field name", "1": "GULLFAKS"}, "data": [["Factmaps in new window", "link to map"], ["Current activity status", "Producing"], ["Discovery wellbore", "34/10-1"], ["Discovery year.", "1978"], ["Main area", "North sea"], ["Main supply base", "Mongstad"], ["NPDID field", "43686"]]}, "1": {"index": [0, 1, 2, 3, 4, 5, 6], "columns": {"0": "Discovery name"}, "data": [["34/10-A-8"], ["34/10-34 Gullfaks Vest"], ["34/10-46 S"], ["34/10-1 Gullfaks"], ["34/10-45 S"], ["34/10-45 B"], ["34/10-46 A"]]}, "2": {"index": [0, 1, 2], "columns": {"0": "Status", "1": "Status from", "2": "Status to"}, "data": [["Producing", "22.12.1986", NaN], ["Approved for", "09.10.1981", "21.12.1986"], ["production", NaN, NaN]]}, "3": {"index": [0, 1], "columns": {"0": "Block name", "1": "Prod. licence"}, "data": [["34/10", "050"], ["34/10", "050 B"]]}, "4": {"index": [0], "columns": {"0": "Owner kind", "1": "Unnamed: 0", "2": "Owner name"}, "data": [["PRODUCTION LICENSE", 50, NaN]]}, "5": {"index": [0, 1, 2], "columns": {"0": "Unnamed: 0", "1": "Company name", "2": "Nation code", "3": "Company share [%]"}, "data": [["Equinor Energy AS", NaN, "NO", 51.0], ["Petoro AS", NaN, "NO", 30.0], ["OMV (Norge) AS", NaN, "NO", 19.0]]}, "6": {"index": [0, 1, 2], "columns": {"0": "Orig. recoverable", "1": "Orig. recoverable.1", "2": "Orig. recoverable.2", "3": "Orig. recoverable.3", "4": "Orig. recoverable.4"}, "data": [["oil", "gas", "NGL", "cond.", "oil eq."], ["[mill Sm3]", "[bill Sm3]", "[mill tonn]", "[mill Sm3]", "[mill Sm3 o.e]"], ["390.48", "23.08", "2.83", "0.00", "418.94"]]}, "7": {"index": [0, 1], "columns": {"0": "Remaining oil", "1": "Remaining gas", "2": "Remaining NGL", "3": "Remaining cond.", "4": "Remaining oil eq."}, "data": [["[mill Sm3]", "[bill Sm3]", "[mill tonn]", "[mill Sm3]", "[mill Sm3 o.e]"], ["14.35", "0.00", "0.00", "0.00", "14.35"]]}, "8": {"index": [0, 1, 2], "columns": {"0": "Orig. inplace oil", "1": "Orig. inplace ass.", "2": "Orig. inplace ass..1", "3": "Orig. inplace free"}, "data": [["[mill Sm3]", "liquid", "gas", "gas"], [NaN, "[mill Sm3]", "[bill Sm3]", "[bill Sm3]"], ["745.00", "0.00", "84.00", "0.00"]]}, "9": {"index": [0, 1, 2, 3, 4, 5, 6, 7, 8, 9, 10, 11, 12, 13, 14, 15, 16, 17, 18, 19, 20, 21, 22, 23, 24, 25, 26, 27, 28, 29, 30, 31, 32, 33, 34, 35, 36, 37, 38, 39, 40, 41, 42, 43, 44, 45, 46, 47, 48, 49, 50, 51], "columns": {"0": "Type", "1": "Text", "2": "Date"}, "data": [[NaN, NaN, "updated"], ["Development", "Gullfaks is a field in the Tampen area in the northern part of the", "28.02.2023"], [NaN, "North Sea. The water depth is 130-220 metres. Gullfaks was", NaN], [NaN, "discovered in 1978, and the plan for development and operation", NaN], [NaN, "(PDO) for Gullfaks Phase I was approved in 1981. A PDO for", NaN], [NaN, "Gullfaks Phase II was approved in 1985. Production started in", NaN], [NaN, "1986. The field has been developed with three integrated", NaN], [NaN, "processing, drilling and accommodation facilities with concrete", NaN], [NaN, "bases (Gullfaks A, B and C). Gullfaks B has a simplified", NaN], [NaN, "processing plant with first stage separation. Gullfaks A and C", NaN], [NaN, "receive and process oil and gas from Gullfaks S\u00f8r and Visund", NaN], [NaN, "S\u00f8r. The Gullfaks facilities are also involved in production and", NaN], [NaN, "transport from the Tordis, Vigdis and Visund fields. Production", NaN], [NaN, "from Tordis is processed in a separate facility on Gullfaks C.", NaN], [NaN, "PDO for Gullfaks Vest was approved in 1993, and for recovery", NaN], [NaN, "from the Lunde Formation in 1995. An amended PDO for the", NaN], [NaN, "Gullfaks field, covering prospects and small discoveries, which", NaN], [NaN, "could be drilled and produced from existing facilities, was", NaN], [NaN, "approved in 2005. Amendments to the Gullfaks PDO, covering", NaN], [NaN, "Phase I and Phase II production from the Shetland/Lista", NaN], [NaN, "deposit, were approved in 2015 and 2019, respectively. In", NaN], [NaN, "2020, an amended PDO for the development of the Hywind", NaN], [NaN, "Tampen wind farm was approved. The wind farm consists of 11", NaN], [NaN, "floating turbines which supply electricity to the Gullfaks and", NaN], [NaN, "Snorre platforms. These fields are the first in the world", NaN], [NaN, "receiving power from a floating wind farm.", NaN], ["Reservoir", "Gullfaks produces oil from Middle Jurassic sandstone in the", "28.02.2023"], [NaN, "Brent Group, and from Lower Jurassic and Upper Triassic", NaN], [NaN, "sandstone in the Statfjord Group and Cook and Lunde", NaN], [NaN, "Formations. Recoverable oil is also present in fractured", NaN], [NaN, "carbonate and shale in the overlying Shetland Group and Lista", NaN], [NaN, "Formation. The reservoirs lie at a depth of 1,700-2,000 metres", NaN], [NaN, "in rotated fault blocks in the west and a structural horst (raised", NaN], [NaN, "fault block) in the east, with a highly faulted area in between.", NaN], [NaN, "Reservoir quality is generally good to very good in the Jurassic", NaN], [NaN, "reservoirs within each fault compartment, but poor reservoir", NaN], [NaN, "communication is a challenge for pressure maintenance.", NaN], ["Recovery strategy", "The drive mechanism for the main reservoirs is primarily water", "28.02.2023"], [NaN, "injection, with gas injection and water alternating gas injection", NaN], [NaN, "(WAG) in some areas. Initially, the drainage strategy for the", NaN], [NaN, "Shetland/Lista reservoir was depletion, but pressure support by", NaN], [NaN, "water injection has now been implemented.", NaN], ["Transport", "Oil is exported from Gullfaks A and Gullfaks C via loading buoys", "28.02.2023"], [NaN, "onto tankers. Rich gas is transported by Statpipe for further", NaN], [NaN, "processing at the K\u00e5rst\u00f8 terminal.", NaN], ["Status", "Drilling of new wells on Gullfaks has been challenging for many", "28.02.2023"], [NaN, "years due to overpressured areas in the Shetland/Lista interval.", NaN], [NaN, "Production from the Shetland/Lista reservoirs has gradually", NaN], [NaN, "contributed to reduced overpressures and improved drillability.", NaN], [NaN, "Additional wells are being drilled continuously from all", NaN], [NaN, "platforms. Hywind Tampen started power production in", NaN], [NaN, "November 2022.", NaN]]}, "10": {"index": [0, 1, 2, 3, 4, 5, 6, 7, 8, 9, 10, 11, 12, 13, 14, 15, 16, 17, 18, 19, 20, 21, 22, 23, 24, 25, 26, 27, 28, 29, 30, 31, 32, 33, 34, 35, 36, 37], "columns": {"0": "Unnamed: 0", "1": "Investments"}, "data": [[NaN, "[mill NOK nominal"], [NaN, "values]"], ["Sum", "107722"], ["2021", "3047"], ["2020", "2757"], ["2019", "3462"], ["2018", "3533"], ["2017", "2693"], ["2016", "3480"], ["2015", "3116"], ["2014", "3602"], ["2013", "3347"], ["2012", "3745"], ["2011", "2941"], ["2010", "2471"], ["2009", "2622"], ["2008", "2224"], ["2007", "1485"], ["2006", "1212"], ["2005", "1248"], ["2004", "1395"], ["2003", "1544"], ["2002", "1194"], ["2001", "1257"], ["2000", "1010"], ["1999", "1216"], ["1998", "1072"], ["1997", "1095"], ["1996", "857"], ["1995", "1073"], ["1994", "683"], ["1993", "1529"], ["1992", "1481"], ["1991", "1265"], ["1990", "1187"], ["1989", "3114"], ["1988", "4447"], ["1987", "8965"]]}, "11": {"index": [0, 1, 2, 3, 4], "columns": {"0": "1986", "1": "9691"}, "data": [[1985, 7336], [1984, 5268], [1983, 2821], [1982, 880], [1981, 357]]}, "12": {"index": [0, 1, 2, 3, 4, 5, 6, 7, 8, 9, 10, 11, 12, 13, 14, 15, 16, 17, 18, 19, 20, 21, 22, 23, 24, 25, 26, 27, 28, 29, 30, 31, 32, 33, 34], "columns": {"0": "Unnamed: 0", "1": "Month", "2": "Net - oil", "3": "Net - gas", "4": "Net -", "5": "Net - NGL", "6": "Net - oil equivalents"}, "data": [[NaN, NaN, "[mill Sm3]", "[bill Sm3]", "condensate", "[mill Sm3]", NaN], [NaN, NaN, NaN, NaN, "[mill Sm3]", NaN, "[mill Sm3]"], ["Sum", NaN, "376.857601", "23.077293", "0.000000", "5.188282", "405.123176"], ["2023", NaN, "0.638519", "0.000000", "0.000000", "0.000000", "0.638519"], [NaN, 1.0, "0.119202", "0.000000", "0.000000", "0.000000", "0.119202"], [NaN, 2.0, "0.106606", "0.000000", "0.000000", "0.000000", "0.106606"], [NaN, 3.0, "0.094625", "0.000000", "0.000000", "0.000000", "0.094625"], [NaN, 4.0, "0.115266", "0.000000", "0.000000", "0.000000", "0.115266"], [NaN, 5.0, "0.111840", "0.000000", "0.000000", "0.000000", "0.111840"], [NaN, 6.0, "0.090980", "0.000000", "0.000000", "0.000000", "0.090980"], ["2022", NaN, "1.611305", "0.000000", "0.000000", "0.000000", "1.611305"], [NaN, 1.0, "0.138966", "0.000000", "0.000000", "0.000000", "0.138966"], [NaN, 2.0, "0.124808", "0.000000", "0.000000", "0.000000", "0.124808"], [NaN, 3.0, "0.142179", "0.000000", "0.000000", "0.000000", "0.142179"], [NaN, 4.0, "0.129459", "0.000000", "0.000000", "0.000000", "0.129459"], [NaN, 5.0, "0.154248", "0.000000", "0.000000", "0.000000", "0.154248"], [NaN, 6.0, "0.136332", "0.000000", "0.000000", "0.000000", "0.136332"], [NaN, 7.0, "0.145999", "0.000000", "0.000000", "0.000000", "0.145999"], [NaN, 8.0, "0.125326", "0.000000", "0.000000", "0.000000", "0.125326"], [NaN, 9.0, "0.131790", "0.000000", "0.000000", "0.000000", "0.131790"], [NaN, 10.0, "0.138450", "0.000000", "0.000000", "0.000000", "0.138450"], [NaN, 11.0, "0.113232", "0.000000", "0.000000", "0.000000", "0.113232"], [NaN, 12.0, "0.130516", "0.000000", "0.000000", "0.000000", "0.130516"], ["2021", NaN, "1.769259", "0.000000", "0.000000", "0.000000", "1.769259"], [NaN, 1.0, "0.212954", "0.000000", "0.000000", "0.000000", "0.212954"], [NaN, 2.0, "0.149620", "0.000000", "0.000000", "0.000000", "0.149620"], [NaN, 3.0, "0.170392", "0.000000", "0.000000", "0.000000", "0.170392"], [NaN, 4.0, "0.146600", "0.000000", "0.000000", "0.000000", "0.146600"], [NaN, 5.0, "0.162843", "0.000000", "0.000000", "0.000000", "0.162843"], [NaN, 6.0, "0.135294", "0.000000", "0.000000", "0.000000", "0.135294"], [NaN, 7.0, "0.151016", "0.000000", "0.000000", "0.000000", "0.151016"], [NaN, 8.0, "0.148507", "0.000000", "0.000000", "0.000000", "0.148507"], [NaN, 9.0, "0.122602", "0.000000", "0.000000", "0.000000", "0.122602"], [NaN, 10.0, "0.117710", "0.000000", "0.000000", "0.000000", "0.117710"], [NaN, 11.0, "0.131240", "0.000000", "0.000000", "0.000000", "0.131240"]]}, "13": {"index": [0, 1, 2, 3, 4, 5, 6, 7, 8, 9, 10, 11, 12, 13, 14, 15, 16, 17, 18, 19, 20, 21, 22, 23, 24, 25, 26, 27, 28, 29, 30, 31, 32, 33, 34, 35, 36, 37, 38, 39, 40, 41], "columns": {"0": "2021", "1": "12", "2": "0.120481", "3": "0.000000", "4": "0.000000.1", "5": "0.000000.2", "6": "Unnamed: 0"}, "data": [[2020.0, NaN, 2.408227, 0.0, 0.0, 0.0, 2.408227], [NaN, 1.0, 0.236766, 0.0, 0.0, 0.0, 0.236766], [NaN, 2.0, 0.240909, 0.0, 0.0, 0.0, 0.240909], [NaN, 3.0, 0.226871, 0.0, 0.0, 0.0, 0.226871], [NaN, 4.0, 0.216765, 0.0, 0.0, 0.0, 0.216765], [NaN, 5.0, 0.230188, 0.0, 0.0, 0.0, 0.230188], [NaN, 6.0, 0.174608, 0.0, 0.0, 0.0, 0.174608], [NaN, 7.0, 0.204933, 0.0, 0.0, 0.0, 0.204933], [NaN, 8.0, 0.23799, 0.0, 0.0, 0.0, 0.23799], [NaN, 9.0, 0.157606, 0.0, 0.0, 0.0, 0.157606], [NaN, 10.0, 0.105079, 0.0, 0.0, 0.0, 0.105079], [NaN, 11.0, 0.191752, 0.0, 0.0, 0.0, 0.191752], [NaN, 12.0, 0.18476, 0.0, 0.0, 0.0, 0.18476], [2019.0, NaN, 2.739456, 0.0, 0.0, 0.0, 2.739456], [NaN, 1.0, 0.25961, 0.0, 0.0, 0.0, 0.25961], [NaN, 2.0, 0.238978, 0.0, 0.0, 0.0, 0.238978], [NaN, 3.0, 0.246677, 0.0, 0.0, 0.0, 0.246677], [NaN, 4.0, 0.239883, 0.0, 0.0, 0.0, 0.239883], [NaN, 5.0, 0.163656, 0.0, 0.0, 0.0, 0.163656], [NaN, 6.0, 0.216195, 0.0, 0.0, 0.0, 0.216195], [NaN, 7.0, 0.223299, 0.0, 0.0, 0.0, 0.223299], [NaN, 8.0, 0.233665, 0.0, 0.0, 0.0, 0.233665], [NaN, 9.0, 0.198997, 0.0, 0.0, 0.0, 0.198997], [NaN, 10.0, 0.233759, 0.0, 0.0, 0.0, 0.233759], [NaN, 11.0, 0.236172, 0.0, 0.0, 0.0, 0.236172], [NaN, 12.0, 0.248565, 0.0, 0.0, 0.0, 0.248565], [2018.0, NaN, 2.675509, 0.0, 0.0, 0.0, 2.675509], [NaN, 1.0, 0.174349, 0.0, 0.0, 0.0, 0.174349], [NaN, 2.0, 0.176747, 0.0, 0.0, 0.0, 0.176747], [NaN, 3.0, 0.195502, 0.0, 0.0, 0.0, 0.195502], [NaN, 4.0, 0.219872, 0.0, 0.0, 0.0, 0.219872], [NaN, 5.0, 0.236858, 0.0, 0.0, 0.0, 0.236858], [NaN, 6.0, 0.21995, 0.0, 0.0, 0.0, 0.21995], [NaN, 7.0, 0.2291, 0.0, 0.0, 0.0, 0.2291], [NaN, 8.0, 0.219055, 0.0, 0.0, 0.0, 0.219055], [NaN, 9.0, 0.206016, 0.0, 0.0, 0.0, 0.206016], [NaN, 10.0, 0.27508, 0.0, 0.0, 0.0, 0.27508], [NaN, 11.0, 0.274838, 0.0, 0.0, 0.0, 0.274838], [NaN, 12.0, 0.248142, 0.0, 0.0, 0.0, 0.248142], [2017.0, NaN, 2.043233, 0.0, 0.0, 0.0, 2.043233], [1.0, 0.179468, 0.0, 0.0, 0.0, 0.179468, NaN], [2.0, 0.165785, 0.0, 0.0, 0.0, 0.165785, NaN]]}, "14": {"index": [0, 1, 2, 3, 4, 5, 6, 7, 8, 9, 10, 11, 12, 13, 14, 15, 16, 17, 18, 19, 20, 21, 22, 23, 24, 25, 26, 27, 28, 29, 30, 31, 32, 33, 34, 35, 36, 37, 38, 39, 40, 41], "columns": {"0": "2017", "1": "3", "2": "0.180159", "3": "0.000000", "4": "0.000000.1", "5": "0.000000.2", "6": "0.180159.1"}, "data": [[NaN, 4.0, 0.168056, 0.0, 0.0, 0.0, 0.168056], [NaN, 5.0, 0.15825, 0.0, 0.0, 0.0, 0.15825], [NaN, 6.0, 0.103106, 0.0, 0.0, 0.0, 0.103106], [NaN, 7.0, 0.164085, 0.0, 0.0, 0.0, 0.164085], [NaN, 8.0, 0.214497, 0.0, 0.0, 0.0, 0.214497], [NaN, 9.0, 0.183215, 0.0, 0.0, 0.0, 0.183215], [NaN, 10.0, 0.187564, 0.0, 0.0, 0.0, 0.187564], [NaN, 11.0, 0.160482, 0.0, 0.0, 0.0, 0.160482], [NaN, 12.0, 0.178566, 0.0, 0.0, 0.0, 0.178566], [2016.0, NaN, 2.279256, 0.0, 0.0, 0.0, 2.279256], [NaN, 1.0, 0.193683, 0.0, 0.0, 0.0, 0.193683], [NaN, 2.0, 0.1821, 0.0, 0.0, 0.0, 0.1821], [NaN, 3.0, 0.191755, 0.0, 0.0, 0.0, 0.191755], [NaN, 4.0, 0.225758, 0.0, 0.0, 0.0, 0.225758], [NaN, 5.0, 0.221373, 0.0, 0.0, 0.0, 0.221373], [NaN, 6.0, 0.205267, 0.0, 0.0, 0.0, 0.205267], [NaN, 7.0, 0.183459, 0.0, 0.0, 0.0, 0.183459], [NaN, 8.0, 0.17018, 0.0, 0.0, 0.0, 0.17018], [NaN, 9.0, 0.147316, 0.0, 0.0, 0.0, 0.147316], [NaN, 10.0, 0.194916, 0.0, 0.0, 0.0, 0.194916], [NaN, 11.0, 0.183285, 0.0, 0.0, 0.0, 0.183285], [NaN, 12.0, 0.180164, 0.0, 0.0, 0.0, 0.180164], [2015.0, NaN, 2.098276, 0.0, 0.0, 0.0, 2.098276], [NaN, 1.0, 0.192463, 0.0, 0.0, 0.0, 0.192463], [NaN, 2.0, 0.166685, 0.0, 0.0, 0.0, 0.166685], [NaN, 3.0, 0.191593, 0.0, 0.0, 0.0, 0.191593], [NaN, 4.0, 0.175503, 0.0, 0.0, 0.0, 0.175503], [NaN, 5.0, 0.186863, 0.0, 0.0, 0.0, 0.186863], [NaN, 6.0, 0.147286, 0.0, 0.0, 0.0, 0.147286], [NaN, 7.0, 0.177844, 0.0, 0.0, 0.0, 0.177844], [NaN, 8.0, 0.140629, 0.0, 0.0, 0.0, 0.140629], [NaN, 9.0, 0.148419, 0.0, 0.0, 0.0, 0.148419], [NaN, 10.0, 0.187789, 0.0, 0.0, 0.0, 0.187789], [NaN, 11.0, 0.181951, 0.0, 0.0, 0.0, 0.181951], [NaN, 12.0, 0.201251, 0.0, 0.0, 0.0, 0.201251], [2014.0, NaN, 2.136387, 0.0, 0.0, 0.0, 2.136387], [1.0, 0.156781, 0.0, 0.0, 0.0, 0.156781, NaN], [2.0, 0.151639, 0.0, 0.0, 0.0, 0.151639, NaN], [3.0, 0.172417, 0.0, 0.0, 0.0, 0.172417, NaN], [4.0, 0.194246, 0.0, 0.0, 0.0, 0.194246, NaN], [5.0, 0.1814, 0.0, 0.0, 0.0, 0.1814, NaN], [6.0, 0.129168, 0.0, 0.0, 0.0, 0.129168, NaN]]}, "15": {"index": [0, 1, 2, 3, 4, 5, 6, 7, 8, 9, 10, 11, 12, 13, 14, 15, 16, 17, 18, 19, 20, 21, 22, 23, 24, 25, 26, 27, 28, 29, 30, 31, 32, 33, 34, 35, 36, 37, 38, 39, 40, 41], "columns": {"0": "2014", "1": "7", "2": "0.189458", "3": "0.000000", "4": "0.000000.1", "5": "0.000000.2", "6": "0.189458.1"}, "data": [[NaN, 8.0, 0.19846, 0.0, 0.0, 0.0, 0.19846], [NaN, 9.0, 0.175919, 0.0, 0.0, 0.0, 0.175919], [NaN, 10.0, 0.198513, 0.0, 0.0, 0.0, 0.198513], [NaN, 11.0, 0.185506, 0.0, 0.0, 0.0, 0.185506], [NaN, 12.0, 0.20288, 0.0, 0.0, 0.0, 0.20288], [2013.0, NaN, 2.568067, 0.0, 0.0, 0.0, 2.568067], [NaN, 1.0, 0.217184, 0.0, 0.0, 0.0, 0.217184], [NaN, 2.0, 0.20559, 0.0, 0.0, 0.0, 0.20559], [NaN, 3.0, 0.207757, 0.0, 0.0, 0.0, 0.207757], [NaN, 4.0, 0.210863, 0.0, 0.0, 0.0, 0.210863], [NaN, 5.0, 0.229815, 0.0, 0.0, 0.0, 0.229815], [NaN, 6.0, 0.227693, 0.0, 0.0, 0.0, 0.227693], [NaN, 7.0, 0.224663, 0.0, 0.0, 0.0, 0.224663], [NaN, 8.0, 0.236885, 0.0, 0.0, 0.0, 0.236885], [NaN, 9.0, 0.233521, 0.0, 0.0, 0.0, 0.233521], [NaN, 10.0, 0.209406, 0.0, 0.0, 0.0, 0.209406], [NaN, 11.0, 0.190397, 0.0, 0.0, 0.0, 0.190397], [NaN, 12.0, 0.174293, 0.0, 0.0, 0.0, 0.174293], [2012.0, NaN, 2.537106, 0.0, 0.0, 0.0, 2.537106], [NaN, 1.0, 0.238281, 0.0, 0.0, 0.0, 0.238281], [NaN, 2.0, 0.216306, 0.0, 0.0, 0.0, 0.216306], [NaN, 3.0, 0.22627, 0.0, 0.0, 0.0, 0.22627], [NaN, 4.0, 0.220238, 0.0, 0.0, 0.0, 0.220238], [NaN, 5.0, 0.217304, 0.0, 0.0, 0.0, 0.217304], [NaN, 6.0, 0.195186, 0.0, 0.0, 0.0, 0.195186], [NaN, 7.0, 0.208257, 0.0, 0.0, 0.0, 0.208257], [NaN, 8.0, 0.245845, 0.0, 0.0, 0.0, 0.245845], [NaN, 9.0, 0.256519, 0.0, 0.0, 0.0, 0.256519], [NaN, 10.0, 0.159358, 0.0, 0.0, 0.0, 0.159358], [NaN, 11.0, 0.191458, 0.0, 0.0, 0.0, 0.191458], [NaN, 12.0, 0.162084, 0.0, 0.0, 0.0, 0.162084], [2011.0, NaN, 2.663029, 0.0, 0.0, 0.0, 2.663029], [1.0, 0.19973, 0.0, 0.0, 0.0, 0.19973, NaN], [2.0, 0.199221, 0.0, 0.0, 0.0, 0.199221, NaN], [3.0, 0.223626, 0.0, 0.0, 0.0, 0.223626, NaN], [4.0, 0.245467, 0.0, 0.0, 0.0, 0.245467, NaN], [5.0, 0.140694, 0.0, 0.0, 0.0, 0.140694, NaN], [6.0, 0.18353, 0.0, 0.0, 0.0, 0.18353, NaN], [7.0, 0.223533, 0.0, 0.0, 0.0, 0.223533, NaN], [8.0, 0.238175, 0.0, 0.0, 0.0, 0.238175, NaN], [9.0, 0.251239, 0.0, 0.0, 0.0, 0.251239, NaN], [10.0, 0.238266, 0.0, 0.0, 0.0, 0.238266, NaN]]}, "16": {"index": [0, 1, 2, 3, 4, 5, 6, 7, 8, 9, 10, 11, 12, 13, 14, 15, 16, 17, 18, 19, 20, 21, 22, 23, 24, 25, 26, 27, 28, 29, 30, 31, 32, 33, 34, 35, 36, 37, 38, 39, 40, 41], "columns": {"0": "2011", "1": "11", "2": "0.254211", "3": "0.000000", "4": "0.000000.1", "5": "0.000000.2", "6": "0.254211.1"}, "data": [[NaN, 12.0, 0.265337, 0.0, 0.0, 0.0, 0.265337], [2010.0, NaN, 3.959405, 0.089829, 0.0, 0.02993, 4.079164], [NaN, 1.0, 0.377456, 0.001283, 0.0, 0.000358, 0.379097], [NaN, 2.0, 0.348753, 0.002197, 0.0, 0.000687, 0.351637], [NaN, 3.0, 0.386868, 0.005158, 0.0, 0.001662, 0.393688], [NaN, 4.0, 0.36064, 0.000155, 0.0, 5.4e-05, 0.360849], [NaN, 5.0, 0.325246, 0.017991, 0.0, 0.006292, 0.349529], [NaN, 6.0, 0.235985, 0.022476, 0.0, 0.007935, 0.266396], [NaN, 7.0, 0.313678, 0.017986, 0.0, 0.006167, 0.337831], [NaN, 8.0, 0.348047, 0.001017, 0.0, 0.000318, 0.349382], [NaN, 9.0, 0.36939, 0.021566, 0.0, 0.006457, 0.397413], [NaN, 10.0, 0.35217, 0.0, 0.0, 0.0, 0.35217], [NaN, 11.0, 0.346308, 0.0, 0.0, 0.0, 0.346308], [NaN, 12.0, 0.194864, 0.0, 0.0, 0.0, 0.194864], [2009.0, NaN, 4.689915, 0.227613, 0.0, 0.072721, 4.990249], [NaN, 1.0, 0.452786, 0.013838, 0.0, 0.004539, 0.471163], [NaN, 2.0, 0.405538, 0.00987, 0.0, 0.003218, 0.418626], [NaN, 3.0, 0.443977, 0.014914, 0.0, 0.005076, 0.463967], [NaN, 4.0, 0.397897, 0.024291, 0.0, 0.007849, 0.430037], [NaN, 5.0, 0.314293, 0.046799, 0.0, 0.015297, 0.376389], [NaN, 6.0, 0.355392, 0.034478, 0.0, 0.011527, 0.401397], [NaN, 7.0, 0.417413, 0.011347, 0.0, 0.00348, 0.43224], [NaN, 8.0, 0.402086, 0.006124, 0.0, 0.001968, 0.410178], [NaN, 9.0, 0.417539, 0.010283, 0.0, 0.003008, 0.43083], [NaN, 10.0, 0.372259, 0.020004, 0.0, 0.005791, 0.398054], [NaN, 11.0, 0.352763, 0.022098, 0.0, 0.006708, 0.381569], [NaN, 12.0, 0.357972, 0.013567, 0.0, 0.00426, 0.375799], [2008.0, NaN, 5.305486, 0.33324, 0.0, 0.322071, 5.960797], [NaN, 1.0, 0.464948, 0.024479, 0.0, 0.03246, 0.521887], [NaN, 2.0, 0.447586, 0.03923, 0.0, 0.032101, 0.518917], [NaN, 3.0, 0.428705, 0.036628, 0.0, 0.0399, 0.505233], [NaN, 4.0, 0.451996, 0.021295, 0.0, 0.027122, 0.500413], [NaN, 5.0, 0.478124, 0.032643, 0.0, 0.038232, 0.548999], [NaN, 6.0, 0.235302, 0.010584, 0.0, 0.023378, 0.269264], [NaN, 7.0, 0.490098, 0.038499, 0.0, 0.034365, 0.562962], [NaN, 8.0, 0.474554, 0.042287, 0.0, 0.035654, 0.552495], [NaN, 9.0, 0.47668, 0.042596, 0.0, 0.034521, 0.553797], [NaN, 10.0, 0.443677, 0.01295, 0.0, 0.014295, 0.470922], [NaN, 11.0, 0.448325, 0.020954, 0.0, 0.006661, 0.47594], [NaN, 12.0, 0.465491, 0.011095, 0.0, 0.003382, 0.479968], [2007.0, NaN, 5.560263, 0.236004, 0.0, 0.257056, 6.053323], [1.0, 0.484017, 0.035577, 0.0, 0.02627, 0.545864, NaN]]}, "17": {"index": [0, 1, 2, 3, 4, 5, 6, 7, 8, 9, 10, 11, 12, 13, 14, 15, 16, 17, 18, 19, 20, 21, 22, 23, 24, 25, 26, 27, 28, 29, 30, 31, 32, 33, 34, 35, 36, 37, 38, 39, 40, 41], "columns": {"0": "2007", "1": "2", "2": "0.424618", "3": "0.032993", "4": "0.000000", "5": "0.019158", "6": "0.476769"}, "data": [[NaN, 3.0, 0.480513, 0.027597, 0.0, 0.020452, 0.528562], [NaN, 4.0, 0.474605, 0.026784, 0.0, 0.021918, 0.523307], [NaN, 5.0, 0.482603, 0.0, 0.0, 0.0, 0.482603], [NaN, 6.0, 0.465129, 0.005417, 0.0, 0.027923, 0.498469], [NaN, 7.0, 0.473246, 0.044143, 0.0, 0.027272, 0.544661], [NaN, 8.0, 0.49474, 0.034141, 0.0, 0.030045, 0.558926], [NaN, 9.0, 0.404319, 0.0, 0.0, 0.0, 0.404319], [NaN, 10.0, 0.446256, 0.005789, 0.0, 0.01547, 0.467515], [NaN, 11.0, 0.455145, 0.013429, 0.0, 0.035138, 0.503712], [NaN, 12.0, 0.475072, 0.010134, 0.0, 0.03341, 0.518616], [2006.0, NaN, 6.429326, 0.492866, 0.0, 0.195578, 7.11777], [NaN, 1.0, 0.700569, 0.056187, 0.0, 0.028246, 0.785002], [NaN, 2.0, 0.543753, 0.047737, 0.0, 0.019023, 0.610513], [NaN, 3.0, 0.624233, 0.04826, 0.0, 0.023042, 0.695535], [NaN, 4.0, 0.564299, 0.039392, 0.0, 0.019104, 0.622795], [NaN, 5.0, 0.610838, 0.037966, 0.0, 0.014815, 0.663619], [NaN, 6.0, 0.579764, 0.049164, 0.0, 0.011286, 0.640214], [NaN, 7.0, 0.574864, 0.048085, 0.0, 0.016365, 0.639314], [NaN, 8.0, 0.53269, 0.042102, 0.0, 0.015436, 0.590228], [NaN, 9.0, 0.345429, 0.052298, 0.0, 0.01035, 0.408077], [NaN, 10.0, 0.438529, 0.038398, 0.0, 0.014127, 0.491054], [NaN, 11.0, 0.474273, 0.033277, 0.0, 0.023784, 0.531334], [NaN, 12.0, 0.440085, 0.0, 0.0, 0.0, 0.440085], [2005.0, NaN, 8.346418, 0.447541, 0.0, 0.217165, 9.011124], [NaN, 1.0, 0.806896, 0.06882, 0.0, 0.026345, 0.902061], [NaN, 2.0, 0.70579, 0.054212, 0.0, 0.019009, 0.779011], [NaN, 3.0, 0.759761, 0.059382, 0.0, 0.022335, 0.841478], [NaN, 4.0, 0.726365, 0.0331, 0.0, 0.014323, 0.773788], [NaN, 5.0, 0.733808, 0.01025, 0.0, 0.007758, 0.751816], [NaN, 6.0, 0.690944, 0.0, 0.0, 0.0, 0.690944], [NaN, 7.0, 0.556871, 0.0, 0.0, 0.0, 0.556871], [NaN, 8.0, 0.578384, 0.011922, 0.0, 0.024691, 0.614997], [NaN, 9.0, 0.699048, 0.042873, 0.0, 0.023971, 0.765892], [NaN, 10.0, 0.739149, 0.060512, 0.0, 0.024718, 0.824379], [NaN, 11.0, 0.682572, 0.053026, 0.0, 0.027382, 0.76298], [NaN, 12.0, 0.66683, 0.053444, 0.0, 0.026633, 0.746907], [2004.0, NaN, 9.712272, 0.578601, 0.0, 0.232312, 10.523185], [1.0, 0.891511, 0.056277, 0.0, 0.024725, 0.972513, NaN], [2.0, 0.818576, 0.060625, 0.0, 0.024358, 0.903559, NaN], [3.0, 0.833091, 0.066074, 0.0, 0.027135, 0.9263, NaN], [4.0, 0.808351, 0.019061, 0.0, 0.008094, 0.835506, NaN], [5.0, 0.834747, 0.009619, 0.0, 0.007652, 0.852018, NaN]]}, "18": {"index": [0, 1, 2, 3, 4, 5, 6, 7, 8, 9, 10, 11, 12, 13, 14, 15, 16, 17, 18, 19, 20, 21, 22, 23, 24, 25, 26, 27, 28, 29, 30, 31, 32, 33, 34, 35, 36, 37, 38, 39, 40, 41], "columns": {"0": "2004", "1": "6", "2": "0.803508", "3": "0.001006", "4": "0.000000", "5": "0.002020", "6": "0.806534"}, "data": [[NaN, 7.0, 0.819115, 0.05276, 0.0, 0.027948, 0.899823], [NaN, 8.0, 0.753752, 0.017818, 0.0, 0.011197, 0.782767], [NaN, 9.0, 0.804056, 0.097707, 0.0, 0.018139, 0.919902], [NaN, 10.0, 0.85237, 0.069446, 0.0, 0.02996, 0.951776], [NaN, 11.0, 0.748375, 0.063108, 0.0, 0.027857, 0.83934], [NaN, 12.0, 0.74482, 0.0651, 0.0, 0.023227, 0.833147], [2003.0, NaN, 9.506187, 0.621735, 0.0, 0.252403, 10.380325], [NaN, 1.0, 0.753822, 0.059102, 0.0, 0.024896, 0.83782], [NaN, 2.0, 0.813219, 0.05161, 0.0, 0.022819, 0.887648], [NaN, 3.0, 0.764992, 0.05659, 0.0, 0.023242, 0.844824], [NaN, 4.0, 0.582724, 0.043474, 0.0, 0.021411, 0.647609], [NaN, 5.0, 0.838492, 0.066187, 0.0, 0.028602, 0.933281], [NaN, 6.0, 0.793871, 0.009947, 0.0, 0.009175, 0.812993], [NaN, 7.0, 0.802356, 0.050595, 0.0, 0.029693, 0.882644], [NaN, 8.0, 0.855368, 0.008261, 0.0, 0.009109, 0.872738], [NaN, 9.0, 0.831542, -0.000628, 0.0, 0.001469, 0.832383], [NaN, 10.0, 0.689342, 0.141083, 0.0, 0.038987, 0.869412], [NaN, 11.0, 0.855608, 0.07701, 0.0, 0.017052, 0.94967], [NaN, 12.0, 0.924851, 0.058504, 0.0, 0.025948, 1.009303], [2002.0, NaN, 9.210722, 0.60504, 0.0, 0.162583, 9.978345], [NaN, 1.0, 0.854288, 0.07088, 0.0, 0.020254, 0.945422], [NaN, 2.0, 0.789873, 0.057189, 0.0, 0.014088, 0.86115], [NaN, 3.0, 0.791472, 0.039339, 0.0, 0.011487, 0.842298], [NaN, 4.0, 0.792723, 0.035033, 0.0, 0.011427, 0.839183], [NaN, 5.0, 0.801991, 0.054161, 0.0, 0.015522, 0.871674], [NaN, 6.0, 0.811281, 0.078134, 0.0, 0.020158, 0.909573], [NaN, 7.0, 0.788875, 0.065577, 0.0, 0.020013, 0.874465], [NaN, 8.0, 0.776416, 0.025447, 0.0, 0.006516, 0.808379], [NaN, 9.0, 0.476772, 0.035663, 0.0, 0.007523, 0.519958], [NaN, 10.0, 0.739222, 0.045318, 0.0, 0.013119, 0.797659], [NaN, 11.0, 0.801579, 0.050909, 0.0, 0.008693, 0.861181], [NaN, 12.0, 0.78623, 0.04739, 0.0, 0.013783, 0.847403], [2001.0, NaN, 10.531939, 0.82712, 0.0, 0.196686, 11.555745], [1.0, 0.984118, 0.088672, 0.0, 0.02552, 1.09831, NaN], [2.0, 0.907984, 0.066027, 0.0, 0.018471, 0.992482, NaN], [3.0, 0.945165, 0.074599, 0.0, 0.020016, 1.03978, NaN], [4.0, 0.959673, 0.079292, 0.0, 0.021989, 1.060954, NaN], [5.0, 0.694518, 0.066898, 0.0, 0.018254, 0.77967, NaN], [6.0, 0.903375, 0.062125, 0.0, 0.011328, 0.976828, NaN], [7.0, 0.882908, 0.044668, 0.0, 0.006918, 0.934494, NaN], [8.0, 0.819655, 0.074836, 0.0, 0.015633, 0.910124, NaN], [9.0, 0.877228, 0.069432, 0.0, 0.006131, 0.952791, NaN]]}, "19": {"index": [0, 1, 2, 3, 4, 5, 6, 7, 8, 9, 10, 11, 12, 13, 14, 15, 16, 17, 18, 19, 20, 21, 22, 23, 24, 25, 26, 27, 28, 29, 30, 31, 32, 33, 34, 35, 36, 37, 38, 39, 40], "columns": {"0": "2001", "1": "10", "2": "0.924892", "3": "0.069200", "4": "0.000000", "5": "0.014842", "6": "1.008934"}, "data": [[NaN, 11.0, 0.710493, 0.073529, 0.0, 0.018878, 0.8029], [NaN, 12.0, 0.92193, 0.057842, 0.0, 0.018706, 0.998478], [2000.0, NaN, 13.272057, 0.901957, 0.0, 0.16171, 14.335724], [NaN, 1.0, 1.31905, 0.06786, 0.0, 0.007127, 1.394037], [NaN, 2.0, 1.270008, 0.082718, 0.0, 0.011878, 1.364604], [NaN, 3.0, 1.197219, 0.080829, 0.0, 0.008678, 1.286726], [NaN, 4.0, 0.930936, 0.10616, 0.0, 0.016778, 1.053874], [NaN, 5.0, 1.251618, 0.054418, 0.0, 0.00813, 1.314166], [NaN, 6.0, 1.248235, 0.034699, 0.0, 0.005693, 1.288627], [NaN, 7.0, 1.245116, 0.079133, 0.0, 0.012804, 1.337053], [NaN, 8.0, 0.730588, 0.040729, 0.0, 0.005561, 0.776878], [NaN, 9.0, 1.097366, 0.07371, 0.0, 0.015877, 1.186953], [NaN, 10.0, 0.853575, 0.07916, 0.0, 0.01677, 0.949505], [NaN, 11.0, 1.054881, 0.074637, 0.0, 0.018487, 1.148005], [NaN, 12.0, 1.073465, 0.127904, 0.0, 0.033927, 1.235296], [1999.0, NaN, 17.277185, 0.968084, 0.0, 0.164634, 18.409903], [NaN, 1.0, 1.724155, 0.095036, 0.0, 0.010474, 1.829665], [NaN, 2.0, 1.466508, 0.103814, 0.0, 0.019253, 1.589575], [NaN, 3.0, 1.600432, 0.054443, 0.0, 0.008129, 1.663004], [NaN, 4.0, 1.577793, 0.09887, 0.0, 0.017865, 1.694528], [NaN, 5.0, 1.61247, 0.106267, 0.0, 0.019949, 1.738686], [NaN, 6.0, 1.507689, 0.103073, 0.0, 0.018229, 1.628991], [NaN, 7.0, 1.442029, 0.032584, 0.0, 0.004611, 1.479224], [NaN, 8.0, 1.531148, 0.092805, 0.0, 0.01464, 1.638593], [NaN, 9.0, 0.822856, 0.022835, 0.0, 0.005132, 0.850823], [NaN, 10.0, 1.143522, 0.079456, 0.0, 0.013752, 1.23673], [NaN, 11.0, 1.392594, 0.084036, 0.0, 0.011884, 1.488514], [NaN, 12.0, 1.455989, 0.094865, 0.0, 0.020716, 1.57157], [1998.0, NaN, 19.854842, 1.455468, 0.0, 0.243637, 21.553947], [1.0, 1.889023, 0.139148, 0.0, 0.029986, 2.058157, NaN], [2.0, 1.787998, 0.128279, 0.0, 0.024389, 1.940666, NaN], [3.0, 1.830853, 0.139443, 0.0, 0.027293, 1.997589, NaN], [4.0, 1.706645, 0.124828, 0.0, 0.014059, 1.845532, NaN], [5.0, 1.68843, 0.13146, 0.0, 0.018063, 1.837953, NaN], [6.0, 1.123375, 0.035191, 0.0, 0.006345, 1.164911, NaN], [7.0, 1.77765, 0.097003, 0.0, 0.014009, 1.888662, NaN], [8.0, 1.121137, 0.022504, 0.0, 0.0017, 1.145341, NaN], [9.0, 1.6872, 0.145215, 0.0, 0.019736, 1.852151, NaN], [10.0, 1.760784, 0.177804, 0.0, 0.031683, 1.970271, NaN], [11.0, 1.748908, 0.166683, 0.0, 0.032272, 1.947863, NaN], [12.0, 1.732839, 0.14791, 0.0, 0.024102, 1.904851, NaN]]}, "20": {"index": [0, 1, 2, 3, 4, 5, 6, 7, 8, 9, 10, 11, 12, 13, 14, 15, 16, 17, 18, 19, 20, 21, 22, 23, 24, 25, 26, 27, 28, 29, 30, 31, 32, 33, 34, 35, 36, 37, 38, 39, 40, 41], "columns": {"0": "1997", "1": "Unnamed: 0", "2": "24.121289", "3": "1.684111", "4": "0.000000", "5": "0.189060", "6": "25.994460"}, "data": [[NaN, 1.0, 2.339717, 0.162429, 0.0, 0.017642, 2.519788], [NaN, 2.0, 1.922269, 0.120055, 0.0, 0.00984, 2.052164], [NaN, 3.0, 2.07247, 0.133072, 0.0, 0.014397, 2.219939], [NaN, 4.0, 2.275333, 0.149193, 0.0, 0.022934, 2.44746], [NaN, 5.0, 2.294919, 0.156597, 0.0, 0.027546, 2.479062], [NaN, 6.0, 2.192283, 0.140502, 0.0, 0.011259, 2.344044], [NaN, 7.0, 2.250359, 0.15357, 0.0, 0.013973, 2.417902], [NaN, 8.0, 1.781939, 0.135748, 0.0, 0.011554, 1.929241], [NaN, 9.0, 0.943886, 0.031958, 0.0, 0.006385, 0.982229], [NaN, 10.0, 2.098505, 0.158668, 0.0, 0.015257, 2.27243], [NaN, 11.0, 1.982783, 0.169097, 0.0, 0.017974, 2.169854], [NaN, 12.0, 1.966826, 0.173222, 0.0, 0.020299, 2.160347], [1996.0, NaN, 25.445015, 1.772801, 0.0, 0.20198, 27.419796], [NaN, 1.0, 2.2831, 0.140226, 0.0, 0.019078, 2.442404], [NaN, 2.0, 2.185638, 0.153396, 0.0, 0.018578, 2.357612], [NaN, 3.0, 2.286704, 0.150567, 0.0, 0.016996, 2.454267], [NaN, 4.0, 2.286078, 0.160652, 0.0, 0.017772, 2.464502], [NaN, 5.0, 2.087206, 0.15348, 0.0, 0.017331, 2.258017], [NaN, 6.0, 2.224703, 0.149389, 0.0, 0.016267, 2.390359], [NaN, 7.0, 2.265623, 0.160931, 0.0, 0.016794, 2.443348], [NaN, 8.0, 2.171645, 0.190955, 0.0, 0.018148, 2.380748], [NaN, 9.0, 2.04974, 0.131116, 0.0, 0.012586, 2.193442], [NaN, 10.0, 1.104202, 0.098234, 0.0, 0.014789, 1.217225], [NaN, 11.0, 2.127484, 0.137463, 0.0, 0.017128, 2.282075], [NaN, 12.0, 2.372892, 0.146392, 0.0, 0.016513, 2.535797], [1995.0, NaN, 28.090946, 1.873128, 0.0, 0.378054, 30.342128], [NaN, 1.0, 2.577878, 0.162398, 0.0, 0.033775, 2.774051], [NaN, 2.0, 2.129869, 0.143372, 0.0, 0.030309, 2.30355], [NaN, 3.0, 2.448173, 0.172827, 0.0, 0.034829, 2.655829], [NaN, 4.0, 2.454159, 0.163098, 0.0, 0.034479, 2.651736], [NaN, 5.0, 2.568676, 0.16471, 0.0, 0.037282, 2.770668], [NaN, 6.0, 2.418309, 0.145138, 0.0, 0.032708, 2.596155], [NaN, 7.0, 2.578281, 0.162541, 0.0, 0.035157, 2.775979], [NaN, 8.0, 1.533779, 0.109498, 0.0, 0.018767, 1.662044], [NaN, 9.0, 2.292722, 0.13672, 0.0, 0.025949, 2.455391], [NaN, 10.0, 2.481526, 0.166697, 0.0, 0.034553, 2.682776], [NaN, 11.0, 2.231826, 0.174251, 0.0, 0.030578, 2.436655], [NaN, 12.0, 2.375748, 0.171878, 0.0, 0.029668, 2.577294], [1994.0, NaN, 30.74327, 2.016501, 0.0, 0.448404, 33.208175], [1.0, 2.639381, 0.208701, 0.0, 0.04059, 2.888672, NaN], [2.0, 2.435542, 0.193923, 0.0, 0.037534, 2.666999, NaN], [3.0, 2.697165, 0.194715, 0.0, 0.047277, NaN, NaN]]}, "21": {"index": [0, 1, 2, 3, 4, 5, 6, 7, 8, 9, 10, 11, 12, 13, 14, 15, 16, 17, 18, 19, 20, 21, 22, 23, 24, 25, 26, 27, 28, 29, 30, 31, 32, 33, 34, 35, 36, 37, 38, 39, 40, 41], "columns": {"0": "1994", "1": "4", "2": "2.702303", "3": "0.212983", "4": "0.000000", "5": "0.042284", "6": "2.957570"}, "data": [[NaN, 5.0, 2.794567, 0.21478, 0.0, 0.045348, 3.054695], [NaN, 6.0, 2.650027, 0.13257, 0.0, 0.03737, 2.819967], [NaN, 7.0, 2.71642, 0.148065, 0.0, 0.038189, 2.902674], [NaN, 8.0, 1.394659, 0.078487, 0.0, 0.018567, 1.491713], [NaN, 9.0, 2.598876, 0.162946, 0.0, 0.03484, 2.796662], [NaN, 10.0, 2.804925, 0.160034, 0.0, 0.036221, 3.00118], [NaN, 11.0, 2.61985, 0.154679, 0.0, 0.035669, 2.810198], [NaN, 12.0, 2.689555, 0.154618, 0.0, 0.034515, 2.878688], [1993.0, NaN, 28.67662, 2.069095, 0.0, 0.494592, 31.240307], [NaN, 1.0, 2.17899, 0.13503, 0.0, 0.018644, 2.332664], [NaN, 2.0, 1.940956, 0.126719, 0.0, 0.028455, 2.09613], [NaN, 3.0, 2.519658, 0.165743, 0.0, 0.036855, 2.722256], [NaN, 4.0, 2.46448, 0.172448, 0.0, 0.035464, 2.672392], [NaN, 5.0, 2.522194, 0.19152, 0.0, 0.040479, 2.754193], [NaN, 6.0, 1.617221, 0.06829, 0.0, 0.016029, 1.70154], [NaN, 7.0, 2.590289, 0.182279, 0.0, 0.11255, 2.885118], [NaN, 8.0, 2.583025, 0.198637, 0.0, 0.042378, 2.82404], [NaN, 9.0, 2.521409, 0.20537, 0.0, 0.045754, 2.772533], [NaN, 10.0, 2.609864, 0.217957, 0.0, 0.043935, 2.871756], [NaN, 11.0, 2.565967, 0.205404, 0.0, 0.035526, 2.806897], [NaN, 12.0, 2.562567, 0.199698, 0.0, 0.038523, 2.800788], [1992.0, NaN, 25.0271, 1.799395, 0.0, 0.337307, 27.163802], [NaN, 1.0, 2.14276, 0.154865, 0.0, 0.019412, 2.317037], [NaN, 2.0, 1.939938, 0.11516, 0.0, 0.023738, 2.078836], [NaN, 3.0, 2.06551, 0.128525, 0.0, 0.022857, 2.216892], [NaN, 4.0, 1.996363, 0.152935, 0.0, 0.032393, 2.181691], [NaN, 5.0, 2.123578, 0.166413, 0.0, 0.032131, 2.322122], [NaN, 6.0, 1.614487, 0.127879, 0.0, 0.025057, 1.767423], [NaN, 7.0, 2.059234, 0.15232, 0.0, 0.029045, 2.240599], [NaN, 8.0, 2.114273, 0.143447, 0.0, 0.024595, 2.282315], [NaN, 9.0, 2.059281, 0.140404, 0.0, 0.013498, 2.213183], [NaN, 10.0, 2.216684, 0.179747, 0.0, 0.033675, 2.430106], [NaN, 11.0, 2.272275, 0.173685, 0.0, 0.032402, 2.478362], [NaN, 12.0, 2.422717, 0.164015, 0.0, 0.048504, 2.635236], [1991.0, NaN, 19.906698, 1.309804, 0.0, 0.23748, 21.453982], [1.0, 1.576299, 0.114173, 0.0, 0.010093, 1.700565, NaN], [2.0, 1.416917, 0.108776, 0.0, 0.016342, 1.542035, NaN], [3.0, 1.48148, 0.094442, 0.0, 0.014267, 1.590189, NaN], [4.0, 1.547226, 0.084445, 0.0, 0.016269, 1.64794, NaN], [5.0, 1.774038, 0.103896, 0.0, 0.019562, 1.897496, NaN], [6.0, 1.743148, 0.1373, 0.0, 0.02204, 1.902488, NaN], [7.0, 1.798557, 0.13475, 0.0, 0.024696, 1.958003, NaN]]}, "22": {"index": [0, 1, 2, 3, 4, 5, 6, 7, 8, 9, 10, 11, 12, 13, 14, 15, 16, 17, 18, 19, 20, 21, 22, 23, 24, 25, 26, 27, 28, 29, 30, 31, 32, 33, 34, 35, 36, 37, 38, 39, 40, 41], "columns": {"0": "1991", "1": "8", "2": "1.040535", "3": "0.019238", "4": "0.000000", "5": "0.003782", "6": "1.063555"}, "data": [[NaN, 9.0, 1.849955, 0.103963, 0.0, 0.022104, 1.976022], [NaN, 10.0, 1.970256, 0.138448, 0.0, 0.028037, 2.136741], [NaN, 11.0, 1.796536, 0.137182, 0.0, 0.026646, 1.960364], [NaN, 12.0, 1.911751, 0.133191, 0.0, 0.033642, 2.078584], [1990.0, NaN, 14.829574, 1.00489, 0.0, 0.14499, 15.979454], [NaN, 1.0, 1.20984, 0.072035, 0.0, 0.004733, 1.286608], [NaN, 2.0, 1.079693, 0.070384, 0.0, 0.008067, 1.158144], [NaN, 3.0, 1.220765, 0.076192, 0.0, 0.009779, 1.306736], [NaN, 4.0, 1.212633, 0.077547, 0.0, 0.010274, 1.300454], [NaN, 5.0, 1.318139, 0.095865, 0.0, 0.013096, 1.4271], [NaN, 6.0, 1.308004, 0.094893, 0.0, 0.01273, 1.415627], [NaN, 7.0, 1.049181, 0.079617, 0.0, 0.010822, 1.13962], [NaN, 8.0, 0.821481, 0.05347, 0.0, 0.007573, 0.882524], [NaN, 9.0, 1.278301, 0.085608, 0.0, 0.013622, 1.377531], [NaN, 10.0, 1.452338, 0.095212, 0.0, 0.01521, 1.56276], [NaN, 11.0, 1.431529, 0.099298, 0.0, 0.016045, 1.546872], [NaN, 12.0, 1.44767, 0.104769, 0.0, 0.023039, 1.575478], [1989.0, NaN, 15.489959, 1.059438, 0.0, 0.151071, 16.700468], [NaN, 1.0, 1.214461, 0.092042, 0.0, 0.009915, 1.316418], [NaN, 2.0, 1.069855, 0.072892, 0.0, 0.011651, 1.154398], [NaN, 3.0, 1.396699, 0.103728, 0.0, 0.016815, 1.517242], [NaN, 4.0, 1.399138, 0.098136, 0.0, 0.014049, 1.511323], [NaN, 5.0, 1.372246, 0.089475, 0.0, 0.013731, 1.475452], [NaN, 6.0, 1.055413, 0.072054, 0.0, 0.00614, 1.133607], [NaN, 7.0, 1.353897, 0.093214, 0.0, 0.020119, 1.46723], [NaN, 8.0, 1.37131, 0.098378, 0.0, 0.014048, 1.483736], [NaN, 9.0, 1.337567, 0.082664, 0.0, 0.010281, 1.430512], [NaN, 10.0, 1.359269, 0.089983, 0.0, 0.011995, 1.461247], [NaN, 11.0, 1.374231, 0.096972, 0.0, 0.012742, 1.483945], [NaN, 12.0, 1.185873, 0.0699, 0.0, 0.009585, 1.265358], [1988.0, NaN, 8.63901, 0.581511, 0.0, 0.080098, 9.300619], [1.0, 0.541375, 0.032664, 0.0, 0.002523, 0.576562, NaN], [2.0, 0.533522, 0.034591, 0.0, 0.003725, 0.571838, NaN], [3.0, 0.731363, 0.047039, 0.0, 0.005198, 0.7836, NaN], [4.0, 0.719825, 0.046794, 0.0, 0.005764, 0.772383, NaN], [5.0, 0.542265, 0.029026, 0.0, 0.003312, 0.574603, NaN], [6.0, 0.365933, 0.02016, 0.0, 0.002361, 0.388454, NaN], [7.0, 0.821212, 0.052406, 0.0, 0.007918, 0.881536, NaN], [8.0, 0.891063, 0.056438, 0.0, 0.008045, 0.955546, NaN], [9.0, 0.922027, 0.072132, 0.0, 0.010845, 1.005004, NaN], [10.0, 1.042717, 0.077059, 0.0, 0.00912, 1.128896, NaN], [11.0, 1.03527, 0.076088, 0.0, 0.012096, 1.123454, NaN]]}, "23": {"index": [0, 1, 2, 3, 4, 5, 6, 7, 8, 9, 10, 11, 12, 13, 14], "columns": {"0": "1988", "1": "12", "2": "0.492438", "3": "0.037114", "4": "0.000000", "5": "0.009191", "6": "Unnamed: 0"}, "data": [[1987.0, NaN, 4.019991, 0.121521, 0.0, 0.01676, 4.158272], [NaN, 1.0, 0.150219, 0.0, 0.0, 0.0, 0.150219], [NaN, 2.0, 0.184039, 0.0, 0.0, 0.0, 0.184039], [NaN, 3.0, 0.248309, 0.0, 0.0, 0.0, 0.248309], [NaN, 4.0, 0.25665, 0.0, 0.0, 0.0, 0.25665], [NaN, 5.0, 0.300604, 0.0, 0.0, 0.0, 0.300604], [NaN, 6.0, 0.323002, 0.0, 0.0, 0.0, 0.323002], [NaN, 7.0, 0.410311, 0.011969, 0.0, 0.000789, 0.423069], [NaN, 8.0, 0.493816, 0.023113, 0.0, 0.001727, 0.518656], [NaN, 9.0, 0.523228, 0.030298, 0.0, 0.005928, 0.559454], [NaN, 10.0, 0.517043, 0.027143, 0.0, 0.003971, 0.548157], [NaN, 11.0, 0.400157, 0.020084, 0.0, 0.001518, 0.421759], [NaN, 12.0, 0.212613, 0.008914, 0.0, 0.002827, 0.224354], [1986.0, NaN, 0.044483, 0.0, 0.0, 0.0, 0.044483], [12.0, 0.044483, 0.0, 0.0, 0.0, 0.044483, NaN]]}, "24": {"index": [0, 1, 2, 3, 4, 5, 6, 7, 8, 9, 10, 11, 12, 13, 14, 15, 16, 17, 18, 19, 20, 21, 22], "columns": {"0": "Unnamed: 0", "1": "Month", "2": "Gross - oil[mill Sm3]", "3": "Gross - gas[bill Sm3]", "4": "Gross -condensate[mill Sm3]", "5": "Gross - oilequivalents[mill Sm3]"}, "data": [["Sum", NaN, 376.866015, 109.201461, 0.0, 486.067476], ["2023", NaN, 0.636792, 0.174647, 0.0, 0.811439], [NaN, 1.0, 0.117961, 0.037356, 0.0, 0.155317], [NaN, 2.0, 0.105449, 0.037619, 0.0, 0.143068], [NaN, 3.0, 0.095296, 0.030346, 0.0, 0.125642], [NaN, 4.0, 0.114143, 0.032669, 0.0, 0.146812], [NaN, 5.0, 0.114098, 0.018015, 0.0, 0.132113], [NaN, 6.0, 0.089845, 0.018642, 0.0, 0.108487], ["2022", NaN, 1.641132, 0.516977, 0.0, 2.158109], [NaN, 1.0, 0.139226, 0.04133, 0.0, 0.180556], [NaN, 2.0, 0.125041, 0.038006, 0.0, 0.163047], [NaN, 3.0, 0.14782, 0.04943, 0.0, 0.19725], [NaN, 4.0, 0.124604, 0.038538, 0.0, 0.163142], [NaN, 5.0, 0.154497, 0.043263, 0.0, 0.19776], [NaN, 6.0, 0.132545, 0.036873, 0.0, 0.169418], [NaN, 7.0, 0.142828, 0.040737, 0.0, 0.183565], [NaN, 8.0, 0.127391, 0.037665, 0.0, 0.165056], [NaN, 9.0, 0.134435, 0.046331, 0.0, 0.180766], [NaN, 10.0, 0.147906, 0.051019, 0.0, 0.198925], [NaN, 11.0, 0.121764, 0.047653, 0.0, 0.169417], [NaN, 12.0, 0.143075, 0.046132, 0.0, 0.189207], ["2021", NaN, 1.763979, 1.008636, 0.0, 2.772615], ["1", 0.180785, 0.124019, 0.0, 0.304804, NaN]]}, "25": {"index": [0, 1, 2, 3, 4, 5, 6, 7, 8, 9, 10, 11, 12, 13, 14, 15, 16, 17, 18, 19, 20, 21, 22, 23, 24, 25, 26, 27, 28, 29, 30, 31, 32, 33, 34, 35, 36, 37, 38, 39, 40, 41], "columns": {"0": "2021", "1": "2", "2": "0.145343", "3": "0.095223", "4": "0.000000", "5": "0.240566"}, "data": [[NaN, 3.0, 0.171549, 0.106772, 0.0, 0.278321], [NaN, 4.0, 0.146087, 0.094243, 0.0, 0.24033], [NaN, 5.0, 0.165558, 0.084397, 0.0, 0.249955], [NaN, 6.0, 0.143258, 0.08898, 0.0, 0.232238], [NaN, 7.0, 0.150066, 0.125746, 0.0, 0.275812], [NaN, 8.0, 0.147708, 0.101874, 0.0, 0.249582], [NaN, 9.0, 0.123574, 0.058873, 0.0, 0.182447], [NaN, 10.0, 0.122925, 0.048689, 0.0, 0.171614], [NaN, 11.0, 0.136313, 0.040531, 0.0, 0.176844], [NaN, 12.0, 0.130813, 0.039289, 0.0, 0.170102], [2020.0, NaN, 2.393322, 1.604578, 0.0, 3.9979], [NaN, 1.0, 0.234894, 0.144839, 0.0, 0.379733], [NaN, 2.0, 0.239437, 0.140462, 0.0, 0.379899], [NaN, 3.0, 0.224409, 0.18919, 0.0, 0.413599], [NaN, 4.0, 0.216028, 0.172539, 0.0, 0.388567], [NaN, 5.0, 0.228582, 0.17946, 0.0, 0.408042], [NaN, 6.0, 0.173775, 0.123832, 0.0, 0.297607], [NaN, 7.0, 0.203009, 0.125772, 0.0, 0.328781], [NaN, 8.0, 0.236407, 0.132642, 0.0, 0.369049], [NaN, 9.0, 0.157209, 0.116617, 0.0, 0.273826], [NaN, 10.0, 0.104675, 0.078487, 0.0, 0.183162], [NaN, 11.0, 0.190985, 0.097332, 0.0, 0.288317], [NaN, 12.0, 0.183912, 0.103406, 0.0, 0.287318], [2019.0, NaN, 2.739456, 1.69376, 0.0, 4.433216], [NaN, 1.0, 0.25961, 0.135449, 0.0, 0.395059], [NaN, 2.0, 0.238978, 0.122278, 0.0, 0.361256], [NaN, 3.0, 0.246677, 0.156677, 0.0, 0.403354], [NaN, 4.0, 0.239883, 0.149488, 0.0, 0.389371], [NaN, 5.0, 0.163656, 0.097168, 0.0, 0.260824], [NaN, 6.0, 0.216195, 0.126753, 0.0, 0.342948], [NaN, 7.0, 0.223299, 0.181481, 0.0, 0.40478], [NaN, 8.0, 0.233665, 0.156338, 0.0, 0.390003], [NaN, 9.0, 0.198997, 0.120144, 0.0, 0.319141], [NaN, 10.0, 0.233759, 0.152363, 0.0, 0.386122], [NaN, 11.0, 0.236172, 0.14708, 0.0, 0.383252], [NaN, 12.0, 0.248565, 0.148541, 0.0, 0.397106], [2018.0, NaN, 2.675509, 1.50655, 0.0, 4.182059], [1.0, 0.174349, 0.093607, 0.0, 0.267956, NaN], [2.0, 0.176747, 0.103752, 0.0, 0.280499, NaN], [3.0, 0.195502, 0.160989, 0.0, 0.356491, NaN], [4.0, 0.219872, 0.131285, 0.0, 0.351157, NaN], [5.0, 0.236858, 0.127893, 0.0, 0.364751, NaN]]}, "26": {"index": [0, 1, 2, 3, 4, 5, 6, 7, 8, 9, 10, 11, 12, 13, 14, 15, 16, 17, 18, 19, 20, 21, 22, 23, 24, 25, 26, 27, 28, 29, 30, 31, 32, 33, 34, 35, 36, 37, 38, 39, 40, 41], "columns": {"0": "2018", "1": "6", "2": "0.219950", "3": "0.121342", "4": "0.000000", "5": "0.341292"}, "data": [[NaN, 7.0, 0.2291, 0.102313, 0.0, 0.331413], [NaN, 8.0, 0.219055, 0.120712, 0.0, 0.339767], [NaN, 9.0, 0.206016, 0.117737, 0.0, 0.323753], [NaN, 10.0, 0.27508, 0.156776, 0.0, 0.431856], [NaN, 11.0, 0.274838, 0.14547, 0.0, 0.420308], [NaN, 12.0, 0.248142, 0.124674, 0.0, 0.372816], [2017.0, NaN, 2.043233, 1.271081, 0.0, 3.314314], [NaN, 1.0, 0.179468, 0.131992, 0.0, 0.31146], [NaN, 2.0, 0.165785, 0.108169, 0.0, 0.273954], [NaN, 3.0, 0.180159, 0.114232, 0.0, 0.294391], [NaN, 4.0, 0.168056, 0.092892, 0.0, 0.260948], [NaN, 5.0, 0.15825, 0.085069, 0.0, 0.243319], [NaN, 6.0, 0.103106, 0.0646, 0.0, 0.167706], [NaN, 7.0, 0.164085, 0.083052, 0.0, 0.247137], [NaN, 8.0, 0.214497, 0.090082, 0.0, 0.304579], [NaN, 9.0, 0.183215, 0.118374, 0.0, 0.301589], [NaN, 10.0, 0.187564, 0.128901, 0.0, 0.316465], [NaN, 11.0, 0.160482, 0.150478, 0.0, 0.31096], [NaN, 12.0, 0.178566, 0.10324, 0.0, 0.281806], [2016.0, NaN, 2.279256, 1.324785, 0.0, 3.604041], [NaN, 1.0, 0.193683, 0.098928, 0.0, 0.292611], [NaN, 2.0, 0.1821, 0.102549, 0.0, 0.284649], [NaN, 3.0, 0.191755, 0.103198, 0.0, 0.294953], [NaN, 4.0, 0.225758, 0.10238, 0.0, 0.328138], [NaN, 5.0, 0.221373, 0.128226, 0.0, 0.349599], [NaN, 6.0, 0.205267, 0.115385, 0.0, 0.320652], [NaN, 7.0, 0.183459, 0.107219, 0.0, 0.290678], [NaN, 8.0, 0.17018, 0.101984, 0.0, 0.272164], [NaN, 9.0, 0.147316, 0.098873, 0.0, 0.246189], [NaN, 10.0, 0.194916, 0.129153, 0.0, 0.324069], [NaN, 11.0, 0.183285, 0.115248, 0.0, 0.298533], [NaN, 12.0, 0.180164, 0.121642, 0.0, 0.301806], [2015.0, NaN, 2.098276, 1.103785, 0.0, 3.202061], [1.0, 0.192463, 0.109814, 0.0, 0.302277, NaN], [2.0, 0.166685, 0.109778, 0.0, 0.276463, NaN], [3.0, 0.191593, 0.113883, 0.0, 0.305476, NaN], [4.0, 0.175503, 0.094487, 0.0, 0.26999, NaN], [5.0, 0.186863, 0.084697, 0.0, 0.27156, NaN], [6.0, 0.147286, 0.059156, 0.0, 0.206442, NaN], [7.0, 0.177844, 0.077198, 0.0, 0.255042, NaN], [8.0, 0.140629, 0.057481, 0.0, 0.19811, NaN], [9.0, 0.148419, 0.089246, 0.0, 0.237665, NaN]]}, "27": {"index": [0, 1, 2, 3, 4, 5, 6, 7, 8, 9, 10, 11, 12, 13, 14, 15, 16, 17, 18, 19, 20, 21, 22, 23, 24, 25, 26, 27, 28, 29, 30, 31, 32, 33, 34, 35, 36, 37, 38, 39, 40], "columns": {"0": "2015", "1": "10", "2": "0.187789", "3": "0.086506", "4": "0.000000", "5": "0.274295"}, "data": [[NaN, 11.0, 0.181951, 0.103732, 0.0, 0.285683], [NaN, 12.0, 0.201251, 0.117807, 0.0, 0.319058], [2014.0, NaN, 2.136387, 0.837036, 0.0, 2.973423], [NaN, 1.0, 0.156781, 0.046542, 0.0, 0.203323], [NaN, 2.0, 0.151639, 0.037623, 0.0, 0.189262], [NaN, 3.0, 0.172417, 0.054235, 0.0, 0.226652], [NaN, 4.0, 0.194246, 0.06069, 0.0, 0.254936], [NaN, 5.0, 0.1814, 0.071423, 0.0, 0.252823], [NaN, 6.0, 0.129168, 0.046592, 0.0, 0.17576], [NaN, 7.0, 0.189458, 0.070024, 0.0, 0.259482], [NaN, 8.0, 0.19846, 0.077381, 0.0, 0.275841], [NaN, 9.0, 0.175919, 0.076185, 0.0, 0.252104], [NaN, 10.0, 0.198513, 0.082553, 0.0, 0.281066], [NaN, 11.0, 0.185506, 0.086775, 0.0, 0.272281], [NaN, 12.0, 0.20288, 0.127013, 0.0, 0.329893], [2013.0, NaN, 2.568067, 0.751235, 0.0, 3.319302], [NaN, 1.0, 0.217184, 0.044937, 0.0, 0.262121], [NaN, 2.0, 0.20559, 0.04923, 0.0, 0.25482], [NaN, 3.0, 0.207757, 0.059614, 0.0, 0.267371], [NaN, 4.0, 0.210863, 0.071336, 0.0, 0.282199], [NaN, 5.0, 0.229815, 0.074466, 0.0, 0.304281], [NaN, 6.0, 0.227693, 0.066547, 0.0, 0.29424], [NaN, 7.0, 0.224663, 0.068065, 0.0, 0.292728], [NaN, 8.0, 0.236885, 0.082583, 0.0, 0.319468], [NaN, 9.0, 0.233521, 0.074279, 0.0, 0.3078], [NaN, 10.0, 0.209406, 0.062447, 0.0, 0.271853], [NaN, 11.0, 0.190397, 0.057811, 0.0, 0.248208], [NaN, 12.0, 0.174293, 0.03992, 0.0, 0.214213], [2012.0, NaN, 2.537106, 0.668529, 0.0, 3.205635], [1.0, 0.238281, 0.065747, 0.0, 0.304028, NaN], [2.0, 0.216306, 0.054234, 0.0, 0.27054, NaN], [3.0, 0.22627, 0.061485, 0.0, 0.287755, NaN], [4.0, 0.220238, 0.045732, 0.0, 0.26597, NaN], [5.0, 0.217304, 0.046284, 0.0, 0.263588, NaN], [6.0, 0.195186, 0.053723, 0.0, 0.248909, NaN], [7.0, 0.208257, 0.071803, 0.0, 0.28006, NaN], [8.0, 0.245845, 0.072492, 0.0, 0.318337, NaN], [9.0, 0.256519, 0.068159, 0.0, 0.324678, NaN], [10.0, 0.159358, 0.040789, 0.0, 0.200147, NaN], [11.0, 0.191458, 0.047608, 0.0, 0.239066, NaN], [12.0, 0.162084, 0.040473, 0.0, 0.202557, NaN]]}, "28": {"index": [0, 1, 2, 3, 4, 5, 6, 7, 8, 9, 10, 11, 12, 13, 14, 15, 16, 17, 18, 19, 20, 21, 22, 23, 24, 25, 26, 27, 28, 29, 30, 31, 32, 33, 34, 35, 36, 37, 38, 39, 40, 41], "columns": {"0": "2011", "1": "Unnamed: 0", "2": "2.663029", "3": "4.223458", "4": "0.000000", "5": "6.886487"}, "data": [[NaN, 1.0, 0.19973, 0.357049, 0.0, 0.556779], [NaN, 2.0, 0.199221, 0.307969, 0.0, 0.50719], [NaN, 3.0, 0.223626, 0.447391, 0.0, 0.671017], [NaN, 4.0, 0.245467, 0.354152, 0.0, 0.599619], [NaN, 5.0, 0.140694, 0.149706, 0.0, 0.2904], [NaN, 6.0, 0.18353, 0.312197, 0.0, 0.495727], [NaN, 7.0, 0.223533, 0.344149, 0.0, 0.567682], [NaN, 8.0, 0.238175, 0.319204, 0.0, 0.557379], [NaN, 9.0, 0.251239, 0.334409, 0.0, 0.585648], [NaN, 10.0, 0.238266, 0.362307, 0.0, 0.600573], [NaN, 11.0, 0.254211, 0.390153, 0.0, 0.644364], [NaN, 12.0, 0.265337, 0.544772, 0.0, 0.810109], [2010.0, NaN, 3.959405, 5.028124, 0.0, 8.987529], [NaN, 1.0, 0.377456, 0.563271, 0.0, 0.940727], [NaN, 2.0, 0.348753, 0.467671, 0.0, 0.816424], [NaN, 3.0, 0.386868, 0.51447, 0.0, 0.901338], [NaN, 4.0, 0.36064, 0.472036, 0.0, 0.832676], [NaN, 5.0, 0.325246, 0.407453, 0.0, 0.732699], [NaN, 6.0, 0.235985, 0.244611, 0.0, 0.480596], [NaN, 7.0, 0.313678, 0.352408, 0.0, 0.666086], [NaN, 8.0, 0.348047, 0.360348, 0.0, 0.708395], [NaN, 9.0, 0.36939, 0.384108, 0.0, 0.753498], [NaN, 10.0, 0.35217, 0.487865, 0.0, 0.840035], [NaN, 11.0, 0.346308, 0.430481, 0.0, 0.776789], [NaN, 12.0, 0.194864, 0.343402, 0.0, 0.538266], [2009.0, NaN, 4.689915, 6.260276, 0.0, 10.950191], [NaN, 1.0, 0.452786, 0.634814, 0.0, 1.0876], [NaN, 2.0, 0.405538, 0.558536, 0.0, 0.964074], [NaN, 3.0, 0.443977, 0.565825, 0.0, 1.009802], [NaN, 4.0, 0.397897, 0.510871, 0.0, 0.908768], [NaN, 5.0, 0.314293, 0.217274, 0.0, 0.531567], [NaN, 6.0, 0.355392, 0.407679, 0.0, 0.763071], [NaN, 7.0, 0.417413, 0.570452, 0.0, 0.987865], [NaN, 8.0, 0.402086, 0.565013, 0.0, 0.967099], [NaN, 9.0, 0.417539, 0.517403, 0.0, 0.934942], [NaN, 10.0, 0.372259, 0.593455, 0.0, 0.965714], [NaN, 11.0, 0.352763, 0.558299, 0.0, 0.911062], [NaN, 12.0, 0.357972, 0.560655, 0.0, 0.918627], [2008.0, NaN, 5.305486, 6.878976, 0.0, 12.184462], [1.0, 0.464948, 0.697576, 0.0, 1.162524, NaN], [2.0, 0.447586, 0.572132, 0.0, 1.019718, NaN], [3.0, 0.428705, 0.607007, 0.0, 1.035712, NaN]]}, "29": {"index": [0, 1, 2, 3, 4, 5, 6, 7, 8, 9, 10, 11, 12, 13, 14, 15, 16, 17, 18, 19, 20, 21, 22, 23, 24, 25, 26, 27, 28, 29, 30, 31, 32, 33, 34, 35, 36, 37, 38, 39, 40, 41], "columns": {"0": "2008", "1": "4", "2": "0.451996", "3": "0.500684", "4": "0.000000", "5": "0.952680"}, "data": [[NaN, 5.0, 0.478124, 0.568416, 0.0, 1.04654], [NaN, 6.0, 0.235302, 0.409541, 0.0, 0.644843], [NaN, 7.0, 0.490098, 0.566641, 0.0, 1.056739], [NaN, 8.0, 0.474554, 0.582966, 0.0, 1.05752], [NaN, 9.0, 0.47668, 0.569957, 0.0, 1.046637], [NaN, 10.0, 0.443677, 0.606216, 0.0, 1.049893], [NaN, 11.0, 0.448325, 0.576033, 0.0, 1.024358], [NaN, 12.0, 0.465491, 0.621807, 0.0, 1.087298], [2007.0, NaN, 5.560263, 7.622524, 0.0, 13.182787], [NaN, 1.0, 0.484017, 0.608956, 0.0, 1.092973], [NaN, 2.0, 0.424618, 0.598192, 0.0, 1.02281], [NaN, 3.0, 0.480513, 0.67162, 0.0, 1.152133], [NaN, 4.0, 0.474605, 0.667963, 0.0, 1.142568], [NaN, 5.0, 0.482603, 0.674911, 0.0, 1.157514], [NaN, 6.0, 0.465129, 0.622706, 0.0, 1.087835], [NaN, 7.0, 0.473246, 0.667747, 0.0, 1.140993], [NaN, 8.0, 0.49474, 0.682355, 0.0, 1.177095], [NaN, 9.0, 0.404319, 0.497864, 0.0, 0.902183], [NaN, 10.0, 0.446256, 0.572798, 0.0, 1.019054], [NaN, 11.0, 0.455145, 0.707908, 0.0, 1.163053], [NaN, 12.0, 0.475072, 0.649504, 0.0, 1.124576], [2006.0, NaN, 6.429326, 6.388665, 0.0, 12.817991], [NaN, 1.0, 0.700569, 0.650896, 0.0, 1.351465], [NaN, 2.0, 0.543753, 0.600562, 0.0, 1.144315], [NaN, 3.0, 0.624233, 0.702459, 0.0, 1.326692], [NaN, 4.0, 0.564299, 0.617042, 0.0, 1.181341], [NaN, 5.0, 0.610838, 0.577543, 0.0, 1.188381], [NaN, 6.0, 0.579764, 0.322454, 0.0, 0.902218], [NaN, 7.0, 0.574864, 0.470838, 0.0, 1.045702], [NaN, 8.0, 0.53269, 0.517768, 0.0, 1.050458], [NaN, 9.0, 0.345429, 0.26136, 0.0, 0.606789], [NaN, 10.0, 0.438529, 0.453505, 0.0, 0.892034], [NaN, 11.0, 0.474273, 0.68237, 0.0, 1.156643], [NaN, 12.0, 0.440085, 0.531868, 0.0, 0.971953], [2005.0, NaN, 8.346418, 7.14037, 0.0, 15.486788], [1.0, 0.806896, 0.617196, 0.0, 1.424092, NaN], [2.0, 0.70579, 0.516124, 0.0, 1.221914, NaN], [3.0, 0.759761, 0.63318, 0.0, 1.392941, NaN], [4.0, 0.726365, 0.572602, 0.0, 1.298967, NaN], [5.0, 0.733808, 0.537064, 0.0, 1.270872, NaN], [6.0, 0.690944, 0.5797, 0.0, 1.270644, NaN], [7.0, 0.556871, 0.552271, 0.0, 1.109142, NaN]]}, "30": {"index": [0, 1, 2, 3, 4, 5, 6, 7, 8, 9, 10, 11, 12, 13, 14, 15, 16, 17, 18, 19, 20, 21, 22, 23, 24, 25, 26, 27, 28, 29, 30, 31, 32, 33, 34, 35, 36, 37, 38, 39, 40, 41], "columns": {"0": "2005", "1": "8", "2": "0.578384", "3": "0.538435", "4": "0.000000", "5": "1.116819"}, "data": [[NaN, 9.0, 0.699048, 0.614546, 0.0, 1.313594], [NaN, 10.0, 0.739149, 0.659012, 0.0, 1.398161], [NaN, 11.0, 0.682572, 0.669286, 0.0, 1.351858], [NaN, 12.0, 0.66683, 0.650954, 0.0, 1.317784], [2004.0, NaN, 9.712771, 6.582288, 0.0, 16.295059], [NaN, 1.0, 0.891511, 0.619988, 0.0, 1.511499], [NaN, 2.0, 0.818576, 0.62721, 0.0, 1.445786], [NaN, 3.0, 0.833091, 0.657703, 0.0, 1.490794], [NaN, 4.0, 0.808351, 0.438658, 0.0, 1.247009], [NaN, 5.0, 0.834747, 0.542658, 0.0, 1.377405], [NaN, 6.0, 0.803508, 0.425324, 0.0, 1.228832], [NaN, 7.0, 0.819115, 0.582495, 0.0, 1.40161], [NaN, 8.0, 0.753752, 0.405483, 0.0, 1.159235], [NaN, 9.0, 0.804555, 0.384171, 0.0, 1.188726], [NaN, 10.0, 0.85237, 0.639498, 0.0, 1.491868], [NaN, 11.0, 0.748375, 0.625978, 0.0, 1.374353], [NaN, 12.0, 0.74482, 0.633122, 0.0, 1.377942], [2003.0, NaN, 9.506187, 5.100419, 0.0, 14.606606], [NaN, 1.0, 0.753822, 0.419866, 0.0, 1.173688], [NaN, 2.0, 0.813219, 0.487308, 0.0, 1.300527], [NaN, 3.0, 0.764992, 0.371417, 0.0, 1.136409], [NaN, 4.0, 0.582724, 0.364297, 0.0, 0.947021], [NaN, 5.0, 0.838492, 0.347581, 0.0, 1.186073], [NaN, 6.0, 0.793871, 0.378909, 0.0, 1.17278], [NaN, 7.0, 0.802356, 0.495353, 0.0, 1.297709], [NaN, 8.0, 0.855368, 0.515827, 0.0, 1.371195], [NaN, 9.0, 0.831542, 0.432663, 0.0, 1.264205], [NaN, 10.0, 0.689342, 0.272528, 0.0, 0.96187], [NaN, 11.0, 0.855608, 0.368936, 0.0, 1.224544], [NaN, 12.0, 0.924851, 0.645734, 0.0, 1.570585], [2002.0, NaN, 9.210722, 4.907585, 0.0, 14.118307], [1.0, 0.854288, 0.525282, 0.0, 1.37957, NaN], [2.0, 0.789873, 0.45433, 0.0, 1.244203, NaN], [3.0, 0.791472, 0.463143, 0.0, 1.254615, NaN], [4.0, 0.792723, 0.450377, 0.0, 1.2431, NaN], [5.0, 0.801991, 0.441887, 0.0, 1.243878, NaN], [6.0, 0.811281, 0.367566, 0.0, 1.178847, NaN], [7.0, 0.788875, 0.442513, 0.0, 1.231388, NaN], [8.0, 0.776416, 0.333349, 0.0, 1.109765, NaN], [9.0, 0.476772, 0.314885, 0.0, 0.791657, NaN], [10.0, 0.739222, 0.372747, 0.0, 1.111969, NaN], [11.0, 0.801579, 0.378793, 0.0, 1.180372, NaN]]}, "31": {"index": [0, 1, 2, 3, 4, 5, 6, 7, 8, 9, 10, 11, 12, 13, 14, 15, 16, 17, 18, 19, 20, 21, 22, 23, 24, 25, 26, 27, 28, 29, 30, 31, 32, 33, 34, 35, 36, 37, 38, 39, 40, 41], "columns": {"0": "2002", "1": "12", "2": "0.786230", "3": "0.362713", "4": "0.000000", "5": "1.148943"}, "data": [[2001.0, NaN, 10.531939, 3.760919, 0.0, 14.292858], [NaN, 1.0, 0.984118, 0.327962, 0.0, 1.31208], [NaN, 2.0, 0.907984, 0.282717, 0.0, 1.190701], [NaN, 3.0, 0.945165, 0.272112, 0.0, 1.217277], [NaN, 4.0, 0.959673, 0.295167, 0.0, 1.25484], [NaN, 5.0, 0.694518, 0.241424, 0.0, 0.935942], [NaN, 6.0, 0.903375, 0.266093, 0.0, 1.169468], [NaN, 7.0, 0.882908, 0.261225, 0.0, 1.144133], [NaN, 8.0, 0.819655, 0.162662, 0.0, 0.982317], [NaN, 9.0, 0.877228, 0.281124, 0.0, 1.158352], [NaN, 10.0, 0.924892, 0.453557, 0.0, 1.378449], [NaN, 11.0, 0.710493, 0.386875, 0.0, 1.097368], [NaN, 12.0, 0.92193, 0.530001, 0.0, 1.451931], [2000.0, NaN, 13.272057, 3.129553, 0.0, 16.40161], [NaN, 1.0, 1.31905, 0.267795, 0.0, 1.586845], [NaN, 2.0, 1.270008, 0.266832, 0.0, 1.53684], [NaN, 3.0, 1.197219, 0.257555, 0.0, 1.454774], [NaN, 4.0, 0.930936, 0.225991, 0.0, 1.156927], [NaN, 5.0, 1.251618, 0.260092, 0.0, 1.51171], [NaN, 6.0, 1.248235, 0.283046, 0.0, 1.531281], [NaN, 7.0, 1.245116, 0.288484, 0.0, 1.5336], [NaN, 8.0, 0.730588, 0.151671, 0.0, 0.882259], [NaN, 9.0, 1.097366, 0.277811, 0.0, 1.375177], [NaN, 10.0, 0.853575, 0.248994, 0.0, 1.102569], [NaN, 11.0, 1.054881, 0.292824, 0.0, 1.347705], [NaN, 12.0, 1.073465, 0.308458, 0.0, 1.381923], [1999.0, NaN, 17.277185, 2.464687, 0.0, 19.741872], [NaN, 1.0, 1.724155, 0.221032, 0.0, 1.945187], [NaN, 2.0, 1.466508, 0.186356, 0.0, 1.652864], [NaN, 3.0, 1.600432, 0.187105, 0.0, 1.787537], [NaN, 4.0, 1.577793, 0.187958, 0.0, 1.765751], [NaN, 5.0, 1.61247, 0.217596, 0.0, 1.830066], [NaN, 6.0, 1.507689, 0.221916, 0.0, 1.729605], [NaN, 7.0, 1.442029, 0.210634, 0.0, 1.652663], [NaN, 8.0, 1.531148, 0.23319, 0.0, 1.764338], [NaN, 9.0, 0.822856, 0.119175, 0.0, 0.942031], [NaN, 10.0, 1.143522, 0.178403, 0.0, 1.321925], [NaN, 11.0, 1.392594, 0.248703, 0.0, 1.641297], [NaN, 12.0, 1.455989, 0.252619, 0.0, 1.708608], [1998.0, NaN, 19.854842, 2.607437, 0.0, 22.462279], [1.0, 1.889023, 0.26348, 0.0, 2.152503, NaN], [2.0, 1.787998, 0.228231, 0.0, 2.016229, NaN]]}, "32": {"index": [0, 1, 2, 3, 4, 5, 6, 7, 8, 9, 10, 11, 12, 13, 14, 15, 16, 17, 18, 19, 20, 21, 22, 23, 24, 25, 26, 27, 28, 29, 30, 31, 32, 33, 34, 35, 36, 37, 38, 39, 40, 41], "columns": {"0": "1998", "1": "3", "2": "1.830853", "3": "0.232618", "4": "0.000000", "5": "2.063471"}, "data": [[NaN, 4.0, 1.706645, 0.217347, 0.0, 1.923992], [NaN, 5.0, 1.68843, 0.237666, 0.0, 1.926096], [NaN, 6.0, 1.123375, 0.132911, 0.0, 1.256286], [NaN, 7.0, 1.77765, 0.214465, 0.0, 1.992115], [NaN, 8.0, 1.121137, 0.138781, 0.0, 1.259918], [NaN, 9.0, 1.6872, 0.216801, 0.0, 1.904001], [NaN, 10.0, 1.760784, 0.245969, 0.0, 2.006753], [NaN, 11.0, 1.748908, 0.234144, 0.0, 1.983052], [NaN, 12.0, 1.732839, 0.245024, 0.0, 1.977863], [1997.0, NaN, 24.121289, 3.080629, 0.0, 27.201918], [NaN, 1.0, 2.339717, 0.288408, 0.0, 2.628125], [NaN, 2.0, 1.922269, 0.232821, 0.0, 2.15509], [NaN, 3.0, 2.07247, 0.24866, 0.0, 2.32113], [NaN, 4.0, 2.275333, 0.286474, 0.0, 2.561807], [NaN, 5.0, 2.294919, 0.305574, 0.0, 2.600493], [NaN, 6.0, 2.192283, 0.284084, 0.0, 2.476367], [NaN, 7.0, 2.250359, 0.296677, 0.0, 2.547036], [NaN, 8.0, 1.781939, 0.236042, 0.0, 2.017981], [NaN, 9.0, 0.943886, 0.117321, 0.0, 1.061207], [NaN, 10.0, 2.098505, 0.263566, 0.0, 2.362071], [NaN, 11.0, 1.982783, 0.260776, 0.0, 2.243559], [NaN, 12.0, 1.966826, 0.260226, 0.0, 2.227052], [1996.0, NaN, 25.445015, 3.046106, 0.0, 28.491121], [NaN, 1.0, 2.2831, 0.276603, 0.0, 2.559703], [NaN, 2.0, 2.185638, 0.258665, 0.0, 2.444303], [NaN, 3.0, 2.286704, 0.26493, 0.0, 2.551634], [NaN, 4.0, 2.286078, 0.269482, 0.0, 2.55556], [NaN, 5.0, 2.087206, 0.242456, 0.0, 2.329662], [NaN, 6.0, 2.224703, 0.266421, 0.0, 2.491124], [NaN, 7.0, 2.265623, 0.275631, 0.0, 2.541254], [NaN, 8.0, 2.171645, 0.260204, 0.0, 2.431849], [NaN, 9.0, 2.04974, 0.24704, 0.0, 2.29678], [NaN, 10.0, 1.104202, 0.128256, 0.0, 1.232458], [NaN, 11.0, 2.127484, 0.264057, 0.0, 2.391541], [NaN, 12.0, 2.372892, 0.292361, 0.0, 2.665253], [1995.0, NaN, 28.090946, 3.170041, 0.0, 31.260987], [1.0, 2.577878, 0.276964, 0.0, 2.854842, NaN], [2.0, 2.129869, 0.235321, 0.0, 2.36519, NaN], [3.0, 2.448173, 0.268662, 0.0, 2.716835, NaN], [4.0, 2.454159, 0.276374, 0.0, 2.730533, NaN], [5.0, 2.568676, 0.286254, 0.0, 2.85493, NaN], [6.0, 2.418309, 0.274058, 0.0, 2.692367, NaN]]}, "33": {"index": [0, 1, 2, 3, 4, 5, 6, 7, 8, 9, 10, 11, 12, 13, 14, 15, 16, 17, 18, 19, 20, 21, 22, 23, 24, 25, 26, 27, 28, 29, 30, 31, 32, 33, 34, 35, 36, 37, 38, 39, 40, 41], "columns": {"0": "1995", "1": "7", "2": "2.578281", "3": "0.294205", "4": "0.000000", "5": "2.872486"}, "data": [[NaN, 8.0, 1.533779, 0.1719, 0.0, 1.705679], [NaN, 9.0, 2.292722, 0.261887, 0.0, 2.554609], [NaN, 10.0, 2.481526, 0.279796, 0.0, 2.761322], [NaN, 11.0, 2.231826, 0.262952, 0.0, 2.494778], [NaN, 12.0, 2.375748, 0.281668, 0.0, 2.657416], [1994.0, NaN, 30.74327, 3.244003, 0.0, 33.987273], [NaN, 1.0, 2.639381, 0.276838, 0.0, 2.916219], [NaN, 2.0, 2.435542, 0.255197, 0.0, 2.690739], [NaN, 3.0, 2.697165, 0.285788, 0.0, 2.982953], [NaN, 4.0, 2.702303, 0.283606, 0.0, 2.985909], [NaN, 5.0, 2.794567, 0.297939, 0.0, 3.092506], [NaN, 6.0, 2.650027, 0.294862, 0.0, 2.944889], [NaN, 7.0, 2.71642, 0.297295, 0.0, 3.013715], [NaN, 8.0, 1.394659, 0.144808, 0.0, 1.539467], [NaN, 9.0, 2.598876, 0.262091, 0.0, 2.860967], [NaN, 10.0, 2.804925, 0.287366, 0.0, 3.092291], [NaN, 11.0, 2.61985, 0.27278, 0.0, 2.89263], [NaN, 12.0, 2.689555, 0.285433, 0.0, 2.974988], [1993.0, NaN, 28.67662, 3.04514, 0.0, 31.72176], [NaN, 1.0, 2.17899, 0.231751, 0.0, 2.410741], [NaN, 2.0, 1.940956, 0.202868, 0.0, 2.143824], [NaN, 3.0, 2.519658, 0.26142, 0.0, 2.781078], [NaN, 4.0, 2.46448, 0.259759, 0.0, 2.724239], [NaN, 5.0, 2.522194, 0.269004, 0.0, 2.791198], [NaN, 6.0, 1.617221, 0.175222, 0.0, 1.792443], [NaN, 7.0, 2.590289, 0.277162, 0.0, 2.867451], [NaN, 8.0, 2.583025, 0.284876, 0.0, 2.867901], [NaN, 9.0, 2.521409, 0.273086, 0.0, 2.794495], [NaN, 10.0, 2.609864, 0.277738, 0.0, 2.887602], [NaN, 11.0, 2.565967, 0.266735, 0.0, 2.832702], [NaN, 12.0, 2.562567, 0.265519, 0.0, 2.828086], [1992.0, NaN, 25.0271, 2.671968, 0.0, 27.699068], [1.0, 2.14276, 0.219545, 0.0, 2.362305, NaN], [2.0, 1.939938, 0.202181, 0.0, 2.142119, NaN], [3.0, 2.06551, 0.213834, 0.0, 2.279344, NaN], [4.0, 1.996363, 0.216193, 0.0, 2.212556, NaN], [5.0, 2.123578, 0.233727, 0.0, 2.357305, NaN], [6.0, 1.614487, 0.17349, 0.0, 1.787977, NaN], [7.0, 2.059234, 0.216691, 0.0, 2.275925, NaN], [8.0, 2.114273, 0.225255, 0.0, 2.339528, NaN], [9.0, 2.059281, 0.21736, 0.0, 2.276641, NaN], [10.0, 2.216684, 0.238645, 0.0, 2.455329, NaN]]}, "34": {"index": [0, 1, 2, 3, 4, 5, 6, 7, 8, 9, 10, 11, 12, 13, 14, 15, 16, 17, 18, 19, 20, 21, 22, 23, 24, 25, 26, 27, 28, 29, 30, 31, 32, 33, 34, 35, 36, 37, 38, 39, 40, 41], "columns": {"0": "1992", "1": "11", "2": "2.272275", "3": "0.247506", "4": "0.000000", "5": "2.519781"}, "data": [[NaN, 12.0, 2.422717, 0.267541, 0.0, 2.690258], [1991.0, NaN, 19.906698, 2.101448, 0.0, 22.008146], [NaN, 1.0, 1.576299, 0.165804, 0.0, 1.742103], [NaN, 2.0, 1.416917, 0.14993, 0.0, 1.566847], [NaN, 3.0, 1.48148, 0.154278, 0.0, 1.635758], [NaN, 4.0, 1.547226, 0.158461, 0.0, 1.705687], [NaN, 5.0, 1.774038, 0.191124, 0.0, 1.965162], [NaN, 6.0, 1.743148, 0.189878, 0.0, 1.933026], [NaN, 7.0, 1.798557, 0.196707, 0.0, 1.995264], [NaN, 8.0, 1.040535, 0.105237, 0.0, 1.145772], [NaN, 9.0, 1.849955, 0.195856, 0.0, 2.045811], [NaN, 10.0, 1.970256, 0.210388, 0.0, 2.180644], [NaN, 11.0, 1.796536, 0.188061, 0.0, 1.984597], [NaN, 12.0, 1.911751, 0.195724, 0.0, 2.107475], [1990.0, NaN, 14.829574, 1.504295, 0.0, 16.333869], [NaN, 1.0, 1.20984, 0.115787, 0.0, 1.325627], [NaN, 2.0, 1.079693, 0.105017, 0.0, 1.18471], [NaN, 3.0, 1.220765, 0.118368, 0.0, 1.339133], [NaN, 4.0, 1.212633, 0.119231, 0.0, 1.331864], [NaN, 5.0, 1.318139, 0.133612, 0.0, 1.451751], [NaN, 6.0, 1.308004, 0.131081, 0.0, 1.439085], [NaN, 7.0, 1.049181, 0.105889, 0.0, 1.15507], [NaN, 8.0, 0.821481, 0.085999, 0.0, 0.90748], [NaN, 9.0, 1.278301, 0.13344, 0.0, 1.411741], [NaN, 10.0, 1.452338, 0.151799, 0.0, 1.604137], [NaN, 11.0, 1.431529, 0.147336, 0.0, 1.578865], [NaN, 12.0, 1.44767, 0.156736, 0.0, 1.604406], [1989.0, NaN, 15.489959, 1.521168, 0.0, 17.011127], [NaN, 1.0, 1.214461, 0.125441, 0.0, 1.339902], [NaN, 2.0, 1.069855, 0.1107, 0.0, 1.180555], [NaN, 3.0, 1.396699, 0.139129, 0.0, 1.535828], [NaN, 4.0, 1.399138, 0.138636, 0.0, 1.537774], [NaN, 5.0, 1.372246, 0.134218, 0.0, 1.506464], [NaN, 6.0, 1.055413, 0.102002, 0.0, 1.157415], [NaN, 7.0, 1.353897, 0.131303, 0.0, 1.4852], [NaN, 8.0, 1.37131, 0.131994, 0.0, 1.503304], [NaN, 9.0, 1.337567, 0.128911, 0.0, 1.466478], [NaN, 10.0, 1.359269, 0.130999, 0.0, 1.490268], [NaN, 11.0, 1.374231, 0.134105, 0.0, 1.508336], [NaN, 12.0, 1.185873, 0.11373, 0.0, 1.299603], [1988.0, NaN, 8.63901, 0.879439, 0.0, 9.518449], [1.0, 0.541375, 0.051498, 0.0, 0.592873, NaN]]}, "35": {"index": [0, 1, 2, 3, 4, 5, 6, 7, 8, 9, 10, 11, 12, 13, 14, 15, 16, 17, 18, 19, 20, 21, 22, 23, 24], "columns": {"0": "1988", "1": "2", "2": "0.533522", "3": "0.051009", "4": "0.000000", "5": "0.584531"}, "data": [[NaN, 3.0, 0.731363, 0.068892, 0.0, 0.800255], [NaN, 4.0, 0.719825, 0.067734, 0.0, 0.787559], [NaN, 5.0, 0.542265, 0.052594, 0.0, 0.594859], [NaN, 6.0, 0.365933, 0.037804, 0.0, 0.403737], [NaN, 7.0, 0.821212, 0.08476, 0.0, 0.905972], [NaN, 8.0, 0.891063, 0.094295, 0.0, 0.985358], [NaN, 9.0, 0.922027, 0.102337, 0.0, 1.024364], [NaN, 10.0, 1.042717, 0.108739, 0.0, 1.151456], [NaN, 11.0, 1.03527, 0.106833, 0.0, 1.142103], [NaN, 12.0, 0.492438, 0.052944, 0.0, 0.545382], [1987.0, NaN, 4.019991, 0.37669, 0.0, 4.396681], [NaN, 1.0, 0.150219, 0.013659, 0.0, 0.163878], [NaN, 2.0, 0.184039, 0.016978, 0.0, 0.201017], [NaN, 3.0, 0.248309, 0.02317, 0.0, 0.271479], [NaN, 4.0, 0.25665, 0.023467, 0.0, 0.280117], [NaN, 5.0, 0.300604, 0.027901, 0.0, 0.328505], [NaN, 6.0, 0.323002, 0.030008, 0.0, 0.35301], [NaN, 7.0, 0.410311, 0.038347, 0.0, 0.448658], [NaN, 8.0, 0.493816, 0.046663, 0.0, 0.540479], [NaN, 9.0, 0.523228, 0.049386, 0.0, 0.572614], [NaN, 10.0, 0.517043, 0.048682, 0.0, 0.565725], [NaN, 11.0, 0.400157, 0.037703, 0.0, 0.43786], [NaN, 12.0, 0.212613, 0.020726, 0.0, 0.233339], [1986.0, NaN, 0.044483, 0.003654, 0.0, 0.048137], [12.0, 0.044483, 0.003654, 0.0, 0.048137, NaN]]}, "36": {"index": [0, 1, 2, 3, 4, 5, 6, 7, 8, 9, 10, 11, 12, 13, 14, 15, 16, 17, 18, 19, 20, 21, 22, 23, 24, 25, 26, 27, 28, 29, 30, 31, 32], "columns": {"0": "Wellbore name", "1": "Entered date", "2": "Completeddate", "3": "Purpose", "4": "Status", "5": "Content"}, "data": [["34/10-1", "20.06.1978", "08.09.1978", "WILDCAT", "P&A", "OIL"], ["34/10-3", "14.03.1979", "07.06.1979", "APPRAISAL", "SUSPENDED", "OIL"], ["34/10-3 R", "03.10.1987", "10.10.1987", "APPRAISAL", "P&A", "OIL"], ["34/10-4", "12.08.1979", "15.10.1979", "APPRAISAL", "P&A", "OIL"], ["34/10-5", "18.10.1979", "02.01.1980", "APPRAISAL", "P&A", "OIL"], ["34/10-6", "13.11.1979", "22.01.1980", "APPRAISAL", "P&A", "DRY"], ["34/10-7", "07.01.1980", "23.03.1980", "APPRAISAL", "SUSPENDED", "OIL"], ["34/10-7 R", "31.05.1983", "14.07.1983", "APPRAISAL", "P&A", "OIL"], ["34/10-8", "03.03.1980", "25.05.1980", "APPRAISAL", "P&A", "OIL"], ["34/10-9", "24.03.1980", "09.05.1980", "APPRAISAL", "SUSPENDED", "OIL"], ["34/10-9 R", "29.05.1980", "03.07.1980", "APPRAISAL", "P&A", "OIL"], ["34/10-11", "23.10.1980", "05.03.1981", "APPRAISAL", "P&A", "OIL"], ["34/10-13", "24.08.1981", "05.01.1982", "APPRAISAL", "P&A", "OIL"], ["34/10-14", "24.12.1981", "19.03.1982", "APPRAISAL", "P&A", "OIL"], ["34/10-15", "16.10.1982", "12.12.1982", "APPRAISAL", "P&A", "SHOWS"], ["34/10-19", "05.10.1983", "06.12.1983", "APPRAISAL", "P&A", "DRY"], ["34/10-22", "25.10.1984", "05.11.1984", "APPRAISAL", "P&A", "GAS"], ["34/10-24", "30.06.1985", "05.08.1985", "APPRAISAL", "P&A", "GAS"], ["34/10-25", "06.08.1985", "17.08.1985", "APPRAISAL", "P&A", "DRY"], ["34/10-26", "18.10.1985", "26.10.1985", "APPRAISAL", "P&A", "DRY"], ["34/10-27", "02.12.1985", "14.12.1985", "APPRAISAL", "SUSPENDED", "GAS"], ["34/10-27 R", "27.01.1986", "31.01.1986", "APPRAISAL", "P&A", "GAS"], ["34/10-29", "27.12.1985", "26.01.1986", "APPRAISAL", "P&A", "GAS"], ["34/10-31", "01.02.1986", "08.04.1986", "APPRAISAL", "P&A", "GAS"], ["34/10-34", "10.04.1991", "31.05.1991", "WILDCAT", "SUSPENDED", "OIL"], ["34/10-34 R", "06.10.2001", "16.10.2001", "WILDCAT", "P&A", "OIL"], ["34/10-40 S", "13.08.1995", "13.10.1995", "WILDCAT", "RE-CLASS TODEV", "GAS"], ["34/10-45 A", "12.01.2002", "06.02.2002", "APPRAISAL", "RE-CLASS TODEV", "GAS/CONDENSATE"], ["34/10-45 B", "07.10.2003", "24.11.2003", "WILDCAT", "RE-CLASS TODEV", "GAS/CONDENSATE"], ["34/10-45 S", "03.11.2001", "08.01.2002", "WILDCAT", "RE-CLASS TODEV", "GAS/CONDENSATE"], ["34/10-46 A", "01.02.2002", "16.03.2002", "WILDCAT", "RE-CLASS TODEV", "OIL/GAS"], ["34/10-46 B", "17.03.2002", "22.05.2002", "APPRAISAL", "RE-CLASS TODEV", "DRY"], ["34/10-46 S", "13.11.2001", "30.01.2002", "WILDCAT", "RE-CLASS TODEV", "GAS"]]}, "37": {"index": [0, 1, 2, 3, 4, 5, 6, 7, 8, 9, 10, 11, 12, 13, 14, 15, 16, 17, 18, 19, 20, 21, 22, 23, 24, 25, 26, 27, 28, 29, 30, 31, 32, 33, 34, 35, 36, 37, 38, 39, 40], "columns": {"0": "Wellbore name", "1": "Entered date", "2": "Completeddate", "3": "Purpose", "4": "Content"}, "data": [["34/10-A-1 H", "19.08.1985", "14.10.1985", "PRODUCTION", "OIL"], ["34/10-A-2 H", "28.10.1985", "21.11.1985", "PRODUCTION", "NOTAPPLICABLE"], ["34/10-A-2 AH", "15.05.1986", "14.06.1986", "PRODUCTION", "OIL"], ["34/10-A-3 H", "29.11.1985", "27.01.1986", "PRODUCTION", "OIL"], ["34/10-A-4 H", "31.01.1986", "30.04.1986", "PRODUCTION", "OIL"], ["34/10-A-5 H", "04.12.1986", "04.02.1987", "INJECTION", "WATER"], ["34/10-A-6", "11.02.1987", "08.03.1987", "PRODUCTION", "GAS"], ["34/10-A-6 A", "25.04.1996", "23.05.1996", "PRODUCTION", "OIL"], ["34/10-A-6 B", "26.01.2007", "10.02.2007", "PRODUCTION", "OIL"], ["34/10-A-7", "10.03.1987", "20.03.1987", "PRODUCTION", "GAS"], ["34/10-A-7 A", "01.12.1996", "23.01.1997", "PRODUCTION", "OIL"], ["34/10-A-7 B", "25.02.2005", "14.03.2005", "PRODUCTION", "OIL"], ["34/10-A-7 C", "30.05.2022", "17.07.2022", "PRODUCTION", "OIL"], ["34/10-A-8", "09.04.1987", "28.05.1987", "INJECTION", "WATER"], ["34/10-A-8 A", "05.08.2018", "18.08.2018", "PRODUCTION", "OIL"], ["34/10-A-9 H", "23.03.1987", "18.05.1987", "PRODUCTION", "OIL"], ["34/10-A-10", "07.06.1987", "26.07.1987", "PRODUCTION", "OIL"], ["34/10-A-10 A", "08.03.1997", "20.03.1997", "PRODUCTION", "OIL"], ["34/10-A-10 B", "15.09.2015", "02.11.2015", "INJECTION", "WATER"], ["34/10-A-11", "06.08.1987", "04.10.1987", "INJECTION", "WATER"], ["34/10-A-12", "26.10.1987", "16.12.1987", "INJECTION", "WATER"], ["34/10-A-12 A", "30.11.2017", "10.01.2018", "PRODUCTION", "OIL"], ["34/10-A-13", "24.12.1987", "09.02.1988", "INJECTION", "GAS"], ["34/10-A-13 A", "07.02.2019", "21.04.2019", "PRODUCTION", "OIL"], ["34/10-A-14", "27.02.1988", "11.04.1988", "PRODUCTION", "OIL"], ["34/10-A-14 A", "29.11.2015", "04.12.2015", "INJECTION", "WATER"], ["34/10-A-15", "19.04.1988", "29.05.1988", "INJECTION", "WATER"], ["34/10-A-15 A", "14.01.2004", "06.03.2004", "INJECTION", "CUTTINGS"], ["34/10-A-16", "08.06.1988", "11.07.1988", "PRODUCTION", "OIL"], ["34/10-A-16 A", "23.10.1989", "29.10.1989", "PRODUCTION", "OIL"], ["34/10-A-17", "23.07.1988", "11.09.1988", "PRODUCTION", "OIL"], ["34/10-A-17 A", "05.12.1995", "05.01.1996", "INJECTION", "WATER"], ["34/10-A-17 B", "23.01.2022", "17.04.2022", "PRODUCTION", "OIL"], ["34/10-A-18", "28.09.1988", "30.10.1988", "INJECTION", "WATER"], ["34/10-A-18 A", "17.07.2016", "28.10.2016", "INJECTION", "GAS"], ["34/10-A-19", "05.11.1988", "04.12.1988", "PRODUCTION", "OIL"], ["34/10-A-19 A", "28.11.1997", "06.01.1998", "PRODUCTION", "OIL"], ["34/10-A-19 B", "05.05.2020", "19.06.2020", "PRODUCTION", "OIL"], ["34/10-A-20", "09.12.1988", "07.01.1989", "INJECTION", "WATER"], ["34/10-A-20 A", "23.01.1991", "15.02.1991", "INJECTION", "WATER"], ["34/10-A-20 B", "01.06.2013", "16.09.2013", "OBSERVATION", "GAS"]]}, "38": {"index": [0, 1, 2, 3, 4, 5, 6, 7, 8, 9, 10, 11, 12, 13, 14, 15, 16, 17, 18, 19, 20, 21, 22, 23, 24, 25, 26, 27, 28, 29, 30, 31, 32, 33, 34, 35, 36, 37, 38, 39, 40], "columns": {"0": "34/10-A-20 C", "1": "20.11.2013", "2": "25.11.2014", "3": "INJECTION", "4": "WATER"}, "data": [["34/10-A-21", "15.01.1989", "22.02.1989", "PRODUCTION", "OIL"], ["34/10-A-21 A", "24.11.1999", "23.01.2000", "INJECTION", "WATER"], ["34/10-A-22", "28.02.1989", "26.03.1989", "INJECTION", "GAS"], ["34/10-A-22 A", "23.05.2016", "26.08.2016", "PRODUCTION", "OIL"], ["34/10-A-22 B", "19.11.2016", "25.11.2016", "PRODUCTION", "OIL"], ["34/10-A-23", "31.03.1989", "16.05.1989", "INJECTION", "WATER"], ["34/10-A-24", "06.06.1989", "08.07.1989", "INJECTION", "WATER"], ["34/10-A-24 A", "04.06.1990", "14.07.1990", "INJECTION", "WATER"], ["34/10-A-24 B", "11.04.2007", "29.04.2007", "PRODUCTION", "OIL"], ["34/10-A-25", "22.07.1989", "25.08.1989", "INJECTION", "WATER"], ["34/10-A-25 A", "05.09.1989", "28.09.1989", "INJECTION", "WATER"], ["34/10-A-25 B", "16.12.2004", "25.01.2005", "PRODUCTION", "OIL/GAS"], ["34/10-A-25 C", "26.08.2019", "23.11.2019", "INJECTION", "WATER"], ["34/10-A-26", "07.10.1989", "27.11.1989", "PRODUCTION", "OIL"], ["34/10-A-27", "05.12.1989", "13.01.1990", "PRODUCTION", "OIL"], ["34/10-A-27 A", "12.04.1990", "15.05.1990", "INJECTION", "WATER"], ["34/10-A-27 B", "22.05.2018", "05.07.2018", "PRODUCTION", "OIL"], ["34/10-A-27 BY2", NaN, NaN, "PRODUCTION", NaN], ["34/10-A-28", "30.01.1990", "04.03.1990", "PRODUCTION", "OIL"], ["34/10-A-28 A", "21.12.2008", "11.03.2009", "PRODUCTION", "OIL"], ["34/10-A-29", "24.08.1990", "29.09.1990", "PRODUCTION", "OIL"], ["34/10-A-29 A", "04.11.2003", "16.11.2003", "PRODUCTION", "OIL"], ["34/10-A-30", "03.10.1990", "03.11.1990", "PRODUCTION", "OIL"], ["34/10-A-30 A", "16.09.2003", "01.10.2003", "PRODUCTION", "OIL"], ["34/10-A-30 B", "24.01.2016", "12.03.2016", "PRODUCTION", "OIL"], ["34/10-A-30 C", "13.03.2016", "19.03.2016", "PRODUCTION", "OIL"], ["34/10-A-31", "08.12.1990", "16.01.1991", "PRODUCTION", "OIL"], ["34/10-A-31 A", "10.12.2020", "15.01.2021", "PRODUCTION", "OIL"], ["34/10-A-32", "19.03.1991", "02.05.1991", "PRODUCTION", "OIL"], ["34/10-A-32 A", "09.09.1993", "03.10.1993", "PRODUCTION", "OIL"], ["34/10-A-32 B", "04.10.1993", "17.10.1993", "PRODUCTION", "OIL"], ["34/10-A-33", "09.05.1991", "29.06.1991", "PRODUCTION", "OIL"], ["34/10-A-34", "15.07.1991", "06.10.1991", "OBSERVATION", "NOTAPPLICABLE"], ["34/10-A-34 A", "09.10.1991", "21.10.1991", "PRODUCTION", "OIL"], ["34/10-A-34 B", "28.12.2016", "24.04.2017", "PRODUCTION", "OIL/GAS"], ["34/10-A-35", "20.11.1991", "14.01.1992", "INJECTION", "WATER"], ["34/10-A-35 A", "07.04.2018", "30.04.2018", "INJECTION", "WATER"], ["34/10-A-36", "22.01.1992", "21.05.1992", "PRODUCTION", "OIL"], ["34/10-A-36 A", "13.10.2009", "28.10.2009", "OBSERVATION", "OIL"], ["34/10-A-36 B", "29.10.2009", "09.11.2009", "PRODUCTION", "OIL"], ["34/10-A-36 C", "10.11.2009", "22.11.2009", "PRODUCTION", "OIL"]]}, "39": {"index": [0, 1, 2, 3, 4, 5, 6, 7, 8, 9, 10, 11, 12, 13, 14, 15, 16, 17, 18, 19, 20, 21, 22, 23, 24, 25, 26, 27, 28, 29, 30, 31, 32, 33, 34, 35, 36, 37, 38, 39, 40], "columns": {"0": "34/10-A-37", "1": "02.07.1992", "2": "21.08.1992", "3": "PRODUCTION", "4": "OIL"}, "data": [["34/10-A-37 A", "17.09.2018", "05.10.2018", "INJECTION", "GAS"], ["34/10-A-38", "11.09.1992", "21.10.1992", "INJECTION", "WATER"], ["34/10-A-38 A", "30.06.2007", "13.07.2007", "INJECTION", "GAS"], ["34/10-A-39", "18.11.1992", "15.12.1992", "OBSERVATION", "NOTAPPLICABLE"], ["34/10-A-39 A", "15.12.1992", "03.01.1993", "PRODUCTION", "OIL"], ["34/10-A-40", "25.02.1993", "12.07.1993", "PRODUCTION", "OIL"], ["34/10-A-41", "19.03.1993", "09.05.1993", "PRODUCTION", "OIL"], ["34/10-A-41 A", "23.09.2000", "10.10.2000", "INJECTION", "WATER"], ["34/10-A-41 B", "24.08.2001", "01.10.2001", "INJECTION", "WATER"], ["34/10-A-41 C", "29.04.2023", "16.06.2023", "PRODUCTION", "WATER"], ["34/10-A-42", "08.06.1994", "21.08.1994", "PRODUCTION", "OIL"], ["34/10-A-42 A", "15.07.2023", NaN, "PRODUCTION", NaN], ["34/10-A-43", "14.03.1995", "28.04.1995", "PRODUCTION", "OIL"], ["34/10-A-43 A", "13.09.2010", "15.10.2010", "PRODUCTION", "OIL"], ["34/10-A-43 B", "24.10.2010", "05.11.2010", "PRODUCTION", "OIL"], ["34/10-A-43 C", "26.05.2021", "13.11.2021", "INJECTION", "WATER"], ["34/10-A-44", "30.01.1996", "07.04.1996", "INJECTION", "GAS"], ["34/10-A-45", "25.08.1996", "23.09.1996", "PRODUCTION", "OIL"], ["34/10-A-45 A", "09.08.2008", "04.09.2008", "PRODUCTION", "OIL"], ["34/10-A-46", "14.03.2000", "05.05.2000", "PRODUCTION", "OIL"], ["34/10-A-48", "13.11.2001", "30.01.2002", "PRODUCTION", "OIL"], ["34/10-A-48 A", "01.02.2002", "16.03.2002", "PRODUCTION", "OIL"], ["34/10-A-48 B", "17.03.2002", "22.05.2002", "INJECTION", "WATER"], ["34/10-A-48 C", "13.04.2009", "14.07.2009", "PRODUCTION", "OIL"], ["34/10-B-1", "23.11.1987", "13.02.1988", "PRODUCTION", "OIL"], ["34/10-B-1 A", "25.12.2002", "06.01.2003", "PRODUCTION", "OIL"], ["34/10-B-1 B", "07.11.2004", "27.12.2004", "PRODUCTION", "OIL"], ["34/10-B-2", "25.03.1988", "26.05.1988", "PRODUCTION", "OIL"], ["34/10-B-2 A", "31.12.2008", "08.01.2009", "PRODUCTION", "OIL"], ["34/10-B-2 B", "08.01.2018", "30.01.2018", "INJECTION", "WATER"], ["34/10-B-3", "03.06.1988", "06.07.1988", "PRODUCTION", "OIL"], ["34/10-B-3 A", "15.08.2003", "27.08.2003", "INJECTION", "WATER"], ["34/10-B-3 B", NaN, NaN, "INJECTION", "NOTAPPLICABLE"], ["34/10-B-4", "26.07.1988", "02.09.1988", "PRODUCTION", "OIL"], ["34/10-B-4 A", "11.04.1999", "06.06.1999", "PRODUCTION", "OIL"], ["34/10-B-4 B", "06.05.2007", "27.05.2007", "INJECTION", "WATER"], ["34/10-B-5", "25.10.1988", "14.01.1989", "PRODUCTION", "OIL"], ["34/10-B-5 A", "09.08.1996", "14.12.1996", "PRODUCTION", "OIL"], ["34/10-B-6", "06.02.1989", "10.03.1989", "PRODUCTION", "OIL/GAS"], ["34/10-B-7", "19.03.1989", "11.04.1989", "INJECTION", "WATER"], ["34/10-B-7 A", "03.11.2002", "07.12.2002", "PRODUCTION", "OIL"]]}, "40": {"index": [0, 1, 2, 3, 4, 5, 6, 7, 8, 9, 10, 11, 12, 13, 14, 15, 16, 17, 18, 19, 20, 21, 22, 23, 24, 25, 26, 27, 28, 29, 30, 31, 32, 33, 34, 35, 36, 37, 38, 39, 40], "columns": {"0": "34/10-B-7 B", "1": "11.10.2006", "2": "04.11.2006", "3": "PRODUCTION", "4": "OIL"}, "data": [["34/10-B-7 C", "18.08.2008", "06.09.2008", "INJECTION", "WATER"], ["34/10-B-7 D", "22.11.2013", "31.03.2014", "INJECTION", "WATER"], ["34/10-B-8", "17.04.1989", "12.05.1989", "INJECTION", "WATER"], ["34/10-B-8 A", "03.02.2019", "22.02.2019", "PRODUCTION", "OIL"], ["34/10-B-8 B", "18.03.2019", "22.03.2019", "PRODUCTION", "OIL"], ["34/10-B-9", "19.05.1989", "14.06.1989", "PRODUCTION", "OIL"], ["34/10-B-9 A", "17.06.2003", "02.07.2003", "PRODUCTION", "OIL/GAS"], ["34/10-B-9 B", "11.10.2021", "26.11.2021", "PRODUCTION", "OIL"], ["34/10-B-10", "30.06.1989", "13.08.1989", "PRODUCTION", "DRY"], ["34/10-B-10 A", "26.08.1989", "14.09.1989", "PRODUCTION", "OIL"], ["34/10-B-11", "23.09.1989", "02.11.1989", "INJECTION", "CUTTINGS"], ["34/10-B-11 A", NaN, NaN, "INJECTION", NaN], ["34/10-B-12", "09.11.1989", "28.12.1989", "INJECTION", "WATER"], ["34/10-B-12 A", "22.01.2008", "30.04.2008", "PRODUCTION", "OIL"], ["34/10-B-12 B", "24.02.2018", "25.03.2018", "INJECTION", "WATER"], ["34/10-B-13", "13.02.1990", "12.04.1990", "PRODUCTION", "OIL"], ["34/10-B-13 A", "29.04.1997", "19.07.1997", "PRODUCTION", "OIL"], ["34/10-B-14", "23.04.1990", "07.11.1990", "OBSERVATION", "NOTAPPLICABLE"], ["34/10-B-14 A", "26.12.1990", "27.02.1991", "INJECTION", "WATER"], ["34/10-B-14 B", "25.07.2013", "14.10.2013", "INJECTION", "WATER"], ["34/10-B-14 C", "18.01.2017", "24.05.2017", "PRODUCTION", "OIL/GAS"], ["34/10-B-15", "07.06.1990", "17.08.1990", "PRODUCTION", "OIL"], ["34/10-B-15 A", "22.03.2003", "15.04.2003", "PRODUCTION", "OIL"], ["34/10-B-15 B", "28.10.2020", "07.12.2020", "PRODUCTION", "NOTAPPLICABLE"], ["34/10-B-15 C", "09.12.2020", "16.12.2020", "PRODUCTION", "OIL"], ["34/10-B-16", "27.04.1991", "07.06.1991", "INJECTION", "WATER"], ["34/10-B-16 A", "20.02.2016", "13.04.2016", "INJECTION", "WATER"], ["34/10-B-17", "04.07.1991", "08.08.1991", "PRODUCTION", "OIL"], ["34/10-B-17 A", "14.11.2006", "18.12.2006", "PRODUCTION", "OIL"], ["34/10-B-17 B", "02.07.2020", "14.07.2020", "PRODUCTION", "OIL"], ["34/10-B-18", "13.08.1991", "18.10.1991", "INJECTION", "WATER"], ["34/10-B-18 A", "25.04.2021", "30.12.2021", "PRODUCTION", "OIL"], ["34/10-B-19", "22.11.1991", "06.01.1992", "PRODUCTION", "OIL"], ["34/10-B-19 A", "19.04.1992", "02.05.1992", "PRODUCTION", "OIL"], ["34/10-B-20", "09.01.1992", "10.02.1992", "PRODUCTION", "OIL"], ["34/10-B-20 A", "13.02.2007", "02.04.2007", "INJECTION", "WATER"], ["34/10-B-21", "27.02.1992", "06.04.1992", "PRODUCTION", "OIL"], ["34/10-B-21 A", "30.05.2001", "08.06.2001", "PRODUCTION", "OIL"], ["34/10-B-21 B", "13.06.2001", "21.06.2001", "PRODUCTION", "OIL"], ["34/10-B-22", "15.05.1992", "12.06.1992", "INJECTION", "WATER"], ["34/10-B-22 A", "25.06.1992", "06.07.1992", "INJECTION", "WATER"]]}, "41": {"index": [0, 1, 2, 3, 4, 5, 6, 7, 8, 9, 10, 11, 12, 13, 14, 15, 16, 17, 18, 19, 20, 21, 22, 23, 24, 25, 26, 27, 28, 29, 30, 31, 32, 33, 34, 35, 36, 37, 38, 39], "columns": {"0": "34/10-B-22 B", "1": "06.04.2019", "2": "10.06.2019", "3": "PRODUCTION", "4": "OIL"}, "data": [["34/10-B-23", "14.06.1992", "30.08.1992", "PRODUCTION", "OIL/GAS"], ["34/10-B-24", "11.09.1992", "25.10.1992", "PRODUCTION", "OIL"], ["34/10-B-24 A", "14.08.2010", "23.08.2010", "PRODUCTION", "OIL/GAS"], ["34/10-B-25", "22.11.1992", "30.04.1993", "PRODUCTION", "OIL"], ["34/10-B-25 A", "19.06.2019", "15.07.2019", "PRODUCTION", "OIL"], ["34/10-B-26", "14.12.1992", "25.01.1993", "INJECTION", "WATER"], ["34/10-B-26 A", "18.07.2004", "18.08.2004", "PRODUCTION", "OIL"], ["34/10-B-26 AY2", "16.07.2007", "28.07.2007", "PRODUCTION", "OIL/GAS"], ["34/10-B-27", "23.05.1993", "20.06.1993", "PRODUCTION", "OIL"], ["34/10-B-27 A", "28.05.2004", "21.06.2004", "PRODUCTION", "OIL/GAS"], ["34/10-B-27 B", "11.11.2022", "23.01.2023", "PRODUCTION", "OIL"], ["34/10-B-28", "03.07.1993", "24.08.1993", "PRODUCTION", "OIL"], ["34/10-B-28 A", "13.08.2016", "26.08.2016", "INJECTION", "WATER"], ["34/10-B-29", "21.10.1993", "09.12.1993", "OBSERVATION", "NOTAPPLICABLE"], ["34/10-B-29 A", "11.12.1993", "25.12.1993", "OBSERVATION", "NOTAPPLICABLE"], ["34/10-B-29 B", "26.12.1993", "15.04.1994", "PRODUCTION", "OIL"], ["34/10-B-29 C", "29.11.2016", "12.12.2016", "INJECTION", "WATER"], ["34/10-B-30", "09.01.1994", "27.05.1994", "PRODUCTION", "OIL"], ["34/10-B-30 A", "15.08.2007", "26.11.2008", "PRODUCTION", "OIL"], ["34/10-B-30 B", "21.11.2017", "26.11.2017", "PRODUCTION", "OIL"], ["34/10-B-31", "16.09.1994", "06.12.1994", "PRODUCTION", "OIL"], ["34/10-B-31 A", "11.05.2001", "21.05.2001", "PRODUCTION", "OIL/GAS"], ["34/10-B-32", "15.12.1994", "26.02.1995", "PRODUCTION", "OIL"], ["34/10-B-33", "11.05.1995", "21.06.1995", "INJECTION", "WATER"], ["34/10-B-33 A", "23.11.2015", "23.12.2015", "INJECTION", "WATER"], ["34/10-B-34", "06.07.1995", "09.08.1995", "PRODUCTION", "OIL/GAS"], ["34/10-B-35", "13.08.1995", "20.10.1995", "INJECTION", "WATER"], ["34/10-B-35 A", "21.06.2012", "13.07.2012", "OBSERVATION", "NOTAPPLICABLE"], ["34/10-B-35 B", "18.07.2012", "07.02.2013", "INJECTION", "WATER"], ["34/10-B-36", "30.10.1995", "16.11.1995", "PRODUCTION", "OIL"], ["34/10-B-36 A", "04.10.1996", "10.11.1996", "INJECTION", "WATER"], ["34/10-B-36 B", "25.07.2017", "15.08.2017", "INJECTION", "WATER"], ["34/10-B-37", "15.09.1996", "16.02.1997", "PRODUCTION", "OIL"], ["34/10-B-37 Y2", "12.02.2021", "25.02.2021", "PRODUCTION", "OIL"], ["34/10-B-38", "05.06.1997", "01.12.1997", "PRODUCTION", "OIL"], ["34/10-B-38 A", "24.08.2018", "30.08.2018", "PRODUCTION", "OIL"], ["34/10-B-39", "03.04.1998", "29.08.1998", "PRODUCTION", "OIL"], ["34/10-B-39 A", "06.12.1998", "06.03.1999", "INJECTION", "WATER"], ["34/10-B-39 B", "18.07.2003", "26.07.2003", "PRODUCTION", "OIL"], ["34/10-B-40", "01.09.1998", "18.10.1998", "PRODUCTION", "OIL"]]}, "42": {"index": [0, 1, 2, 3, 4, 5, 6, 7, 8, 9, 10, 11, 12, 13, 14, 15, 16, 17, 18, 19, 20, 21, 22, 23, 24, 25, 26, 27, 28, 29, 30, 31, 32, 33, 34, 35, 36, 37, 38], "columns": {"0": "34/10-B-40 A", "1": "09.07.2001", "2": "22.07.2001", "3": "INJECTION", "4": "WATER"}, "data": [["34/10-B-40 B", "15.11.2018", "29.12.2018", "INJECTION", "WATER"], ["34/10-B-41", "22.05.2000", "08.10.2000", "OBSERVATION", "NOTAPPLICABLE"], ["34/10-B-41 A", "11.10.2000", "23.11.2000", "PRODUCTION", "OIL/GAS"], ["34/10-B-41 B", NaN, NaN, "PRODUCTION", NaN], ["34/10-B-42", "25.09.2001", "27.10.2001", "OBSERVATION", "NOTAPPLICABLE"], ["34/10-B-42 A", "03.11.2001", "08.01.2002", "OBSERVATION", "NOTAPPLICABLE"], ["34/10-B-42 B", "12.01.2002", "06.02.2002", "PRODUCTION", "GAS/CONDENSATE"], ["34/10-B-42 C", "16.02.2003", "25.02.2003", "PRODUCTION", "DRY"], ["34/10-B-42 D", "28.02.2003", "13.03.2003", "PRODUCTION", "DRY"], ["34/10-B-42 E", "07.10.2003", "24.11.2003", "PRODUCTION", "OIL"], ["34/10-B-42 F", "04.12.2003", "14.01.2004", "PRODUCTION", "OIL"], ["34/10-B-42 G", "21.11.2019", "13.02.2020", "INJECTION", "WATER"], ["34/10-C-1", "11.10.1989", "13.12.1989", "PRODUCTION", "OIL"], ["34/10-C-1 A", "03.03.2009", "20.07.2009", "PRODUCTION", "OIL/GAS"], ["34/10-C-2", "01.01.1990", "22.02.1990", "PRODUCTION", "OIL/GAS"], ["34/10-C-3", "04.03.1990", "04.06.1990", "PRODUCTION", "OIL"], ["34/10-C-4", "24.06.1990", "30.01.1991", "INJECTION", "CUTTINGS"], ["34/10-C-4 A", "03.12.2017", "30.01.2018", "INJECTION", "WATER"], ["34/10-C-5", "02.09.1990", "21.12.1990", "PRODUCTION", "OIL"], ["34/10-C-5 A", "21.07.2004", "25.08.2004", "PRODUCTION", "OIL"], ["34/10-C-5 B", "27.08.2004", "17.09.2004", "INJECTION", "GAS"], ["34/10-C-6", "11.02.1991", "09.04.1991", "PRODUCTION", "OIL"], ["34/10-C-6 A", "13.12.2009", "25.07.2010", "PRODUCTION", "OIL"], ["34/10-C-6 B", "15.04.2018", "06.06.2018", "PRODUCTION", "OIL"], ["34/10-C-7", "18.04.1991", "14.06.1991", "PRODUCTION", "OIL"], ["34/10-C-7 A", "02.09.2016", "13.06.2017", "PRODUCTION", "OIL/GAS"], ["34/10-C-8", "27.06.1991", "11.08.1991", "PRODUCTION", "OIL"], ["34/10-C-8 A", "09.10.2015", "21.10.2015", "PRODUCTION", "OIL"], ["34/10-C-8 B", "20.11.2018", "12.12.2018", "INJECTION", "WATER/GAS"], ["34/10-C-9", "19.08.1991", "16.01.1992", "PRODUCTION", "OIL"], ["34/10-C-9 A", "01.05.2005", "14.07.2005", "PRODUCTION", "OIL"], ["34/10-C-9 B", "08.07.2017", "23.08.2017", "INJECTION", "GAS"], ["34/10-C-10", "23.10.1991", "15.03.1992", "INJECTION", "WATER"], ["34/10-C-11", "19.01.1992", "28.02.1992", "PRODUCTION", "OIL"], ["34/10-C-11 A", "21.08.2018", "20.09.2018", "PRODUCTION", "OIL"], ["34/10-C-12", "28.03.1992", "04.05.1992", "INJECTION", "WATER"], ["34/10-C-13", "17.05.1992", "18.06.1992", "INJECTION", "WATER"], ["34/10-C-14", "13.08.1992", "29.10.1992", "PRODUCTION", "OIL/GAS"], ["34/10-C-15", "13.11.1992", "03.12.1992", "OBSERVATION", "NOTAPPLICABLE"]]}, "43": {"index": [0, 1, 2, 3, 4, 5, 6, 7, 8, 9, 10, 11, 12, 13, 14, 15, 16, 17, 18, 19, 20, 21, 22, 23, 24, 25, 26, 27, 28, 29, 30, 31, 32, 33, 34, 35, 36, 37, 38], "columns": {"0": "34/10-C-15 A", "1": "04.12.1992", "2": "30.01.1993", "3": "PRODUCTION", "4": "OIL"}, "data": [["34/10-C-15 B", "07.04.2003", "15.04.2003", "PRODUCTION", "DRY"], ["34/10-C-15 C", "16.04.2003", "25.04.2003", "PRODUCTION", "OIL/GAS"], ["34/10-C-16", "21.02.1993", "22.09.1993", "INJECTION", "GAS"], ["34/10-C-17", "22.03.1993", "28.05.1993", "INJECTION", "WATER"], ["34/10-C-18", "16.12.1993", "13.02.1994", "INJECTION", "WATER"], ["34/10-C-19", "01.10.1993", "24.11.1993", "PRODUCTION", "OIL/GAS"], ["34/10-C-20", "06.04.1994", "25.09.1994", "PRODUCTION", "OIL"], ["34/10-C-20 AY1", "21.04.1996", "17.05.1996", "PRODUCTION", "OIL"], ["34/10-C-20 AY2", "20.12.2006", "15.02.2007", "INJECTION", "WATER"], ["34/10-C-21", "19.02.1994", "06.07.1994", "INJECTION", "WATER"], ["34/10-C-22", "03.03.1994", "30.03.1994", "PRODUCTION", "OIL/GAS"], ["34/10-C-23", "05.10.1994", "30.10.1994", "PRODUCTION", "OIL"], ["34/10-C-23 A", "01.11.1994", "17.11.1994", "PRODUCTION", "OIL"], ["34/10-C-23 B", "08.05.2003", "25.05.2003", "PRODUCTION", "DRY"], ["34/10-C-23 C", "28.05.2003", "16.06.2003", "INJECTION", "GAS"], ["34/10-C-24", "23.11.1994", "12.01.1995", "PRODUCTION", "OIL/GAS"], ["34/10-C-25", "24.01.1995", "11.03.1995", "PRODUCTION", "OIL"], ["34/10-C-25 A", NaN, NaN, "PRODUCTION", NaN], ["34/10-C-26", "16.03.1995", "30.03.1995", "PRODUCTION", "OIL"], ["34/10-C-26 A", "19.03.2003", "29.03.2003", "PRODUCTION", "OIL/GAS"], ["34/10-C-27", "06.04.1995", "14.05.1995", "PRODUCTION", "OIL/GAS"], ["34/10-C-28", "23.05.1995", "06.06.1995", "PRODUCTION", "OIL/GAS"], ["34/10-C-28 A", "23.02.2023", "27.03.2023", "OBSERVATION", "NOTAPPLICABLE"], ["34/10-C-29", "11.08.1995", "28.09.1995", "PRODUCTION", "OIL/GAS"], ["34/10-C-30", "13.10.1995", "14.11.1995", "PRODUCTION", "OIL"], ["34/10-C-30 A", "27.11.2012", "08.02.2013", "INJECTION", "CUTTINGS"], ["34/10-C-31", "27.11.1995", "06.01.1996", "INJECTION", "WATER"], ["34/10-C-32", "23.01.1996", "10.03.1996", "PRODUCTION", "OIL"], ["34/10-C-32 A", "18.09.2015", "28.09.2015", "PRODUCTION", "OIL/GAS"], ["34/10-C-33", "18.03.1996", "30.03.1996", "PRODUCTION", "OIL/GAS"], ["34/10-C-34", "08.05.1996", "19.06.1996", "OBSERVATION", "NOTAPPLICABLE"], ["34/10-C-34 A", "20.06.1996", "02.08.1996", "PRODUCTION", "OIL/GAS"], ["34/10-C-35", "11.08.1996", "05.03.1997", "PRODUCTION", "OIL/GAS"], ["34/10-C-36", "05.10.1996", "26.05.1997", "OBSERVATION", "NOTAPPLICABLE"], ["34/10-C-36 A", "30.05.1997", "31.08.1997", "PRODUCTION", "OIL"], ["34/10-C-36 B", "11.09.2019", "15.02.2020", "PRODUCTION", "OIL"], ["34/10-C-37", "06.02.1998", "07.04.1998", "INJECTION", "WATER"], ["34/10-C-38", "28.04.1998", "21.05.1999", "PRODUCTION", "OIL"], ["34/10-C-38 A", "12.05.2015", "21.06.2015", "OBSERVATION", "NOTAPPLICABLE"]]}, "44": {"index": [0, 1, 2, 3, 4, 5, 6, 7, 8, 9, 10, 11, 12, 13], "columns": {"0": "34/10-C-38 B", "1": "24.06.2015", "2": "05.11.2015", "3": "PRODUCTION", "4": "OIL"}, "data": [["34/10-C-38 C", "03.03.2018", "14.03.2018", "INJECTION", "WATER"], ["34/10-C-39", "20.01.2000", "14.03.2000", "INJECTION", "WATER"], ["34/10-C-40", "30.06.1998", "19.11.1998", "PRODUCTION", "OIL"], ["34/10-C-40 A", "29.09.2017", "14.10.2017", "PRODUCTION", "OIL"], ["34/10-C-40 B", NaN, NaN, "PRODUCTION", NaN], ["34/10-C-41", "08.01.1999", "05.08.1999", "PRODUCTION", "OIL"], ["34/10-C-41 A", "07.03.2003", "12.03.2003", "INJECTION", "GAS"], ["34/10-C-42", "01.09.1999", "27.12.1999", "PRODUCTION", "OIL/GAS"], ["34/10-C-43", "16.03.2002", "28.02.2004", "PRODUCTION", "OIL/GAS"], ["34/10-C-44", "25.12.2000", "07.02.2001", "OBSERVATION", "NOTAPPLICABLE"], ["34/10-C-44 A", "09.02.2001", "26.02.2001", "INJECTION", "GAS"], ["34/10-C-45", "06.11.2002", "17.01.2003", "PRODUCTION", "GAS"], ["34/10-C-47", "28.11.2005", "16.03.2006", "PRODUCTION", "OIL"], ["34/10-C-50", "14.02.2016", "11.03.2016", "INJECTION", "WATER"]]}, "45": {"index": [], "columns": {"0": "Wellbore name", "1": "Entered date", "2": "Completeddate", "3": "Purpose", "4": "Status"}, "data": []}, "kind": "osdu:wks:master-data--Field:1.0.0 ", "id": "npd:master-data--Factpages-Field:43686"}