{"0": {"index": [0, 1, 2, 3, 4, 5, 6, 7, 8, 9, 10, 11, 12, 13, 14, 15, 16, 17, 18, 19, 20, 21, 22, 23, 24], "columns": {"0": "eneral information", "1": "Unnamed: 0"}, "data": [["Survey name", "EMG22256"], ["Legal basis", "Petroleumsforskriften jf Ressursforskriften"], ["NPDID for survey", "10415"], ["Factmaps - new window", "link to map"], ["Status", "Avlyst"], ["Area", "Norskehavet"], ["Market available", "Ja"], ["Category", "Elektromagnetisk unders\u00f8kelse"], ["Main type", "Elektromagnetisk unders\u00f8kelse"], ["Sub type", "3D"], ["Company - responsible", "Electromagnetic Geoservices ASA"], ["Source type", "electromagneticSource"], ["Number of sources", "1"], ["Source size", NaN], ["Source pressure", NaN], ["Sensor type", "nodes"], ["Numbers of sensors", NaN], ["Sensor length [m]", NaN], ["Sensor width [m]", NaN], ["Start date - planned", "18.06.2022"], ["Start date", NaN], ["Completed date - planned", "31.07.2022"], ["Completed date", NaN], ["Total length [boat km]", NaN], ["Net area - actual 3D/4D [km2]", NaN]]}, "1": {"index": [], "columns": {"0": "Unnamed: 0"}, "data": []}, "2": {"index": [0, 1, 2], "columns": {"0": "Date", "1": "Type of update", "2": "Information"}, "data": [["08.07.2022", "Status", "Avlyst"], ["08.07.2022", "Melding - Unders\u00f8kelsen avlyses", NaN], ["08.06.2022", "Oljedirektoratets uttalelse tilendringsmelding", "Oljedirektoratet (OD) viser til melding om endring avomr\u00e5de for unders\u00f8kelsen. P\u00e5 bakgrunn av innmeldtendring og nye uttalelser fra Havforskningsinstituttet ogFiskeridirektoratet, har OD ingen ytterligere merknadertil at unders\u00f8kelsen kan gjennomf\u00f8res som planlagtdersom disse blir fulgt."]]}, "3": {"index": [0, 1, 2, 3, 4, 5, 6, 7, 8, 9, 10, 11, 12, 13, 14, 15, 16, 17, 18, 19, 20, 21, 22, 23, 24, 25, 26, 27, 28, 29, 30, 31, 32, 33], "columns": {"0": "02.06.2022", "1": "Havforskningsinstituttets", "2": "Det er dokumentert forekomster av s\u00e5rbare koraller i"}, "data": [[NaN, "uttalelse til endringsmelding", "unders\u00f8kelsesomr\u00e5det. Havforskningsinstituttet r\u00e5der til"], [NaN, NaN, "at det tas s\u00e6rlig hensyn til dette, og at det brukes"], [NaN, NaN, "visuelt utstyr ved plassering av utstyr p\u00e5 bunn slik at"], [NaN, NaN, "man unng\u00e5r \u00e5 fysisk skade korallene. Ellers har"], [NaN, NaN, "havforskningsinstituttet ingen merknader til den"], [NaN, NaN, "planlagte unders\u00f8kelsen. Vurderingen er gjort med"], [NaN, NaN, "hensyn til aktive gytefelt og konsentrerte"], [NaN, NaN, "gytevandringer for aktuelle fiskebestander"], [NaN, NaN, "(p\u00e5virkningsavstand 20 nmi), beiteomr\u00e5der for hval og"], [NaN, NaN, "forekomst av koraller. Vi ber ogs\u00e5 om at nye"], [NaN, NaN, "oppdagelser av korall og svamp meldes inn"], [NaN, NaN, "(postjournal@hi.no)."], ["30.05.2022", "Fiskeridirektoratets uttalelse til", "I endringsmelding av 25.05.2022 er det meldt om"], [NaN, "endringsmelding", "endring av unders\u00f8kelsesomr\u00e5det. Endring av"], [NaN, NaN, "unders\u00f8kelsesomr\u00e5det ber\u00f8rer ikke nye fiskerier enn"], [NaN, NaN, "det som er beskrevet i den fiskerifaglige uttalelsen av"], [NaN, NaN, "18.05.2022, og som fortsatt skal legges til grunn for"], [NaN, NaN, "gjennomf\u00f8ringen av unders\u00f8kelsen."], [NaN, NaN, "Utfra en helhetsvurdering av fiskeriaktivitet samt type"], [NaN, NaN, "av oms\u00f8kte unders\u00f8kelse, vil ikke Fiskeridirektoratet"], [NaN, NaN, "anmode om fiskerikyndig bemanning."], ["30.05.2022", "Fiskeridirektoratets uttalelse til", "I endringsmelding av 29.05.2022 er det meldt om"], [NaN, "endringsmelding", "endring av unders\u00f8kelsesomr\u00e5det. Endring av"], [NaN, NaN, "unders\u00f8kelsesomr\u00e5det ber\u00f8rer ikke nye fiskerier enn"], [NaN, NaN, "det som er beskrevet i den fiskerifaglige uttalelsen av"], [NaN, NaN, "18.05.2022, og som fortsatt skal legges til grunn for"], [NaN, NaN, "gjennomf\u00f8ringen av unders\u00f8kelsen."], [NaN, NaN, "Utfra en helhetsvurdering av fiskeriaktivitet samt type"], [NaN, NaN, "av oms\u00f8kte unders\u00f8kelse, vil ikke Fiskeridirektoratet"], [NaN, NaN, "anmode om fiskerikyndig bemanning."], ["29.05.2022", "Melding - Endringsmelding som", NaN], [NaN, "krever saksbehandling", NaN], ["25.05.2022", "Melding - Endringsmelding som", NaN], [NaN, "krever saksbehandling", NaN]]}, "4": {"index": [0, 1, 2, 3, 4, 5, 6, 7, 8, 9, 10, 11, 12, 13, 14, 15, 16, 17, 18, 19, 20, 21, 22, 23, 24, 25, 26, 27, 28, 29, 30, 31, 32, 33, 34, 35, 36, 37], "columns": {"0": "20.05.2022", "1": "Oljedirektoratet uttalelse til", "2": "Oljedirektoratet (OD) viser til deres melding vedr\u00f8rende"}, "data": [[NaN, "innmelding", "denne unders\u00f8kelsen."], [NaN, NaN, "OD gj\u00f8r s\u00e6rlig oppmerksom p\u00e5 at fart\u00f8y som foretar en"], [NaN, NaN, "unders\u00f8kelse, skal holde forsvarlig avstand til fart\u00f8y"], [NaN, NaN, "som driver fiske, og til fastst\u00e5ende og flytende"], [NaN, NaN, "fiskeredskap. S\u00e6rlig aktsomhet skal utvises n\u00e5r st\u00f8rre"], [NaN, NaN, "ansamlinger av fiskefart\u00f8y observeres, jf. forskrift om"], [NaN, NaN, "ressursforvaltning innen petroleumsvirksomheten av"], [NaN, NaN, "13.12.2017 (ressursforskriften) \u00a7 8 andre ledd."], [NaN, NaN, "Det vises for \u00f8vrig til veileder om \"Gjennomf\u00f8ring av"], [NaN, NaN, "seismiske unders\u00f8kelser p\u00e5 norsk kontinentalsokkel\"."], [NaN, NaN, "OD viser til uttalelsene som er gitt av adressatene"], [NaN, NaN, "innenfor meldesystemet (jf. petroleumsforskriften \u00a7 6/"], [NaN, NaN, "ressursforskriften \u00a7 6), og har ingen merknader til at"], [NaN, NaN, "unders\u00f8kelsen  gjennomf\u00f8res som planlagt dersom"], [NaN, NaN, "disse tas til etterretning. Dette gjelder ogs\u00e5 eventuelt"], [NaN, NaN, "krav om fiskerikyndig fra Fiskeridirektoratet."], [NaN, NaN, "Dersom unders\u00f8kelsen aksepteres gjennomf\u00f8rt slik den"], [NaN, NaN, "er tilr\u00e5dd, stadfestes dette gjennom at det sendes inn"], [NaN, NaN, "melding om oppstart n\u00e5r unders\u00f8kelsen starter, jf."], [NaN, NaN, "ressursforskriften \u00a7 6, 3.ledd."], [NaN, NaN, "Skulle det oppst\u00e5 situasjoner i forbindelse med"], [NaN, NaN, "fiskeriaktiviteten, ber vi om \u00e5 bli underrettet om dette."], [NaN, NaN, "Unders\u00f8kelsen kan bli stanset eller endret p\u00e5 kort varsel"], [NaN, NaN, "dersom det oppst\u00e5r konflikt med fiskeriene."], [NaN, NaN, "OD gj\u00f8r ogs\u00e5 oppmerksom p\u00e5 at ev. endringer m\u00e5"], [NaN, NaN, "meldes inn i henhold til ressursforskriften \u00a7 6. Det er"], [NaN, NaN, "krav om at alle slike regelverkspliktige meldinger,"], [NaN, NaN, "herunder oppstartsmelding, endringsmelding,"], [NaN, NaN, "ukemelding og sluttmelding \u2013 skal rapporteres gjennom"], [NaN, NaN, "ODs innmeldingssystem for unders\u00f8kelser."], [NaN, NaN, "Rettighetshaver og/eller den som st\u00e5r for driften av"], [NaN, NaN, "fart\u00f8yet skal for \u00f8vrig gj\u00f8re relevant regelverk,"], [NaN, NaN, "dokumenter og data tilgjengelig for den fiskerikyndige."], [NaN, NaN, "Regelverk og dokumenter skal foreligge p\u00e5 b\u00e5de norsk"], [NaN, NaN, "og engelsk. Det skal ogs\u00e5 legges til rette for at den"], [NaN, NaN, "fiskerikyndige har tilgang til internett og andre"], [NaN, NaN, "n\u00f8dvendige hjelpemidler jf. ressursforskriften \u00a7 9."], ["20.05.2022", "Status", "Planlagt"]]}, "5": {"index": [0, 1, 2, 3, 4, 5, 6, 7, 8, 9, 10, 11, 12, 13, 14, 15, 16, 17, 18, 19, 20, 21, 22, 23, 24, 25, 26, 27, 28, 29, 30, 31, 32, 33, 34, 35], "columns": {"0": "18.05.2022", "1": "Fiskeridirektoratets uttalelse til", "2": "Fiskerifaglig vurdering"}, "data": [[NaN, "innmelding", "Unders\u00f8kelsen skal foreg\u00e5 p\u00e5 Aktivneset, ca. 70 km"], [NaN, NaN, "vest fra n\u00e6rmeste land som er Stadt i Vestland fylke i"], [NaN, NaN, "perioden 18.06.2022 \u2013  31.07.2022. Fiskeriaktiviteten i"], [NaN, NaN, "unders\u00f8kelsesomr\u00e5det varierer noe fra \u00e5r til \u00e5r. Med"], [NaN, NaN, "grunnlag fra historiske fiskeridata ventes aktivitet med"], [NaN, NaN, "konvensjonelle havfiskefart\u00f8y i fisket etter brosme,"], [NaN, NaN, "lange med havg\u00e5ende konvensjonelle fiskefart\u00f8y og"], [NaN, NaN, "bunntr\u00e5l etter sei i n\u00e6rheten til unders\u00f8kelsesomr\u00e5det,"], [NaN, NaN, "og i unders\u00f8kelsesomr\u00e5de."], [NaN, NaN, "Sammendrag:"], [NaN, NaN, "Vi forutsetter at unders\u00f8kelsen utf\u00f8res med den st\u00f8rste"], [NaN, NaN, "aktsomhet, uten \u00e5 v\u00e6re til hinder for fiskeriaktiviteten i"], [NaN, NaN, "omr\u00e5det som nevnt over."], [NaN, NaN, "Det oppfordres at det etableres kontakt med"], [NaN, NaN, "Kystvaktsentralen/Kystvakt for \u00e5 orientere seg om"], [NaN, NaN, "fiskeriaktivitet og st\u00e5ende fiskeredskap i omr\u00e5det."], [NaN, NaN, "Unders\u00f8kelsen m\u00e5 stanses eller endres p\u00e5 kort varsel"], [NaN, NaN, "dersom det oppst\u00e5r konflikter med fiskeriene."], [NaN, NaN, "Utfra en helhetsvurdering av fiskeriaktivitet samt type"], [NaN, NaN, "av oms\u00f8kte unders\u00f8kelse, vil ikke Fiskeridirektoratet"], [NaN, NaN, "anmode om fiskerikyndig bemanning."], ["18.05.2022", "Havforskningsinstituttets", "Det er dokumentert forekomster av s\u00e5rbare koraller i"], [NaN, "uttalelse til innmelding", "unders\u00f8kelsesomr\u00e5det. Havforskningsinstituttet r\u00e5der til"], [NaN, NaN, "at det tas s\u00e6rlig hensyn til dette, og at det brukes"], [NaN, NaN, "visuelt utstyr ved plassering av utstyr p\u00e5 bunn slik at"], [NaN, NaN, "man unng\u00e5r \u00e5 fysisk skade korallene. Ellers har"], [NaN, NaN, "havforskningsinstituttet ingen merknader til den"], [NaN, NaN, "planlagte unders\u00f8kelsen. Vurderingen er gjort med"], [NaN, NaN, "hensyn til aktive gytefelt og konsentrerte"], [NaN, NaN, "gytevandringer for aktuelle fiskebestander"], [NaN, NaN, "(p\u00e5virkningsavstand 20 nmi), beiteomr\u00e5der for hval og"], [NaN, NaN, "forekomst av koraller. Vi ber ogs\u00e5 om at nye"], [NaN, NaN, "oppdagelser av korall og svamp meldes inn"], [NaN, NaN, "(postjournal@hi.no)."], ["13.05.2022", "Status", "Under behandling"], ["13.05.2022", "Melding - Innmelding", NaN]]}, "6": {"index": [0], "columns": {"0": "Type of licence", "1": "Licence name"}, "data": [["Unders\u00f8kelsestillatelse", 780]]}, "7": {"index": [], "columns": {"0": "Type data", "1": "Format", "2": "Medium", "3": "Comment"}, "data": []}, "8": {"index": [0, 1, 2, 3], "columns": {"0": "Vessel Name", "1": "Type of vessel", "2": "Phone", "3": "IMO-number", "4": "Call", "5": "Nation"}, "data": [[NaN, NaN, "number", NaN, "signal", NaN], ["Atlantic", "Hovedfart\u00f8y", NaN, 9239355.0, "LAEU6", "Norge"], ["Guardian", "(innsamlingsfa", NaN, NaN, NaN, NaN], [NaN, "rt\u00f8y)", NaN, NaN, NaN, NaN]]}, "9": {"index": [], "columns": {"0": "From date", "1": "To date", "2": "Name", "3": "Phone number"}, "data": []}, "10": {"index": [0, 1, 2, 3, 4, 5, 6, 7, 8, 9], "columns": {"0": "Point", "1": "NS", "2": "NS minutes", "3": "Unnamed: 0", "4": "EW", "5": "EW minutes", "6": "Unnamed: 1"}, "data": [["number", "degrees", "(decimal)", NaN, "degrees", "(decimal)", NaN], ["1", "62", "10.73", "N", "1", "55.33", "E"], ["2", "62", "54.31", "N", "2", "41.83", "E"], ["3", "62", "51.11", "N", "2", "56.74", "E"], ["4", "62", "42.89", "N", "2", "50.16", "E"], ["5", "62", "30.78", "N", "3", "19.99", "E"], ["6", "62", "7.96", "N", "3", "47.40", "E"], ["7", "62", "3.14", "N", "3", "34.46", "E"], ["8", "62", "33.31", "N", "2", "39.42", "E"], ["9", "62", "7.04", "N", "2", "10.90", "E"]]}, "11": {"index": [0, 1, 2, 3, 4, 5, 6], "columns": {"0": "Point", "1": "NS", "2": "NS.1", "3": "NS.2", "4": "Unnamed: 0", "5": "EW", "6": "EW.1", "7": "EW.2", "8": "Unnamed: 1"}, "data": [["number", "degrees", "minutes", "seconds", NaN, "degrees", "minutes", "seconds", NaN], ["1", "62", "10", "43.75", "N", "1", "55", "19.82", "E"], ["2", "62", "54", "18.80", "N", "2", "41", "49.76", "E"], ["3", "62", "51", "6.81", "N", "2", "56", "44.59", "E"], ["4", "62", "42", "53.30", "N", "2", "50", "9.78", "E"], ["5", "62", "30", "46.90", "N", "3", "19", "59.42", "E"], ["6", "62", "7", "57.72", "N", "3", "47", "24.26", "E"]]}, "12": {"index": [0, 1], "columns": {"0": "7", "1": "62", "2": "3", "3": "8.24", "4": "N", "5": "3.1", "6": "34", "7": "27.84", "8": "E"}, "data": [[8, 62, 33, 18.67, "N", 2, 39, 24.94, "E"], [9, 62, 7, 2.42, "N", 2, 10, 54.12, "E"]]}, "kind": "osdu:wks:master-data--Survey:1.0.0 ", "id": "npd:master-data--Factpages-Survey:10415"}