{"0": {"index": [0, 1, 2], "columns": {"0": "Lithostrat. unit", "1": "RAN SANDSTONE UNITS"}, "data": [["NPDID lithostrat. unit", "125"], ["Level", "FORMATION"], ["Lithostrat. unit, parent", "CROMER KNOLL GP"]]}, "1": {"index": [0, 1, 2, 3, 4, 5, 6, 7, 8], "columns": {"0": "Wellbore name", "1": "Wellbore", "2": "Top depth", "3": "Bottom"}, "data": [[NaN, "completion", "[m]", "depth [m]"], [NaN, "date", NaN, NaN], ["2/1-8", "23.11.1985", "3713", "3717"], ["2/7-15", "02.06.1980", "3450", "3498"], ["3/7-3", "31.08.1981", "3325", "3432"], ["7/3-1", "10.06.1969", "2396", "2412"], ["17/10-1", "24.03.1969", "1880", "1902"], ["17/11-1", "30.06.1968", "1447", "1510"], ["17/11-2", "17.05.1976", "1787", "1802"]]}, "2": {"index": [0, 1, 2], "columns": {"0": "Wellbore name", "1": "Wellbore", "2": "Core length"}, "data": [[NaN, "completion", "[m]"], [NaN, "date", NaN], ["2/7-15", "02.06.1980", "16"]]}, "kind": "osdu:wks:master-data--Litho:1.0.0 ", "id": "npd:master-data--Factpages-Litho:125"}