{"0": {"index": [0, 1, 2, 3, 4, 5, 6], "columns": {"0": "Field name", "1": "HOD"}, "data": [["Factmaps in new window", "link to map"], ["Current activity status", "Producing"], ["Discovery wellbore", "2/11-2"], ["Discovery year.", "1974"], ["Main area", "North sea"], ["Main supply base", "Tananger"], ["NPDID field", "43485"]]}, "1": {"index": [0, 1], "columns": {"0": "Discovery name"}, "data": [["2/11-2 Hod"], ["2/11-10 S"]]}, "2": {"index": [0, 1, 2], "columns": {"0": "Status", "1": "Status from", "2": "Status to"}, "data": [["Producing", "30.09.1990", NaN], ["Approved for", "26.06.1988", "29.09.1990"], ["production", NaN, NaN]]}, "3": {"index": [0], "columns": {"0": "Unnamed: 0", "1": "Block name", "2": "Prod. licence"}, "data": [["2/11", NaN, 33]]}, "4": {"index": [0], "columns": {"0": "Owner kind", "1": "Unnamed: 0", "2": "Owner name"}, "data": [["PRODUCTION LICENSE", 33, NaN]]}, "5": {"index": [0, 1], "columns": {"0": "Unnamed: 0", "1": "Company name", "2": "Nation code", "3": "Company share [%]"}, "data": [["Aker BP ASA", NaN, "NO", 90.0], ["Pandion Energy AS", NaN, "NO", 10.0]]}, "6": {"index": [0, 1, 2], "columns": {"0": "Orig. recoverable", "1": "Orig. recoverable.1", "2": "Orig. recoverable.2", "3": "Orig. recoverable.3", "4": "Orig. recoverable.4"}, "data": [["oil", "gas", "NGL", "cond.", "oil eq."], ["[mill Sm3]", "[bill Sm3]", "[mill tonn]", "[mill Sm3]", "[mill Sm3 o.e]"], ["15.15", "2.60", "0.59", "0.00", "18.87"]]}, "7": {"index": [0, 1], "columns": {"0": "Remaining oil", "1": "Remaining gas", "2": "Remaining NGL", "3": "Remaining cond.", "4": "Remaining oil eq."}, "data": [["[mill Sm3]", "[bill Sm3]", "[mill tonn]", "[mill Sm3]", "[mill Sm3 o.e]"], ["5.02", "0.85", "0.12", "0.00", "6.10"]]}, "8": {"index": [0, 1, 2], "columns": {"0": "Orig. inplace oil", "1": "Orig. inplace ass.", "2": "Orig. inplace ass..1", "3": "Orig. inplace free"}, "data": [["[mill Sm3]", "liquid", "gas", "gas"], [NaN, "[mill Sm3]", "[bill Sm3]", "[bill Sm3]"], ["54.00", "0.00", "8.00", "0.00"]]}, "9": {"index": [0, 1, 2, 3, 4, 5, 6, 7, 8, 9, 10, 11, 12, 13, 14, 15, 16, 17, 18, 19, 20, 21, 22, 23, 24, 25], "columns": {"0": "Type", "1": "Text Date"}, "data": [[NaN, "updated"], ["Development", "Hod is a field in the southern part of the Norwegian sector in the 28.02.2023"], [NaN, "North Sea, about 13 kilometres south of the Valhall field. The"], [NaN, "water depth is 72 metres. Hod was discovered in 1974, and the"], [NaN, "plan for development and operation (PDO) was approved in"], [NaN, "1988. The field was originally developed with an unmanned"], [NaN, "wellhead platform, remotely controlled from Valhall. Production"], [NaN, "started in 1990. A PDO for Hod Saddle was approved in 1994."], [NaN, "Production from the original platform ceased in 2013. A PDO for"], [NaN, "the redevelopment of Hod with a new unmanned wellhead"], [NaN, "platform (Hod B) tied in to the Valhall field centre was approved"], [NaN, "in 2020."], ["Reservoir", "Hod produces oil from chalk in the Upper Cretaceous Tor and 28.02.2023"], [NaN, "Hod Formations and the lower Paleocene Ekofisk Formation. The"], [NaN, "Tor Formation chalk is fine-grained and soft. Considerable"], [NaN, "fracturing allows oil and water to flow more easily than in the"], [NaN, "underlying Hod Formation. The reservoir depth is 2,700 metres."], [NaN, "The field consists of three structures: Hod West, Hod East and"], [NaN, "Hod Saddle."], ["Recovery strategy", "The field is produced by pressure depletion. Gas lift has been 28.02.2023"], [NaN, "used in some wells to increase production."], ["Transport", "Oil and gas are transported in a shared pipeline to the Valhall 28.02.2023"], [NaN, "field for further processing. Transport of oil and NGL from"], [NaN, "Valhall is routed via pipeline to the Ekofisk Centre and further to"], [NaN, "Teesside in the UK. Gas from Valhall is sent via Norpipe to"], [NaN, "Emden in Germany."]]}, "10": {"index": [0, 1, 2, 3, 4, 5, 6, 7, 8, 9, 10, 11, 12, 13, 14, 15, 16, 17, 18, 19, 20, 21, 22, 23, 24, 25, 26, 27, 28, 29, 30], "columns": {"0": "Unnamed: 0", "1": "Investments"}, "data": [[NaN, "[mill NOK nominal"], [NaN, "values]"], ["Sum", "7185"], ["2021", "3342"], ["2020", "1295"], ["2019", "9"], ["2018", "8"], ["2017", "49"], ["2016", "0"], ["2015", "0"], ["2014", "1"], ["2013", "140"], ["2012", "88"], ["2011", "155"], ["2010", "91"], ["2009", "105"], ["2008", "20"], ["2007", "5"], ["2006", "214"], ["2005", "185"], ["2004", "9"], ["2002", "26"], ["2001", "9"], ["2000", "145"], ["1999", "2"], ["1998", "42"], ["1997", "3"], ["1995", "84"], ["1994", "291"], ["1993", "5"], ["1992", "3"]]}, "11": {"index": [0, 1], "columns": {"0": "1991", "1": "242"}, "data": [[1990, 441], [1989, 163]]}, "12": {"index": [0, 1, 2, 3, 4, 5, 6, 7, 8, 9, 10, 11, 12, 13, 14, 15, 16, 17, 18, 19, 20, 21, 22, 23, 24, 25, 26, 27, 28, 29, 30, 31, 32, 33, 34, 35], "columns": {"0": "Unnamed: 0", "1": "Month", "2": "Net - oil", "3": "Net - gas", "4": "Net -", "5": "Net - NGL", "6": "Net - oil equivalents"}, "data": [[NaN, NaN, "[mill Sm3]", "[bill Sm3]", "condensate", "[mill Sm3]", NaN], [NaN, NaN, NaN, NaN, "[mill Sm3]", NaN, "[mill Sm3]"], ["Sum", NaN, "10.680452", "1.756266", "0.000000", "0.551411", "12.988129"], ["2023", NaN, "0.338666", "0.039367", "0.000000", "0.015288", "0.393321"], [NaN, 1.0, "0.063429", "0.007447", "0.000000", "0.002891", "0.073767"], [NaN, 2.0, "0.058494", "0.006640", "0.000000", "0.002541", "0.067675"], [NaN, 3.0, "0.063685", "0.007406", "0.000000", "0.002974", "0.074065"], [NaN, 4.0, "0.047878", "0.005682", "0.000000", "0.002060", "0.055620"], [NaN, 5.0, "0.052106", "0.005928", "0.000000", "0.002459", "0.060493"], [NaN, 6.0, "0.053074", "0.006264", "0.000000", "0.002363", "0.061701"], ["2022", NaN, "0.363542", "0.035111", "0.000000", "0.016241", "0.414894"], [NaN, 1.0, "0.002647", "0.000265", "0.000000", "0.000072", "0.002984"], [NaN, 2.0, "0.001882", "0.000178", "0.000000", "0.000045", "0.002105"], [NaN, 3.0, "0.003079", "0.000248", "0.000000", "0.000071", "0.003398"], [NaN, 4.0, "0.006397", "0.000370", "0.000000", "0.000294", "0.007061"], [NaN, 5.0, "0.021618", "0.001555", "0.000000", "0.000962", "0.024135"], [NaN, 6.0, "0.004424", "0.000244", "0.000000", "0.000104", "0.004772"], [NaN, 7.0, "0.039402", "0.003108", "0.000000", "0.001579", "0.044089"], [NaN, 8.0, "0.052691", "0.004585", "0.000000", "0.002416", "0.059692"], [NaN, 9.0, "0.049313", "0.004560", "0.000000", "0.002329", "0.056202"], [NaN, 10.0, "0.055901", "0.005567", "0.000000", "0.002656", "0.064124"], [NaN, 11.0, "0.064051", "0.006115", "0.000000", "0.002857", "0.073023"], [NaN, 12.0, "0.062137", "0.008316", "0.000000", "0.002856", "0.073309"], ["2021", NaN, "0.029409", "0.003026", "0.000000", "0.000813", "0.033248"], [NaN, 1.0, "0.002463", "0.000278", "0.000000", "0.000075", "0.002816"], [NaN, 2.0, "0.001898", "0.000200", "0.000000", "0.000056", "0.002154"], [NaN, 3.0, "0.003385", "0.000359", "0.000000", "0.000098", "0.003842"], [NaN, 4.0, "0.003429", "0.000357", "0.000000", "0.000095", "0.003881"], [NaN, 5.0, "0.003009", "0.000337", "0.000000", "0.000089", "0.003435"], [NaN, 6.0, "0.002386", "0.000253", "0.000000", "0.000062", "0.002701"], [NaN, 7.0, "0.002625", "0.000264", "0.000000", "0.000070", "0.002959"], [NaN, 8.0, "0.001615", "0.000166", "0.000000", "0.000044", "0.001825"], [NaN, 9.0, "0.002506", "0.000244", "0.000000", "0.000069", "0.002819"], [NaN, 10.0, "0.002384", "0.000225", "0.000000", "0.000063", "0.002672"], [NaN, 11.0, "0.001573", "0.000145", "0.000000", "0.000040", "0.001758"], [NaN, 12.0, "0.002136", "0.000198", "0.000000", "0.000052", "0.002386"]]}, "13": {"index": [0, 1, 2, 3, 4, 5, 6, 7, 8, 9, 10, 11, 12, 13, 14, 15, 16, 17, 18, 19, 20, 21, 22, 23, 24, 25, 26, 27, 28, 29, 30, 31, 32, 33, 34, 35, 36, 37, 38, 39, 40, 41], "columns": {"0": "2020", "1": "Unnamed: 0", "2": "0.041757", "3": "0.004612", "4": "0.000000", "5": "0.001261", "6": "0.047630"}, "data": [[NaN, 1.0, 0.003878, 0.000414, 0.0, 0.000115, 0.004407], [NaN, 2.0, 0.002768, 0.0003, 0.0, 8.6e-05, 0.003154], [NaN, 3.0, 0.004344, 0.000437, 0.0, 0.000119, 0.0049], [NaN, 4.0, 0.004101, 0.000413, 0.0, 0.000119, 0.004633], [NaN, 5.0, 0.004077, 0.000416, 0.0, 0.00012, 0.004613], [NaN, 6.0, 0.002596, 0.000296, 0.0, 8.1e-05, 0.002973], [NaN, 7.0, 0.003427, 0.000415, 0.0, 0.000108, 0.00395], [NaN, 8.0, 0.003232, 0.000383, 0.0, 0.000102, 0.003717], [NaN, 9.0, 0.003063, 0.000347, 0.0, 9.5e-05, 0.003505], [NaN, 10.0, 0.003629, 0.000414, 0.0, 0.000107, 0.00415], [NaN, 11.0, 0.003308, 0.000368, 0.0, 0.0001, 0.003776], [NaN, 12.0, 0.003334, 0.000409, 0.0, 0.000109, 0.003852], [2019.0, NaN, 0.039802, 0.005431, 0.0, 0.00123, 0.046463], [NaN, 1.0, 0.003147, 0.000458, 0.0, 0.000119, 0.003724], [NaN, 2.0, 0.002491, 0.000338, 0.0, 8.9e-05, 0.002918], [NaN, 3.0, 0.0045, 0.000396, 0.0, 0.000122, 0.005018], [NaN, 4.0, 0.005194, 0.000556, 0.0, 0.000152, 0.005902], [NaN, 5.0, 0.004572, 0.00039, 0.0, 0.000123, 0.005085], [NaN, 6.0, 0.0, 0.0, 0.0, 0.0, 0.0], [NaN, 7.0, 0.002847, 0.00041, 0.0, 8.8e-05, 0.003345], [NaN, 8.0, 0.003035, 0.000494, 0.0, 0.000101, 0.00363], [NaN, 9.0, 0.003608, 0.000602, 0.0, 0.000116, 0.004326], [NaN, 10.0, 0.002727, 0.000461, 0.0, 8.6e-05, 0.003274], [NaN, 11.0, 0.003847, 0.00067, 0.0, 0.000113, 0.00463], [NaN, 12.0, 0.003834, 0.000656, 0.0, 0.000121, 0.004611], [2018.0, NaN, 0.053266, 0.004422, 0.0, 0.00158, 0.059268], [NaN, 1.0, 0.005731, 0.00052, 0.0, 0.000164, 0.006415], [NaN, 2.0, 0.005031, 0.000488, 0.0, 0.00014, 0.005659], [NaN, 3.0, 0.003414, 0.000362, 0.0, 9.6e-05, 0.003872], [NaN, 4.0, 0.004336, 0.000485, 0.0, 0.000127, 0.004948], [NaN, 5.0, 0.005753, 0.000601, 0.0, 0.000168, 0.006522], [NaN, 6.0, 0.004146, 0.000387, 0.0, 0.000116, 0.004649], [NaN, 7.0, 0.003144, 0.000244, 0.0, 7.2e-05, 0.00346], [NaN, 8.0, 0.004945, 0.000436, 0.0, 0.000138, 0.005519], [NaN, 9.0, 0.004695, 0.000473, 0.0, 0.000143, 0.005311], [NaN, 10.0, 0.00402, 0.000328, 0.0, 0.000133, 0.004481], [NaN, 11.0, 0.004106, 4.9e-05, 0.0, 0.000142, 0.004297], [NaN, 12.0, 0.003945, 4.9e-05, 0.0, 0.000141, 0.004135], [2017.0, NaN, 0.071596, 0.006753, 0.0, 0.002009, 0.080358], [1.0, 0.0064, 0.000645, 0.0, 0.000189, 0.007234, NaN], [2.0, 0.005339, 0.000535, 0.0, 0.00015, 0.006024, NaN], [3.0, 0.00709, 0.000673, 0.0, 0.000206, NaN, NaN]]}, "14": {"index": [0, 1, 2, 3, 4, 5, 6, 7, 8, 9, 10, 11, 12, 13, 14, 15, 16, 17, 18, 19, 20, 21, 22, 23, 24, 25, 26, 27, 28, 29, 30, 31, 32, 33, 34, 35, 36, 37, 38, 39, 40, 41], "columns": {"0": "2017", "1": "4", "2": "0.006602", "3": "0.000597", "4": "0.000000", "5": "0.000182", "6": "0.007381"}, "data": [[NaN, 5.0, 0.006435, 0.000593, 0.0, 0.000151, 0.007179], [NaN, 6.0, 0.006386, 0.000617, 0.0, 0.000181, 0.007184], [NaN, 7.0, 0.006512, 0.000633, 0.0, 0.000188, 0.007333], [NaN, 8.0, 0.006365, 0.000597, 0.0, 0.000181, 0.007143], [NaN, 9.0, 0.003539, 0.000311, 0.0, 0.000107, 0.003957], [NaN, 10.0, 0.005189, 0.000497, 0.0, 0.00015, 0.005836], [NaN, 11.0, 0.005719, 0.000516, 0.0, 0.000162, 0.006397], [NaN, 12.0, 0.00602, 0.000539, 0.0, 0.000162, 0.006721], [2016.0, NaN, 0.077469, 0.007708, 0.0, 0.002229, 0.087406], [NaN, 1.0, 0.006913, 0.000647, 0.0, 0.000186, 0.007746], [NaN, 2.0, 0.007098, 0.000661, 0.0, 0.000193, 0.007952], [NaN, 3.0, 0.006728, 0.000636, 0.0, 0.000187, 0.007551], [NaN, 4.0, 0.00625, 0.000677, 0.0, 0.000189, 0.007116], [NaN, 5.0, 0.006964, 0.000758, 0.0, 0.000209, 0.007931], [NaN, 6.0, 0.0, 0.0, 0.0, 0.0, 0.0], [NaN, 7.0, 0.006946, 0.000622, 0.0, 0.000177, 0.007745], [NaN, 8.0, 0.008359, 0.000764, 0.0, 0.000226, 0.009349], [NaN, 9.0, 0.007148, 0.000662, 0.0, 0.000203, 0.008013], [NaN, 10.0, 0.006398, 0.000677, 0.0, 0.000199, 0.007274], [NaN, 11.0, 0.007409, 0.000846, 0.0, 0.000241, 0.008496], [NaN, 12.0, 0.007256, 0.000758, 0.0, 0.000219, 0.008233], [2015.0, NaN, 0.068495, 0.00537, 0.0, 0.001797, 0.075662], [NaN, 1.0, 0.004404, 0.00032, 0.0, 0.000117, 0.004841], [NaN, 2.0, 0.004842, 0.000342, 0.0, 0.00012, 0.005304], [NaN, 3.0, 0.00783, 0.000629, 0.0, 0.000212, 0.008671], [NaN, 4.0, 0.006345, 0.000484, 0.0, 0.000174, 0.007003], [NaN, 5.0, 0.005227, 0.000416, 0.0, 0.000149, 0.005792], [NaN, 6.0, 0.004995, 0.000389, 0.0, 0.000131, 0.005515], [NaN, 7.0, 0.00507, 0.000389, 0.0, 0.00013, 0.005589], [NaN, 8.0, 0.006294, 0.000502, 0.0, 0.000165, 0.006961], [NaN, 9.0, 0.004874, 0.000419, 0.0, 0.000133, 0.005426], [NaN, 10.0, 0.005559, 0.000417, 0.0, 0.000136, 0.006112], [NaN, 11.0, 0.006399, 0.000505, 0.0, 0.000154, 0.007058], [NaN, 12.0, 0.006656, 0.000558, 0.0, 0.000176, 0.00739], [2014.0, NaN, 0.06926, 0.006479, 0.0, 0.002016, 0.077755], [1.0, 0.00673, 0.000759, 0.0, 0.000207, 0.007696, NaN], [2.0, 0.005753, 0.000836, 0.0, 0.000182, 0.006771, NaN], [3.0, 0.007729, 0.000816, 0.0, 0.000247, 0.008792, NaN], [4.0, 0.008839, 0.000683, 0.0, 0.00025, 0.009772, NaN], [5.0, 0.002456, 0.000204, 0.0, 6.7e-05, 0.002727, NaN], [6.0, 0.006472, 0.000549, 0.0, 0.000187, 0.007208, NaN], [7.0, 0.007213, 0.000644, 0.0, 0.000199, 0.008056, NaN]]}, "15": {"index": [0, 1, 2, 3, 4, 5, 6, 7, 8, 9, 10, 11, 12, 13, 14, 15, 16, 17, 18, 19, 20, 21, 22, 23, 24, 25, 26, 27, 28, 29, 30, 31, 32, 33, 34, 35, 36, 37, 38, 39, 40, 41], "columns": {"0": "2014", "1": "8", "2": "0.004894", "3": "0.000411", "4": "0.000000", "5": "0.000141", "6": "0.005446"}, "data": [[NaN, 9.0, 0.002155, 0.00018, 0.0, 6.1e-05, 0.002396], [NaN, 10.0, 0.005482, 0.000494, 0.0, 0.000159, 0.006135], [NaN, 11.0, 0.005177, 0.000444, 0.0, 0.000149, 0.00577], [NaN, 12.0, 0.00636, 0.000459, 0.0, 0.000167, 0.006986], [2013.0, NaN, 0.03555, 0.004129, 0.0, 0.001225, 0.040904], [NaN, 1.0, 0.0, 0.0, 0.0, 0.0, 0.0], [NaN, 2.0, 0.0, 0.0, 0.0, 0.0, 0.0], [NaN, 3.0, 0.0, 0.0, 0.0, 0.0, 0.0], [NaN, 4.0, 0.0, 0.0, 0.0, 0.0, 0.0], [NaN, 5.0, 0.0, 0.0, 0.0, 0.0, 0.0], [NaN, 6.0, 0.0, 0.0, 0.0, 0.0, 0.0], [NaN, 7.0, 0.001227, 0.00013, 0.0, 3.3e-05, 0.00139], [NaN, 8.0, 0.008665, 0.000867, 0.0, 0.000276, 0.009808], [NaN, 9.0, 0.007076, 0.000765, 0.0, 0.000247, 0.008088], [NaN, 10.0, 0.004541, 0.000528, 0.0, 0.000164, 0.005233], [NaN, 11.0, 0.005807, 0.000745, 0.0, 0.000207, 0.006759], [NaN, 12.0, 0.008234, 0.001094, 0.0, 0.000298, 0.009626], [2012.0, NaN, 0.044495, 0.003689, 0.0, 0.001397, 0.049581], [NaN, 1.0, 0.005096, 0.000441, 0.0, 0.000166, 0.005703], [NaN, 2.0, 0.008825, 0.000689, 0.0, 0.000264, 0.009778], [NaN, 3.0, 0.01165, 0.000991, 0.0, 0.000371, 0.013012], [NaN, 4.0, 0.002097, 0.000178, 0.0, 6.3e-05, 0.002338], [NaN, 5.0, 0.008423, 0.000639, 0.0, 0.000261, 0.009323], [NaN, 6.0, 0.00612, 0.000556, 0.0, 0.000207, 0.006883], [NaN, 7.0, 0.002284, 0.000195, 0.0, 6.5e-05, 0.002544], [NaN, 8.0, 0.0, 0.0, 0.0, 0.0, 0.0], [NaN, 9.0, 0.0, 0.0, 0.0, 0.0, 0.0], [NaN, 10.0, 0.0, 0.0, 0.0, 0.0, 0.0], [NaN, 11.0, 0.0, 0.0, 0.0, 0.0, 0.0], [NaN, 12.0, 0.0, 0.0, 0.0, 0.0, 0.0], [2011.0, NaN, 0.070089, 0.007518, 0.0, 0.002611, 0.080218], [1.0, 0.013182, 0.001311, 0.0, 0.000452, 0.014945, NaN], [2.0, 0.007236, 0.000819, 0.0, 0.000266, 0.008321, NaN], [3.0, 0.006651, 0.000626, 0.0, 0.000243, 0.00752, NaN], [4.0, 0.008027, 0.000902, 0.0, 0.000297, 0.009226, NaN], [5.0, 0.011579, 0.00133, 0.0, 0.000457, 0.013366, NaN], [6.0, 0.010217, 0.001177, 0.0, 0.000392, 0.011786, NaN], [7.0, 0.002734, 0.000314, 0.0, 0.000114, 0.003162, NaN], [8.0, 0.0, 0.0, 0.0, 0.0, 0.0, NaN], [9.0, 8.8e-05, 8e-06, 0.0, 3e-06, 9.9e-05, NaN], [10.0, 0.005475, 0.000537, 0.0, 0.000205, 0.006217, NaN], [11.0, 0.001327, 0.000139, 0.0, 5e-05, 0.001516, NaN]]}, "16": {"index": [0, 1, 2, 3, 4, 5, 6, 7, 8, 9, 10, 11, 12, 13, 14, 15, 16, 17, 18, 19, 20, 21, 22, 23, 24, 25, 26, 27, 28, 29, 30, 31, 32, 33, 34, 35, 36, 37, 38, 39, 40, 41], "columns": {"0": "2011", "1": "12", "2": "0.003573", "3": "0.000355", "4": "0.000000", "5": "0.000132", "6": "Unnamed: 0"}, "data": [[2010.0, NaN, 0.173326, 0.017083, 0.0, 0.006873, 0.197282], [NaN, 1.0, 0.019944, 0.002421, 0.0, 0.000972, 0.023337], [NaN, 2.0, 0.017446, 0.001554, 0.0, 0.000704, 0.019704], [NaN, 3.0, 0.001226, 9.2e-05, 0.0, 4.8e-05, 0.001366], [NaN, 4.0, 0.016142, 0.001259, 0.0, 0.000651, 0.018052], [NaN, 5.0, 0.017546, 0.001686, 0.0, 0.000726, 0.019958], [NaN, 6.0, 0.002614, 0.000164, 0.0, 7.9e-05, 0.002857], [NaN, 7.0, 0.012391, 0.001483, 0.0, 0.000488, 0.014362], [NaN, 8.0, 0.016982, 0.002051, 0.0, 0.000763, 0.019796], [NaN, 9.0, 0.011796, 0.001294, 0.0, 0.000469, 0.013559], [NaN, 10.0, 0.02339, 0.002009, 0.0, 0.000918, 0.026317], [NaN, 11.0, 0.014647, 0.001394, 0.0, 0.00047, 0.016511], [NaN, 12.0, 0.019202, 0.001676, 0.0, 0.000585, 0.021463], [2009.0, NaN, 0.193733, 0.027227, 0.0, 0.009089, 0.230049], [NaN, 1.0, 0.027475, 0.005152, 0.0, 0.001451, 0.034078], [NaN, 2.0, 0.019958, 0.003359, 0.0, 0.001093, 0.02441], [NaN, 3.0, 0.021158, 0.003544, 0.0, 0.001083, 0.025785], [NaN, 4.0, 0.000711, 4.7e-05, 0.0, 3.8e-05, 0.000796], [NaN, 5.0, 0.0, 0.0, 0.0, 0.0, 0.0], [NaN, 6.0, 0.007175, 0.00087, 0.0, 0.00034, 0.008385], [NaN, 7.0, 0.021344, 0.002755, 0.0, 0.000957, 0.025056], [NaN, 8.0, 0.017578, 0.001921, 0.0, 0.000855, 0.020354], [NaN, 9.0, 0.019528, 0.002126, 0.0, 0.000785, 0.022439], [NaN, 10.0, 0.018057, 0.00192, 0.0, 0.000768, 0.020745], [NaN, 11.0, 0.02233, 0.003085, 0.0, 0.000947, 0.026362], [NaN, 12.0, 0.018419, 0.002448, 0.0, 0.000772, 0.021639], [2008.0, NaN, 0.216734, 0.033146, 0.0, 0.010302, 0.260182], [NaN, 1.0, 0.025601, 0.004287, 0.0, 0.001265, 0.031153], [NaN, 2.0, 0.008451, 0.001379, 0.0, 0.000438, 0.010268], [NaN, 3.0, 0.020861, 0.003111, 0.0, 0.001004, 0.024976], [NaN, 4.0, 0.019289, 0.002933, 0.0, 0.000849, 0.023071], [NaN, 5.0, 0.022853, 0.00394, 0.0, 0.001162, 0.027955], [NaN, 6.0, 0.005132, 0.000332, 0.0, 0.000271, 0.005735], [NaN, 7.0, 0.008596, 0.000606, 0.0, 0.000405, 0.009607], [NaN, 8.0, 0.018082, 0.002805, 0.0, 0.000756, 0.021643], [NaN, 9.0, 0.023984, 0.004222, 0.0, 0.001235, 0.029441], [NaN, 10.0, 0.021128, 0.003021, 0.0, 0.000913, 0.025062], [NaN, 11.0, 0.021806, 0.003156, 0.0, 0.000911, 0.025873], [NaN, 12.0, 0.020951, 0.003354, 0.0, 0.001093, 0.025398], [2007.0, NaN, 0.302213, 0.046856, 0.0, 0.013679, 0.362748], [1.0, 0.032509, 0.004503, 0.0, 0.00135, 0.038362, NaN], [2.0, 0.030697, 0.004528, 0.0, 0.001207, 0.036432, NaN]]}, "17": {"index": [0, 1, 2, 3, 4, 5, 6, 7, 8, 9, 10, 11, 12, 13, 14, 15, 16, 17, 18, 19, 20, 21, 22, 23, 24, 25, 26, 27, 28, 29, 30, 31, 32, 33, 34, 35, 36, 37, 38, 39, 40, 41], "columns": {"0": "2007", "1": "3", "2": "0.022670", "3": "0.003562", "4": "0.000000", "5": "0.001035", "6": "0.027267"}, "data": [[NaN, 4.0, 0.02272, 0.003877, 0.0, 0.001105, 0.027702], [NaN, 5.0, 0.029006, 0.004799, 0.0, 0.001462, 0.035267], [NaN, 6.0, 0.008829, 0.001372, 0.0, 0.000297, 0.010498], [NaN, 7.0, 0.022233, 0.002667, 0.0, 0.000943, 0.025843], [NaN, 8.0, 0.026154, 0.003948, 0.0, 0.001218, 0.03132], [NaN, 9.0, 0.027349, 0.004507, 0.0, 0.001274, 0.03313], [NaN, 10.0, 0.025188, 0.004019, 0.0, 0.001169, 0.030376], [NaN, 11.0, 0.025573, 0.004262, 0.0, 0.001281, 0.031116], [NaN, 12.0, 0.029285, 0.004812, 0.0, 0.001338, 0.035435], [2006.0, NaN, 0.375964, 0.047558, 0.0, 0.015433, 0.438955], [NaN, 1.0, 0.031481, 0.002864, 0.0, 0.00128, 0.035625], [NaN, 2.0, 0.029709, 0.003224, 0.0, 0.001101, 0.034034], [NaN, 3.0, 0.028611, 0.002883, 0.0, 0.00104, 0.032534], [NaN, 4.0, 0.031993, 0.00364, 0.0, 0.001151, 0.036784], [NaN, 5.0, 0.037012, 0.005185, 0.0, 0.001562, 0.043759], [NaN, 6.0, 0.032426, 0.00505, 0.0, 0.001446, 0.038922], [NaN, 7.0, 0.032062, 0.004443, 0.0, 0.001343, 0.037848], [NaN, 8.0, 0.030421, 0.004142, 0.0, 0.001255, 0.035818], [NaN, 9.0, 0.032062, 0.004276, 0.0, 0.001405, 0.037743], [NaN, 10.0, 0.031285, 0.004105, 0.0, 0.001322, 0.036712], [NaN, 11.0, 0.025467, 0.003093, 0.0, 0.000941, 0.029501], [NaN, 12.0, 0.033435, 0.004653, 0.0, 0.001587, 0.039675], [2005.0, NaN, 0.231445, 0.035424, 0.0, 0.009933, 0.276802], [NaN, 1.0, 0.017328, 0.002382, 0.0, 0.000757, 0.020467], [NaN, 2.0, 0.022587, 0.004617, 0.0, 0.001126, 0.02833], [NaN, 3.0, 0.02329, 0.004538, 0.0, 0.001151, 0.028979], [NaN, 4.0, 0.021864, 0.004154, 0.0, 0.001157, 0.027175], [NaN, 5.0, 0.024219, 0.004551, 0.0, 0.000973, 0.029743], [NaN, 6.0, 0.022183, 0.00387, 0.0, 0.000856, 0.026909], [NaN, 7.0, 0.011934, 0.000982, 0.0, 0.000463, 0.013379], [NaN, 8.0, 0.008935, 0.001217, 0.0, 0.000387, 0.010539], [NaN, 9.0, 0.014478, 0.001393, 0.0, 0.000568, 0.016439], [NaN, 10.0, 0.013883, 0.001948, 0.0, 0.000551, 0.016382], [NaN, 11.0, 0.023467, 0.00251, 0.0, 0.000862, 0.026839], [NaN, 12.0, 0.027277, 0.003262, 0.0, 0.001082, 0.031621], [2004.0, NaN, 0.281722, 0.050658, 0.0, 0.013366, 0.345746], [1.0, 0.028738, 0.005158, 0.0, 0.001582, 0.035478, NaN], [2.0, 0.024498, 0.00517, 0.0, 0.001327, 0.030995, NaN], [3.0, 0.025483, 0.004716, 0.0, 0.001266, 0.031465, NaN], [4.0, 0.023364, 0.00439, 0.0, 0.001098, 0.028852, NaN], [5.0, 0.02653, 0.004969, 0.0, 0.001182, 0.032681, NaN], [6.0, 0.027303, 0.004999, 0.0, 0.00127, 0.033572, NaN]]}, "18": {"index": [0, 1, 2, 3, 4, 5, 6, 7, 8, 9, 10, 11, 12, 13, 14, 15, 16, 17, 18, 19, 20, 21, 22, 23, 24, 25, 26, 27, 28, 29, 30, 31, 32, 33, 34, 35, 36, 37, 38, 39, 40, 41], "columns": {"0": "2004", "1": "7", "2": "0.026303", "3": "0.004655", "4": "0.000000", "5": "0.001159", "6": "0.032117"}, "data": [[NaN, 8.0, 0.017525, 0.002937, 0.0, 0.000781, 0.021243], [NaN, 9.0, 0.017634, 0.00208, 0.0, 0.000711, 0.020425], [NaN, 10.0, 0.024951, 0.0046, 0.0, 0.00114, 0.030691], [NaN, 11.0, 0.022061, 0.004164, 0.0, 0.001017, 0.027242], [NaN, 12.0, 0.017332, 0.00282, 0.0, 0.000833, 0.020985], [2003.0, NaN, 0.329603, 0.041871, 0.0, 0.01434, 0.385814], [NaN, 1.0, 0.031724, 0.00506, 0.0, 0.001401, 0.038185], [NaN, 2.0, 0.029706, 0.005013, 0.0, 0.001366, 0.036085], [NaN, 3.0, 0.028666, 0.004676, 0.0, 0.001194, 0.034536], [NaN, 4.0, 0.030825, 0.004836, 0.0, 0.00132, 0.036981], [NaN, 5.0, 0.02845, 0.005322, 0.0, 0.001398, 0.03517], [NaN, 6.0, 0.02882, 0.005394, 0.0, 0.001228, 0.035442], [NaN, 7.0, 0.026995, 0.005336, 0.0, 0.001209, 0.03354], [NaN, 8.0, 0.020505, 0.003427, 0.0, 0.000849, 0.024781], [NaN, 9.0, 0.02014, 0.002807, 0.0, 0.000773, 0.02372], [NaN, 10.0, 0.029344, 0.0, 0.0, 0.001235, 0.030579], [NaN, 11.0, 0.027177, 0.0, 0.0, 0.001204, 0.028381], [NaN, 12.0, 0.027251, 0.0, 0.0, 0.001163, 0.028414], [2002.0, NaN, 0.371929, 0.05095, 0.0, 0.014819, 0.437698], [NaN, 1.0, 0.031667, 0.003604, 0.0, 0.001352, 0.036623], [NaN, 2.0, 0.029302, 0.003209, 0.0, 0.001176, 0.033687], [NaN, 3.0, 0.029762, 0.00359, 0.0, 0.001133, 0.034485], [NaN, 4.0, 0.032731, 0.004044, 0.0, 0.001268, 0.038043], [NaN, 5.0, 0.031495, 0.003517, 0.0, 0.001149, 0.036161], [NaN, 6.0, 0.030343, 0.003553, 0.0, 0.001067, 0.034963], [NaN, 7.0, 0.034331, 0.005321, 0.0, 0.001458, 0.04111], [NaN, 8.0, 0.022992, 0.003455, 0.0, 0.000958, 0.027405], [NaN, 9.0, 0.031286, 0.004778, 0.0, 0.001328, 0.037392], [NaN, 10.0, 0.037489, 0.005684, 0.0, 0.001407, 0.04458], [NaN, 11.0, 0.028079, 0.004408, 0.0, 0.001164, 0.033651], [NaN, 12.0, 0.032452, 0.005787, 0.0, 0.001359, 0.039598], [2001.0, NaN, 0.3767, 0.04272, 0.0, 0.015053, 0.434473], [1.0, 0.025694, 0.002328, 0.0, 0.001, 0.029022, NaN], [2.0, 0.030528, 0.002528, 0.0, 0.001186, 0.034242, NaN], [3.0, 0.034366, 0.003553, 0.0, 0.001468, 0.039387, NaN], [4.0, 0.032825, 0.003997, 0.0, 0.001451, 0.038273, NaN], [5.0, 0.03817, 0.004338, 0.0, 0.001546, 0.044054, NaN], [6.0, 0.028604, 0.003752, 0.0, 0.001155, 0.033511, NaN], [7.0, 0.031353, 0.004013, 0.0, 0.001132, 0.036498, NaN], [8.0, 0.019397, 0.001915, 0.0, 0.000648, 0.02196, NaN], [9.0, 0.028584, 0.002702, 0.0, 0.001046, 0.032332, NaN], [10.0, 0.041731, 0.005304, 0.0, 0.001735, 0.04877, NaN]]}, "19": {"index": [0, 1, 2, 3, 4, 5, 6, 7, 8, 9, 10, 11, 12, 13, 14, 15, 16, 17, 18, 19, 20, 21, 22, 23, 24, 25, 26, 27, 28, 29, 30, 31, 32, 33, 34, 35, 36, 37, 38, 39, 40, 41], "columns": {"0": "2001", "1": "11", "2": "0.032896", "3": "0.004181", "4": "0.000000", "5": "0.001366", "6": "0.038443"}, "data": [[NaN, 12.0, 0.032552, 0.004109, 0.0, 0.00132, 0.037981], [2000.0, NaN, 0.09428, 0.010915, 0.0, 0.003455, 0.10865], [NaN, 1.0, 0.006435, 0.000823, 0.0, 0.000247, 0.007505], [NaN, 2.0, 0.008513, 0.000962, 0.0, 0.000317, 0.009792], [NaN, 3.0, 0.008855, 0.001143, 0.0, 0.000342, 0.01034], [NaN, 4.0, 0.006425, 0.000827, 0.0, 0.000263, 0.007515], [NaN, 5.0, 0.010754, 0.001232, 0.0, 0.000396, 0.012382], [NaN, 6.0, 0.007143, 0.000801, 0.0, 0.000248, 0.008192], [NaN, 7.0, 0.010383, 0.001029, 0.0, 0.000359, 0.011771], [NaN, 8.0, 0.006411, 0.00075, 0.0, 0.000182, 0.007343], [NaN, 9.0, 0.006519, 0.000664, 0.0, 0.000234, 0.007417], [NaN, 10.0, 0.01374, 0.001579, 0.0, 0.000507, 0.015826], [NaN, 11.0, 0.005023, 0.000647, 0.0, 0.000207, 0.005877], [NaN, 12.0, 0.004079, 0.000458, 0.0, 0.000153, 0.00469], [1999.0, NaN, 0.130791, 0.016615, 0.0, 0.005079, 0.152485], [NaN, 1.0, 0.011835, 0.00164, 0.0, 0.000409, 0.013884], [NaN, 2.0, 0.012177, 0.002061, 0.0, 0.000524, 0.014762], [NaN, 3.0, 0.005882, 0.000827, 0.0, 0.000227, 0.006936], [NaN, 4.0, 0.006369, 0.000652, 0.0, 0.000203, 0.007224], [NaN, 5.0, 0.009734, 0.000658, 0.0, 0.00026, 0.010652], [NaN, 6.0, 0.006264, 0.000819, 0.0, 0.000325, 0.007408], [NaN, 7.0, 0.016414, 0.002878, 0.0, 0.000802, 0.020094], [NaN, 8.0, 0.019953, 0.001837, 0.0, 0.000702, 0.022492], [NaN, 9.0, 0.006083, 0.000352, 0.0, 0.000161, 0.006596], [NaN, 10.0, 0.008299, 0.000911, 0.0, 0.000307, 0.009517], [NaN, 11.0, 0.011735, 0.001305, 0.0, 0.000409, 0.013449], [NaN, 12.0, 0.016046, 0.002675, 0.0, 0.00075, 0.019471], [1998.0, NaN, 0.29359, 0.05429, 0.0, 0.015054, 0.362934], [NaN, 1.0, 0.034513, 0.006655, 0.0, 0.002035, 0.043203], [NaN, 2.0, 0.035657, 0.006223, 0.0, 0.001843, 0.043723], [NaN, 3.0, 0.033707, 0.007193, 0.0, 0.001728, 0.042628], [NaN, 4.0, 0.03278, 0.006285, 0.0, 0.001965, 0.04103], [NaN, 5.0, 0.036778, 0.007135, 0.0, 0.002006, 0.045919], [NaN, 6.0, 0.032036, 0.006074, 0.0, 0.001847, 0.039957], [NaN, 7.0, 0.036779, 0.007517, 0.0, 0.001878, 0.046174], [NaN, 8.0, 0.003487, 0.000647, 0.0, 0.000135, 0.004269], [NaN, 9.0, 0.010635, 0.001454, 0.0, 0.000386, 0.012475], [NaN, 10.0, 0.012165, 0.001704, 0.0, 0.000432, 0.014301], [NaN, 11.0, 0.013281, 0.001819, 0.0, 0.000409, 0.015509], [NaN, 12.0, 0.011772, 0.001584, 0.0, 0.00039, 0.013746], [1997.0, NaN, 0.467682, 0.094665, 0.0, 0.026445, 0.588792], [1.0, 0.040931, 0.008959, 0.0, 0.002341, 0.052231, NaN]]}, "20": {"index": [0, 1, 2, 3, 4, 5, 6, 7, 8, 9, 10, 11, 12, 13, 14, 15, 16, 17, 18, 19, 20, 21, 22, 23, 24, 25, 26, 27, 28, 29, 30, 31, 32, 33, 34, 35, 36, 37, 38, 39, 40, 41], "columns": {"0": "1997", "1": "2", "2": "0.038160", "3": "0.008377", "4": "0.000000", "5": "0.002103", "6": "0.048640"}, "data": [[NaN, 3.0, 0.039862, 0.008485, 0.0, 0.00228, 0.050627], [NaN, 4.0, 0.037254, 0.007297, 0.0, 0.002075, 0.046626], [NaN, 5.0, 0.038451, 0.007875, 0.0, 0.002333, 0.048659], [NaN, 6.0, 0.041243, 0.007793, 0.0, 0.002283, 0.051319], [NaN, 7.0, 0.042384, 0.008969, 0.0, 0.002391, 0.053744], [NaN, 8.0, 0.038519, 0.007639, 0.0, 0.001976, 0.048134], [NaN, 9.0, 0.04687, 0.009407, 0.0, 0.00271, 0.058987], [NaN, 10.0, 0.033884, 0.007585, 0.0, 0.002145, 0.043614], [NaN, 11.0, 0.03448, 0.006398, 0.0, 0.002015, 0.042893], [NaN, 12.0, 0.035644, 0.005881, 0.0, 0.001793, 0.043318], [1996.0, NaN, 0.560435, 0.119746, 0.0, 0.032274, 0.712455], [NaN, 1.0, 0.055432, 0.010745, 0.0, 0.003321, 0.069498], [NaN, 2.0, 0.053871, 0.009757, 0.0, 0.003311, 0.066939], [NaN, 3.0, 0.052192, 0.0106, 0.0, 0.002973, 0.065765], [NaN, 4.0, 0.047268, 0.009774, 0.0, 0.002738, 0.05978], [NaN, 5.0, 0.048966, 0.010726, 0.0, 0.002393, 0.062085], [NaN, 6.0, 0.046287, 0.010244, 0.0, 0.002311, 0.058842], [NaN, 7.0, 0.047691, 0.010522, 0.0, 0.002569, 0.060782], [NaN, 8.0, 0.039494, 0.009566, 0.0, 0.002687, 0.051747], [NaN, 9.0, 0.044119, 0.009377, 0.0, 0.002587, 0.056083], [NaN, 10.0, 0.043972, 0.010512, 0.0, 0.002608, 0.057092], [NaN, 11.0, 0.039249, 0.008965, 0.0, 0.002318, 0.050532], [NaN, 12.0, 0.041894, 0.008958, 0.0, 0.002458, 0.05331], [1995.0, NaN, 0.523606, 0.117671, 0.0, 0.032329, 0.673606], [NaN, 1.0, 0.047873, 0.010219, 0.0, 0.003114, 0.061206], [NaN, 2.0, 0.043258, 0.010035, 0.0, 0.002856, 0.056149], [NaN, 3.0, 0.046127, 0.010143, 0.0, 0.003061, 0.059331], [NaN, 4.0, 0.044879, 0.009873, 0.0, 0.002665, 0.057417], [NaN, 5.0, 0.041105, 0.009071, 0.0, 0.002447, 0.052623], [NaN, 6.0, 0.04276, 0.009515, 0.0, 0.002651, 0.054926], [NaN, 7.0, 0.04386, 0.009572, 0.0, 0.002514, 0.055946], [NaN, 8.0, 0.043349, 0.010304, 0.0, 0.002498, 0.056151], [NaN, 9.0, 0.036831, 0.01108, 0.0, 0.002807, 0.050718], [NaN, 10.0, 0.040351, 0.008777, 0.0, 0.002142, 0.05127], [NaN, 11.0, 0.038831, 0.008322, 0.0, 0.002185, 0.049338], [NaN, 12.0, 0.054382, 0.01076, 0.0, 0.003389, 0.068531], [1994.0, NaN, 0.616347, 0.138877, 0.0, 0.038262, 0.793486], [1.0, 0.06054, 0.014181, 0.0, 0.00358, 0.078301, NaN], [2.0, 0.044898, 0.009569, 0.0, 0.002656, 0.057123, NaN], [3.0, 0.056361, 0.012926, 0.0, 0.003159, 0.072446, NaN], [4.0, 0.052666, 0.012728, 0.0, 0.00298, 0.068374, NaN], [5.0, 0.052109, 0.012786, 0.0, 0.003145, 0.06804, NaN]]}, "21": {"index": [0, 1, 2, 3, 4, 5, 6, 7, 8, 9, 10, 11, 12, 13, 14, 15, 16, 17, 18, 19, 20, 21, 22, 23, 24, 25, 26, 27, 28, 29, 30, 31, 32, 33, 34, 35, 36, 37, 38, 39, 40, 41], "columns": {"0": "1994", "1": "6", "2": "0.051859", "3": "0.011987", "4": "0.000000", "5": "0.003372", "6": "0.067218"}, "data": [[NaN, 7.0, 0.057009, 0.011893, 0.0, 0.003375, 0.072277], [NaN, 8.0, 0.033127, 0.00448, 0.0, 0.001528, 0.039135], [NaN, 9.0, 0.053069, 0.014636, 0.0, 0.004216, 0.071921], [NaN, 10.0, 0.055625, 0.011525, 0.0, 0.003631, 0.070781], [NaN, 11.0, 0.050082, 0.011163, 0.0, 0.003166, 0.064411], [NaN, 12.0, 0.049002, 0.011003, 0.0, 0.003454, 0.063459], [1993.0, NaN, 0.868112, 0.2037, 0.0, 0.051176, 1.122988], [NaN, 1.0, 0.088456, 0.022925, 0.0, 0.005149, 0.11653], [NaN, 2.0, 0.075243, 0.018889, 0.0, 0.00453, 0.098662], [NaN, 3.0, 0.080815, 0.018566, 0.0, 0.004822, 0.104203], [NaN, 4.0, 0.07081, 0.017536, 0.0, 0.004764, 0.09311], [NaN, 5.0, 0.067898, 0.016229, 0.0, 0.004166, 0.088293], [NaN, 6.0, 0.073336, 0.015588, 0.0, 0.004203, 0.093127], [NaN, 7.0, 0.074147, 0.017623, 0.0, 0.004262, 0.096032], [NaN, 8.0, 0.071876, 0.017381, 0.0, 0.00424, 0.093497], [NaN, 9.0, 0.065305, 0.014239, 0.0, 0.003612, 0.083156], [NaN, 10.0, 0.069233, 0.015188, 0.0, 0.003862, 0.088283], [NaN, 11.0, 0.066274, 0.014035, 0.0, 0.003747, 0.084056], [NaN, 12.0, 0.064719, 0.015501, 0.0, 0.003819, 0.084039], [1992.0, NaN, 1.287539, 0.249763, 0.0, 0.076688, 1.61399], [NaN, 1.0, 0.125948, 0.018321, 0.0, 0.006489, 0.150758], [NaN, 2.0, 0.109056, 0.016503, 0.0, 0.006731, 0.13229], [NaN, 3.0, 0.107068, 0.019008, 0.0, 0.00552, 0.131596], [NaN, 4.0, 0.115608, 0.0221, 0.0, 0.00674, 0.144448], [NaN, 5.0, 0.095476, 0.018458, 0.0, 0.006111, 0.120045], [NaN, 6.0, 0.11548, 0.017749, 0.0, 0.006976, 0.140205], [NaN, 7.0, 0.114879, 0.024088, 0.0, 0.007015, 0.145982], [NaN, 8.0, 0.111494, 0.024637, 0.0, 0.007048, 0.143179], [NaN, 9.0, 0.102079, 0.019043, 0.0, 0.006381, 0.127503], [NaN, 10.0, 0.104604, 0.024767, 0.0, 0.00616, 0.135531], [NaN, 11.0, 0.091335, 0.021688, 0.0, 0.006362, 0.119385], [NaN, 12.0, 0.094512, 0.023401, 0.0, 0.005155, 0.123068], [1991.0, NaN, 1.526156, 0.202146, 0.0, 0.087638, 1.81594], [1.0, 0.109948, 0.014986, 0.0, 0.006139, 0.131073, NaN], [2.0, 0.121335, 0.015454, 0.0, 0.007693, 0.144482, NaN], [3.0, 0.126223, 0.016634, 0.0, 0.007881, 0.150738, NaN], [4.0, 0.124496, 0.016165, 0.0, 0.007908, 0.148569, NaN], [5.0, 0.123351, 0.014793, 0.0, 0.007936, 0.14608, NaN], [6.0, 0.129807, 0.018373, 0.0, 0.007777, 0.155957, NaN], [7.0, 0.136661, 0.019229, 0.0, 0.007842, 0.163732, NaN], [8.0, 0.063882, 0.007825, 0.0, 0.002597, 0.074304, NaN], [9.0, 0.149413, 0.020418, 0.0, 0.008486, 0.178317, NaN]]}, "22": {"index": [0, 1, 2, 3, 4, 5], "columns": {"0": "1991", "1": "10", "2": "0.158852", "3": "0.020981", "4": "0.000000", "5": "0.008481", "6": "0.188314"}, "data": [[NaN, 11.0, 0.151475, 0.020897, 0.0, 0.007627, 0.179999], [NaN, 12.0, 0.130713, 0.016391, 0.0, 0.007271, 0.154375], [1990.0, NaN, 0.155149, 0.02077, 0.0, 0.010427, 0.186346], [10.0, 0.052965, 0.006332, 0.0, 0.003494, 0.062791, NaN], [11.0, 0.054125, 0.007403, 0.0, 0.003716, 0.065244, NaN], [12.0, 0.048059, 0.007035, 0.0, 0.003217, 0.058311, NaN]]}, "23": {"index": [0, 1, 2, 3, 4, 5, 6, 7, 8, 9, 10, 11, 12, 13, 14, 15, 16, 17, 18, 19, 20, 21, 22, 23, 24, 25, 26, 27, 28, 29, 30, 31], "columns": {"0": "Unnamed: 0", "1": "Month", "2": "Gross - oil[mill Sm3]", "3": "Gross - gas[bill Sm3]", "4": "Gross -condensate[mill Sm3]", "5": "Gross - oilequivalents[mill Sm3]"}, "data": [["Sum", NaN, 10.772015, 1.880159, 0.0, 12.652174], ["2023", NaN, 0.367056, 0.018065, 0.0, 0.385121], [NaN, 1.0, 0.068889, -1e-06, 0.0, 0.068888], [NaN, 2.0, 0.063643, -1e-06, 0.0, 0.063642], [NaN, 3.0, 0.069186, -1e-06, 0.0, 0.069185], [NaN, 4.0, 0.051434, 0.00577, 0.0, 0.057204], [NaN, 5.0, 0.056296, 0.005973, 0.0, 0.062269], [NaN, 6.0, 0.057608, 0.006325, 0.0, 0.063933], ["2022", NaN, 0.388688, 0.006257, 0.0, 0.394945], [NaN, 1.0, 0.002569, 0.000323, 0.0, 0.002892], [NaN, 2.0, 0.001826, 0.000212, 0.0, 0.002038], [NaN, 3.0, 0.002994, 0.000309, 0.0, 0.003303], [NaN, 4.0, 0.006856, 0.000358, 0.0, 0.007214], [NaN, 5.0, 0.023417, 0.001646, 0.0, 0.025063], [NaN, 6.0, 0.004481, 0.000255, 0.0, 0.004736], [NaN, 7.0, 0.042129, 0.003154, 0.0, 0.045283], [NaN, 8.0, 0.056219, 0.0, 0.0, 0.056219], [NaN, 9.0, 0.053002, 0.0, 0.0, 0.053002], [NaN, 10.0, 0.05986, 0.0, 0.0, 0.05986], [NaN, 11.0, 0.068975, 0.0, 0.0, 0.068975], [NaN, 12.0, 0.06636, 0.0, 0.0, 0.06636], ["2021", NaN, 0.028618, 0.003697, 0.0, 0.032315], ["1", 0.002397, 0.000337, 0.0, 0.002734, NaN], ["2", 0.001855, 0.000245, 0.0, 0.0021, NaN], ["3", 0.00331, 0.000433, 0.0, 0.003743, NaN], ["4", 0.003322, 0.00044, 0.0, 0.003762, NaN], ["5", 0.002935, 0.000409, 0.0, 0.003344, NaN], ["6", 0.002318, 0.00031, 0.0, 0.002628, NaN], ["7", 0.002555, 0.000323, 0.0, 0.002878, NaN], ["8", 0.00157, 0.000201, 0.0, 0.001771, NaN], ["9", 0.002437, 0.000301, 0.0, 0.002738, NaN], ["10", 0.002315, 0.000275, 0.0, 0.00259, NaN]]}, "24": {"index": [0, 1, 2, 3, 4, 5, 6, 7, 8, 9, 10, 11, 12, 13, 14, 15, 16, 17, 18, 19, 20, 21, 22, 23, 24, 25, 26, 27, 28, 29, 30, 31, 32, 33, 34, 35, 36, 37, 38, 39, 40, 41], "columns": {"0": "2021", "1": "11", "2": "0.001537", "3": "0.000178", "4": "0.000000", "5": "0.001715"}, "data": [[NaN, 12.0, 0.002067, 0.000245, 0.0, 0.002312], [2020.0, NaN, 0.040522, 0.005641, 0.0, 0.046163], [NaN, 1.0, 0.003743, 0.000511, 0.0, 0.004254], [NaN, 2.0, 0.002693, 0.000367, 0.0, 0.00306], [NaN, 3.0, 0.004194, 0.000539, 0.0, 0.004733], [NaN, 4.0, 0.003982, 0.000508, 0.0, 0.00449], [NaN, 5.0, 0.003971, 0.000511, 0.0, 0.004482], [NaN, 6.0, 0.002534, 0.000366, 0.0, 0.0029], [NaN, 7.0, 0.003327, 0.000505, 0.0, 0.003832], [NaN, 8.0, 0.003128, 0.000465, 0.0, 0.003593], [NaN, 9.0, 0.002975, 0.000422, 0.0, 0.003397], [NaN, 10.0, 0.003553, 0.000499, 0.0, 0.004052], [NaN, 11.0, 0.003167, 0.000453, 0.0, 0.00362], [NaN, 12.0, 0.003255, 0.000495, 0.0, 0.00375], [2019.0, NaN, 0.038426, 0.005002, 0.0, 0.043428], [NaN, 1.0, 0.003022, 0.000549, 0.0, 0.003571], [NaN, 2.0, 0.00241, 0.000405, 0.0, 0.002815], [NaN, 3.0, 0.004301, 0.000461, 0.0, 0.004762], [NaN, 4.0, 0.004996, 0.000572, 0.0, 0.005568], [NaN, 5.0, 0.004388, 0.000458, 0.0, 0.004846], [NaN, 6.0, 0.0, 0.0, 0.0, 0.0], [NaN, 7.0, 0.00281, 0.000352, 0.0, 0.003162], [NaN, 8.0, 0.002923, 0.000406, 0.0, 0.003329], [NaN, 9.0, 0.003464, 0.000458, 0.0, 0.003922], [NaN, 10.0, 0.00263, 0.000346, 0.0, 0.002976], [NaN, 11.0, 0.003758, 0.000499, 0.0, 0.004257], [NaN, 12.0, 0.003724, 0.000496, 0.0, 0.00422], [2018.0, NaN, 0.051242, 0.006555, 0.0, 0.057797], [NaN, 1.0, 0.005534, 0.000635, 0.0, 0.006169], [NaN, 2.0, 0.00487, 0.000594, 0.0, 0.005464], [NaN, 3.0, 0.003258, 0.000448, 0.0, 0.003706], [NaN, 4.0, 0.004165, 0.000591, 0.0, 0.004756], [NaN, 5.0, 0.005529, 0.00073, 0.0, 0.006259], [NaN, 6.0, 0.00397, 0.000484, 0.0, 0.004454], [NaN, 7.0, 0.003028, 0.000304, 0.0, 0.003332], [NaN, 8.0, 0.004756, 0.000538, 0.0, 0.005294], [NaN, 9.0, 0.004511, 0.000582, 0.0, 0.005093], [NaN, 10.0, 0.003881, 0.000411, 0.0, 0.004292], [NaN, 11.0, 0.003944, 0.000619, 0.0, 0.004563], [NaN, 12.0, 0.003796, 0.000619, 0.0, 0.004415], [2017.0, NaN, 0.068838, 0.008251, 0.0, 0.077089], [1.0, 0.006144, 0.00078, 0.0, 0.006924, NaN]]}, "25": {"index": [0, 1, 2, 3, 4, 5, 6, 7, 8, 9, 10, 11, 12, 13, 14, 15, 16, 17, 18, 19, 20, 21, 22, 23, 24, 25, 26, 27, 28, 29, 30, 31, 32, 33, 34, 35, 36, 37, 38, 39, 40, 41], "columns": {"0": "2017", "1": "2", "2": "0.005133", "3": "0.000649", "4": "0.000000", "5": "0.005782"}, "data": [[NaN, 3.0, 0.006835, 0.000818, 0.0, 0.007653], [NaN, 4.0, 0.006353, 0.000729, 0.0, 0.007082], [NaN, 5.0, 0.006152, 0.000724, 0.0, 0.006876], [NaN, 6.0, 0.006126, 0.000754, 0.0, 0.00688], [NaN, 7.0, 0.006276, 0.000772, 0.0, 0.007048], [NaN, 8.0, 0.006115, 0.000725, 0.0, 0.00684], [NaN, 9.0, 0.003402, 0.000396, 0.0, 0.003798], [NaN, 10.0, 0.005007, 0.000605, 0.0, 0.005612], [NaN, 11.0, 0.005506, 0.000639, 0.0, 0.006145], [NaN, 12.0, 0.005789, 0.00066, 0.0, 0.006449], [2016.0, NaN, 0.074516, 0.00935, 0.0, 0.083866], [NaN, 1.0, 0.006657, 0.000777, 0.0, 0.007434], [NaN, 2.0, 0.006797, 0.000794, 0.0, 0.007591], [NaN, 3.0, 0.00646, 0.000771, 0.0, 0.007231], [NaN, 4.0, 0.005997, 0.000812, 0.0, 0.006809], [NaN, 5.0, 0.006674, 0.000912, 0.0, 0.007586], [NaN, 6.0, 0.0, 0.0, 0.0, 0.0], [NaN, 7.0, 0.006775, 0.000788, 0.0, 0.007563], [NaN, 8.0, 0.008028, 0.000935, 0.0, 0.008963], [NaN, 9.0, 0.006846, 0.000808, 0.0, 0.007654], [NaN, 10.0, 0.006165, 0.000824, 0.0, 0.006989], [NaN, 11.0, 0.007126, 0.001016, 0.0, 0.008142], [NaN, 12.0, 0.006991, 0.000913, 0.0, 0.007904], [2015.0, NaN, 0.078229, 0.007714, 0.0, 0.085943], [NaN, 1.0, 0.005706, 0.000532, 0.0, 0.006238], [NaN, 2.0, 0.006229, 0.000569, 0.0, 0.006798], [NaN, 3.0, 0.009027, 0.000935, 0.0, 0.009962], [NaN, 4.0, 0.007504, 0.000713, 0.0, 0.008217], [NaN, 5.0, 0.006033, 0.000591, 0.0, 0.006624], [NaN, 6.0, 0.005916, 0.000573, 0.0, 0.006489], [NaN, 7.0, 0.004874, 0.000491, 0.0, 0.005365], [NaN, 8.0, 0.007435, 0.000744, 0.0, 0.008179], [NaN, 9.0, 0.006068, 0.000631, 0.0, 0.006699], [NaN, 10.0, 0.006913, 0.000643, 0.0, 0.007556], [NaN, 11.0, 0.006133, 0.000617, 0.0, 0.00675], [NaN, 12.0, 0.006391, 0.000675, 0.0, 0.007066], [2014.0, NaN, 0.079159, 0.008929, 0.0, 0.088088], [1.0, 0.006479, 0.000906, 0.0, 0.007385, NaN], [2.0, 0.005554, 0.00073, 0.0, 0.006284, NaN], [3.0, 0.009396, 0.001232, 0.0, 0.010628, NaN], [4.0, 0.011291, 0.001121, 0.0, 0.012412, NaN], [5.0, 0.003122, 0.00034, 0.0, 0.003462, NaN]]}, "26": {"index": [0, 1, 2, 3, 4, 5, 6, 7, 8, 9, 10, 11, 12, 13, 14, 15, 16, 17, 18, 19, 20, 21, 22, 23, 24, 25, 26, 27, 28, 29, 30, 31, 32, 33, 34, 35, 36, 37, 38, 39, 40, 41], "columns": {"0": "2014", "1": "6", "2": "0.008043", "3": "0.000887", "4": "0.000000", "5": "0.008930"}, "data": [[NaN, 7.0, 0.009081, 0.00099, 0.0, 0.010071], [NaN, 8.0, 0.006784, 0.00069, 0.0, 0.007474], [NaN, 9.0, 0.003037, 0.000305, 0.0, 0.003342], [NaN, 10.0, 0.00527, 0.00061, 0.0, 0.00588], [NaN, 11.0, 0.00498, 0.000545, 0.0, 0.005525], [NaN, 12.0, 0.006122, 0.000573, 0.0, 0.006695], [2013.0, NaN, 0.033891, 0.005015, 0.0, 0.038906], [NaN, 1.0, 0.0, 0.0, 0.0, 0.0], [NaN, 2.0, 0.0, 0.0, 0.0, 0.0], [NaN, 3.0, 0.0, 0.0, 0.0, 0.0], [NaN, 4.0, 0.0, 0.0, 0.0, 0.0], [NaN, 5.0, 0.0, 0.0, 0.0, 0.0], [NaN, 6.0, 0.0, 0.0, 0.0, 0.0], [NaN, 7.0, 0.00122, 0.000126, 0.0, 0.001346], [NaN, 8.0, 0.008067, 0.001018, 0.0, 0.009085], [NaN, 9.0, 0.006743, 0.000943, 0.0, 0.007686], [NaN, 10.0, 0.004321, 0.000685, 0.0, 0.005006], [NaN, 11.0, 0.005604, 0.000922, 0.0, 0.006526], [NaN, 12.0, 0.007936, 0.001321, 0.0, 0.009257], [2012.0, NaN, 0.039451, 0.005922, 0.0, 0.045373], [NaN, 1.0, 0.00534, 0.00079, 0.0, 0.00613], [NaN, 2.0, 0.00743, 0.001187, 0.0, 0.008617], [NaN, 3.0, 0.009703, 0.001531, 0.0, 0.011234], [NaN, 4.0, 0.002148, 0.000317, 0.0, 0.002465], [NaN, 5.0, 0.007161, 0.000984, 0.0, 0.008145], [NaN, 6.0, 0.005446, 0.000805, 0.0, 0.006251], [NaN, 7.0, 0.002223, 0.000308, 0.0, 0.002531], [NaN, 8.0, 0.0, 0.0, 0.0, 0.0], [NaN, 9.0, 0.0, 0.0, 0.0, 0.0], [NaN, 10.0, 0.0, 0.0, 0.0, 0.0], [NaN, 11.0, 0.0, 0.0, 0.0, 0.0], [NaN, 12.0, 0.0, 0.0, 0.0, 0.0], [2011.0, NaN, 0.071784, 0.01658, 0.0, 0.088364], [1.0, 0.013397, 0.003221, 0.0, 0.016618, NaN], [2.0, 0.007417, 0.001743, 0.0, 0.00916, NaN], [3.0, 0.00683, 0.001772, 0.0, 0.008602, NaN], [4.0, 0.008187, 0.001898, 0.0, 0.010085, NaN], [5.0, 0.011427, 0.002803, 0.0, 0.01423, NaN], [6.0, 0.010347, 0.002561, 0.0, 0.012908, NaN], [7.0, 0.002942, 0.000769, 0.0, 0.003711, NaN], [8.0, 0.0, 0.0, 0.0, 0.0, NaN], [9.0, 9.3e-05, 1e-05, 0.0, 0.000103, NaN]]}, "27": {"index": [0, 1, 2, 3, 4, 5, 6, 7, 8, 9, 10, 11, 12, 13, 14, 15, 16, 17, 18, 19, 20, 21, 22, 23, 24, 25, 26, 27, 28, 29, 30, 31, 32, 33, 34, 35, 36, 37, 38, 39, 40], "columns": {"0": "2011", "1": "10", "2": "0.005667", "3": "0.000928", "4": "0.000000", "5": "0.006595"}, "data": [[NaN, 11.0, 0.00127, 0.000231, 0.0, 0.001501], [NaN, 12.0, 0.004207, 0.000644, 0.0, 0.004851], [2010.0, NaN, 0.176871, 0.046401, 0.0, 0.223272], [NaN, 1.0, 0.020163, 0.006434, 0.0, 0.026597], [NaN, 2.0, 0.016244, 0.005119, 0.0, 0.021363], [NaN, 3.0, 0.001282, 0.00024, 0.0, 0.001522], [NaN, 4.0, 0.016305, 0.004181, 0.0, 0.020486], [NaN, 5.0, 0.01796, 0.005288, 0.0, 0.023248], [NaN, 6.0, 0.002524, 0.000632, 0.0, 0.003156], [NaN, 7.0, 0.013803, 0.003114, 0.0, 0.016917], [NaN, 8.0, 0.017375, 0.003953, 0.0, 0.021328], [NaN, 9.0, 0.012796, 0.003074, 0.0, 0.01587], [NaN, 10.0, 0.024123, 0.005635, 0.0, 0.029758], [NaN, 11.0, 0.01485, 0.003924, 0.0, 0.018774], [NaN, 12.0, 0.019446, 0.004807, 0.0, 0.024253], [2009.0, NaN, 0.193624, 0.059995, 0.0, 0.253619], [NaN, 1.0, 0.026873, 0.008972, 0.0, 0.035845], [NaN, 2.0, 0.019234, 0.006593, 0.0, 0.025827], [NaN, 3.0, 0.021009, 0.007557, 0.0, 0.028566], [NaN, 4.0, 0.000891, 0.000193, 0.0, 0.001084], [NaN, 5.0, 0.0, 0.0, 0.0, 0.0], [NaN, 6.0, 0.007613, 0.001954, 0.0, 0.009567], [NaN, 7.0, 0.021794, 0.006359, 0.0, 0.028153], [NaN, 8.0, 0.017433, 0.005083, 0.0, 0.022516], [NaN, 9.0, 0.019472, 0.005371, 0.0, 0.024843], [NaN, 10.0, 0.018414, 0.005264, 0.0, 0.023678], [NaN, 11.0, 0.022188, 0.006657, 0.0, 0.028845], [NaN, 12.0, 0.018703, 0.005992, 0.0, 0.024695], [2008.0, NaN, 0.187057, 0.050872, 0.0, 0.237929], [1.0, 0.013731, 0.00339, 0.0, 0.017121, NaN], [2.0, 0.006602, 0.001518, 0.0, 0.00812, NaN], [3.0, 0.017248, 0.00284, 0.0, 0.020088, NaN], [4.0, 0.015293, 0.002869, 0.0, 0.018162, NaN], [5.0, 0.017592, 0.004024, 0.0, 0.021616, NaN], [6.0, 0.004966, 0.000372, 0.0, 0.005338, NaN], [7.0, 0.008672, 0.003274, 0.0, 0.011946, NaN], [8.0, 0.017928, 0.005785, 0.0, 0.023713, NaN], [9.0, 0.023718, 0.00733, 0.0, 0.031048, NaN], [10.0, 0.021702, 0.005856, 0.0, 0.027558, NaN], [11.0, 0.019682, 0.006739, 0.0, 0.026421, NaN], [12.0, 0.019923, 0.006875, 0.0, 0.026798, NaN]]}, "28": {"index": [0, 1, 2, 3, 4, 5, 6, 7, 8, 9, 10, 11, 12, 13, 14, 15, 16, 17, 18, 19, 20, 21, 22, 23, 24, 25, 26, 27, 28, 29, 30, 31, 32, 33, 34, 35, 36, 37, 38, 39, 40, 41], "columns": {"0": "2007", "1": "Unnamed: 0", "2": "0.182619", "3": "0.039686", "4": "0.000000", "5": "0.222305"}, "data": [[NaN, 1.0, 0.01706, 0.003702, 0.0, 0.020762], [NaN, 2.0, 0.016197, 0.003717, 0.0, 0.019914], [NaN, 3.0, 0.012172, 0.002806, 0.0, 0.014978], [NaN, 4.0, 0.016738, 0.003641, 0.0, 0.020379], [NaN, 5.0, 0.016533, 0.004054, 0.0, 0.020587], [NaN, 6.0, 0.004483, 0.000972, 0.0, 0.005455], [NaN, 7.0, 0.017525, 0.002671, 0.0, 0.020196], [NaN, 8.0, 0.01593, 0.003122, 0.0, 0.019052], [NaN, 9.0, 0.015933, 0.003576, 0.0, 0.019509], [NaN, 10.0, 0.018352, 0.00398, 0.0, 0.022332], [NaN, 11.0, 0.014428, 0.003269, 0.0, 0.017697], [NaN, 12.0, 0.017268, 0.004176, 0.0, 0.021444], [2006.0, NaN, 0.275778, 0.046775, 0.0, 0.322553], [NaN, 1.0, 0.03082, 0.004343, 0.0, 0.035163], [NaN, 2.0, 0.028929, 0.003877, 0.0, 0.032806], [NaN, 3.0, 0.027897, 0.003658, 0.0, 0.031555], [NaN, 4.0, 0.02803, 0.004154, 0.0, 0.032184], [NaN, 5.0, 0.032778, 0.006206, 0.0, 0.038984], [NaN, 6.0, 0.032882, 0.006432, 0.0, 0.039314], [NaN, 7.0, 0.017912, 0.003206, 0.0, 0.021118], [NaN, 8.0, 0.016958, 0.003071, 0.0, 0.020029], [NaN, 9.0, 0.014714, 0.002895, 0.0, 0.017609], [NaN, 10.0, 0.015826, 0.003082, 0.0, 0.018908], [NaN, 11.0, 0.012251, 0.002048, 0.0, 0.014299], [NaN, 12.0, 0.016781, 0.003803, 0.0, 0.020584], [2005.0, NaN, 0.211387, 0.042852, 0.0, 0.254239], [NaN, 1.0, 0.016846, 0.003252, 0.0, 0.020098], [NaN, 2.0, 0.021216, 0.005524, 0.0, 0.02674], [NaN, 3.0, 0.022413, 0.005427, 0.0, 0.02784], [NaN, 4.0, 0.021222, 0.005093, 0.0, 0.026315], [NaN, 5.0, 0.022256, 0.005486, 0.0, 0.027742], [NaN, 6.0, 0.018044, 0.004436, 0.0, 0.02248], [NaN, 7.0, 0.006084, 0.001343, 0.0, 0.007427], [NaN, 8.0, 0.007412, 0.001418, 0.0, 0.00883], [NaN, 9.0, 0.014003, 0.001665, 0.0, 0.015668], [NaN, 10.0, 0.013566, 0.002461, 0.0, 0.016027], [NaN, 11.0, 0.022129, 0.003033, 0.0, 0.025162], [NaN, 12.0, 0.026196, 0.003714, 0.0, 0.02991], [2004.0, NaN, 0.271255, 0.060816, 0.0, 0.332071], [1.0, 0.027824, 0.006197, 0.0, 0.034021, NaN], [2.0, 0.023942, 0.006164, 0.0, 0.030106, NaN], [3.0, 0.024684, 0.00588, 0.0, 0.030564, NaN]]}, "29": {"index": [0, 1, 2, 3, 4, 5, 6, 7, 8, 9, 10, 11, 12, 13, 14, 15, 16, 17, 18, 19, 20, 21, 22, 23, 24, 25, 26, 27, 28, 29, 30, 31, 32, 33, 34, 35, 36, 37, 38, 39, 40, 41], "columns": {"0": "2004", "1": "4", "2": "0.022775", "3": "0.005198", "4": "0.000000", "5": "0.027973"}, "data": [[NaN, 5.0, 0.025688, 0.006179, 0.0, 0.031867], [NaN, 6.0, 0.026467, 0.005967, 0.0, 0.032434], [NaN, 7.0, 0.024981, 0.005423, 0.0, 0.030404], [NaN, 8.0, 0.016663, 0.003663, 0.0, 0.020326], [NaN, 9.0, 0.017047, 0.00278, 0.0, 0.019827], [NaN, 10.0, 0.024081, 0.005469, 0.0, 0.02955], [NaN, 11.0, 0.021011, 0.004602, 0.0, 0.025613], [NaN, 12.0, 0.016092, 0.003294, 0.0, 0.019386], [2003.0, NaN, 0.316344, 0.065987, 0.0, 0.382331], [NaN, 1.0, 0.030586, 0.006209, 0.0, 0.036795], [NaN, 2.0, 0.028854, 0.006179, 0.0, 0.035033], [NaN, 3.0, 0.027535, 0.005726, 0.0, 0.033261], [NaN, 4.0, 0.029608, 0.005892, 0.0, 0.0355], [NaN, 5.0, 0.027635, 0.006452, 0.0, 0.034087], [NaN, 6.0, 0.027665, 0.006443, 0.0, 0.034108], [NaN, 7.0, 0.026097, 0.006414, 0.0, 0.032511], [NaN, 8.0, 0.019841, 0.004224, 0.0, 0.024065], [NaN, 9.0, 0.01935, 0.003504, 0.0, 0.022854], [NaN, 10.0, 0.027889, 0.005344, 0.0, 0.033233], [NaN, 11.0, 0.02545, 0.004353, 0.0, 0.029803], [NaN, 12.0, 0.025834, 0.005247, 0.0, 0.031081], [2002.0, NaN, 0.362258, 0.059546, 0.0, 0.421804], [NaN, 1.0, 0.030642, 0.004303, 0.0, 0.034945], [NaN, 2.0, 0.028351, 0.003868, 0.0, 0.032219], [NaN, 3.0, 0.029072, 0.004343, 0.0, 0.033415], [NaN, 4.0, 0.0316, 0.004837, 0.0, 0.036437], [NaN, 5.0, 0.030274, 0.004224, 0.0, 0.034498], [NaN, 6.0, 0.030057, 0.004091, 0.0, 0.034148], [NaN, 7.0, 0.033038, 0.006189, 0.0, 0.039227], [NaN, 8.0, 0.022314, 0.00408, 0.0, 0.026394], [NaN, 9.0, 0.030155, 0.005521, 0.0, 0.035676], [NaN, 10.0, 0.038289, 0.006157, 0.0, 0.044446], [NaN, 11.0, 0.027022, 0.005125, 0.0, 0.032147], [NaN, 12.0, 0.031444, 0.006808, 0.0, 0.038252], [2001.0, NaN, 0.383195, 0.051858, 0.0, 0.435053], [1.0, 0.025288, 0.002769, 0.0, 0.028057, NaN], [2.0, 0.030006, 0.003048, 0.0, 0.033054, NaN], [3.0, 0.032783, 0.004163, 0.0, 0.036946, NaN], [4.0, 0.031967, 0.004202, 0.0, 0.036169, NaN], [5.0, 0.039152, 0.005488, 0.0, 0.04464, NaN], [6.0, 0.039334, 0.005287, 0.0, 0.044621, NaN], [7.0, 0.034327, 0.005553, 0.0, 0.03988, NaN]]}, "30": {"index": [0, 1, 2, 3, 4, 5, 6, 7, 8, 9, 10, 11, 12, 13, 14, 15, 16, 17, 18, 19, 20, 21, 22, 23, 24, 25, 26, 27, 28, 29, 30, 31, 32, 33, 34, 35, 36, 37, 38, 39, 40, 41], "columns": {"0": "2001", "1": "8", "2": "0.018678", "3": "0.002275", "4": "0.000000", "5": "0.020953"}, "data": [[NaN, 9.0, 0.027856, 0.003267, 0.0, 0.031123], [NaN, 10.0, 0.040494, 0.006213, 0.0, 0.046707], [NaN, 11.0, 0.031648, 0.004883, 0.0, 0.036531], [NaN, 12.0, 0.031662, 0.00471, 0.0, 0.036372], [2000.0, NaN, 0.09049, 0.01188, 0.0, 0.10237], [NaN, 1.0, 0.006101, 0.000951, 0.0, 0.007052], [NaN, 2.0, 0.008079, 0.00112, 0.0, 0.009199], [NaN, 3.0, 0.008471, 0.00122, 0.0, 0.009691], [NaN, 4.0, 0.006328, 0.000621, 0.0, 0.006949], [NaN, 5.0, 0.010555, 0.001403, 0.0, 0.011958], [NaN, 6.0, 0.007181, 0.000864, 0.0, 0.008045], [NaN, 7.0, 0.010199, 0.001223, 0.0, 0.011422], [NaN, 8.0, 0.006188, 0.00083, 0.0, 0.007018], [NaN, 9.0, 0.006119, 0.000778, 0.0, 0.006897], [NaN, 10.0, 0.01344, 0.001887, 0.0, 0.015327], [NaN, 11.0, 0.005093, 0.000659, 0.0, 0.005752], [NaN, 12.0, 0.002736, 0.000324, 0.0, 0.00306], [1999.0, NaN, 0.135787, 0.017934, 0.0, 0.153721], [NaN, 1.0, 0.012289, 0.001703, 0.0, 0.013992], [NaN, 2.0, 0.012771, 0.00216, 0.0, 0.014931], [NaN, 3.0, 0.006092, 0.000794, 0.0, 0.006886], [NaN, 4.0, 0.006508, 0.000646, 0.0, 0.007154], [NaN, 5.0, 0.00995, 0.000648, 0.0, 0.010598], [NaN, 6.0, 0.006663, 0.000831, 0.0, 0.007494], [NaN, 7.0, 0.017291, 0.00294, 0.0, 0.020231], [NaN, 8.0, 0.020521, 0.00288, 0.0, 0.023401], [NaN, 9.0, 0.006192, 0.000334, 0.0, 0.006526], [NaN, 10.0, 0.008571, 0.000928, 0.0, 0.009499], [NaN, 11.0, 0.012111, 0.001321, 0.0, 0.013432], [NaN, 12.0, 0.016828, 0.002749, 0.0, 0.019577], [1998.0, NaN, 0.310431, 0.057181, 0.0, 0.367612], [1.0, 0.036641, 0.006555, 0.0, 0.043196, NaN], [2.0, 0.037781, 0.006826, 0.0, 0.044607, NaN], [3.0, 0.035687, 0.007771, 0.0, 0.043458, NaN], [4.0, 0.034925, 0.006658, 0.0, 0.041583, NaN], [5.0, 0.038929, 0.007611, 0.0, 0.04654, NaN], [6.0, 0.034157, 0.005884, 0.0, 0.040041, NaN], [7.0, 0.0388, 0.008132, 0.0, 0.046932, NaN], [8.0, 0.003735, 0.00085, 0.0, 0.004585, NaN], [9.0, 0.011166, 0.001557, 0.0, 0.012723, NaN], [10.0, 0.01268, 0.001748, 0.0, 0.014428, NaN], [11.0, 0.013745, 0.001896, 0.0, 0.015641, NaN]]}, "31": {"index": [0, 1, 2, 3, 4, 5, 6, 7, 8, 9, 10, 11, 12, 13, 14, 15, 16, 17, 18, 19, 20, 21, 22, 23, 24, 25, 26, 27, 28, 29, 30, 31, 32, 33, 34, 35, 36, 37, 38, 39, 40, 41], "columns": {"0": "1998", "1": "12", "2": "0.012185", "3": "0.001693", "4": "0.000000", "5": "0.013878"}, "data": [[1997.0, NaN, 0.492932, 0.102491, 0.0, 0.595423], [NaN, 1.0, 0.043239, 0.009603, 0.0, 0.052842], [NaN, 2.0, 0.04023, 0.008944, 0.0, 0.049174], [NaN, 3.0, 0.04206, 0.009105, 0.0, 0.051165], [NaN, 4.0, 0.039344, 0.007889, 0.0, 0.047233], [NaN, 5.0, 0.040625, 0.008452, 0.0, 0.049077], [NaN, 6.0, 0.04355, 0.008492, 0.0, 0.052042], [NaN, 7.0, 0.044478, 0.009717, 0.0, 0.054195], [NaN, 8.0, 0.040398, 0.008197, 0.0, 0.048595], [NaN, 9.0, 0.049396, 0.010166, 0.0, 0.059562], [NaN, 10.0, 0.035876, 0.008333, 0.0, 0.044209], [NaN, 11.0, 0.036336, 0.007104, 0.0, 0.04344], [NaN, 12.0, 0.0374, 0.006489, 0.0, 0.043889], [1996.0, NaN, 0.590115, 0.129094, 0.0, 0.719209], [NaN, 1.0, 0.05832, 0.011334, 0.0, 0.069654], [NaN, 2.0, 0.056939, 0.010335, 0.0, 0.067274], [NaN, 3.0, 0.055095, 0.011503, 0.0, 0.066598], [NaN, 4.0, 0.049944, 0.010532, 0.0, 0.060476], [NaN, 5.0, 0.051518, 0.011669, 0.0, 0.063187], [NaN, 6.0, 0.048232, 0.011207, 0.0, 0.059439], [NaN, 7.0, 0.049976, 0.011356, 0.0, 0.061332], [NaN, 8.0, 0.041987, 0.010241, 0.0, 0.052228], [NaN, 9.0, 0.046458, 0.010073, 0.0, 0.056531], [NaN, 10.0, 0.045996, 0.011324, 0.0, 0.05732], [NaN, 11.0, 0.041425, 0.00985, 0.0, 0.051275], [NaN, 12.0, 0.044225, 0.00967, 0.0, 0.053895], [1995.0, NaN, 0.553418, 0.126653, 0.0, 0.680071], [NaN, 1.0, 0.050762, 0.010951, 0.0, 0.061713], [NaN, 2.0, 0.045799, 0.010562, 0.0, 0.056361], [NaN, 3.0, 0.048895, 0.010792, 0.0, 0.059687], [NaN, 4.0, 0.047665, 0.010791, 0.0, 0.058456], [NaN, 5.0, 0.043423, 0.00992, 0.0, 0.053343], [NaN, 6.0, 0.045096, 0.01017, 0.0, 0.055266], [NaN, 7.0, 0.046117, 0.010275, 0.0, 0.056392], [NaN, 8.0, 0.045603, 0.011157, 0.0, 0.05676], [NaN, 9.0, 0.039408, 0.011812, 0.0, 0.05122], [NaN, 10.0, 0.042434, 0.00956, 0.0, 0.051994], [NaN, 11.0, 0.040843, 0.009144, 0.0, 0.049987], [NaN, 12.0, 0.057373, 0.011519, 0.0, 0.068892], [1994.0, NaN, 0.65258, 0.147988, 0.0, 0.800568], [1.0, 0.063699, 0.015445, 0.0, 0.079144, NaN], [2.0, 0.047186, 0.009029, 0.0, 0.056215, NaN]]}, "32": {"index": [0, 1, 2, 3, 4, 5, 6, 7, 8, 9, 10, 11, 12, 13, 14, 15, 16, 17, 18, 19, 20, 21, 22, 23, 24, 25, 26, 27, 28, 29, 30, 31, 32, 33, 34, 35, 36, 37, 38, 39, 40, 41], "columns": {"0": "1994", "1": "3", "2": "0.059213", "3": "0.014247", "4": "0.000000", "5": "0.073460"}, "data": [[NaN, 4.0, 0.05564, 0.014315, 0.0, 0.069955], [NaN, 5.0, 0.055021, 0.013726, 0.0, 0.068747], [NaN, 6.0, 0.054947, 0.01289, 0.0, 0.067837], [NaN, 7.0, 0.060219, 0.012746, 0.0, 0.072965], [NaN, 8.0, 0.034663, 0.005086, 0.0, 0.039749], [NaN, 9.0, 0.057468, 0.015416, 0.0, 0.072884], [NaN, 10.0, 0.058969, 0.011477, 0.0, 0.070446], [NaN, 11.0, 0.053082, 0.012004, 0.0, 0.065086], [NaN, 12.0, 0.052473, 0.011607, 0.0, 0.06408], [1993.0, NaN, 0.912041, 0.212314, 0.0, 1.124355], [NaN, 1.0, 0.093309, 0.0245, 0.0, 0.117809], [NaN, 2.0, 0.079251, 0.018779, 0.0, 0.09803], [NaN, 3.0, 0.08517, 0.018682, 0.0, 0.103852], [NaN, 4.0, 0.075307, 0.017742, 0.0, 0.093049], [NaN, 5.0, 0.071633, 0.016351, 0.0, 0.087984], [NaN, 6.0, 0.077042, 0.016145, 0.0, 0.093187], [NaN, 7.0, 0.077782, 0.018697, 0.0, 0.096479], [NaN, 8.0, 0.075395, 0.018321, 0.0, 0.093716], [NaN, 9.0, 0.067862, 0.015463, 0.0, 0.083325], [NaN, 10.0, 0.072179, 0.016235, 0.0, 0.088414], [NaN, 11.0, 0.069189, 0.014417, 0.0, 0.083606], [NaN, 12.0, 0.067922, 0.016982, 0.0, 0.084904], [1992.0, NaN, 1.351253, 0.205231, 0.0, 1.556484], [NaN, 1.0, 0.13078, 0.019035, 0.0, 0.149815], [NaN, 2.0, 0.115239, 0.017128, 0.0, 0.132367], [NaN, 3.0, 0.111312, 0.020816, 0.0, 0.132128], [NaN, 4.0, 0.121006, 0.023363, 0.0, 0.144369], [NaN, 5.0, 0.10014, 0.018955, 0.0, 0.119095], [NaN, 6.0, 0.121159, 0.00475, 0.0, 0.125909], [NaN, 7.0, 0.120861, 0.010648, 0.0, 0.131509], [NaN, 8.0, 0.116968, 0.016694, 0.0, 0.133662], [NaN, 9.0, 0.107906, 0.004813, 0.0, 0.112719], [NaN, 10.0, 0.10988, 0.02486, 0.0, 0.13474], [NaN, 11.0, 0.09681, 0.020571, 0.0, 0.117381], [NaN, 12.0, 0.099192, 0.023598, 0.0, 0.12279], [1991.0, NaN, 1.597331, 0.215242, 0.0, 1.812573], [1.0, 0.115158, 0.016514, 0.0, 0.131672, NaN], [2.0, 0.127636, 0.016221, 0.0, 0.143857, NaN], [3.0, 0.132922, 0.017866, 0.0, 0.150788, NaN], [4.0, 0.131349, 0.016748, 0.0, 0.148097, NaN], [5.0, 0.130294, 0.015849, 0.0, 0.146143, NaN], [6.0, 0.135489, 0.019432, 0.0, 0.154921, NaN]]}, "33": {"index": [0, 1, 2, 3, 4, 5, 6, 7, 8], "columns": {"0": "1991", "1": "7", "2": "0.142738", "3": "0.020252", "4": "0.000000", "5": "0.162990"}, "data": [[NaN, 8.0, 0.066528, 0.009139, 0.0, 0.075667], [NaN, 9.0, 0.156079, 0.021243, 0.0, 0.177322], [NaN, 10.0, 0.165574, 0.022131, 0.0, 0.187705], [NaN, 11.0, 0.157194, 0.022517, 0.0, 0.179711], [NaN, 12.0, 0.13637, 0.01733, 0.0, 0.1537], [1990.0, NaN, 0.164829, 0.022385, 0.0, 0.187214], [10.0, 0.056226, 0.00682, 0.0, 0.063046, NaN], [11.0, 0.057893, 0.007986, 0.0, 0.065879, NaN], [12.0, 0.05071, 0.007579, 0.0, 0.058289, NaN]]}, "34": {"index": [], "columns": {"0": "Unnamed: 0"}, "data": []}, "35": {"index": [0, 1, 2, 3, 4, 5, 6, 7, 8, 9, 10], "columns": {"0": "Wellbore name", "1": "Entered date", "2": "Completed", "3": "Purpose", "4": "Status", "5": "Content"}, "data": [[NaN, NaN, "date", NaN, NaN, NaN], ["2/11-2", "06.11.1974", "29.12.1974", "WILDCAT", "P&A", "OIL"], ["2/11-3", "10.10.1977", "03.12.1977", "WILDCAT", "P&A", "OIL SHOWS"], ["2/11-3 A", "03.12.1977", "13.03.1978", "APPRAISAL", "P&A", "OIL"], ["2/11-5", "18.05.1979", "05.07.1979", "APPRAISAL", "P&A", "OIL SHOWS"], ["2/11-6 S", "02.09.1981", "25.02.1982", "APPRAISAL", "SUSPENDED", "OIL"], ["2/11-6 SR", "19.07.1990", "13.08.1990", "APPRAISAL", "RE-CLASS TO", "OIL"], [NaN, NaN, NaN, NaN, "DEV", NaN], ["2/11-10 S", "28.02.1994", "14.06.1994", "WILDCAT", "RE-CLASS TO", "OIL"], [NaN, NaN, NaN, NaN, "DEV", NaN], ["2/11-12 S", "10.01.2019", "12.02.2019", "APPRAISAL", "P&A", "DRY"]]}, "36": {"index": [0, 1], "columns": {"0": "Wellbore name", "1": "Entered date", "2": "Completed", "3": "Purpose", "4": "Content"}, "data": [[NaN, NaN, "date", NaN, NaN], ["2/11-A-1", "07.01.1991", "05.03.1991", "PRODUCTION", "OIL"]]}, "37": {"index": [0, 1, 2, 3, 4, 5, 6, 7, 8, 9, 10, 11, 12, 13, 14, 15, 16, 17, 18, 19, 20, 21, 22, 23, 24, 25, 26, 27, 28, 29], "columns": {"0": "2/11-A-1 A", "1": "06.03.1991", "2": "03.04.1991", "3": "PRODUCTION", "4": "OIL"}, "data": [["2/11-A-1 B", "12.07.1994", "24.07.1994", "PRODUCTION", "OIL"], ["2/11-A-2", "01.10.1990", "30.11.1990", "PRODUCTION", "OIL"], ["2/11-A-3", "13.04.1991", "14.05.1991", "OBSERVATION", "OIL"], ["2/11-A-3 A", "15.05.1991", "24.05.1991", "PRODUCTION", "OIL"], ["2/11-A-4", "04.07.1990", "27.08.1991", "PRODUCTION", "OIL"], ["2/11-A-5", "28.02.1994", "14.06.1994", "PRODUCTION", "OIL"], ["2/11-A-5 A", "03.08.1994", "02.09.1994", "PRODUCTION", "OIL"], ["2/11-A-6", "13.08.1990", "22.09.1990", "PRODUCTION", "OIL"], ["2/11-A-7", "28.04.1994", "12.06.1994", "OBSERVATION", "NOTAPPLICABLE"], ["2/11-A-7 A", "14.06.1994", "21.06.1994", "PRODUCTION", "OIL"], ["2/11-A-8", "27.09.1995", "25.10.1995", "OBSERVATION", "NOTAPPLICABLE"], ["2/11-A-8 A", "27.10.1995", "05.11.1995", "PRODUCTION", "OIL"], ["2/11-B-1", NaN, NaN, "PRODUCTION", NaN], ["2/11-B-2", "05.01.2022", "10.02.2022", "PRODUCTION", "OIL"], ["2/11-B-3", "12.12.2021", "24.12.2021", "PRODUCTION", "OIL"], ["2/11-B-4", NaN, NaN, "PRODUCTION", NaN], ["2/11-B-5", "25.09.2021", "14.10.2021", "OBSERVATION", "NOTAPPLICABLE"], ["2/11-B-5 A", "16.10.2021", "26.10.2021", "PRODUCTION", "OIL"], ["2/11-B-6", "31.10.2021", "16.11.2021", "PRODUCTION", "OIL"], ["2/11-B-7", NaN, NaN, "PRODUCTION", NaN], ["2/11-B-8", "20.11.2021", "04.12.2021", "PRODUCTION", "OIL"], ["2/11-B-9", "19.01.2022", "04.03.2022", "PRODUCTION", "OIL"], ["2/11-B-9 Y2", "05.03.2022", "12.03.2022", "PRODUCTION", "OIL"], ["2/11-B-10", NaN, NaN, "PRODUCTION", NaN], ["2/11-B-11", NaN, NaN, "PRODUCTION", NaN], ["2/11-B-12", NaN, NaN, "PRODUCTION", NaN], ["2/11-S-1 AF2", "06.11.2005", "04.12.2005", "PRODUCTION", "OIL"], ["2/11-S-4 Y1F2", "13.12.2005", "17.01.2006", "PRODUCTION", "OIL"], ["2/11-S-4 Y2F2", "18.01.2006", "17.02.2006", "PRODUCTION", "OIL"], ["2/11-S-7 F2", "05.05.2005", "07.06.2005", "PRODUCTION", "OIL"]]}, "38": {"index": [0, 1, 2, 3], "columns": {"0": "Wellbore name", "1": "Entered date", "2": "Completeddate", "3": "Purpose", "4": "Status"}, "data": [["2/11-U-1", "09.06.2012", "09.06.2012", "SOILDRILLING", "P&A"], ["2/11-U-2", "14.06.2012", "14.06.2012", "SOILDRILLING", "P&A"], ["2/11-U-3", "14.06.2012", "15.06.2012", "SOILDRILLING", "P&A"], ["2/11-U-4", "11.06.2012", "12.06.2012", "SOILDRILLING", "P&A"]]}, "39": {"index": [0, 1, 2, 3, 4, 5, 6, 7, 8], "columns": {"0": "2/11-U-5", "1": "11.06.2012", "2": "11.06.2012.1", "3": "SOILDRILLING", "4": "P&A"}, "data": [["2/11-U-6", "09.06.2012", "11.06.2012", "SOILDRILLING", "P&A"], ["2/11-U-7", "07.06.2012", "09.06.2012", "SOILDRILLING", "P&A"], ["2/11-U-8", "12.06.2012", "14.06.2012", "SOILDRILLING", "P&A"], ["2/11-U-9", "12.06.2012", "12.06.2012", "SOILDRILLING", "P&A"], ["2/11-U-10", "14.06.2012", "14.06.2012", "SOILDRILLING", "P&A"], ["2/11-U-11", "14.06.2012", "14.06.2012", "SOILDRILLING", "P&A"], ["2/11-U-12", "07.06.2012", "07.06.2012", "SOILDRILLING", "P&A"], ["2/11-U-13", "07.06.2012", "07.06.2012", "SOILDRILLING", "P&A"], ["2/11-U-17", "01.09.2020", "01.09.2020", "SHALLOWGAS", "PLUGGED"]]}, "kind": "osdu:wks:master-data--Field:1.0.0 ", "id": "npd:master-data--Factpages-Field:43485"}