{"0": {"index": [0, 1, 2, 3, 4, 5, 6], "columns": {"0": "Field name", "1": "FULLA"}, "data": [["Factmaps in new window", "link to map"], ["Current activity status", "Approved for production"], ["Discovery wellbore", "30/11-7"], ["Discovery year.", "2009"], ["Main area", "North sea"], ["Main supply base", NaN], ["NPDID field", "42002479"]]}, "1": {"index": [0, 1], "columns": {"0": "Status", "1": "Status from", "2": "Status to"}, "data": [["Approved for", "27.06.2023", NaN], ["production", NaN, NaN]]}, "2": {"index": [0, 1], "columns": {"0": "Unnamed: 0", "1": "Block name", "2": "Prod. licence"}, "data": [["25/2", NaN, 873], ["30/11", NaN, 873]]}, "3": {"index": [0], "columns": {"0": "Owner kind", "1": "Unnamed: 0", "2": "Owner name"}, "data": [["PRODUCTION LICENSE", 873, NaN]]}, "4": {"index": [0, 1, 2], "columns": {"0": "Unnamed: 0", "1": "Company name", "2": "Nation code", "3": "Company share [%]"}, "data": [["Aker BP ASA", NaN, "NO", 47.7], ["Equinor Energy AS", NaN, "NO", 40.0], ["PGNiG Upstream Norway AS", NaN, "NO", 12.3]]}, "5": {"index": [0], "columns": {"0": "Orig. recoverableoil[mill Sm3]", "1": "Orig. recoverablegas[bill Sm3]", "2": "Orig. recoverableNGL[mill tonn]", "3": "Orig. recoverablecond.[mill Sm3]", "4": "Orig. recoverableoil eq.[mill Sm3 o.e]"}, "data": [[1.25, 9.54, 0.93, 0.0, 12.56]]}, "6": {"index": [0], "columns": {"0": "Remaining oil[mill Sm3]", "1": "Remaining gas[bill Sm3]", "2": "Remaining NGL[mill tonn]", "3": "Remaining cond.[mill Sm3]", "4": "Remaining oil eq.[mill Sm3 o.e]"}, "data": [[1.25, 9.54, 0.93, 0.0, 12.56]]}, "7": {"index": [0], "columns": {"0": "Orig. inplace oil[mill Sm3]", "1": "Orig. inplace ass.liquid[mill Sm3]", "2": "Orig. inplace ass.gas[bill Sm3]", "3": "Orig. inplace freegas[bill Sm3]"}, "data": [[0.0, 2.0, 0.0, 11.0]]}, "8": {"index": [0, 1, 2, 3, 4], "columns": {"0": "Type", "1": "Text", "2": "Dateupdated"}, "data": [["Development", "Fulla is located in the Yggdrasil area in the central North Sea, 15kilometres northeast of the Frigg field. The water depth is 110metres. Fulla was discovered in 2009, and the plan fordevelopment and operation (PDO) was approved in June 2023.The plan comprises the development of Fulla and theredevelopment of the Lille-Frigg field. The development conceptincludes a subsea template with six slots tied-back to the HuginA facility, located in the southern part of the Yggdrasil area. Thedevelopment plan also includes a possible redevelopment of the\u00d8st Frigg field with a new subsea template with six slots.Several prospects are also described and can be drilled andproduced whenever well slots become available.", "23.08.2023"], ["Reservoir", "The Fulla and Lille-Frigg reservoirs contain gas and condensatein Middle Jurassic sandstone of the Brent Group, and lie atdepths of 3,600-4,000 metres. The \u00d8st Frigg reservoir containsgas in sandstone of Eocene age in the Frigg Formation, and liesat a depth of 1900 metres. The reservoirs are structurallycomplex with varying reservoir properties.", "23.08.2023"], ["Recovery strategy", "The field will be produced by pressure depletion.", "23.08.2023"], ["Transport", "The well stream will be routed by pipeline to the Hugin field forprocessing and further transport.", "12.08.2023"], ["Status", "The field is under development. The development of Fulla iscoordinated with the development of the Hugin and Munin fieldsin the Yggdrasil area. The production is planned to start in2027.", NaN]]}, "9": {"index": [0, 1], "columns": {"0": "Month", "1": "Net - oil", "2": "Net - gas", "3": "Net -", "4": "Net - NGL", "5": "Net - oil equivalents"}, "data": [[NaN, "[mill Sm3]", "[bill Sm3]", "condensate", "[mill Sm3]", NaN], [NaN, NaN, NaN, "[mill Sm3]", NaN, "[mill Sm3]"]]}, "10": {"index": [0, 1], "columns": {"0": "Month", "1": "Gross - oil", "2": "Gross - gas", "3": "Gross -", "4": "Gross - oil.1"}, "data": [[NaN, "[mill Sm3]", "[bill Sm3]", "condensate", "equivalents"], [NaN, NaN, NaN, "[mill Sm3]", "[mill Sm3]"]]}, "11": {"index": [0, 1, 2, 3, 4], "columns": {"0": "Wellbore name", "1": "Entered date", "2": "Completed", "3": "Purpose", "4": "Status", "5": "Content"}, "data": [[NaN, NaN, "date", NaN, NaN, NaN], ["30/11-7", "12.11.2008", "03.02.2009", "WILDCAT", "P&A", "GAS/CONDE"], [NaN, NaN, NaN, NaN, NaN, "NSATE"], ["30/11-7 A", "02.04.2009", "25.05.2009", "APPRAISAL", "P&A", "GAS/CONDE"], [NaN, NaN, NaN, NaN, NaN, "NSATE"]]}, "12": {"index": [0], "columns": {"0": "Wellbore name", "1": "Entered date", "2": "Completed", "3": "Purpose", "4": "Content"}, "data": [[NaN, NaN, "date", NaN, NaN]]}, "13": {"index": [0, 1, 2], "columns": {"0": "Wellbore name", "1": "Entered date", "2": "Completed", "3": "Purpose", "4": "Status"}, "data": [[NaN, NaN, "date", NaN, NaN], ["30/11-U-1", "16.04.2021", "17.04.2021", "SHALLOW", "PLUGGED"], [NaN, NaN, NaN, "GAS", NaN]]}, "kind": "osdu:wks:master-data--Field:1.0.0 ", "id": "npd:master-data--Factpages-Field:42002479"}