{"0": {"index": [0, 1, 2], "columns": {"0": "Lithostrat. unit", "1": "SOLDOGG FM"}, "data": [["NPDID lithostrat. unit", "153"], ["Level", "FORMATION"], ["Lithostrat. unit, parent", "BILLEFJORDEN GP"]]}, "1": {"index": [0, 1, 2, 3, 4], "columns": {"0": "Wellbore name", "1": "Wellbore", "2": "Top depth", "3": "Bottom"}, "data": [[NaN, "completion", "[m]", "depth [m]"], [NaN, "date", NaN, NaN], ["7128/4-1", "26.02.1994", "2351", "2503"], ["7128/6-1", "08.11.1991", "2358", "2534"], ["7130/4-1", "08.01.2016", "2996", "3184"]]}, "2": {"index": [0, 1, 2], "columns": {"0": "Wellbore name", "1": "Wellbore", "2": "Core length"}, "data": [[NaN, "completion", "[m]"], [NaN, "date", NaN], ["7128/4-1", "26.02.1994", "27"]]}, "kind": "osdu:wks:master-data--Litho:1.0.0 ", "id": "npd:master-data--Factpages-Litho:153"}