{"0": {"index": [0, 1, 2, 3, 4, 5, 6], "columns": {"0": "Field name", "1": "VOLUND"}, "data": [["Factmaps in new window", "link to map"], ["Current activity status", "Producing"], ["Discovery wellbore", "24/9-5"], ["Discovery year.", "1994"], ["Main area", "North sea"], ["Main supply base", NaN], ["NPDID field", "4380167"]]}, "1": {"index": [0, 1, 2], "columns": {"0": "Status", "1": "Status from", "2": "Status to"}, "data": [["Producing", "10.09.2009", NaN], ["Approved for", "18.01.2007", "09.09.2009"], ["production", NaN, NaN]]}, "2": {"index": [0], "columns": {"0": "Unnamed: 0", "1": "Block name", "2": "Prod. licence"}, "data": [["24/9", NaN, 150]]}, "3": {"index": [0], "columns": {"0": "Owner kind", "1": "Unnamed: 0", "2": "Owner name"}, "data": [["PRODUCTION LICENSE", 150, NaN]]}, "4": {"index": [0], "columns": {"0": "Unnamed: 0", "1": "Company name", "2": "Nation code", "3": "Company share [%]"}, "data": [["Aker BP ASA", NaN, "NO", 100.0]]}, "5": {"index": [0], "columns": {"0": "Orig. recoverableoil[mill Sm3]", "1": "Orig. recoverablegas[bill Sm3]", "2": "Orig. recoverableNGL[mill tonn]", "3": "Orig. recoverablecond.[mill Sm3]", "4": "Orig. recoverableoil eq.[mill Sm3 o.e]"}, "data": [[12.57, 1.56, 0.0, 0.0, 14.13]]}, "6": {"index": [0], "columns": {"0": "Remaining oil[mill Sm3]", "1": "Remaining gas[bill Sm3]", "2": "Remaining NGL[mill tonn]", "3": "Remaining cond.[mill Sm3]", "4": "Remaining oil eq.[mill Sm3 o.e]"}, "data": [[0.78, 0.04, 0.0, 0.0, 0.82]]}, "7": {"index": [0], "columns": {"0": "Orig. inplace oil[mill Sm3]", "1": "Orig. inplace ass.liquid[mill Sm3]", "2": "Orig. inplace ass.gas[bill Sm3]", "3": "Orig. inplace freegas[bill Sm3]"}, "data": [[22.0, 0.0, 2.0, 2.0]]}, "8": {"index": [0, 1, 2, 3, 4], "columns": {"0": "Type", "1": "Text", "2": "Dateupdated"}, "data": [["Development", "Volund is a field in the North Sea, 10 kilometres south of theAlvheim field. The water depth is 120 metres. Volund wasdiscovered in 1994, and the plan for development and operation(PDO) was approved in 2007. The field was developed with asubsea template including four horizontal subsea productionwells and one injection well tied to the Alvheim production,storage and offloading vessel (FPSO). Production started in2009. An additional subsea template was installed later.", "28.02.2023"], ["Reservoir", "Volund produces oil from Paleocene sandstone in the HermodFormation. The deposit is a unique injectite trap. The sand wasremobilised in the early Eocene and injected into the overlyingBalder Formation. The reservoir lies at a depth of 2,000 metresand has excellent quality.", "28.02.2023"], ["Recovery strategy", "The field is produced with significant pressure support from theaquifer and with injection of produced water delivered from theAlvheim FPSO.", "28.02.2023"], ["Transport", "The well stream is routed by pipeline to the Alvheim FPSO. Theoil is offloaded to shuttle tankers, and the associated gas istransported to the Scottish Area Gas Evacuation (SAGE) pipelinesystem and further to St Fergus in the UK.", "28.02.2023"], ["Status", "The recoverable volume estimates are significantly higher thanin the PDO, partly because of additional wells drilled on thefield. However, production from Volund is now declining due toincreasing water cut.", NaN]]}, "9": {"index": [0, 1, 2, 3, 4, 5, 6, 7, 8, 9, 10, 11, 12, 13, 14, 15, 16, 17, 18, 19, 20], "columns": {"0": "Unnamed: 0", "1": "Investments"}, "data": [[NaN, "[mill NOK nominal"], [NaN, "values]"], ["Sum", "6057"], ["2021", "487"], ["2020", "0"], ["2019", "248"], ["2018", "7"], ["2017", "878"], ["2016", "481"], ["2015", "122"], ["2014", "94"], ["2013", "120"], ["2012", "435"], ["2011", "34"], ["2010", "748"], ["2009", "1257"], ["2008", "626"], ["2007", "502"], ["2006", "0"], ["2005", "18"], ["2004", "0"]]}, "10": {"index": [0, 1, 2, 3, 4, 5, 6, 7, 8, 9, 10, 11, 12, 13, 14], "columns": {"0": "Unnamed: 0", "1": "Month", "2": "Net - oil", "3": "Net - gas", "4": "Net -", "5": "Net - NGL", "6": "Net - oil equivalents"}, "data": [[NaN, NaN, "[mill Sm3]", "[bill Sm3]", "condensate", "[mill Sm3]", NaN], [NaN, NaN, NaN, NaN, "[mill Sm3]", NaN, "[mill Sm3]"], ["Sum", NaN, "11.841918", "1.540673", "0.000000", "0.000000", "13.382591"], ["2023", NaN, "0.063368", "0.023913", "0.000000", "0.000000", "0.087281"], [NaN, 1.0, "0.012421", "0.004570", "0.000000", "0.000000", "0.016991"], [NaN, 2.0, "0.010739", "0.005032", "0.000000", "0.000000", "0.015771"], [NaN, 3.0, "0.009326", "0.003581", "0.000000", "0.000000", "0.012907"], [NaN, 4.0, "0.010028", "0.002762", "0.000000", "0.000000", "0.012790"], [NaN, 5.0, "0.010399", "0.003477", "0.000000", "0.000000", "0.013876"], [NaN, 6.0, "0.010455", "0.004491", "0.000000", "0.000000", "0.014946"], ["2022", NaN, "0.188424", "0.076099", "0.000000", "0.000000", "0.264523"], [NaN, 1.0, "0.026470", "0.013917", "0.000000", "0.000000", "0.040387"], [NaN, 2.0, "0.020006", "0.008741", "0.000000", "0.000000", "0.028747"], [NaN, 3.0, "0.018681", "0.006823", "0.000000", "0.000000", "0.025504"], [NaN, 4.0, "0.017263", "0.006088", "0.000000", "0.000000", "0.023351"]]}, "11": {"index": [0, 1, 2, 3, 4, 5, 6, 7, 8, 9, 10, 11, 12, 13, 14, 15, 16, 17, 18, 19, 20, 21, 22, 23, 24, 25, 26, 27, 28, 29, 30, 31, 32, 33, 34, 35, 36, 37, 38, 39, 40, 41], "columns": {"0": "2022", "1": "5", "2": "0.014082", "3": "0.004106", "4": "0.000000", "5": "0.000000.1", "6": "0.018188"}, "data": [[NaN, 6.0, 0.014437, 0.005223, 0.0, 0.0, 0.01966], [NaN, 7.0, 0.014724, 0.005431, 0.0, 0.0, 0.020155], [NaN, 8.0, 0.013615, 0.005454, 0.0, 0.0, 0.019069], [NaN, 9.0, 0.013651, 0.00762, 0.0, 0.0, 0.021271], [NaN, 10.0, 0.012952, 0.006066, 0.0, 0.0, 0.019018], [NaN, 11.0, 0.010574, 0.002731, 0.0, 0.0, 0.013305], [NaN, 12.0, 0.011969, 0.003899, 0.0, 0.0, 0.015868], [2021.0, NaN, 0.284245, 0.069279, 0.0, 0.0, 0.353524], [NaN, 1.0, 0.033061, 0.006655, 0.0, 0.0, 0.039716], [NaN, 2.0, 0.026023, 0.005482, 0.0, 0.0, 0.031505], [NaN, 3.0, 0.027001, 0.005897, 0.0, 0.0, 0.032898], [NaN, 4.0, 0.021315, 0.003846, 0.0, 0.0, 0.025161], [NaN, 5.0, 0.023026, 0.004046, 0.0, 0.0, 0.027072], [NaN, 6.0, 0.022939, 0.00487, 0.0, 0.0, 0.027809], [NaN, 7.0, 0.022612, 0.005038, 0.0, 0.0, 0.02765], [NaN, 8.0, 0.021, 0.004029, 0.0, 0.0, 0.025029], [NaN, 9.0, 0.016785, 0.003163, 0.0, 0.0, 0.019948], [NaN, 10.0, 0.020661, 0.004341, 0.0, 0.0, 0.025002], [NaN, 11.0, 0.025593, 0.009749, 0.0, 0.0, 0.035342], [NaN, 12.0, 0.024229, 0.012163, 0.0, 0.0, 0.036392], [2020.0, NaN, 0.478742, 0.096068, 0.0, 0.0, 0.57481], [NaN, 1.0, 0.053397, 0.011639, 0.0, 0.0, 0.065036], [NaN, 2.0, 0.045749, 0.009719, 0.0, 0.0, 0.055468], [NaN, 3.0, 0.048052, 0.00885, 0.0, 0.0, 0.056902], [NaN, 4.0, 0.044072, 0.008655, 0.0, 0.0, 0.052727], [NaN, 5.0, 0.042648, 0.007799, 0.0, 0.0, 0.050447], [NaN, 6.0, 0.033587, 0.006037, 0.0, 0.0, 0.039624], [NaN, 7.0, 0.043218, 0.009033, 0.0, 0.0, 0.052251], [NaN, 8.0, 0.033996, 0.00657, 0.0, 0.0, 0.040566], [NaN, 9.0, 0.034481, 0.006243, 0.0, 0.0, 0.040724], [NaN, 10.0, 0.035584, 0.007955, 0.0, 0.0, 0.043539], [NaN, 11.0, 0.031643, 0.00635, 0.0, 0.0, 0.037993], [NaN, 12.0, 0.032315, 0.007218, 0.0, 0.0, 0.039533], [2019.0, NaN, 0.644175, 0.144326, 0.0, 0.0, 0.788501], [1.0, 0.052291, 0.010934, 0.0, 0.0, 0.063225, NaN], [2.0, 0.039776, 0.008955, 0.0, 0.0, 0.048731, NaN], [3.0, 0.049436, 0.011425, 0.0, 0.0, 0.060861, NaN], [4.0, 0.043696, 0.010374, 0.0, 0.0, 0.05407, NaN], [5.0, 0.045169, 0.010382, 0.0, 0.0, 0.055551, NaN], [6.0, 0.062431, 0.014378, 0.0, 0.0, 0.076809, NaN], [7.0, 0.063205, 0.014687, 0.0, 0.0, 0.077892, NaN], [8.0, 0.061659, 0.014413, 0.0, 0.0, 0.076072, NaN]]}, "12": {"index": [0, 1, 2, 3, 4, 5, 6, 7, 8, 9, 10, 11, 12, 13, 14, 15, 16, 17, 18, 19, 20, 21, 22, 23, 24, 25, 26, 27, 28, 29, 30, 31, 32, 33, 34, 35, 36, 37, 38, 39, 40, 41], "columns": {"0": "2019", "1": "9", "2": "0.060831", "3": "0.013523", "4": "0.000000", "5": "0.000000.1", "6": "0.074354"}, "data": [[NaN, 10.0, 0.058634, 0.012573, 0.0, 0.0, 0.071207], [NaN, 11.0, 0.052492, 0.010709, 0.0, 0.0, 0.063201], [NaN, 12.0, 0.054555, 0.011973, 0.0, 0.0, 0.066528], [2018.0, NaN, 0.894592, 0.165952, 0.0, 0.0, 1.060544], [NaN, 1.0, 0.101074, 0.016148, 0.0, 0.0, 0.117222], [NaN, 2.0, 0.083561, 0.014208, 0.0, 0.0, 0.097769], [NaN, 3.0, 0.085303, 0.015957, 0.0, 0.0, 0.10126], [NaN, 4.0, 0.076349, 0.011532, 0.0, 0.0, 0.087881], [NaN, 5.0, 0.08427, 0.015425, 0.0, 0.0, 0.099695], [NaN, 6.0, 0.07765, 0.014952, 0.0, 0.0, 0.092602], [NaN, 7.0, 0.074695, 0.014458, 0.0, 0.0, 0.089153], [NaN, 8.0, 0.068549, 0.013156, 0.0, 0.0, 0.081705], [NaN, 9.0, 0.064845, 0.01381, 0.0, 0.0, 0.078655], [NaN, 10.0, 0.063213, 0.012956, 0.0, 0.0, 0.076169], [NaN, 11.0, 0.059208, 0.011563, 0.0, 0.0, 0.070771], [NaN, 12.0, 0.055875, 0.011787, 0.0, 0.0, 0.067662], [2017.0, NaN, 0.575045, 0.078182, 0.0, 0.0, 0.653227], [NaN, 1.0, 0.010462, 0.001015, 0.0, 0.0, 0.011477], [NaN, 2.0, 0.0, 0.0, 0.0, 0.0, 0.0], [NaN, 3.0, 0.0, 0.0, 0.0, 0.0, 0.0], [NaN, 4.0, 0.0, 0.0, 0.0, 0.0, 0.0], [NaN, 5.0, 0.0, 0.0, 0.0, 0.0, 0.0], [NaN, 6.0, 0.0, 0.0, 0.0, 0.0, 0.0], [NaN, 7.0, 0.044834, 0.003962, 0.0, 0.0, 0.048796], [NaN, 8.0, 0.090143, 0.008088, 0.0, 0.0, 0.098231], [NaN, 9.0, 0.110894, 0.014775, 0.0, 0.0, 0.125669], [NaN, 10.0, 0.109846, 0.017229, 0.0, 0.0, 0.127075], [NaN, 11.0, 0.101964, 0.015833, 0.0, 0.0, 0.117797], [NaN, 12.0, 0.106902, 0.01728, 0.0, 0.0, 0.124182], [2016.0, NaN, 0.401217, 0.051964, 0.0, 0.0, 0.453181], [1.0, 0.047886, 0.006984, 0.0, 0.0, 0.05487, NaN], [2.0, 0.042152, 0.007339, 0.0, 0.0, 0.049491, NaN], [3.0, 0.03861, 0.006883, 0.0, 0.0, 0.045493, NaN], [4.0, 0.036209, 0.005748, 0.0, 0.0, 0.041957, NaN], [5.0, 0.041545, 0.005226, 0.0, 0.0, 0.046771, NaN], [6.0, 0.040946, 0.005206, 0.0, 0.0, 0.046152, NaN], [7.0, 0.033181, 0.00389, 0.0, 0.0, 0.037071, NaN], [8.0, 0.016722, 0.001473, 0.0, 0.0, 0.018195, NaN], [9.0, 0.036038, 0.003162, 0.0, 0.0, 0.0392, NaN], [10.0, 0.027034, 0.002332, 0.0, 0.0, 0.029366, NaN], [11.0, 0.024086, 0.002177, 0.0, 0.0, 0.026263, NaN], [12.0, 0.016808, 0.001544, 0.0, 0.0, 0.018352, NaN]]}, "13": {"index": [0, 1, 2, 3, 4, 5, 6, 7, 8, 9, 10, 11, 12, 13, 14, 15, 16, 17, 18, 19, 20, 21, 22, 23, 24, 25, 26, 27, 28, 29, 30, 31, 32, 33, 34, 35, 36, 37, 38, 39, 40, 41], "columns": {"0": "2015", "1": "Unnamed: 0", "2": "0.723939", "3": "0.110102", "4": "0.000000", "5": "0.000000.1", "6": "0.834041"}, "data": [[NaN, 1.0, 0.070079, 0.011, 0.0, 0.0, 0.081079], [NaN, 2.0, 0.071213, 0.010007, 0.0, 0.0, 0.08122], [NaN, 3.0, 0.075532, 0.011682, 0.0, 0.0, 0.087214], [NaN, 4.0, 0.062227, 0.00989, 0.0, 0.0, 0.072117], [NaN, 5.0, 0.055227, 0.008133, 0.0, 0.0, 0.06336], [NaN, 6.0, 0.063813, 0.009964, 0.0, 0.0, 0.073777], [NaN, 7.0, 0.058204, 0.009913, 0.0, 0.0, 0.068117], [NaN, 8.0, 0.061366, 0.010814, 0.0, 0.0, 0.07218], [NaN, 9.0, 0.056448, 0.008476, 0.0, 0.0, 0.064924], [NaN, 10.0, 0.054453, 0.007942, 0.0, 0.0, 0.062395], [NaN, 11.0, 0.046307, 0.005441, 0.0, 0.0, 0.051748], [NaN, 12.0, 0.04907, 0.00684, 0.0, 0.0, 0.05591], [2014.0, NaN, 1.092825, 0.128329, 0.0, 0.0, 1.221154], [NaN, 1.0, 0.119948, 0.011201, 0.0, 0.0, 0.131149], [NaN, 2.0, 0.109782, 0.010572, 0.0, 0.0, 0.120354], [NaN, 3.0, 0.12076, 0.011866, 0.0, 0.0, 0.132626], [NaN, 4.0, 0.101462, 0.010881, 0.0, 0.0, 0.112343], [NaN, 5.0, 0.104103, 0.011516, 0.0, 0.0, 0.115619], [NaN, 6.0, 0.093463, 0.01032, 0.0, 0.0, 0.103783], [NaN, 7.0, 0.092324, 0.011775, 0.0, 0.0, 0.104099], [NaN, 8.0, 0.081284, 0.010361, 0.0, 0.0, 0.091645], [NaN, 9.0, 0.045214, 0.005616, 0.0, 0.0, 0.05083], [NaN, 10.0, 0.076503, 0.012124, 0.0, 0.0, 0.088627], [NaN, 11.0, 0.074919, 0.011162, 0.0, 0.0, 0.086081], [NaN, 12.0, 0.073063, 0.010935, 0.0, 0.0, 0.083998], [2013.0, NaN, 1.864418, 0.166174, 0.0, 0.0, 2.030592], [NaN, 1.0, 0.157779, 0.013641, 0.0, 0.0, 0.17142], [NaN, 2.0, 0.157747, 0.01364, 0.0, 0.0, 0.171387], [NaN, 3.0, 0.177424, 0.0157, 0.0, 0.0, 0.193124], [NaN, 4.0, 0.169029, 0.015053, 0.0, 0.0, 0.184082], [NaN, 5.0, 0.172857, 0.015125, 0.0, 0.0, 0.187982], [NaN, 6.0, 0.169734, 0.015388, 0.0, 0.0, 0.185122], [NaN, 7.0, 0.167072, 0.015484, 0.0, 0.0, 0.182556], [NaN, 8.0, 0.118276, 0.010321, 0.0, 0.0, 0.128597], [NaN, 9.0, 0.150067, 0.013309, 0.0, 0.0, 0.163376], [NaN, 10.0, 0.150504, 0.013513, 0.0, 0.0, 0.164017], [NaN, 11.0, 0.136233, 0.012623, 0.0, 0.0, 0.148856], [NaN, 12.0, 0.137696, 0.012377, 0.0, 0.0, 0.150073], [2012.0, NaN, 1.990009, 0.180541, 0.0, 0.0, 2.17055], [1.0, 0.174829, 0.016484, 0.0, 0.0, 0.191313, NaN], [2.0, 0.141873, 0.013496, 0.0, 0.0, 0.155369, NaN], [3.0, 0.177811, 0.016496, 0.0, 0.0, NaN, NaN]]}, "14": {"index": [0, 1, 2, 3, 4, 5, 6, 7, 8, 9, 10, 11, 12, 13, 14, 15, 16, 17, 18, 19, 20, 21, 22, 23, 24, 25, 26, 27, 28, 29, 30, 31, 32, 33, 34, 35, 36, 37, 38, 39, 40, 41], "columns": {"0": "2012", "1": "4", "2": "0.175143", "3": "0.015917", "4": "0.000000", "5": "0.000000.1", "6": "0.191060"}, "data": [[NaN, 5.0, 0.17428, 0.015921, 0.0, 0.0, 0.190201], [NaN, 6.0, 0.152118, 0.013714, 0.0, 0.0, 0.165832], [NaN, 7.0, 0.171128, 0.015758, 0.0, 0.0, 0.186886], [NaN, 8.0, 0.174711, 0.015981, 0.0, 0.0, 0.190692], [NaN, 9.0, 0.167487, 0.014778, 0.0, 0.0, 0.182265], [NaN, 10.0, 0.159968, 0.013685, 0.0, 0.0, 0.173653], [NaN, 11.0, 0.156185, 0.014233, 0.0, 0.0, 0.170418], [NaN, 12.0, 0.164476, 0.014078, 0.0, 0.0, 0.178554], [2011.0, NaN, 1.830952, 0.170803, 0.0, 0.0, 2.001755], [NaN, 1.0, 0.124813, 0.011609, 0.0, 0.0, 0.136422], [NaN, 2.0, 0.126291, 0.0121, 0.0, 0.0, 0.138391], [NaN, 3.0, 0.154233, 0.014582, 0.0, 0.0, 0.168815], [NaN, 4.0, 0.162371, 0.015236, 0.0, 0.0, 0.177607], [NaN, 5.0, 0.093594, 0.008896, 0.0, 0.0, 0.10249], [NaN, 6.0, 0.166815, 0.015845, 0.0, 0.0, 0.18266], [NaN, 7.0, 0.178971, 0.016403, 0.0, 0.0, 0.195374], [NaN, 8.0, 0.169716, 0.015214, 0.0, 0.0, 0.18493], [NaN, 9.0, 0.175164, 0.01589, 0.0, 0.0, 0.191054], [NaN, 10.0, 0.161059, 0.014891, 0.0, 0.0, 0.17595], [NaN, 11.0, 0.154541, 0.014436, 0.0, 0.0, 0.168977], [NaN, 12.0, 0.163384, 0.015701, 0.0, 0.0, 0.179085], [2010.0, NaN, 0.80123, 0.078116, 0.0, 0.0, 0.879346], [NaN, 1.0, 0.0, 0.0, 0.0, 0.0, 0.0], [NaN, 2.0, 0.0, 0.0, 0.0, 0.0, 0.0], [NaN, 3.0, 0.0, 0.0, 0.0, 0.0, 0.0], [NaN, 4.0, 0.029097, 0.002864, 0.0, 0.0, 0.031961], [NaN, 5.0, 0.064121, 0.006616, 0.0, 0.0, 0.070737], [NaN, 6.0, 0.066286, 0.006777, 0.0, 0.0, 0.073063], [NaN, 7.0, 0.071878, 0.007101, 0.0, 0.0, 0.078979], [NaN, 8.0, 0.082076, 0.008092, 0.0, 0.0, 0.090168], [NaN, 9.0, 0.116685, 0.011479, 0.0, 0.0, 0.128164], [NaN, 10.0, 0.125962, 0.012203, 0.0, 0.0, 0.138165], [NaN, 11.0, 0.107644, 0.010375, 0.0, 0.0, 0.118019], [NaN, 12.0, 0.137481, 0.012609, 0.0, 0.0, 0.15009], [2009.0, NaN, 0.008737, 0.000825, 0.0, 0.0, 0.009562], [1.0, 0.0, 0.0, 0.0, 0.0, 0.0, NaN], [2.0, 0.0, 0.0, 0.0, 0.0, 0.0, NaN], [3.0, 0.0, 0.0, 0.0, 0.0, 0.0, NaN], [4.0, 0.0, 0.0, 0.0, 0.0, 0.0, NaN], [5.0, 0.0, 0.0, 0.0, 0.0, 0.0, NaN], [6.0, 0.0, 0.0, 0.0, 0.0, 0.0, NaN], [7.0, 0.0, 0.0, 0.0, 0.0, 0.0, NaN]]}, "15": {"index": [0, 1, 2, 3, 4, 5, 6, 7, 8, 9, 10, 11], "columns": {"0": "2009", "1": "8", "2": "0.000000", "3": "0.000000.1", "4": "0.000000.2", "5": "0.000000.3", "6": "0.000000.4"}, "data": [[9.0, 0.008737, 0.000825, 0.0, 0.0, 0.009562, NaN], [10.0, 0.0, 0.0, 0.0, 0.0, 0.0, NaN], [11.0, 0.0, 0.0, 0.0, 0.0, 0.0, NaN], [NaN, 12.0, 0.0, 0.0, 0.0, 0.0, 0.0], [2008.0, NaN, 0.0, 0.0, 0.0, 0.0, 0.0], [6.0, 0.0, 0.0, 0.0, 0.0, 0.0, NaN], [7.0, 0.0, 0.0, 0.0, 0.0, 0.0, NaN], [8.0, 0.0, 0.0, 0.0, 0.0, 0.0, NaN], [9.0, 0.0, 0.0, 0.0, 0.0, 0.0, NaN], [10.0, 0.0, 0.0, 0.0, 0.0, 0.0, NaN], [11.0, 0.0, 0.0, 0.0, 0.0, 0.0, NaN], [12.0, 0.0, 0.0, 0.0, 0.0, 0.0, NaN]]}, "16": {"index": [0, 1, 2, 3, 4, 5, 6, 7, 8, 9, 10, 11, 12, 13, 14, 15, 16, 17, 18, 19, 20, 21, 22, 23, 24, 25], "columns": {"0": "Unnamed: 0", "1": "Month", "2": "Gross - oil[mill Sm3]", "3": "Gross - gas[bill Sm3]", "4": "Gross -condensate[mill Sm3]", "5": "Gross - oilequivalents[mill Sm3]"}, "data": [["Sum", NaN, 11.852256, 1.680661, 0.0, 13.532917], ["2023", NaN, 0.063368, 0.028316, 0.0, 0.091684], [NaN, 1.0, 0.012421, 0.005158, 0.0, 0.017579], [NaN, 2.0, 0.010739, 0.005713, 0.0, 0.016452], [NaN, 3.0, 0.009326, 0.004311, 0.0, 0.013637], [NaN, 4.0, 0.010028, 0.003566, 0.0, 0.013594], [NaN, 5.0, 0.010399, 0.004288, 0.0, 0.014687], [NaN, 6.0, 0.010455, 0.00528, 0.0, 0.015735], ["2022", NaN, 0.188424, 0.08351, 0.0, 0.271934], [NaN, 1.0, 0.02647, 0.014524, 0.0, 0.040994], [NaN, 2.0, 0.020006, 0.00932, 0.0, 0.029326], [NaN, 3.0, 0.018681, 0.007368, 0.0, 0.026049], [NaN, 4.0, 0.017263, 0.006661, 0.0, 0.023924], [NaN, 5.0, 0.014082, 0.004635, 0.0, 0.018717], [NaN, 6.0, 0.014437, 0.005865, 0.0, 0.020302], [NaN, 7.0, 0.014724, 0.006014, 0.0, 0.020738], [NaN, 8.0, 0.013615, 0.006047, 0.0, 0.019662], [NaN, 9.0, 0.013651, 0.008207, 0.0, 0.021858], [NaN, 10.0, 0.012952, 0.006743, 0.0, 0.019695], [NaN, 11.0, 0.010574, 0.003468, 0.0, 0.014042], [NaN, 12.0, 0.011969, 0.004658, 0.0, 0.016627], ["2021", NaN, 0.284245, 0.078287, 0.0, 0.362532], ["1", 0.033061, 0.007409, 0.0, 0.04047, NaN], ["2", 0.026023, 0.006174, 0.0, 0.032197, NaN], ["3", 0.027001, 0.006856, 0.0, 0.033857, NaN], ["4", 0.021315, 0.004459, 0.0, 0.025774, NaN]]}, "17": {"index": [0, 1, 2, 3, 4, 5, 6, 7, 8, 9, 10, 11, 12, 13, 14, 15, 16, 17, 18, 19, 20, 21, 22, 23, 24, 25, 26, 27, 28, 29, 30, 31, 32, 33, 34, 35, 36, 37, 38, 39, 40, 41], "columns": {"0": "2021", "1": "5", "2": "0.023026", "3": "0.004799", "4": "0.000000", "5": "0.027825"}, "data": [[NaN, 6.0, 0.022939, 0.005625, 0.0, 0.028564], [NaN, 7.0, 0.022612, 0.005861, 0.0, 0.028473], [NaN, 8.0, 0.021, 0.004841, 0.0, 0.025841], [NaN, 9.0, 0.016785, 0.003889, 0.0, 0.020674], [NaN, 10.0, 0.020661, 0.005173, 0.0, 0.025834], [NaN, 11.0, 0.025593, 0.010525, 0.0, 0.036118], [NaN, 12.0, 0.024229, 0.012676, 0.0, 0.036905], [2020.0, NaN, 0.478742, 0.104554, 0.0, 0.583296], [NaN, 1.0, 0.053397, 0.012406, 0.0, 0.065803], [NaN, 2.0, 0.045749, 0.010393, 0.0, 0.056142], [NaN, 3.0, 0.048052, 0.00967, 0.0, 0.057722], [NaN, 4.0, 0.044072, 0.009297, 0.0, 0.053369], [NaN, 5.0, 0.042648, 0.00849, 0.0, 0.051138], [NaN, 6.0, 0.033587, 0.006558, 0.0, 0.040145], [NaN, 7.0, 0.043218, 0.009837, 0.0, 0.053055], [NaN, 8.0, 0.033996, 0.007217, 0.0, 0.041213], [NaN, 9.0, 0.034481, 0.006951, 0.0, 0.041432], [NaN, 10.0, 0.035584, 0.008578, 0.0, 0.044162], [NaN, 11.0, 0.031643, 0.007202, 0.0, 0.038845], [NaN, 12.0, 0.032315, 0.007955, 0.0, 0.04027], [2019.0, NaN, 0.644175, 0.154178, 0.0, 0.798353], [NaN, 1.0, 0.052291, 0.0117, 0.0, 0.063991], [NaN, 2.0, 0.039776, 0.009559, 0.0, 0.049335], [NaN, 3.0, 0.049436, 0.01214, 0.0, 0.061576], [NaN, 4.0, 0.043696, 0.010975, 0.0, 0.054671], [NaN, 5.0, 0.045169, 0.011007, 0.0, 0.056176], [NaN, 6.0, 0.062431, 0.015196, 0.0, 0.077627], [NaN, 7.0, 0.063205, 0.015561, 0.0, 0.078766], [NaN, 8.0, 0.061659, 0.015868, 0.0, 0.077527], [NaN, 9.0, 0.060831, 0.014592, 0.0, 0.075423], [NaN, 10.0, 0.058634, 0.013475, 0.0, 0.072109], [NaN, 11.0, 0.052492, 0.011456, 0.0, 0.063948], [NaN, 12.0, 0.054555, 0.012649, 0.0, 0.067204], [2018.0, NaN, 0.894592, 0.175884, 0.0, 1.070476], [1.0, 0.101074, 0.017476, 0.0, 0.11855, NaN], [2.0, 0.083561, 0.015059, 0.0, 0.09862, NaN], [3.0, 0.085303, 0.016769, 0.0, 0.102072, NaN], [4.0, 0.076349, 0.012294, 0.0, 0.088643, NaN], [5.0, 0.08427, 0.01623, 0.0, 0.1005, NaN], [6.0, 0.07765, 0.015531, 0.0, 0.093181, NaN], [7.0, 0.074695, 0.015258, 0.0, 0.089953, NaN], [8.0, 0.068549, 0.014002, 0.0, 0.082551, NaN]]}, "18": {"index": [0, 1, 2, 3, 4, 5, 6, 7, 8, 9, 10, 11, 12, 13, 14, 15, 16, 17, 18, 19, 20, 21, 22, 23, 24, 25, 26, 27, 28, 29, 30, 31, 32, 33, 34, 35, 36, 37, 38, 39, 40, 41], "columns": {"0": "2018", "1": "9", "2": "0.064845", "3": "0.014547", "4": "0.000000", "5": "0.079392"}, "data": [[NaN, 10.0, 0.063213, 0.013741, 0.0, 0.076954], [NaN, 11.0, 0.059208, 0.012601, 0.0, 0.071809], [NaN, 12.0, 0.055875, 0.012376, 0.0, 0.068251], [2017.0, NaN, 0.575045, 0.08256, 0.0, 0.657605], [NaN, 1.0, 0.010462, 0.001296, 0.0, 0.011758], [NaN, 2.0, 0.0, 0.0, 0.0, 0.0], [NaN, 3.0, 0.0, 0.0, 0.0, 0.0], [NaN, 4.0, 0.0, 0.0, 0.0, 0.0], [NaN, 5.0, 0.0, 0.0, 0.0, 0.0], [NaN, 6.0, 0.0, 0.0, 0.0, 0.0], [NaN, 7.0, 0.044834, 0.004261, 0.0, 0.049095], [NaN, 8.0, 0.090143, 0.008709, 0.0, 0.098852], [NaN, 9.0, 0.110894, 0.015542, 0.0, 0.126436], [NaN, 10.0, 0.109846, 0.017977, 0.0, 0.127823], [NaN, 11.0, 0.101964, 0.016758, 0.0, 0.118722], [NaN, 12.0, 0.106902, 0.018017, 0.0, 0.124919], [2016.0, NaN, 0.401217, 0.060732, 0.0, 0.461949], [NaN, 1.0, 0.047886, 0.00762, 0.0, 0.055506], [NaN, 2.0, 0.042152, 0.008172, 0.0, 0.050324], [NaN, 3.0, 0.03861, 0.007847, 0.0, 0.046457], [NaN, 4.0, 0.036209, 0.006371, 0.0, 0.04258], [NaN, 5.0, 0.041545, 0.006071, 0.0, 0.047616], [NaN, 6.0, 0.040946, 0.005895, 0.0, 0.046841], [NaN, 7.0, 0.033181, 0.004571, 0.0, 0.037752], [NaN, 8.0, 0.016722, 0.002224, 0.0, 0.018946], [NaN, 9.0, 0.036038, 0.004031, 0.0, 0.040069], [NaN, 10.0, 0.027034, 0.003064, 0.0, 0.030098], [NaN, 11.0, 0.024086, 0.002767, 0.0, 0.026853], [NaN, 12.0, 0.016808, 0.002099, 0.0, 0.018907], [2015.0, NaN, 0.723939, 0.121735, 0.0, 0.845674], [NaN, 1.0, 0.070079, 0.012052, 0.0, 0.082131], [NaN, 2.0, 0.071213, 0.010881, 0.0, 0.082094], [NaN, 3.0, 0.075532, 0.012773, 0.0, 0.088305], [NaN, 4.0, 0.062227, 0.01091, 0.0, 0.073137], [NaN, 5.0, 0.055227, 0.009159, 0.0, 0.064386], [NaN, 6.0, 0.063813, 0.010962, 0.0, 0.074775], [NaN, 7.0, 0.058204, 0.01091, 0.0, 0.069114], [NaN, 8.0, 0.061366, 0.011848, 0.0, 0.073214], [NaN, 9.0, 0.056448, 0.009476, 0.0, 0.065924], [NaN, 10.0, 0.054453, 0.008823, 0.0, 0.063276], [NaN, 11.0, 0.046307, 0.006327, 0.0, 0.052634], [NaN, 12.0, 0.04907, 0.007614, 0.0, 0.056684]]}, "19": {"index": [0, 1, 2, 3, 4, 5, 6, 7, 8, 9, 10, 11, 12, 13, 14, 15, 16, 17, 18, 19, 20, 21, 22, 23, 24, 25, 26, 27, 28, 29, 30, 31, 32, 33, 34, 35, 36, 37, 38, 39, 40, 41], "columns": {"0": "2014", "1": "Unnamed: 0", "2": "1.092825", "3": "0.141420", "4": "0.000000", "5": "1.234245"}, "data": [[NaN, 1.0, 0.119948, 0.012573, 0.0, 0.132521], [NaN, 2.0, 0.109782, 0.011886, 0.0, 0.121668], [NaN, 3.0, 0.12076, 0.013179, 0.0, 0.133939], [NaN, 4.0, 0.101462, 0.01206, 0.0, 0.113522], [NaN, 5.0, 0.104103, 0.012635, 0.0, 0.116738], [NaN, 6.0, 0.093463, 0.011466, 0.0, 0.104929], [NaN, 7.0, 0.092324, 0.01267, 0.0, 0.104994], [NaN, 8.0, 0.081284, 0.011386, 0.0, 0.09267], [NaN, 9.0, 0.045214, 0.006432, 0.0, 0.051646], [NaN, 10.0, 0.076503, 0.013253, 0.0, 0.089756], [NaN, 11.0, 0.074919, 0.01199, 0.0, 0.086909], [NaN, 12.0, 0.073063, 0.01189, 0.0, 0.084953], [2013.0, NaN, 1.864418, 0.179294, 0.0, 2.043712], [NaN, 1.0, 0.157779, 0.014652, 0.0, 0.172431], [NaN, 2.0, 0.157747, 0.014752, 0.0, 0.172499], [NaN, 3.0, 0.177424, 0.016857, 0.0, 0.194281], [NaN, 4.0, 0.169029, 0.016159, 0.0, 0.185188], [NaN, 5.0, 0.172857, 0.016191, 0.0, 0.189048], [NaN, 6.0, 0.169734, 0.016382, 0.0, 0.186116], [NaN, 7.0, 0.167072, 0.016477, 0.0, 0.183549], [NaN, 8.0, 0.118276, 0.011239, 0.0, 0.129515], [NaN, 9.0, 0.150067, 0.014521, 0.0, 0.164588], [NaN, 10.0, 0.150504, 0.014778, 0.0, 0.165282], [NaN, 11.0, 0.136233, 0.013743, 0.0, 0.149976], [NaN, 12.0, 0.137696, 0.013543, 0.0, 0.151239], [2012.0, NaN, 1.996013, 0.197755, 0.0, 2.193768], [NaN, 1.0, 0.176781, 0.018015, 0.0, 0.194796], [NaN, 2.0, 0.143392, 0.014712, 0.0, 0.158104], [NaN, 3.0, 0.178763, 0.017958, 0.0, 0.196721], [NaN, 4.0, 0.175151, 0.017298, 0.0, 0.192449], [NaN, 5.0, 0.174253, 0.017379, 0.0, 0.191632], [NaN, 6.0, 0.152257, 0.015124, 0.0, 0.167381], [NaN, 7.0, 0.171402, 0.017197, 0.0, 0.188599], [NaN, 8.0, 0.174807, 0.017491, 0.0, 0.192298], [NaN, 9.0, 0.167536, 0.016236, 0.0, 0.183772], [NaN, 10.0, 0.160627, 0.015369, 0.0, 0.175996], [NaN, 11.0, 0.156458, 0.015486, 0.0, 0.171944], [NaN, 12.0, 0.164586, 0.01549, 0.0, 0.180076], [2011.0, NaN, 1.835198, 0.184896, 0.0, 2.020094], [1.0, 0.125062, 0.012407, 0.0, 0.137469, NaN], [2.0, 0.126536, 0.012903, 0.0, 0.139439, NaN], [3.0, 0.15458, 0.015602, 0.0, 0.170182, NaN]]}, "20": {"index": [0, 1, 2, 3, 4, 5, 6, 7, 8, 9, 10, 11, 12, 13, 14, 15, 16, 17, 18, 19, 20, 21, 22, 23, 24, 25, 26, 27, 28, 29, 30, 31, 32, 33, 34, 35, 36, 37, 38, 39, 40, 41], "columns": {"0": "2011", "1": "4", "2": "0.162512", "3": "0.016369", "4": "0.000000", "5": "0.178881"}, "data": [[NaN, 5.0, 0.093724, 0.009648, 0.0, 0.103372], [NaN, 6.0, 0.166985, 0.017321, 0.0, 0.184306], [NaN, 7.0, 0.179207, 0.017981, 0.0, 0.197188], [NaN, 8.0, 0.170325, 0.016927, 0.0, 0.187252], [NaN, 9.0, 0.175518, 0.017215, 0.0, 0.192733], [NaN, 10.0, 0.161422, 0.015945, 0.0, 0.177367], [NaN, 11.0, 0.155652, 0.015586, 0.0, 0.171238], [NaN, 12.0, 0.163675, 0.016992, 0.0, 0.180667], [2010.0, NaN, 0.80122, 0.08659, 0.0, 0.88781], [NaN, 1.0, 0.0, 0.0, 0.0, 0.0], [NaN, 2.0, 0.0, 0.0, 0.0, 0.0], [NaN, 3.0, 0.0, 0.0, 0.0, 0.0], [NaN, 4.0, 0.029082, 0.003133, 0.0, 0.032215], [NaN, 5.0, 0.064113, 0.007274, 0.0, 0.071387], [NaN, 6.0, 0.06633, 0.007584, 0.0, 0.073914], [NaN, 7.0, 0.071935, 0.007957, 0.0, 0.079892], [NaN, 8.0, 0.082068, 0.009192, 0.0, 0.09126], [NaN, 9.0, 0.116455, 0.012529, 0.0, 0.128984], [NaN, 10.0, 0.125921, 0.013322, 0.0, 0.139243], [NaN, 11.0, 0.10756, 0.011535, 0.0, 0.119095], [NaN, 12.0, 0.137756, 0.014064, 0.0, 0.15182], [2009.0, NaN, 0.008835, 0.00095, 0.0, 0.009785], [NaN, 1.0, 0.0, 0.0, 0.0, 0.0], [NaN, 2.0, 0.0, 0.0, 0.0, 0.0], [NaN, 3.0, 0.0, 0.0, 0.0, 0.0], [NaN, 4.0, 0.0, 0.0, 0.0, 0.0], [NaN, 5.0, 0.0, 0.0, 0.0, 0.0], [NaN, 6.0, 0.0, 0.0, 0.0, 0.0], [NaN, 7.0, 0.0, 0.0, 0.0, 0.0], [NaN, 8.0, 0.0, 0.0, 0.0, 0.0], [NaN, 9.0, 0.008835, 0.00095, 0.0, 0.009785], [NaN, 10.0, 0.0, 0.0, 0.0, 0.0], [NaN, 11.0, 0.0, 0.0, 0.0, 0.0], [NaN, 12.0, 0.0, 0.0, 0.0, 0.0], [2008.0, NaN, 0.0, 0.0, 0.0, 0.0], [6.0, 0.0, 0.0, 0.0, 0.0, NaN], [7.0, 0.0, 0.0, 0.0, 0.0, NaN], [8.0, 0.0, 0.0, 0.0, 0.0, NaN], [9.0, 0.0, 0.0, 0.0, 0.0, NaN], [10.0, 0.0, 0.0, 0.0, 0.0, NaN], [11.0, 0.0, 0.0, 0.0, 0.0, NaN], [12.0, 0.0, 0.0, 0.0, 0.0, NaN]]}, "21": {"index": [0, 1, 2, 3, 4, 5], "columns": {"0": "Wellbore name", "1": "Entered date", "2": "Completed", "3": "Purpose", "4": "Status", "5": "Content"}, "data": [[NaN, NaN, "date", NaN, NaN, NaN], ["24/9-5", "07.12.1993", "26.01.1994", "WILDCAT", "P&A", "OIL"], ["24/9-6", "01.02.1994", "07.03.1994", "APPRAISAL", "P&A", "OIL"], ["24/9-7", "02.03.2004", "25.03.2004", "APPRAISAL", "P&A", "OIL/GAS"], ["24/9-7 A", "25.03.2004", "29.03.2004", "APPRAISAL", "P&A", "OIL/GAS"], ["24/9-7 C", "05.04.2004", "11.04.2004", "APPRAISAL", "P&A", "OIL"]]}, "22": {"index": [0, 1, 2, 3, 4, 5, 6, 7, 8, 9, 10, 11, 12, 13, 14, 15, 16, 17, 18, 19], "columns": {"0": "Wellbore name", "1": "Entered date", "2": "Completed", "3": "Purpose Content"}, "data": [[NaN, NaN, "date", NaN], ["24/9-P-1 H", NaN, "17.02.2009", "OBSERVATION NOT"], [NaN, NaN, NaN, "APPLICABLE"], ["24/9-P-1 AH", NaN, NaN, "PRODUCTION"], ["24/9-P-2 H", "24.12.2009", "18.01.2010", "OBSERVATION OIL/GAS"], ["24/9-P-2 AY1H", "29.01.2010", "24.02.2010", "PRODUCTION OIL/GAS"], ["24/9-P-2 AY2H", "25.02.2010", "14.04.2010", "PRODUCTION OIL/GAS"], ["24/9-P-3 H", "11.11.2009", "05.12.2009", "OBSERVATION OIL/GAS"], ["24/9-P-3 AH", "06.12.2009", "13.05.2010", "PRODUCTION OIL/GAS"], ["24/9-P-3 BH", "15.04.2019", "23.04.2019", "PRODUCTION OIL"], ["24/9-P-4 H", "12.02.2009", "12.03.2009", "OBSERVATION NOT"], [NaN, NaN, NaN, "APPLICABLE"], ["24/9-P-4 AH", "18.03.2009", "31.03.2009", "INJECTION WATER"], ["24/9-P-5 H", "11.04.2009", "30.04.2009", "PRODUCTION OIL/GAS"], ["24/9-P-5 AH", "04.05.2009", "22.05.2009", "PRODUCTION OIL/GAS"], ["24/9-P-5 BH", "31.08.2021", "18.09.2021", "PRODUCTION OIL"], ["24/9-P-6 H", "08.09.2012", "02.10.2012", "OBSERVATION OIL"], ["24/9-P-6 AH", "04.10.2012", "23.10.2012", "PRODUCTION OIL"], ["24/9-P-7 H", "05.02.2016", "09.03.2016", "OBSERVATION NOT"], [NaN, NaN, NaN, "APPLICABLE"]]}, "23": {"index": [0, 1, 2, 3, 4, 5, 6, 7, 8], "columns": {"0": "24/9-P-7 AH", "1": "10.03.2016", "2": "29.03.2016", "3": "PRODUCTION", "4": "OIL"}, "data": [["24/9-P-8 H", "19.02.2016", "22.04.2016", "OBSERVATION", "OIL"], ["24/9-P-8 AY1H", "23.04.2016", "21.05.2016", "PRODUCTION", "OIL"], ["24/9-P-8 AY2H", "22.05.2016", "01.06.2016", "PRODUCTION", "OIL"], ["24/9-P-9 H", "02.07.2016", "21.01.2017", "PRODUCTION", "OIL"], ["24/9-P-10 H", "25.06.2016", "19.12.2016", "OBSERVATION", "NOTAPPLICABLE"], ["24/9-P-10 AH", "20.12.2016", "28.12.2016", "OBSERVATION", "OIL"], ["24/9-P-10 BY1H", "23.01.2017", "13.04.2017", "PRODUCTION", "OIL"], ["24/9-P-10 BY2H", "14.04.2017", "07.05.2017", "PRODUCTION", "OIL"], ["24/9-P-10 BY3H", "08.05.2017", "16.05.2017", "PRODUCTION", "OIL"]]}, "24": {"index": [], "columns": {"0": "Wellbore name", "1": "Entered date", "2": "Completeddate", "3": "Purpose", "4": "Status"}, "data": []}, "kind": "osdu:wks:master-data--Field:1.0.0 ", "id": "npd:master-data--Factpages-Field:4380167"}