{"0": {"index": [0, 1, 2, 3, 4, 5, 6, 7, 8, 9, 10, 11, 12, 13, 14, 15, 16, 17, 18, 19, 20, 21, 22, 23], "columns": {"0": "Survey name", "1": "ABP21201"}, "data": [["Legal basis", "Petroleumsforskriften jf Ressursforskriften"], ["NPDID for survey", "10036"], ["Factmaps - new window", "link to map"], ["Status", "Ferdig"], ["Area", "Nordsj\u00f8en"], ["Market available", "Nei"], ["Category", "Seismisk unders\u00f8kelse"], ["Main type", "Havbunnseismisk unders\u00f8kelse"], ["Sub type", "4D"], ["Company - responsible", "Aker BP ASA"], ["Source type", "seismicSource"], ["Number of sources", "1"], ["Source size", "4116"], ["Source pressure", "2000"], ["Sensor type", "nodes"], ["Numbers of sensors", "5066"], ["Sensor length [m]", NaN], ["Sensor width [m]", NaN], ["Start date - planned", "10.05.2021"], ["Start date", "12.05.2021"], ["Completed date - planned", "15.06.2021"], ["Completed date", "11.06.2021"], ["Total length [boat km]", "1390"], ["Net area - actual 3D/4D [km2]", "73.00"]]}, "1": {"index": [0, 1, 2, 3, 4, 5, 6, 7, 8, 9, 10, 11], "columns": {"0": "Date", "1": "Type of update", "2": "Information"}, "data": [["11.06.2021", "Melding - Unders\u00f8kelsen er ferdig", NaN], ["11.06.2021", "Status", "Ferdig"], ["02.06.2021", "Melding - Ordin\u00e6r ukemelding", "-"], ["19.05.2021", "Melding - Ordin\u00e6r ukemelding", "-"], ["14.05.2021", "Oljedirektoratets uttalelse til", "Oljedirektoratet (OD) viser til melding om endring av"], [NaN, "endringsmelding", "tidsrom for unders\u00f8kelsen. P\u00e5 bakgrunn av innmeldt"], [NaN, NaN, "endring og nye uttalelser fra Havforskningsinstituttet og"], [NaN, NaN, "Fiskeridirektoratet, har OD ingen ytterligere merknader"], [NaN, NaN, "til at unders\u00f8kelsen kan gjennomf\u00f8res som planlagt"], [NaN, NaN, "dersom disse blir fulgt."], ["12.05.2021", "Melding - Unders\u00f8kelsen startes", NaN], [NaN, "opp", NaN]]}, "2": {"index": [0, 1, 2, 3, 4, 5, 6, 7, 8, 9, 10, 11, 12, 13, 14, 15], "columns": {"0": "12.05.2021", "1": "Status", "2": "P\u00e5g\u00e5ende"}, "data": [["12.05.2021", "Melding - Endringsmelding - til", NaN], [NaN, "info", NaN], ["12.05.2021", "Melding - Endringsmelding - til", NaN], [NaN, "info", NaN], ["12.05.2021", "Melding - Endringsmelding - til", NaN], [NaN, "info", NaN], ["12.05.2021", "Fiskeridirektoratets uttalelse til", NaN], [NaN, "endringsmelding", NaN], ["10.05.2021", "Havforskningsinstituttets", "Havforskningsinstituttet har ingen merknader til"], [NaN, "uttalelse til endringsmelding", "endringen i den planlagte unders\u00f8kelsen. Vurderingen"], [NaN, NaN, "er gjort med hensyn til aktive gytefelt og konsentrerte"], [NaN, NaN, "gytevandringer for aktuelle fiskebestander"], [NaN, NaN, "(p\u00e5virkningsavstand 20 nmi)"], ["05.05.2021", "Melding - Endringsmelding som", "Oppstart av selve surveyen er fremdeles beregnet til"], [NaN, "krever saksbehandling", "15.5, men det vil v\u00e6re \u00f8nskelig \u00e5 teste ut kanonene fra"], [NaN, NaN, "10.5. Dette vil v\u00e6re av sv\u00e6rt begrenset varighet."]]}, "3": {"index": [0, 1, 2, 3, 4, 5, 6, 7, 8, 9, 10, 11, 12, 13, 14, 15, 16, 17, 18, 19, 20, 21, 22, 23, 24, 25, 26, 27, 28, 29, 30, 31, 32, 33, 34, 35, 36, 37, 38], "columns": {"0": "10.03.2021", "1": "Oljedirektoratet uttalelse til", "2": "Oljedirektoratet (OD) viser til deres melding vedr\u00f8rende"}, "data": [[NaN, "innmelding", "denne unders\u00f8kelsen."], [NaN, NaN, "OD gj\u00f8r s\u00e6rlig oppmerksom p\u00e5 at fart\u00f8y som foretar en"], [NaN, NaN, "unders\u00f8kelse, skal holde forsvarlig avstand til fart\u00f8y"], [NaN, NaN, "som driver fiske, og til fastst\u00e5ende og flytende"], [NaN, NaN, "fiskeredskap. S\u00e6rlig aktsomhet skal utvises n\u00e5r st\u00f8rre"], [NaN, NaN, "ansamlinger av fiskefart\u00f8y observeres, jf. forskrift om"], [NaN, NaN, "ressursforvaltning innen petroleumsvirksomheten av"], [NaN, NaN, "13.12.2017 (ressursforskriften) \u00a7 8 andre ledd."], [NaN, NaN, "Det vises for \u00f8vrig til veileder om \"Gjennomf\u00f8ring av"], [NaN, NaN, "seismiske unders\u00f8kelser p\u00e5 norsk kontinentalsokkel\":"], [NaN, NaN, "OD viser til uttalelsene som er gitt av adressatene"], [NaN, NaN, "innenfor meldesystemet (jf. petroleumsforskriften \u00a7 6/"], [NaN, NaN, "ressursforskriften \u00a7 6), og har ingen merknader til at"], [NaN, NaN, "unders\u00f8kelsen  gjennomf\u00f8res som planlagt dersom"], [NaN, NaN, "disse tas til etterretning. Dette gjelder ogs\u00e5 eventuelt"], [NaN, NaN, "krav om fiskerikyndig fra Fiskeridirektoratet."], [NaN, NaN, "Dersom unders\u00f8kelsen aksepteres gjennomf\u00f8rt slik den"], [NaN, NaN, "er tilr\u00e5dd, stadfestes dette gjennom at det sendes inn"], [NaN, NaN, "melding om oppstart n\u00e5r unders\u00f8kelsen starter, jf."], [NaN, NaN, "ressursforskriften \u00a7 6, 3.ledd."], [NaN, NaN, "Skulle det oppst\u00e5 situasjoner i forbindelse med"], [NaN, NaN, "fiskeriaktiviteten, ber vi om \u00e5 bli underrettet om dette."], [NaN, NaN, "Unders\u00f8kelsen kan bli stanset eller endret p\u00e5 kort varsel"], [NaN, NaN, "dersom det oppst\u00e5r konflikt med fiskeriene."], [NaN, NaN, "OD gj\u00f8r ogs\u00e5 oppmerksom p\u00e5 at ev. endringer m\u00e5"], [NaN, NaN, "meldes inn i henhold til ressursforskriften \u00a7 6. Det er"], [NaN, NaN, "krav om at alle slike regelverkspliktige meldinger,"], [NaN, NaN, "herunder oppstartsmelding, endringsmelding,"], [NaN, NaN, "ukemelding og sluttmelding \u2013 skal rapporteres gjennom"], [NaN, NaN, "ODs innmeldingssystem for unders\u00f8kelser."], [NaN, NaN, "Rettighetshaver og/eller den som st\u00e5r for driften av"], [NaN, NaN, "fart\u00f8yet skal for \u00f8vrig gj\u00f8re relevant regelverk,"], [NaN, NaN, "dokumenter og data tilgjengelig for den fiskerikyndige."], [NaN, NaN, "Regelverk og dokumenter skal foreligge p\u00e5 b\u00e5de norsk"], [NaN, NaN, "og engelsk. Det skal ogs\u00e5 legges til rette for at den"], [NaN, NaN, "fiskerikyndige har tilgang til internett og andre"], [NaN, NaN, "n\u00f8dvendige hjelpemidler jf. ressursforskriften \u00a7 9."], ["10.03.2021", "Status", "Planlagt"], ["10.03.2021", "Status", "Planlagt"]]}, "4": {"index": [0, 1, 2, 3, 4, 5, 6, 7, 8, 9, 10, 11, 12, 13, 14, 15, 16, 17, 18], "columns": {"0": "08.03.2021", "1": "Fiskeridirektoratets uttalelse tilinnmelding", "2": "Det skal v\u00e6re fiskerikyndig bemanning p\u00e5 fart\u00f8yet somut\u00f8ver unders\u00f8kelsen, med mindre annet fremg\u00e5r avODs tilbakemelding.Det kan ventes mye fiske med redskap som er iber\u00f8ring med sj\u00f8bunnen: Notredskap (nordsj\u00f8sild):Periodevis intensivt notfiske etter nordsj\u00f8sild fom 17.mai.Snurrevad: Etter hvitfiskTr\u00e5l: Etter industrifisk, \u00d8kende fra slutten av mai og utperioden.Vi tilr\u00e5r at antall noder begrenses til et absoluttminimum. Fortrinnsvis burde unders\u00f8kelsen v\u00e6rt meldti en periode p\u00e5 \u00e5ret da det erfaringsmessig er mindreintensivt fiske i omr\u00e5det, f.eks f\u00f8r 17. mai og etterslutten av juli m\u00e5ned.", "3": "Unnamed: 0"}, "data": [["08.03.2021", "Havforskningsinstituttetsuttalelse til innmelding", "Havforskningsinstituttet har ingen merknader til denplanlagte unders\u00f8kelsen. Vurderingen er gjort medhensyn til aktive gytefelt og konsentrertegytevandringer for aktuelle fiskebestander(p\u00e5virkningsavstand 20 nmi) og forekomst av koraller", NaN], ["04.03.2021", "Status", "Under behandling", NaN], ["04.03.2021", "Melding - Innmelding", "Merk: navnene p\u00e5 hovedfart\u00f8yene m\u00e5 oppdateres: WGCook skal v\u00e6re SW Cook, og WG Tasman skal v\u00e6re SWTasman. Kallesignal og IMO nummer er korrekte.", NaN], [NaN, NaN, NaN, NaN], ["icences", NaN, NaN, NaN], ["Type of licence", "Licence name", NaN, NaN], ["Utvinningstillatelse", "001 B", NaN, NaN], ["Unders\u00f8kelsestillatelse", "726", NaN, NaN], [NaN, NaN, NaN, NaN], ["ompany the acquisition is done for", NaN, NaN, NaN], ["Company name", NaN, NaN, NaN], ["Aker BP ASA", NaN, NaN, NaN], [NaN, NaN, NaN, NaN], ["ompany doing the acquisition", NaN, NaN, NaN], ["Company name", NaN, NaN, NaN], ["Shearwater Geoservices Norway AS", NaN, NaN, NaN], [NaN, NaN, NaN, NaN], ["ata format", NaN, NaN, NaN], ["Type data", "Format", "Medium", "Comment"]]}, "5": {"index": [0], "columns": {"0": "Unnamed: 0"}, "data": [["essel"]]}, "6": {"index": [0, 1, 2, 3, 4, 5, 6, 7, 8], "columns": {"0": "Vessel Name", "1": "Type of vessel", "2": "Phone", "3": "IMO-number", "4": "Call", "5": "Nation"}, "data": [[NaN, NaN, "number", NaN, "signal", NaN], ["Ocean Dee", "F\u00f8lgefart\u00f8y", "9120889", 9486037.0, "ZDJY8", "Gibralt"], [NaN, NaN, NaN, NaN, NaN, "ar"], ["WG TASMAN", "Hovedfart\u00f8y", "+47 21 03", 9488542.0, "5BPB2", "Kypros"], [NaN, "(innsamlingsfa", "84 65", NaN, NaN, NaN], [NaN, "rt\u00f8y)", NaN, NaN, NaN, NaN], ["WG COOK", "Hovedfart\u00f8y", "+47 23 67", 9488554.0, "5BPC2", "Kypros"], [NaN, "(innsamlingsfa", "85 00", NaN, NaN, NaN], [NaN, "rt\u00f8y)", NaN, NaN, NaN, NaN]]}, "7": {"index": [0], "columns": {"0": "From date", "1": "To date", "2": "Name", "3": "Phone number"}, "data": [["12.05.2021", "20.06.2021", "Jan Sverre Trulsen", 91880345]]}, "8": {"index": [0, 1, 2, 3, 4], "columns": {"0": "Point", "1": "NS", "2": "NS minutes", "3": "Unnamed: 0", "4": "EW", "5": "EW minutes", "6": "Unnamed: 1"}, "data": [["number", "degrees", "(decimal)", NaN, "degrees", "(decimal)", NaN], ["1", "59", "0.70", "N", "2", "0.60", "E"], ["2", "59", "0.70", "N", "2", "24.76", "E"], ["3", "58", "50.04", "N", "2", "24.76", "E"], ["4", "58", "50.04", "N", "2", "0.60", "E"]]}, "9": {"index": [0, 1, 2, 3, 4], "columns": {"0": "Point", "1": "NS", "2": "NS.1", "3": "NS.2", "4": "Unnamed: 0", "5": "EW", "6": "EW.1", "7": "EW.2", "8": "Unnamed: 1"}, "data": [["number", "degrees", "minutes", "seconds", NaN, "degrees", "minutes", "seconds", NaN], ["1", "59", "0", "42.09", "N", "2", "0", "35.83", "E"], ["2", "59", "0", "42.07", "N", "2", "24", "45.79", "E"], ["3", "58", "50", "2.10", "N", "2", "24", "45.76", "E"], ["4", "58", "50", "2.11", "N", "2", "0", "35.80", "E"]]}, "kind": "osdu:wks:master-data--Survey:1.0.0 ", "id": "npd:master-data--Factpages-Survey:10036"}