{"0": {"index": [0, 1, 2, 3, 4, 5, 6], "columns": {"0": "Field name", "1": "TROLL BRENT B"}, "data": [["Factmaps in new window", "link to map"], ["Current activity status", "Shut down"], ["Discovery wellbore", "31/2-N-11 H"], ["Discovery year.", "2005"], ["Main area", "North sea"], ["Main supply base", "Mongstad"], ["NPDID field", "29398828"]]}, "1": {"index": [0, 1, 2], "columns": {"0": "Status", "1": "Status from", "2": "Status to"}, "data": [["Shut down", "28.05.2017", NaN], ["Approved for", "06.04.2017", "27.05.2017"], ["production", NaN, NaN]]}, "2": {"index": [0], "columns": {"0": "Unnamed: 0", "1": "Block name", "2": "Prod. licence"}, "data": [["31/2", NaN, 54]]}, "3": {"index": [0], "columns": {"0": "Owner kind", "1": "Unnamed: 0", "2": "Owner name"}, "data": [["PRODUCTION LICENSE", 54, NaN]]}, "4": {"index": [0, 1, 2, 3], "columns": {"0": "Unnamed: 0", "1": "Company name", "2": "Nation code", "3": "Company share [%]"}, "data": [["Petoro AS", NaN, "NO", 40.8], ["A/S Norske Shell", NaN, "NO", 25.9], ["Equinor Energy AS", NaN, "NO", 24.41802], ["ConocoPhillips Skandinavia AS", NaN, "NO", 5.19102]]}, "5": {"index": [], "columns": {"0": "TotalEnergies EP Norge AS", "1": "NO", "2": "3.690960"}, "data": []}, "6": {"index": [], "columns": {"0": "Orig. recoverableoil[mill Sm3]", "1": "Orig. recoverablegas[bill Sm3]", "2": "Orig. recoverableNGL[mill tonn]", "3": "Orig. recoverablecond.[mill Sm3]", "4": "Orig. recoverableoil eq.[mill Sm3 o.e]"}, "data": []}, "7": {"index": [0, 1, 2, 3, 4], "columns": {"0": "Type", "1": "Text", "2": "Dateupdated"}, "data": [["Development", "Troll Brent B is a field near the Troll field in the northern part ofthe North Sea. The water depth is 340 metres. Troll Brent B wasdiscovered in 2005, and was granted an exemption from theplan for development and operation (PDO) in 2017. Troll BrentB was planned to be developed with one multilateral productionwell drilled from the O-template connected to Troll C.", "28.02.2023"], ["Reservoir", "The reservoir contains oil in sandstone of Middle Jurassic age inthe Brent Group, stratigraphically underlying producingreservoirs on the Troll field. The reservoir lies at a depth of1,900 metres.", "28.02.2023"], ["Recovery strategy", "The field was planned to be produced by pressure depletion.", "28.02.2023"], ["Transport", "There was no production from Troll Brent B.", "28.02.2023"], ["Status", "During drilling of the production well, oil reserves were provento be significantly lower than originally assumed. It wastherefore decided to be uneconomical to start production on theTroll Brent B field. The well was plugged, but the well slot isavailable to be used for potential new targets on Troll Vest.", NaN]]}, "8": {"index": [0, 1, 2], "columns": {"0": "Unnamed: 0", "1": "Investments[mill NOK nominalvalues]"}, "data": [["Sum", 185], ["2018", 0], ["2017", 185]]}, "9": {"index": [], "columns": {"0": "Unnamed: 0", "1": "Month", "2": "Net - oil[mill Sm3]", "3": "Net - gas[bill Sm3]", "4": "Net -condensate[mill Sm3]", "5": "Net - NGL[mill Sm3]", "6": "Net - oil equivalents[mill Sm3]"}, "data": []}, "10": {"index": [], "columns": {"0": "Unnamed: 0", "1": "Month", "2": "Gross - oil[mill Sm3]", "3": "Gross - gas[bill Sm3]", "4": "Gross -condensate[mill Sm3]", "5": "Gross - oilequivalents[mill Sm3]"}, "data": []}, "11": {"index": [], "columns": {"0": "Unnamed: 0"}, "data": []}, "12": {"index": [], "columns": {"0": "Unnamed: 0"}, "data": []}, "13": {"index": [0], "columns": {"0": "Wellbore name", "1": "Entered date", "2": "Completed", "3": "Purpose", "4": "Status", "5": "Content"}, "data": [[NaN, NaN, "date", NaN, NaN, NaN]]}, "14": {"index": [0, 1, 2, 3], "columns": {"0": "Wellbore name", "1": "Entered date", "2": "Completed", "3": "Purpose", "4": "Content"}, "data": [[NaN, NaN, "date", NaN, NaN], ["31/2-O-24 Y1H", "27.04.2013", "28.05.2017", "PRODUCTION", "OIL"], ["31/2-O-24 Y2H", NaN, NaN, "PRODUCTION", "NOT"], [NaN, NaN, NaN, NaN, "APPLICABLE"]]}, "15": {"index": [0], "columns": {"0": "Wellbore name", "1": "Entered date", "2": "Completed", "3": "Purpose", "4": "Status"}, "data": [[NaN, NaN, "date", NaN, NaN]]}, "kind": "osdu:wks:master-data--Field:1.0.0 ", "id": "npd:master-data--Factpages-Field:29398828"}