{"0": {"index": [0, 1, 2, 3, 4, 5, 6], "columns": {"0": "Field name", "1": "FR\u00d8Y"}, "data": [["Factmaps in new window", "link to map"], ["Current activity status", "Shut down"], ["Discovery wellbore", "25/5-1"], ["Discovery year.", "1987"], ["Main area", "North sea"], ["Main supply base", NaN], ["NPDID field", "43597"]]}, "1": {"index": [0, 1, 2, 3], "columns": {"0": "Status", "1": "Status from", "2": "Status to"}, "data": [["Shut down", "05.03.2001", NaN], ["Producing", "15.05.1995", "04.03.2001"], ["Approved for", "18.05.1992", "14.05.1995"], ["production", NaN, NaN]]}, "2": {"index": [0, 1], "columns": {"0": "Unnamed: 0", "1": "Block name", "2": "Prod. licence"}, "data": [["25/5", NaN, 364], ["25/2", NaN, 364]]}, "3": {"index": [0], "columns": {"0": "Owner kind", "1": "Unnamed: 0", "2": "Owner name"}, "data": [["PRODUCTION LICENSE", 364, NaN]]}, "4": {"index": [0, 1], "columns": {"0": "Unnamed: 0", "1": "Company name", "2": "Nation code", "3": "Company share [%]"}, "data": [["Aker BP ASA", NaN, "NO", 87.7], ["PGNiG Upstream Norway AS", NaN, "NO", 12.3]]}, "5": {"index": [0, 1, 2], "columns": {"0": "Orig. recoverable", "1": "Orig. recoverable.1", "2": "Orig. recoverable.2", "3": "Orig. recoverable.3", "4": "Orig. recoverable.4"}, "data": [["oil", "gas", "NGL", "cond.", "oil eq."], ["[mill Sm3]", "[bill Sm3]", "[mill tonn]", "[mill Sm3]", "[mill Sm3 o.e]"], ["5.55", "1.61", "0.00", "0.11", "7.27"]]}, "6": {"index": [0, 1], "columns": {"0": "Remaining oil", "1": "Remaining gas", "2": "Remaining NGL", "3": "Remaining cond.", "4": "Remaining oil eq."}, "data": [["[mill Sm3]", "[bill Sm3]", "[mill tonn]", "[mill Sm3]", "[mill Sm3 o.e]"], ["0.00", "0.00", "0.00", "0.00", "0.00"]]}, "7": {"index": [0, 1, 2], "columns": {"0": "Orig. inplace oil", "1": "Orig. inplace ass.", "2": "Orig. inplace ass..1", "3": "Orig. inplace free"}, "data": [["[mill Sm3]", "liquid", "gas", "gas"], [NaN, "[mill Sm3]", "[bill Sm3]", "[bill Sm3]"], ["28.00", "0.00", "6.00", "0.00"]]}, "8": {"index": [0, 1, 2, 3, 4, 5, 6, 7, 8, 9, 10, 11, 12, 13, 14, 15, 16, 17, 18, 19], "columns": {"0": "Type", "1": "Text", "2": "Date"}, "data": [[NaN, NaN, "updated"], ["Development", "Fr\u00f8y is a field in the central part of the North Sea, 22 kilometres", "28.02.2023"], [NaN, "northeast of the Heimdal field. The water depth is 120 metres.", NaN], [NaN, "Fr\u00f8y was discovered in 1987, and the plan for development and", NaN], [NaN, "operation (PDO) was approved in 1992. The field was developed", NaN], [NaN, "with a wellhead facility with 15 well slots. Production started in", NaN], [NaN, "1995.", NaN], ["Reservoir", "Fr\u00f8y produced oil from Jurassic sandstone in the Brent Group at", "28.02.2023"], [NaN, "a depth of 3,200-3,300 metres.", NaN], ["Recovery strategy", "The field was produced by pressure support from water", "28.02.2023"], [NaN, "injection.", NaN], ["Transport", "The well stream was transported by pipeline to the Frigg field", "28.02.2023"], [NaN, "for treatment and metering, and transported further via pipeline", NaN], [NaN, "to the terminal of the Shell-Esso Gas and Liquids (SEGAL)", NaN], [NaN, "system at St Fergus in the UK.", NaN], ["Status", "The field was shut down in 2001 and the facility was removed in", "28.02.2023"], [NaN, "2002. Fr\u00f8y is planned to be redeveloped with a normally", NaN], [NaN, "unmanned platform as part of the development of the area", NaN], [NaN, "between the Oseberg and Alvheim fields. A PDO for the area", NaN], [NaN, "was submitted in December 2022.", NaN]]}, "9": {"index": [0, 1, 2, 3, 4, 5, 6, 7, 8, 9, 10, 11, 12, 13, 14, 15, 16, 17, 18, 19, 20, 21, 22, 23, 24, 25], "columns": {"0": "Unnamed: 0", "1": "Investments"}, "data": [[NaN, "[mill NOK nominal"], [NaN, "values]"], ["Sum", "5551"], ["2014", "0"], ["2013", "0"], ["2012", "0"], ["2011", "0"], ["2010", "0"], ["2009", "19"], ["2008", "0"], ["2007", "0"], ["2006", "0"], ["2005", "0"], ["2004", "0"], ["2003", "0"], ["2002", "0"], ["2001", "0"], ["2000", "0"], ["1999", "0"], ["1998", "0"], ["1997", "0"], ["1996", "135"], ["1995", "1019"], ["1994", "2518"], ["1993", "1666"], ["1992", "194"]]}, "10": {"index": [0, 1, 2, 3, 4, 5, 6, 7, 8, 9, 10, 11], "columns": {"0": "Unnamed: 0", "1": "Month", "2": "Net - oil", "3": "Net - gas", "4": "Net -", "5": "Net - NGL", "6": "Net - oil equivalents"}, "data": [[NaN, NaN, "[mill Sm3]", "[bill Sm3]", "condensate", "[mill Sm3]", NaN], [NaN, NaN, NaN, NaN, "[mill Sm3]", NaN, "[mill Sm3]"], ["Sum", NaN, "5.553710", "1.605697", "0.105271", "0.000000", "7.264678"], ["2001", NaN, "0.036121", "0.041636", "0.000590", "0.000000", "0.078347"], [NaN, 1.0, "0.013487", "0.027258", "0.000263", "0.000000", "0.041008"], [NaN, 2.0, "0.009555", "0.015895", "0.000120", "0.000000", "0.025570"], [NaN, 3.0, "0.012225", "-0.001175", "0.000243", "0.000000", "0.011293"], [NaN, 4.0, "-0.000038", "-0.000342", "-0.000036", "0.000000", "-0.000416"], [NaN, 5.0, "0.000892", "0.000000", "0.000000", "0.000000", "0.000892"], ["2000", NaN, "0.262625", "0.358176", "0.015720", "0.000000", "0.636521"], [NaN, 1.0, "0.029203", "0.027478", "0.000157", "0.000000", "0.056838"], [NaN, 2.0, "0.027395", "0.027319", "0.000227", "0.000000", "0.054941"]]}, "11": {"index": [0, 1, 2, 3, 4, 5, 6, 7, 8, 9, 10, 11, 12, 13, 14, 15, 16, 17, 18, 19, 20, 21, 22, 23, 24, 25, 26, 27, 28, 29, 30, 31, 32, 33, 34, 35, 36, 37, 38, 39, 40, 41], "columns": {"0": "2000", "1": "3", "2": "0.026345", "3": "0.031634", "4": "0.000209", "5": "0.000000", "6": "0.058188"}, "data": [[NaN, 4.0, 0.02507, 0.028015, 0.000221, 0.0, 0.053306], [NaN, 5.0, 0.026283, 0.030028, 0.000141, 0.0, 0.056452], [NaN, 6.0, 0.024238, 0.03435, 0.000299, 0.0, 0.058887], [NaN, 7.0, 0.022481, 0.03164, 0.002295, 0.0, 0.056416], [NaN, 8.0, 0.020012, 0.042779, 0.005239, 0.0, 0.06803], [NaN, 9.0, 0.017053, 0.028297, 0.004799, 0.0, 0.050149], [NaN, 10.0, 0.015967, 0.026398, 0.000559, 0.0, 0.042924], [NaN, 11.0, 0.014961, 0.025899, 0.000458, 0.0, 0.041318], [NaN, 12.0, 0.013617, 0.024339, 0.001116, 0.0, 0.039072], [1999.0, NaN, 0.493473, 0.248878, 0.027293, 0.0, 0.769644], [NaN, 1.0, 0.05189, 0.020749, 0.000733, 0.0, 0.073372], [NaN, 2.0, 0.048484, 0.020837, 0.000325, 0.0, 0.069646], [NaN, 3.0, 0.048303, 0.026789, 0.000488, 0.0, 0.07558], [NaN, 4.0, 0.040169, 0.023189, 0.000886, 0.0, 0.064244], [NaN, 5.0, 0.051069, 0.033432, 0.002868, 0.0, 0.087369], [NaN, 6.0, 0.02995, 0.018837, 0.004739, 0.0, 0.053526], [NaN, 7.0, 0.052759, 0.023708, 0.003684, 0.0, 0.080151], [NaN, 8.0, 0.039151, 0.023169, 0.004229, 0.0, 0.066549], [NaN, 9.0, 0.033564, 0.025844, 0.005123, 0.0, 0.064531], [NaN, 10.0, 0.031998, -0.008152, 0.003811, 0.0, 0.027657], [NaN, 11.0, 0.032559, 0.014965, 0.000168, 0.0, 0.047692], [NaN, 12.0, 0.033577, 0.025511, 0.000239, 0.0, 0.059327], [1998.0, NaN, 0.715792, 0.169109, 0.01658, 0.0, 0.901481], [NaN, 1.0, 0.087298, 0.020257, 0.000716, 0.0, 0.108271], [NaN, 2.0, 0.06702, 0.016652, 0.000523, 0.0, 0.084195], [NaN, 3.0, 0.068246, 0.016362, 0.000626, 0.0, 0.085234], [NaN, 4.0, 0.068458, 0.016218, 0.000523, 0.0, 0.085199], [NaN, 5.0, 0.049486, 0.013169, 0.000539, 0.0, 0.063194], [NaN, 6.0, 0.05221, 0.011321, 0.002059, 0.0, 0.06559], [NaN, 7.0, 0.068169, 0.016705, 0.001932, 0.0, 0.086806], [NaN, 8.0, 0.070356, 0.020567, 0.003186, 0.0, 0.094109], [NaN, 9.0, 0.046333, 0.006989, 0.001663, 0.0, 0.054985], [NaN, 10.0, 0.048701, 0.011143, 0.001232, 0.0, 0.061076], [NaN, 11.0, 0.045626, 0.010165, 0.001382, 0.0, 0.057173], [NaN, 12.0, 0.043889, 0.009561, 0.002199, 0.0, 0.055649], [1997.0, NaN, 1.396, 0.288777, 0.017327, 0.0, 1.702104], [1.0, 0.130567, 0.024839, 0.000731, 0.0, 0.156137, NaN], [2.0, 0.132109, 0.027189, 0.000857, 0.0, 0.160155, NaN], [3.0, 0.136606, 0.027362, 0.000734, 0.0, 0.164702, NaN], [4.0, 0.126557, 0.02441, 0.000774, 0.0, 0.151741, NaN], [5.0, 0.150613, 0.034499, 0.002041, 0.0, 0.187153, NaN], [6.0, 0.063528, 0.013077, 0.000866, 0.0, 0.077471, NaN]]}, "12": {"index": [0, 1, 2, 3, 4, 5, 6, 7, 8, 9, 10, 11, 12, 13, 14, 15, 16, 17, 18, 19, 20, 21, 22, 23, 24, 25, 26], "columns": {"0": "1997", "1": "7", "2": "0.136987", "3": "0.023464", "4": "0.001698", "5": "0.000000", "6": "0.162149"}, "data": [[NaN, 8.0, 0.112491, 0.026225, 0.00369, 0.0, 0.142406], [NaN, 9.0, 0.112708, 0.023902, 0.002702, 0.0, 0.139312], [NaN, 10.0, 0.125907, 0.022551, 0.001311, 0.0, 0.149769], [NaN, 11.0, 0.081375, 0.024209, 0.00118, 0.0, 0.106764], [NaN, 12.0, 0.086552, 0.01705, 0.000743, 0.0, 0.104345], [1996.0, NaN, 1.778382, 0.345498, 0.022814, 0.0, 2.146694], [NaN, 1.0, 0.135539, 0.022515, 0.001051, 0.0, 0.159105], [NaN, 2.0, 0.157224, 0.030177, 0.000675, 0.0, 0.188076], [3.0, 0.155896, 0.02848, 0.001069, 0.0, 0.185445, NaN], [4.0, 0.173752, 0.031525, 0.001357, 0.0, 0.206634, NaN], [NaN, 5.0, 0.172382, 0.031719, 0.001944, 0.0, 0.206045], [NaN, 6.0, 0.12527, 0.023953, 0.003822, 0.0, 0.153045], [NaN, 7.0, 0.17267, 0.030079, 0.004167, 0.0, 0.206916], [NaN, 8.0, 0.145544, 0.029624, 0.001622, 0.0, 0.17679], [NaN, 9.0, 0.126514, 0.024932, 0.001651, 0.0, 0.153097], [NaN, 10.0, 0.153457, 0.031129, 0.002597, 0.0, 0.187183], [NaN, 11.0, 0.11822, 0.030151, 0.001453, 0.0, 0.149824], [NaN, 12.0, 0.141914, 0.031214, 0.001406, 0.0, 0.174534], [1995.0, NaN, 0.871317, 0.153623, 0.004947, 0.0, 1.029887], [5.0, 0.012217, 0.00185, 2e-06, 0.0, 0.014069, NaN], [6.0, 0.041553, 0.006735, 0.000173, 0.0, 0.048461, NaN], [7.0, 0.119492, 0.017309, 0.000575, 0.0, 0.137376, NaN], [8.0, 0.147911, 0.028568, 0.001193, 0.0, 0.177672, NaN], [9.0, 0.110109, 0.018271, 0.000385, 0.0, 0.128765, NaN], [10.0, 0.166527, 0.030441, 0.001293, 0.0, 0.198261, NaN], [11.0, 0.127866, 0.026435, 0.000839, 0.0, 0.15514, NaN], [12.0, 0.145642, 0.024014, 0.000487, 0.0, 0.170143, NaN]]}, "13": {"index": [0, 1, 2, 3, 4, 5, 6, 7, 8, 9, 10], "columns": {"0": "Unnamed: 0", "1": "Month", "2": "Gross - oil[mill Sm3]", "3": "Gross - gas[bill Sm3]", "4": "Gross -condensate[mill Sm3]", "5": "Gross - oilequivalents[mill Sm3]"}, "data": [["Sum", NaN, 5.879093, 1.731848, 0.0, 7.610941], ["2001", NaN, 0.03306, 0.052219, 0.0, 0.085279], [NaN, 1.0, 0.01643, 0.02853, 0.0, 0.04496], [NaN, 2.0, 0.011954, 0.020278, 0.0, 0.032232], [NaN, 3.0, 0.004676, 0.003411, 0.0, 0.008087], [NaN, 4.0, 0.0, 0.0, 0.0, 0.0], [NaN, 5.0, 0.0, 0.0, 0.0, 0.0], ["2000", NaN, 0.301806, 0.371769, 0.0, 0.673575], ["1", 0.030055, 0.0266, 0.0, 0.056655, NaN], ["2", 0.028015, 0.028074, 0.0, 0.056089, NaN], ["3", 0.027184, 0.029523, 0.0, 0.056707, NaN]]}, "14": {"index": [0, 1, 2, 3, 4, 5, 6, 7, 8, 9, 10, 11, 12, 13, 14, 15, 16, 17, 18, 19, 20, 21, 22, 23, 24, 25, 26, 27, 28, 29, 30, 31, 32, 33, 34, 35, 36, 37, 38, 39, 40, 41], "columns": {"0": "2000", "1": "4", "2": "0.025739", "3": "0.028096", "4": "0.000000", "5": "0.053835"}, "data": [[NaN, 5.0, 0.028234, 0.032251, 0.0, 0.060485], [NaN, 6.0, 0.028219, 0.033007, 0.0, 0.061226], [NaN, 7.0, 0.029217, 0.036012, 0.0, 0.065229], [NaN, 8.0, 0.025143, 0.034453, 0.0, 0.059596], [NaN, 9.0, 0.023669, 0.032349, 0.0, 0.056018], [NaN, 10.0, 0.018395, 0.032377, 0.0, 0.050772], [NaN, 11.0, 0.020581, 0.030362, 0.0, 0.050943], [NaN, 12.0, 0.017355, 0.028665, 0.0, 0.04602], [1999.0, NaN, 0.513435, 0.307769, 0.0, 0.821204], [NaN, 1.0, 0.05008, 0.022645, 0.0, 0.072725], [NaN, 2.0, 0.04989, 0.02479, 0.0, 0.07468], [NaN, 3.0, 0.049676, 0.029617, 0.0, 0.079293], [NaN, 4.0, 0.044525, 0.028656, 0.0, 0.073181], [NaN, 5.0, 0.052544, 0.034351, 0.0, 0.086895], [NaN, 6.0, 0.031304, 0.020772, 0.0, 0.052076], [NaN, 7.0, 0.054913, 0.029176, 0.0, 0.084089], [NaN, 8.0, 0.041574, 0.028681, 0.0, 0.070255], [NaN, 9.0, 0.035954, 0.022267, 0.0, 0.058221], [NaN, 10.0, 0.033762, 0.019561, 0.0, 0.053323], [NaN, 11.0, 0.033913, 0.02066, 0.0, 0.054573], [NaN, 12.0, 0.0353, 0.026593, 0.0, 0.061893], [1998.0, NaN, 0.740159, 0.201224, 0.0, 0.941383], [NaN, 1.0, 0.091166, 0.026492, 0.0, 0.117658], [NaN, 2.0, 0.068507, 0.018528, 0.0, 0.087035], [NaN, 3.0, 0.071413, 0.018022, 0.0, 0.089435], [NaN, 4.0, 0.07188, 0.018615, 0.0, 0.090495], [NaN, 5.0, 0.051284, 0.014716, 0.0, 0.066], [NaN, 6.0, 0.055895, 0.015141, 0.0, 0.071036], [NaN, 7.0, 0.069557, 0.017823, 0.0, 0.08738], [NaN, 8.0, 0.07268, 0.018135, 0.0, 0.090815], [NaN, 9.0, 0.049026, 0.012636, 0.0, 0.061662], [NaN, 10.0, 0.050182, 0.013361, 0.0, 0.063543], [NaN, 11.0, 0.046846, 0.012526, 0.0, 0.059372], [NaN, 12.0, 0.041723, 0.015229, 0.0, 0.056952], [1997.0, NaN, 1.453292, 0.300428, 0.0, 1.75372], [1.0, 0.136362, 0.024898, 0.0, 0.16126, NaN], [2.0, 0.135401, 0.024698, 0.0, 0.160099, NaN], [3.0, 0.141191, 0.026537, 0.0, 0.167728, NaN], [4.0, 0.131509, 0.025215, 0.0, 0.156724, NaN], [5.0, 0.154734, 0.029841, 0.0, 0.184575, NaN], [6.0, 0.066897, 0.012383, 0.0, 0.07928, NaN], [7.0, 0.140662, 0.027017, 0.0, 0.167679, NaN]]}, "15": {"index": [0, 1, 2, 3, 4, 5, 6, 7, 8, 9, 10, 11, 12, 13, 14, 15, 16, 17, 18, 19, 20, 21, 22, 23, 24, 25], "columns": {"0": "1997", "1": "8", "2": "0.118865", "3": "0.024696", "4": "0.000000", "5": "0.143561"}, "data": [[NaN, 9.0, 0.122152, 0.027105, 0.0, 0.149257], [NaN, 10.0, 0.129714, 0.028322, 0.0, 0.158036], [NaN, 11.0, 0.086585, 0.023186, 0.0, 0.109771], [NaN, 12.0, 0.08922, 0.02653, 0.0, 0.11575], [1996.0, NaN, 1.899218, 0.342798, 0.0, 2.242016], [NaN, 1.0, 0.146637, 0.024467, 0.0, 0.171104], [NaN, 2.0, 0.169522, 0.026201, 0.0, 0.195723], [NaN, 3.0, 0.169678, 0.027424, 0.0, 0.197102], [NaN, 4.0, 0.190807, 0.031314, 0.0, 0.222121], [NaN, 5.0, 0.188115, 0.029462, 0.0, 0.217577], [NaN, 6.0, 0.137073, 0.021687, 0.0, 0.15876], [NaN, 7.0, 0.184483, 0.030585, 0.0, 0.215068], [NaN, 8.0, 0.158292, 0.032547, 0.0, 0.190839], [NaN, 9.0, 0.134498, 0.026338, 0.0, 0.160836], [NaN, 10.0, 0.159277, 0.033162, 0.0, 0.192439], [NaN, 11.0, 0.125019, 0.02895, 0.0, 0.153969], [NaN, 12.0, 0.135817, 0.030661, 0.0, 0.166478], [1995.0, NaN, 0.938123, 0.155641, 0.0, 1.093764], [5.0, 0.025763, 0.004767, 0.0, 0.03053, NaN], [6.0, 0.047188, 0.007295, 0.0, 0.054483, NaN], [7.0, 0.125724, 0.021943, 0.0, 0.147667, NaN], [8.0, 0.150632, 0.025239, 0.0, 0.175871, NaN], [9.0, 0.116412, 0.01936, 0.0, 0.135772, NaN], [10.0, 0.171623, 0.028027, 0.0, 0.19965, NaN], [11.0, 0.137893, 0.022217, 0.0, 0.16011, NaN], [12.0, 0.162888, 0.026793, 0.0, 0.189681, NaN]]}, "16": {"index": [0, 1, 2, 3], "columns": {"0": "Wellbore name", "1": "Entered date", "2": "Completeddate", "3": "Purpose", "4": "Status", "5": "Content"}, "data": [["25/2-14", "25.01.1991", "30.03.1991", "APPRAISAL", "P&A", "DRY"], ["25/5-1", "12.05.1987", "01.08.1987", "WILDCAT", "P&A", "OIL"], ["25/5-1 A", "01.08.1987", "16.09.1987", "APPRAISAL", "P&A", "OIL"], ["25/5-2", "18.04.1989", "04.07.1989", "APPRAISAL", "P&A", "OIL"]]}, "17": {"index": [0, 1, 2, 3, 4, 5, 6, 7, 8, 9, 10, 11], "columns": {"0": "Wellbore name", "1": "Entered date", "2": "Completeddate", "3": "Purpose", "4": "Content"}, "data": [["25/5-A-1", "16.05.1993", "26.03.1994", "PRODUCTION", "OIL"], ["25/5-A-2", "14.07.1993", "11.09.1993", "INJECTION", "NOTAPPLICABLE"], ["25/5-A-2 A", "08.09.1995", "29.09.1995", "INJECTION", "WATER"], ["25/5-A-3", "02.10.1993", "22.11.1993", "INJECTION", "WATER"], ["25/5-A-4", "23.12.1993", "13.02.1994", "PRODUCTION", "OIL"], ["25/5-A-5", "28.09.1994", "23.10.1994", "PRODUCTION", "OIL"], ["25/5-A-6", "02.11.1994", "20.12.1994", "PRODUCTION", "DRY"], ["25/5-A-6 A", "22.12.1994", "17.01.1995", "PRODUCTION", "OIL"], ["25/5-A-7", "26.01.1995", "13.07.1995", "INJECTION", "WATER"], ["25/5-A-8", "10.10.1995", "17.11.1995", "PRODUCTION", "OIL"], ["25/5-A-9", "25.07.1995", "16.08.1995", "INJECTION", "WATER"], ["25/5-A-10", "28.11.1995", "14.02.1996", "INJECTION", "WATER"]]}, "18": {"index": [0, 1, 2, 3, 4, 5, 6, 7, 8, 9], "columns": {"0": "Wellbore name", "1": "Entered date", "2": "Completeddate", "3": "Purpose", "4": "Status"}, "data": [["25/5-U-1", "13.05.1992", "14.05.1992", "SOILDRILLING", "P&A"], ["25/5-U-2", "14.05.1992", "15.05.1992", "SOILDRILLING", "P&A"], ["25/5-U-3", "16.05.1992", "17.05.1992", "SOILDRILLING", "P&A"], ["25/5-U-4", "17.05.1992", "18.05.1992", "SOILDRILLING", "P&A"], ["25/5-U-5", "18.05.1992", "19.05.1992", "SOILDRILLING", "P&A"], ["25/5-U-6", "19.05.1992", "20.05.1992", "SOILDRILLING", "P&A"], ["25/5-U-10", "10.01.2008", "14.01.2008", "SOILDRILLING", "P&A"], ["25/5-U-11", "10.01.2008", "14.01.2008", "SOILDRILLING", "P&A"], ["25/5-U-12", "10.01.2008", "14.01.2008", "SOILDRILLING", "P&A"], ["25/5-U-21", NaN, NaN, "SOILDRILLING", NaN]]}, "19": {"index": [0, 1, 2, 3], "columns": {"0": "25/5-U-22", "1": "Unnamed: 0", "2": "Unnamed: 1", "3": "SOILDRILLING", "4": "Unnamed: 2"}, "data": [["25/5-U-23", NaN, NaN, "SOILDRILLING", NaN], ["25/5-U-24", NaN, NaN, "SOILDRILLING", NaN], ["25/5-U-25", NaN, NaN, "SOILDRILLING", NaN], ["25/5-U-26", "14.04.2021", "15.04.2021", "SHALLOWGAS", "PLUGGED"]]}, "kind": "osdu:wks:master-data--Field:1.0.0 ", "id": "npd:master-data--Factpages-Field:43597"}