{"0": {"index": [0, 1, 2, 3, 4, 5, 6, 7, 8, 9, 10, 11, 12, 13, 14, 15, 16, 17, 18, 19, 20, 21, 22, 23, 24], "columns": {"0": "eneral information", "1": "Unnamed: 0"}, "data": [["Survey name", "EQ21302"], ["Legal basis", "Petroleumsforskriften jf Ressursforskriften"], ["NPDID for survey", "10028"], ["Factmaps - new window", "link to map"], ["Status", "Ferdig"], ["Area", "Nordsj\u00f8en"], ["Market available", "Ja"], ["Category", "Seismisk unders\u00f8kelse"], ["Main type", "Borestedunders\u00f8kelse"], ["Sub type", "2D"], ["Company - responsible", "Equinor Energy AS"], ["Source type", "seismicSource"], ["Number of sources", "1"], ["Source size", "160"], ["Source pressure", "2000"], ["Sensor type", "cables"], ["Numbers of sensors", NaN], ["Sensor length [m]", "1200"], ["Sensor width [m]", NaN], ["Start date - planned", "22.04.2021"], ["Start date", "02.05.2021"], ["Completed date - planned", "09.06.2021"], ["Completed date", "18.05.2021"], ["Total length [boat km]", "315"], ["Net area - actual 3D/4D [km2]", "49.00"]]}, "1": {"index": [], "columns": {"0": "Unnamed: 0"}, "data": []}, "2": {"index": [0, 1, 2, 3, 4, 5], "columns": {"0": "Date", "1": "Type of update", "2": "Information"}, "data": [["18.05.2021", "Melding - Unders\u00f8kelsen er ferdig", NaN], ["18.05.2021", "Melding - Ordin\u00e6r ukemelding", "-"], ["18.05.2021", "Status", "Ferdig"], ["10.05.2021", "Melding - Ordin\u00e6r ukemelding", "+ 7 CPT M\u00e5linger -"], ["02.05.2021", "Status", "P\u00e5g\u00e5ende"], ["02.05.2021", "Melding - Unders\u00f8kelsen startesopp", NaN]]}, "3": {"index": [0, 1, 2, 3, 4, 5, 6, 7, 8, 9, 10, 11, 12, 13, 14, 15, 16], "columns": {"0": "31.03.2021", "1": "Oljedirektoratets uttalelse til", "2": "Oljedirektoratet (OD) viser til melding om endring av"}, "data": [[NaN, "endringsmelding", "omr\u00e5de for unders\u00f8kelsen. P\u00e5 bakgrunn av innmeldt"], [NaN, NaN, "endring og nye uttalelser fra Havforskningsinstituttet og"], [NaN, NaN, "Fiskeridirektoratet, har OD ingen ytterligere merknader"], [NaN, NaN, "til at unders\u00f8kelsen kan gjennomf\u00f8res som planlagt"], [NaN, NaN, "dersom disse blir fulgt."], ["27.03.2021", "Fiskeridirektoratets uttalelse til", NaN], [NaN, "endringsmelding", NaN], ["26.03.2021", "Havforskningsinstituttets", "Det er laget et nytt kart for perioden 15 - 30 april. HI"], [NaN, "uttalelse til endringsmelding", "antar at det menes at det ikke blir brukt seismikk i den"], [NaN, NaN, "vesle firkanten markert med gr\u00e5tt i perioden fra og med"], [NaN, NaN, "15. til og med 30. april. I s\u00e5 fall har"], [NaN, NaN, "Havforskningsinstituttet  ingen merknader til den"], [NaN, NaN, "planlagte unders\u00f8kelsen. Vurderingen er gjort med"], [NaN, NaN, "hensyn til aktive gytefelt og konsentrerte"], [NaN, NaN, "gytevandringer for aktuelle fiskebestander"], [NaN, NaN, "(p\u00e5virkningsavstand 5 nmi)."], ["22.03.2021", "Status", "Planlagt"]]}, "4": {"index": [0, 1, 2, 3, 4, 5, 6, 7, 8, 9, 10, 11, 12, 13, 14, 15, 16, 17, 18, 19, 20, 21, 22, 23, 24, 25, 26, 27, 28, 29, 30, 31, 32, 33, 34, 35, 36, 37, 38, 39, 40, 41, 42, 43, 44, 45], "columns": {"0": "22.03.2021", "1": "Oljedirektoratet uttalelse til", "2": "Oljedirektoratet (OD) viser til deres melding vedr\u00f8rende"}, "data": [[NaN, "innmelding", "denne unders\u00f8kelsen."], [NaN, NaN, "OD gj\u00f8r s\u00e6rlig oppmerksom p\u00e5 at fart\u00f8y som foretar en"], [NaN, NaN, "unders\u00f8kelse, skal holde forsvarlig avstand til fart\u00f8y"], [NaN, NaN, "som driver fiske, og til fastst\u00e5ende og flytende"], [NaN, NaN, "fiskeredskap. S\u00e6rlig aktsomhet skal utvises n\u00e5r st\u00f8rre"], [NaN, NaN, "ansamlinger av fiskefart\u00f8y observeres, jf. forskrift om"], [NaN, NaN, "ressursforvaltning innen petroleumsvirksomheten av"], [NaN, NaN, "13.12.2017 (ressursforskriften) \u00a7 8 andre ledd."], [NaN, NaN, "Det vises for \u00f8vrig til veileder om \"Gjennomf\u00f8ring av"], [NaN, NaN, "seismiske unders\u00f8kelser p\u00e5 norsk kontinentalsokkel\"."], [NaN, NaN, "OD viser til uttalelsene som er gitt av adressatene"], [NaN, NaN, "innenfor meldesystemet (jf. petroleumsforskriften \u00a7 6/"], [NaN, NaN, "ressursforskriften \u00a7 6), og har ingen merknader til at"], [NaN, NaN, "unders\u00f8kelsen  gjennomf\u00f8res som planlagt dersom"], [NaN, NaN, "disse tas til etterretning. Dette gjelder ogs\u00e5 ved krav"], [NaN, NaN, "om fiskerikyndig."], [NaN, NaN, "Dersom unders\u00f8kelsen aksepteres gjennomf\u00f8rt slik den"], [NaN, NaN, "er tilr\u00e5dd, stadfestes dette gjennom at det sendes inn"], [NaN, NaN, "melding om oppstart n\u00e5r unders\u00f8kelsen starter, jf."], [NaN, NaN, "ressursforskriften \u00a7 6, 3.ledd."], [NaN, NaN, "Skulle det oppst\u00e5 situasjoner i forbindelse med"], [NaN, NaN, "fiskeriaktiviteten, ber vi om \u00e5 bli underrettet om dette."], [NaN, NaN, "Unders\u00f8kelsen kan bli stanset eller endret p\u00e5 kort varsel"], [NaN, NaN, "dersom det oppst\u00e5r konflikt med fiskeriene."], [NaN, NaN, "OD gj\u00f8r ogs\u00e5 oppmerksom p\u00e5 at ev. endringer m\u00e5"], [NaN, NaN, "meldes inn i henhold til ressursforskriften \u00a7 6. Det er"], [NaN, NaN, "krav om at alle slike regelverkspliktige meldinger,"], [NaN, NaN, "herunder oppstartsmelding, endringsmelding,"], [NaN, NaN, "ukemelding og sluttmelding \u2013 skal rapporteres gjennom"], [NaN, NaN, "ODs innmeldingssystem for unders\u00f8kelser."], [NaN, NaN, "Rettighetshaver og/eller den som st\u00e5r for driften av"], [NaN, NaN, "fart\u00f8yet skal for \u00f8vrig gj\u00f8re relevant regelverk,"], [NaN, NaN, "dokumenter og data tilgjengelig for den fiskerikyndige."], [NaN, NaN, "Regelverk og dokumenter skal foreligge p\u00e5 b\u00e5de norsk"], [NaN, NaN, "og engelsk. Det skal ogs\u00e5 legges til rette for at den"], [NaN, NaN, "fiskerikyndige har tilgang til internett og andre"], [NaN, NaN, "n\u00f8dvendige hjelpemidler jf. ressursforskriften \u00a7 9."], ["22.03.2021", "Melding - Endringsmelding som", "Nytt netto omr\u00e5det tilpasset 15-30 April gyte periode"], [NaN, "krever saksbehandling", "5nm."], ["08.03.2021", "Fiskeridirektoratets uttalelse til", "Det skal v\u00e6re fiskerikyndig bemanning p\u00e5 fart\u00f8yet som"], [NaN, "innmelding", "ut\u00f8ver unders\u00f8kelsen, med mindre annet fremg\u00e5r av"], [NaN, NaN, "ODs tilbakemelding."], ["08.03.2021", "Melding - Endringsmelding - til", NaN], [NaN, "info", NaN], ["08.03.2021", "Melding - Endringsmelding - til", NaN], [NaN, "info", NaN]]}, "5": {"index": [0, 1, 2, 3, 4, 5, 6, 7, 8, 9, 10, 11, 12, 13, 14, 15, 16, 17], "columns": {"0": "26.02.2021", "1": "Havforskningsinstituttetsuttalelse til innmelding", "2": "Det ser ut som punkt nr 4 i b\u00e5de brutto og nettoomr\u00e5det overlapper litt med frar\u00e5dingskartet. Vifr\u00e5r\u00e5der bruk av seismikk innenfor dette omr\u00e5det.Bortsett fr\u00e5 dette har Havforskningsinstituttet ingenmerknader til den planlagte unders\u00f8kelsen. Vurderingener gjort med hensyn til aktive gytefelt og konsentrertegytevandringer for aktuelle fiskebestander(p\u00e5virkningsavstand 5 nmi).", "3": "Unnamed: 0"}, "data": [["25.02.2021", "Status", "Under behandling", NaN], ["25.02.2021", "Melding - Innmelding", "Det vil i tillegg til kilden p\u00e5 160 kubikk tommer ogs\u00e5 blibenyttet en kilde p\u00e5 10 kubikk tommer. Det vil ogs\u00e5 blibenyttet en streamer p\u00e5 75 - 100 m.  Den mindrekilden og den korte streameren vil bli benyttet tilinnsamling UHRS seismikk samtidig med \"vanlig\" HRseismikk.", NaN], [NaN, NaN, NaN, NaN], ["icences", NaN, NaN, NaN], ["Type of licence", "Licence name", NaN, NaN], ["Unders\u00f8kelsestillatelse", "701", NaN, NaN], ["Utvinningstillatelse", "554", NaN, NaN], [NaN, NaN, NaN, NaN], ["ompany the acquisition is done for", NaN, NaN, NaN], ["Company name", NaN, NaN, NaN], ["Equinor Energy AS", NaN, NaN, NaN], [NaN, NaN, NaN, NaN], ["ompany doing the acquisition", NaN, NaN, NaN], ["Company name", NaN, NaN, NaN], ["Gardline Geosurvey Ltd", NaN, NaN, NaN], [NaN, NaN, NaN, NaN], ["ata format", NaN, NaN, NaN], ["Type data", "Format", "Medium", "Comment"]]}, "6": {"index": [0, 1, 2, 3, 4, 5, 6], "columns": {"0": "Unnamed: 0", "1": "Unnamed: 1", "2": "Unnamed: 2", "3": "Unnamed: 3", "4": "Unnamed: 4", "5": "Unnamed: 5"}, "data": [["essel", NaN, NaN, NaN, NaN, NaN], ["Vessel Name", "Type of vessel", "Phonenumber", "IMO-number", "Callsignal", "Nation"], ["Kommandor", "Hovedfart\u00f8y(innsamlingsfart\u00f8y)", "+44 1493236050/051/052", "8517205", "MCJO2", "UK"], [NaN, NaN, NaN, NaN, NaN, NaN], ["ishery expert", NaN, NaN, NaN, NaN, NaN], ["From date", "To date", "Name", "Phone number", NaN, NaN], ["22.04.2021", "19.05.2021", "Johannes S\u00e6vik", "951 73 718", NaN, NaN]]}, "7": {"index": [], "columns": {"0": "Unnamed: 0"}, "data": []}, "8": {"index": [0, 1, 2, 3, 4], "columns": {"0": "Point", "1": "NS", "2": "NS minutes", "3": "Unnamed: 0", "4": "EW", "5": "EW minutes", "6": "Unnamed: 1"}, "data": [["number", "degrees", "(decimal)", NaN, "degrees", "(decimal)", NaN], ["1", "61", "19.58", "N", "2", "12.35", "E"], ["2", "61", "27.66", "N", "2", "27.20", "E"], ["3", "61", "20.51", "N", "2", "44.00", "E"], ["4", "61", "12.46", "N", "2", "29.14", "E"]]}, "9": {"index": [0, 1, 2, 3, 4], "columns": {"0": "Point", "1": "NS", "2": "NS.1", "3": "NS.2", "4": "Unnamed: 0", "5": "EW", "6": "EW.1", "7": "EW.2", "8": "Unnamed: 1"}, "data": [["number", "degrees", "minutes", "seconds", NaN, "degrees", "minutes", "seconds", NaN], ["1", "61", "19", "34.76", "N", "2", "12", "21.23", "E"], ["2", "61", "27", "39.73", "N", "2", "27", "12.22", "E"], ["3", "61", "20", "30.74", "N", "2", "44", "0.17", "E"], ["4", "61", "12", "27.77", "N", "2", "29", "8.17", "E"]]}, "kind": "osdu:wks:master-data--Survey:1.0.0 ", "id": "npd:master-data--Factpages-Survey:10028"}