{"0": {"index": [0, 1, 2, 3, 4, 5, 6, 7, 8, 9, 10, 11, 12, 13, 14, 15, 16, 17, 18, 19, 20, 21, 22, 23, 24], "columns": {"0": "eneral information", "1": "Unnamed: 0"}, "data": [["Survey name", "EQ21311"], ["Legal basis", "Petroleumsforskriften jf Ressursforskriften"], ["NPDID for survey", "10084"], ["Factmaps - new window", "link to map"], ["Status", "Ferdig"], ["Area", "Nordsj\u00f8en"], ["Market available", "Nei"], ["Category", "Seismisk unders\u00f8kelse"], ["Main type", "Borestedunders\u00f8kelse"], ["Sub type", "2D"], ["Company - responsible", "Equinor Energy AS"], ["Source type", "seismicSource"], ["Number of sources", "1"], ["Source size", "160"], ["Source pressure", "2000"], ["Sensor type", "cables"], ["Numbers of sensors", NaN], ["Sensor length [m]", "1200"], ["Sensor width [m]", NaN], ["Start date - planned", "23.06.2021"], ["Start date", "24.06.2021"], ["Completed date - planned", "31.07.2021"], ["Completed date", "03.07.2021"], ["Total length [boat km]", "296"], ["Net area - actual 3D/4D [km2]", "49.00"]]}, "1": {"index": [], "columns": {"0": "Unnamed: 0"}, "data": []}, "2": {"index": [0, 1, 2, 3, 4, 5, 6], "columns": {"0": "Date", "1": "Type of update", "2": "Information"}, "data": [["03.07.2021", "Melding - Unders\u00f8kelsen er ferdig", NaN], ["02.07.2021", "Status", "Ferdig"], ["28.06.2021", "Melding - Ordin\u00e6r ukemelding", "-"], ["24.06.2021", "Melding - Unders\u00f8kelsen startesopp", NaN], ["24.06.2021", "Status", "P\u00e5g\u00e5ende"], ["23.06.2021", "Melding - Endringsmelding - tilinfo", NaN], ["23.06.2021", "Melding - Endringsmelding - tilinfo", NaN]]}, "3": {"index": [0, 1, 2, 3, 4, 5, 6, 7, 8, 9, 10, 11, 12, 13, 14, 15, 16, 17, 18, 19, 20, 21, 22, 23, 24, 25, 26, 27, 28, 29, 30, 31, 32, 33, 34, 35, 36, 37, 38, 39], "columns": {"0": "23.06.2021", "1": "Melding - Endringsmelding - til", "2": "Unnamed: 0"}, "data": [[NaN, "info", NaN], ["14.05.2021", "Oljedirektoratet uttalelse til", "Oljedirektoratet (OD) viser til deres melding vedr\u00f8rende"], [NaN, "innmelding", "denne unders\u00f8kelsen."], [NaN, NaN, "OD gj\u00f8r s\u00e6rlig oppmerksom p\u00e5 at fart\u00f8y som foretar en"], [NaN, NaN, "unders\u00f8kelse, skal holde forsvarlig avstand til fart\u00f8y"], [NaN, NaN, "som driver fiske, og til fastst\u00e5ende og flytende"], [NaN, NaN, "fiskeredskap. S\u00e6rlig aktsomhet skal utvises n\u00e5r st\u00f8rre"], [NaN, NaN, "ansamlinger av fiskefart\u00f8y observeres, jf. forskrift om"], [NaN, NaN, "ressursforvaltning innen petroleumsvirksomheten av"], [NaN, NaN, "13.12.2017 (ressursforskriften) \u00a7 8 andre ledd."], [NaN, NaN, "Det vises for \u00f8vrig til veileder om \"Gjennomf\u00f8ring av"], [NaN, NaN, "seismiske unders\u00f8kelser p\u00e5 norsk kontinentalsokkel\"."], [NaN, NaN, "OD viser til uttalelsene som er gitt av adressatene"], [NaN, NaN, "innenfor meldesystemet (jf. petroleumsforskriften \u00a7 6/"], [NaN, NaN, "ressursforskriften \u00a7 6), og har ingen merknader til at"], [NaN, NaN, "unders\u00f8kelsen  gjennomf\u00f8res som planlagt dersom"], [NaN, NaN, "disse tas til etterretning. Dette gjelder ogs\u00e5 ved krav"], [NaN, NaN, "om fiskerikyndig fra Fiskeridirektoratet."], [NaN, NaN, "Dersom unders\u00f8kelsen aksepteres gjennomf\u00f8rt slik den"], [NaN, NaN, "er tilr\u00e5dd, stadfestes dette gjennom at det sendes inn"], [NaN, NaN, "melding om oppstart n\u00e5r unders\u00f8kelsen starter, jf."], [NaN, NaN, "ressursforskriften \u00a7 6, 3.ledd."], [NaN, NaN, "Skulle det oppst\u00e5 situasjoner i forbindelse med"], [NaN, NaN, "fiskeriaktiviteten, ber vi om \u00e5 bli underrettet om dette."], [NaN, NaN, "Unders\u00f8kelsen kan bli stanset eller endret p\u00e5 kort varsel"], [NaN, NaN, "dersom det oppst\u00e5r konflikt med fiskeriene."], [NaN, NaN, "OD gj\u00f8r ogs\u00e5 oppmerksom p\u00e5 at ev. endringer m\u00e5"], [NaN, NaN, "meldes inn i henhold til ressursforskriften \u00a7 6. Det er"], [NaN, NaN, "krav om at alle slike regelverkspliktige meldinger,"], [NaN, NaN, "herunder oppstartsmelding, endringsmelding,"], [NaN, NaN, "ukemelding og sluttmelding \u2013 skal rapporteres gjennom"], [NaN, NaN, "ODs innmeldingssystem for unders\u00f8kelser."], [NaN, NaN, "Rettighetshaver og/eller den som st\u00e5r for driften av"], [NaN, NaN, "fart\u00f8yet skal for \u00f8vrig gj\u00f8re relevant regelverk,"], [NaN, NaN, "dokumenter og data tilgjengelig for den fiskerikyndige."], [NaN, NaN, "Regelverk og dokumenter skal foreligge p\u00e5 b\u00e5de norsk"], [NaN, NaN, "og engelsk. Det skal ogs\u00e5 legges til rette for at den"], [NaN, NaN, "fiskerikyndige har tilgang til internett og andre"], [NaN, NaN, "n\u00f8dvendige hjelpemidler jf. ressursforskriften \u00a7 9."], ["14.05.2021", "Status", "Planlagt"]]}, "4": {"index": [0, 1, 2, 3, 4, 5, 6, 7, 8, 9, 10, 11, 12, 13, 14, 15, 16, 17, 18, 19, 20, 21, 22, 23, 24, 25, 26, 27, 28, 29, 30, 31, 32, 33, 34, 35, 36, 37, 38], "columns": {"0": "11.05.2021", "1": "Fiskeridirektoratets uttalelse til", "2": "Fiskeridirektoratet region S\u00f8r viser til melding datert"}, "data": [[NaN, "innmelding", "09.04.21 fra Equinor Energy AS vedr\u00f8rende 2D"], [NaN, NaN, "borestedsunders\u00f8kelse EQ21164."], [NaN, NaN, "Unders\u00f8kelsen planlegges gjennomf\u00f8rt i perioden"], [NaN, NaN, "04.06. - 31.07.21."], [NaN, NaN, "Fiskerifaglig vurdering og tilr\u00e5dning:"], [NaN, NaN, "Det ventes mye fiske i omr\u00e5det i valgt periode. Det kan"], [NaN, NaN, "ventes fiske med tr\u00e5l etter industrifisk, samt garnfiske"], [NaN, NaN, "etter lange og brosme. Disse garnene settes i lange"], [NaN, NaN, "lenker og p\u00e5 om lag 350 meters dyp."], [NaN, NaN, "I juni og juli m\u00e5ned kan det ogs\u00e5 ventes fiske etter"], [NaN, NaN, "nordsj\u00f8sild med not. Dersom silda er tilgjengelig for"], [NaN, NaN, "fangst i omr\u00e5det kan det ventes at mange ringnotfart\u00f8y"], [NaN, NaN, "vil lete og drive fiske, og da kan fart\u00f8yene ligge tett."], [NaN, NaN, "Annen sporadisk fiskeriaktivitet kan heller ikke"], [NaN, NaN, "utelukkes."], [NaN, NaN, "Grunnet stor usikkerhet mht. hvordan makrellfisket blir"], [NaN, NaN, "i \u00e5r er det viktig at unders\u00f8kelsen blir ferdig innenfor"], [NaN, NaN, "den tidsperioden som planlegges, dvs. innen 31. juli"], [NaN, NaN, "Det skal v\u00e6re fiskerikyndig bemanning p\u00e5 fart\u00f8yet som"], [NaN, NaN, "ut\u00f8ver unders\u00f8kelsen, med mindre annet fremg\u00e5r av"], [NaN, NaN, "ODs tilbakemelding."], [NaN, NaN, "Vi forutsetter at unders\u00f8kelsen utf\u00f8res med den st\u00f8rste"], [NaN, NaN, "aktsomhet, uten \u00e5 v\u00e6re til hinder for fiskeriaktiviteten i"], [NaN, NaN, "omr\u00e5det som nevnt over. Det oppfordres til at den"], [NaN, NaN, "fiskerikyndige blir delaktig tidlig i den operative"], [NaN, NaN, "planleggingsfasen av unders\u00f8kelsen, og at det etableres"], [NaN, NaN, "kontakt med Kystvaktsentralen/Kystvakt for \u00e5 orientere"], [NaN, NaN, "seg om fiskeriaktivitet og st\u00e5ende fiskeredskap i"], [NaN, NaN, "omr\u00e5det."], [NaN, NaN, "Unders\u00f8kelsen m\u00e5 stanses eller endres p\u00e5 kort varsel"], [NaN, NaN, "dersom det oppst\u00e5r konflikter med fiskeriene."], ["26.04.2021", "Havforskningsinstituttets", "Havforskningsinstituttet har ingen merknader til den"], [NaN, "uttalelse til innmelding", "planlagte unders\u00f8kelsen. Vurderingen er gjort med"], [NaN, NaN, "hensyn til aktive gytefelt og konsentrerte"], [NaN, NaN, "gytevandringer for aktuelle fiskebestander"], [NaN, NaN, "(p\u00e5virkningsavstand 5 nmi)."], ["09.04.2021", "Status", "Under behandling"], ["09.04.2021", "Melding - Innmelding", "Det vil i tillegg ogs\u00e5 bli benyttet en kilde p\u00e5 10 kubikk"], [NaN, NaN, "tommer og en streamer p\u00e5 100 meter."]]}, "5": {"index": [0], "columns": {"0": "Type of licence", "1": "Licence name"}, "data": [["Unders\u00f8kelsestillatelse", 701]]}, "6": {"index": [], "columns": {"0": "Type data", "1": "Format", "2": "Medium", "3": "Comment"}, "data": []}, "7": {"index": [0, 1, 2, 3], "columns": {"0": "Vessel Name", "1": "Type of vessel", "2": "Phone", "3": "IMO-number", "4": "Call", "5": "Nation"}, "data": [[NaN, NaN, "number", NaN, "signal", NaN], ["Kommandor", "Hovedfart\u00f8y", "+44 1493", 8517205.0, "MCJO2", "UK"], [NaN, "(innsamlingsfa", "236050/051/", NaN, NaN, NaN], [NaN, "rt\u00f8y)", "052", NaN, NaN, NaN]]}, "8": {"index": [0, 1], "columns": {"0": "From date", "1": "To date", "2": "Name", "3": "Phone number"}, "data": [["07.07.2021", "31.07.2021", "Svein Davidsen", "414 45 091"], ["23.06.2021", "07.07.2021", "Johannes S\u00e6vik", "951 73 718"]]}, "9": {"index": [0, 1, 2, 3, 4, 5, 6, 7, 8], "columns": {"0": "Point", "1": "NS", "2": "NS minutes", "3": "Unnamed: 0", "4": "EW", "5": "EW minutes", "6": "Unnamed: 1"}, "data": [["number", "degrees", "(decimal)", NaN, "degrees", "(decimal)", NaN], ["1", "60", "35.03", "N", "3", "31.62", "E"], ["2", "60", "28.43", "N", "3", "36.35", "E"], ["3", "60", "26.25", "N", "3", "24.00", "E"], ["4", "60", "32.85", "N", "3", "19.22", "E"], ["5", "60", "33.63", "N", "3", "23.67", "E"], ["6", "60", "36.45", "N", "3", "22.42", "E"], ["7", "60", "37.13", "N", "3", "28.83", "E"], ["8", "60", "34.73", "N", "3", "29.90", "E"]]}, "10": {"index": [0, 1, 2, 3, 4, 5, 6, 7], "columns": {"0": "Pointnumber", "1": "NSdegrees", "2": "NSminutes", "3": "NSseconds", "4": "Unnamed: 0", "5": "EWdegrees", "6": "EWminutes", "7": "EWseconds", "8": "Unnamed: 1"}, "data": [[1, 60, 35, 1.81, "N", 3, 31, 36.94, "E"], [2, 60, 28, 25.82, "N", 3, 36, 20.91, "E"], [3, 60, 26, 14.83, "N", 3, 23, 59.93, "E"], [4, 60, 32, 50.82, "N", 3, 19, 12.96, "E"], [5, 60, 33, 37.82, "N", 3, 23, 39.95, "E"], [6, 60, 36, 26.81, "N", 3, 22, 24.96, "E"], [7, 60, 37, 7.81, "N", 3, 28, 49.95, "E"], [8, 60, 34, 43.81, "N", 3, 29, 53.95, "E"]]}, "kind": "osdu:wks:master-data--Survey:1.0.0 ", "id": "npd:master-data--Factpages-Survey:10084"}