{"0": {"index": [0, 1, 2, 3, 4, 5, 6, 7, 8, 9, 10, 11, 12, 13, 14, 15, 16, 17, 18, 19, 20, 21, 22, 23, 24], "columns": {"0": "eneral information", "1": "Unnamed: 0"}, "data": [["Survey name", "EQ22202"], ["Legal basis", "Petroleumsforskriften jf Ressursforskriften"], ["NPDID for survey", "10354"], ["Factmaps - new window", "link to map"], ["Status", "Ferdig"], ["Area", "Nordsj\u00f8en"], ["Market available", "Nei"], ["Category", "Seismisk unders\u00f8kelse"], ["Main type", "Havbunnseismisk unders\u00f8kelse"], ["Sub type", "4D"], ["Company - responsible", "Equinor Energy AS"], ["Source type", "seismicSource"], ["Number of sources", "2"], ["Source size", "3050"], ["Source pressure", "2000"], ["Sensor type", "notRelevant"], ["Numbers of sensors", NaN], ["Sensor length [m]", NaN], ["Sensor width [m]", NaN], ["Start date - planned", "28.05.2022"], ["Start date", "29.05.2022"], ["Completed date - planned", "20.06.2022"], ["Completed date", "08.06.2022"], ["Total length [boat km]", "1300"], ["Net area - actual 3D/4D [km2]", "141.00"]]}, "1": {"index": [], "columns": {"0": "Unnamed: 0"}, "data": []}, "2": {"index": [0, 1, 2, 3, 4], "columns": {"0": "Date", "1": "Type of update", "2": "Information"}, "data": [["08.06.2022", "Melding - Unders\u00f8kelsen er ferdig", NaN], ["07.06.2022", "Melding - Ordin\u00e6r ukemelding", "- Innsamling g\u00e5r mot slutten, re-shoot av enkeltlinjer i\u00f8st."], ["07.06.2022", "Status", "Ferdig"], ["01.06.2022", "Oljedirektoratets uttalelse tilendringsmelding", "Oljedirektoratet (OD) viser til melding om endring avtidsrom for unders\u00f8kelsen. P\u00e5 bakgrunn av innmeldtendring og nye uttalelser fra Havforskningsinstituttet ogFiskeridirektoratet, har OD ingen ytterligere merknadertil at unders\u00f8kelsen kan gjennomf\u00f8res som planlagtdersom disse blir fulgt."], ["31.05.2022", "Melding - Ordin\u00e6r ukemelding", "oppstartsfase -"]]}, "3": {"index": [0, 1, 2, 3, 4, 5], "columns": {"0": "30.05.2022", "1": "Fiskeridirektoratets uttalelse tilendringsmelding", "2": "Vi opprettholder v\u00e5rt tidligere tilsvar i saken.Det skal v\u00e6re fiskerikyndig bemanning p\u00e5 fart\u00f8yet somut\u00f8ver unders\u00f8kelsen, med mindre annet fremg\u00e5r avODs tilbakemelding."}, "data": [["29.05.2022", "Status", "P\u00e5g\u00e5ende"], ["29.05.2022", "Melding - Unders\u00f8kelsen startesopp", NaN], ["26.05.2022", "Havforskningsinstituttetsuttalelse til endringsmelding", "Havforskningsinstituttet har ingen merknader tilendringene i den planlagte unders\u00f8kelsen. Vurderingener gjort med hensyn til aktive gytefelt og konsentrertegytevandringer for aktuelle fiskebestander(p\u00e5virkningsavstand 20 nmi) , beiteomr\u00e5der for hval ogforekomst av koraller."], ["25.05.2022", "Melding - Endringsmelding - tilinfo", "justert oppstartsdato og antatt sluttdato"], ["25.05.2022", "Melding - Endringsmelding - tilinfo", "justert oppstartdato og antatt sluttdato"], ["25.05.2022", "Melding - Endringsmelding somkrever saksbehandling", "Justert starttidspunkt og antatt avsluttningsdato"]]}, "4": {"index": [0, 1, 2, 3, 4, 5, 6, 7, 8, 9, 10, 11, 12, 13, 14, 15, 16, 17, 18, 19, 20, 21, 22, 23, 24, 25, 26, 27, 28, 29, 30, 31, 32, 33, 34, 35, 36, 37, 38, 39, 40, 41, 42, 43], "columns": {"0": "07.03.2022", "1": "Oljedirektoratet uttalelse til", "2": "Oljedirektoratet (OD) viser til deres melding vedr\u00f8rende"}, "data": [[NaN, "innmelding", "denne unders\u00f8kelsen."], [NaN, NaN, "OD gj\u00f8r s\u00e6rlig oppmerksom p\u00e5 at fart\u00f8y som foretar en"], [NaN, NaN, "unders\u00f8kelse, skal holde forsvarlig avstand til fart\u00f8y"], [NaN, NaN, "som driver fiske, og til fastst\u00e5ende og flytende"], [NaN, NaN, "fiskeredskap. S\u00e6rlig aktsomhet skal utvises n\u00e5r st\u00f8rre"], [NaN, NaN, "ansamlinger av fiskefart\u00f8y observeres, jf. forskrift om"], [NaN, NaN, "ressursforvaltning innen petroleumsvirksomheten av"], [NaN, NaN, "13.12.2017 (ressursforskriften) \u00a7 8 andre ledd."], [NaN, NaN, "Det vises for \u00f8vrig til veileder om \"Gjennomf\u00f8ring av"], [NaN, NaN, "seismiske unders\u00f8kelser p\u00e5 norsk kontinentalsokkel\"."], [NaN, NaN, "OD viser til uttalelsene som er gitt av adressatene"], [NaN, NaN, "innenfor meldesystemet (jf. petroleumsforskriften \u00a7 6/"], [NaN, NaN, "ressursforskriften \u00a7 6), og har ingen merknader til at"], [NaN, NaN, "unders\u00f8kelsen  gjennomf\u00f8res som planlagt dersom"], [NaN, NaN, "disse tas til etterretning. Dette gjelder ogs\u00e5 eventuelt"], [NaN, NaN, "krav om fiskerikyndig fra Fiskeridirektoratet."], [NaN, NaN, "Dersom unders\u00f8kelsen aksepteres gjennomf\u00f8rt slik den"], [NaN, NaN, "er tilr\u00e5dd, stadfestes dette gjennom at det sendes inn"], [NaN, NaN, "melding om oppstart n\u00e5r unders\u00f8kelsen starter, jf."], [NaN, NaN, "ressursforskriften \u00a7 6, 3.ledd."], [NaN, NaN, "Skulle det oppst\u00e5 situasjoner i forbindelse med"], [NaN, NaN, "fiskeriaktiviteten, ber vi om \u00e5 bli underrettet om dette."], [NaN, NaN, "Unders\u00f8kelsen kan bli stanset eller endret p\u00e5 kort varsel"], [NaN, NaN, "dersom det oppst\u00e5r konflikt med fiskeriene."], [NaN, NaN, "OD gj\u00f8r ogs\u00e5 oppmerksom p\u00e5 at ev. endringer m\u00e5"], [NaN, NaN, "meldes inn i henhold til ressursforskriften \u00a7 6. Det er"], [NaN, NaN, "krav om at alle slike regelverkspliktige meldinger,"], [NaN, NaN, "herunder oppstartsmelding, endringsmelding,"], [NaN, NaN, "ukemelding og sluttmelding \u2013 skal rapporteres gjennom"], [NaN, NaN, "ODs innmeldingssystem for unders\u00f8kelser."], [NaN, NaN, "Rettighetshaver og/eller den som st\u00e5r for driften av"], [NaN, NaN, "fart\u00f8yet skal for \u00f8vrig gj\u00f8re relevant regelverk,"], [NaN, NaN, "dokumenter og data tilgjengelig for den fiskerikyndige."], [NaN, NaN, "Regelverk og dokumenter skal foreligge p\u00e5 b\u00e5de norsk"], [NaN, NaN, "og engelsk. Det skal ogs\u00e5 legges til rette for at den"], [NaN, NaN, "fiskerikyndige har tilgang til internett og andre"], [NaN, NaN, "n\u00f8dvendige hjelpemidler jf. ressursforskriften \u00a7 9."], ["07.03.2022", "Status", "Planlagt"], ["28.02.2022", "Havforskningsinstituttets", "Havforskningsinstituttet har ingen merknader til den"], [NaN, "uttalelse til innmelding", "planlagte unders\u00f8kelsen. Vurderingen er gjort med"], [NaN, NaN, "hensyn til aktive gytefelt og konsentrerte"], [NaN, NaN, "gytevandringer for aktuelle fiskebestander"], [NaN, NaN, "(p\u00e5virkningsavstand 20 nmi) , beiteomr\u00e5der for hval og"], [NaN, NaN, "forekomst av koraller."]]}, "5": {"index": [0, 1, 2, 3, 4, 5, 6, 7, 8, 9, 10, 11, 12, 13, 14, 15, 16, 17, 18, 19], "columns": {"0": "24.02.2022", "1": "Fiskeridirektoratets uttalelse tilinnmelding", "2": "Det kan ventes fiskeriaktivitet av varierende intensitet iomr\u00e5det. I hovedsak vil det foreg\u00e5 fiske etternordsj\u00f8sild i hele innmeldte periode.Det kan ogs\u00e5 ventes annen fiskeriaktivitet etter hhvhvitfisk (garn, snurrevad, tr\u00e5l), samt industrifisk (tr\u00e5l).Annen sporadisk fiskeriaktivitet kan heller ikkeutelukkes.Det skal v\u00e6re fiskerikyndig bemanning p\u00e5 fart\u00f8yet somut\u00f8ver unders\u00f8kelsen, med mindre annet fremg\u00e5r avODs tilbakemelding.Dersom det oppst\u00e5r konflikt mot fiskeriinteressene bervi om at unders\u00f8kelsen endres eller settes p\u00e5 ventumiddelbart.", "3": "Unnamed: 0"}, "data": [["24.02.2022", "Status", "Under behandling", NaN], ["24.02.2022", "Melding - Innmelding", "Snorre PRM (EQ22201) vil bli samlet inn f\u00f8r denneunders\u00f8kelsen starter opp.", NaN], [NaN, NaN, NaN, NaN], ["icences", NaN, NaN, NaN], ["Type of licence", "Licence name", NaN, NaN], ["Unders\u00f8kelsestillatelse", "774", NaN, NaN], ["Utvinningstillatelse", "169 B1", NaN, NaN], ["Utvinningstillatelse", "169 B2", NaN, NaN], ["Utvinningstillatelse", "169", NaN, NaN], [NaN, NaN, NaN, NaN], ["ompany the acquisition is done for", NaN, NaN, NaN], ["Company name", NaN, NaN, NaN], ["Equinor Energy AS", NaN, NaN, NaN], [NaN, NaN, NaN, NaN], ["ompany doing the acquisition", NaN, NaN, NaN], ["Company name", NaN, NaN, NaN], ["WGP Exploration Ltd.", NaN, NaN, NaN], [NaN, NaN, NaN, NaN], ["ata format", NaN, NaN, NaN], ["Type data", "Format", "Medium", "Comment"]]}, "6": {"index": [0, 1, 2, 3], "columns": {"0": "Unnamed: 0", "1": "Unnamed: 1", "2": "Unnamed: 2", "3": "Unnamed: 3", "4": "Unnamed: 4", "5": "Unnamed: 5"}, "data": [["essel", NaN, NaN, NaN, NaN, NaN], ["Vessel Name", "Type of vessel", "Phonenumber", "IMO-number", "Callsignal", "Nation"], ["HavilaCharisma", "Hovedfart\u00f8y(innsamlingsfart\u00f8y)", "9742766", "9631890", "LCWZ", "Norge"], [NaN, NaN, NaN, NaN, NaN, NaN]]}, "7": {"index": [0], "columns": {"0": "From date", "1": "To date", "2": "Name", "3": "Phone number"}, "data": [["28.05.2022", "20.06.2022", "Edvard Geir Sivertsen", 98809991]]}, "8": {"index": [0, 1, 2, 3, 4, 5, 6, 7, 8, 9, 10, 11, 12], "columns": {"0": "Point", "1": "NS", "2": "NS minutes", "3": "Unnamed: 0", "4": "EW", "5": "EW minutes", "6": "Unnamed: 1"}, "data": [["number", "degrees", "(decimal)", NaN, "degrees", "(decimal)", NaN], ["1", "59", "17.81", "N", "2", "32.23", "E"], ["2", "59", "17.50", "N", "2", "34.68", "E"], ["3", "59", "16.04", "N", "2", "37.53", "E"], ["4", "59", "14.62", "N", "2", "38.88", "E"], ["5", "59", "11.62", "N", "2", "38.53", "E"], ["6", "59", "5.79", "N", "2", "32.99", "E"], ["7", "59", "3.86", "N", "2", "28.81", "E"], ["8", "59", "2.45", "N", "2", "24.27", "E"], ["9", "59", "2.62", "N", "2", "22.12", "E"], ["10", "59", "4.03", "N", "2", "18.53", "E"], ["11", "59", "11.45", "N", "2", "23.70", "E"], ["12", "59", "15.84", "N", "2", "27.84", "E"]]}, "9": {"index": [0, 1, 2, 3, 4, 5, 6, 7, 8, 9, 10, 11, 12], "columns": {"0": "Point", "1": "NS", "2": "NS.1", "3": "NS.2", "4": "Unnamed: 0", "5": "EW", "6": "EW.1", "7": "EW.2", "8": "Unnamed: 1"}, "data": [["number", "degrees", "minutes", "seconds", NaN, "degrees", "minutes", "seconds", NaN], ["1", "59", "17", "48.40", "N", "2", "32", "13.53", "E"], ["2", "59", "17", "29.74", "N", "2", "34", "40.92", "E"], ["3", "59", "16", "2.68", "N", "2", "37", "31.75", "E"], ["4", "59", "14", "37.37", "N", "2", "38", "52.83", "E"], ["5", "59", "11", "37.34", "N", "2", "38", "32.01", "E"], ["6", "59", "5", "47.32", "N", "2", "32", "59.18", "E"], ["7", "59", "3", "51.76", "N", "2", "28", "48.56", "E"], ["8", "59", "2", "27.11", "N", "2", "24", "16.30", "E"], ["9", "59", "2", "37.44", "N", "2", "22", "7.31", "E"], ["10", "59", "4", "1.88", "N", "2", "18", "31.80", "E"], ["11", "59", "11", "26.77", "N", "2", "23", "42.18", "E"], ["12", "59", "15", "50.63", "N", "2", "27", "50.11", "E"]]}, "kind": "osdu:wks:master-data--Survey:1.0.0 ", "id": "npd:master-data--Factpages-Survey:10354"}