{"0": {"index": [0, 1, 2, 3, 4, 5, 6, 7, 8, 9, 10, 11, 12, 13, 14, 15, 16, 17, 18, 19, 20, 21, 22, 23], "columns": {"0": "Survey name", "1": "WD22101"}, "data": [["Legal basis", "Petroleumsforskriften jf Ressursforskriften"], ["NPDID for survey", "10386"], ["Factmaps - new window", "link to map"], ["Status", "Ferdig"], ["Area", "Norskehavet"], ["Market available", "Nei"], ["Category", "Andre unders\u00f8kelser"], ["Main type", "Grunnunders\u00f8kelse"], ["Sub type", "Ikke seismikk"], ["Company - responsible", "Wintershall Dea Norge AS"], ["Source type", NaN], ["Number of sources", NaN], ["Source size", NaN], ["Source pressure", NaN], ["Sensor type", NaN], ["Numbers of sensors", NaN], ["Sensor length [m]", NaN], ["Sensor width [m]", NaN], ["Start date - planned", "12.05.2022"], ["Start date", "18.05.2022"], ["Completed date - planned", "31.05.2022"], ["Completed date", "19.05.2022"], ["Total length [boat km]", NaN], ["Net area - actual 3D/4D [km2]", NaN]]}, "1": {"index": [0, 1, 2, 3, 4, 5, 6, 7, 8, 9, 10, 11], "columns": {"0": "Date", "1": "Type of update", "2": "Information"}, "data": [["19.05.2022", "Melding - Unders\u00f8kelsen er ferdig", NaN], ["19.05.2022", "Status", "Ferdig"], ["18.05.2022", "Status", "P\u00e5g\u00e5ende"], ["18.05.2022", "Melding - Unders\u00f8kelsen startes", NaN], [NaN, "opp", NaN], ["16.05.2022", "Oljedirektoratets uttalelse til", "Oljedirektoratet (OD) viser til melding om endring av"], [NaN, "endringsmelding", "tidsrom for unders\u00f8kelsen. P\u00e5 bakgrunn av innmeldt"], [NaN, NaN, "endring og ny uttalelse fra Fiskeridirektoratet, har OD"], [NaN, NaN, "ingen ytterligere merknader til at unders\u00f8kelsen kan"], [NaN, NaN, "gjennomf\u00f8res som planlagt dersom disse blir fulgt."], ["16.05.2022", "Havforskningsinstituttets", "Havforskningsinstituttet har ingen merknader til de"], [NaN, "uttalelse til endringsmelding", "planlagte unders\u00f8kelsene."]]}, "2": {"index": [0, 1, 2, 3, 4, 5, 6, 7, 8, 9, 10, 11], "columns": {"0": "06.05.2022", "1": "Fiskeridirektoratets uttalelse til", "2": "I endringsmelding av 04.05.2022 er det opplyst at"}, "data": [[NaN, "endringsmelding", "oppstart av unders\u00f8kelsen er endret fra 15.05.2022 til"], [NaN, NaN, "12.05.2022. Endring p\u00e5 oppstartdato ber\u00f8rer ikke nye"], [NaN, NaN, "fiskerier enn det som er beskrevet i den fiskerifaglige"], [NaN, NaN, "uttalelsen av 08.04.2022. Uttalelsen som ble utarbeidet"], [NaN, NaN, "den 08.04.2022 skal fortsatt legges til grunn for"], [NaN, NaN, "gjennomf\u00f8ringen av unders\u00f8kelsen."], [NaN, NaN, "Utfra en helhetsvurdering av fiskeriaktivitet samt type"], [NaN, NaN, "av oms\u00f8kte unders\u00f8kelse, vil ikke Fiskeridirektoratet"], [NaN, NaN, "anmode om fiskerikyndig bemanning."], ["04.05.2022", "Melding - Endringsmelding som", "Planlagt oppstart 12/5 istedenfor 15/5"], [NaN, "krever saksbehandling", NaN], ["02.05.2022", "Status", "Planlagt"]]}, "3": {"index": [0, 1, 2, 3, 4, 5, 6, 7, 8, 9, 10, 11, 12, 13, 14, 15, 16, 17, 18, 19, 20, 21, 22, 23, 24, 25, 26, 27, 28, 29, 30, 31, 32, 33, 34, 35, 36, 37], "columns": {"0": "02.05.2022", "1": "Oljedirektoratet uttalelse til", "2": "Oljedirektoratet (OD) viser til deres melding vedr\u00f8rende"}, "data": [[NaN, "innmelding", "denne unders\u00f8kelsen."], [NaN, NaN, "OD gj\u00f8r s\u00e6rlig oppmerksom p\u00e5 at fart\u00f8y som foretar en"], [NaN, NaN, "unders\u00f8kelse, skal holde forsvarlig avstand til fart\u00f8y"], [NaN, NaN, "som driver fiske, og til fastst\u00e5ende og flytende"], [NaN, NaN, "fiskeredskap. S\u00e6rlig aktsomhet skal utvises n\u00e5r st\u00f8rre"], [NaN, NaN, "ansamlinger av fiskefart\u00f8y observeres, jf. forskrift om"], [NaN, NaN, "ressursforvaltning innen petroleumsvirksomheten av"], [NaN, NaN, "13.12.2017 (ressursforskriften) \u00a7 8 andre ledd."], [NaN, NaN, "Uttalelser som er gitt av adressatene innenfor"], [NaN, NaN, "meldesystemet (jf. petroleumsforskriften \u00a7 6/"], [NaN, NaN, "ressursforskriften \u00a7 6) f\u00f8lger vedlagt. OD har ingen"], [NaN, NaN, "merknader til at unders\u00f8kelsen gjennomf\u00f8res som"], [NaN, NaN, "planlagt dersom tilr\u00e5dningene som angitt blir fulgt. Det"], [NaN, NaN, "er ikke stilt krav om fiskerikyndig bemanning for denne"], [NaN, NaN, "unders\u00f8kelsen."], [NaN, NaN, "Dersom unders\u00f8kelsen aksepteres gjennomf\u00f8rt slik den"], [NaN, NaN, "er tilr\u00e5dd, stadfestes dette gjennom at det sendes inn"], [NaN, NaN, "oppstartsmelding n\u00e5r unders\u00f8kelsen starter, jf."], [NaN, NaN, "ressursforskriften \u00a7 6, 3.ledd."], [NaN, NaN, "Skulle det oppst\u00e5 situasjoner i forhold til"], [NaN, NaN, "fiskeriaktiviteten, ber vi om \u00e5 bli underrettet om dette."], [NaN, NaN, "Unders\u00f8kelsen kan bli stanset eller endret p\u00e5 kort varsel"], [NaN, NaN, "dersom det oppst\u00e5r konflikt med fiskeriene."], [NaN, NaN, "OD gj\u00f8r ogs\u00e5 oppmerksom p\u00e5 at ev. endringer m\u00e5"], [NaN, NaN, "meldes inn i henhold til ressursforskriften \u00a7 6. Det er"], [NaN, NaN, "krav om at alle slike regelverkspliktige meldinger,"], [NaN, NaN, "herunder oppstartsmelding, endringsmelding,"], [NaN, NaN, "ukemelding og sluttmelding \u2013 skal rapporteres gjennom"], [NaN, NaN, "ODs meldingssystem for unders\u00f8kelser."], [NaN, NaN, "Rettighetshaver og/eller den som st\u00e5r for driften av"], [NaN, NaN, "fart\u00f8yet skal for \u00f8vrig gj\u00f8re relevant regelverk,"], [NaN, NaN, "dokumenter og data tilgjengelig for den fiskerikyndige."], [NaN, NaN, "Regelverk og dokumenter skal foreligge p\u00e5 b\u00e5de norsk"], [NaN, NaN, "og engelsk. Det skal ogs\u00e5 legges til rette for at den"], [NaN, NaN, "fiskerikyndige har tilgang til internett og andre"], [NaN, NaN, "n\u00f8dvendige hjelpemidler jf. ressursforskriften \u00a7 9."], ["26.04.2022", "Havforskningsinstituttets", "Havforskningsinstituttet har ingen merknader til de"], [NaN, "uttalelse til innmelding", "planlagte unders\u00f8kelsene."]]}, "4": {"index": [0, 1, 2, 3, 4, 5, 6, 7, 8, 9, 10, 11, 12, 13, 14, 15, 16, 17, 18, 19, 20, 21, 22, 23, 24], "columns": {"0": "08.04.2022", "1": "Fiskeridirektoratets uttalelse til", "2": "Fiskerifaglig vurdering:"}, "data": [[NaN, "innmelding", "Unders\u00f8kelsen skal foreg\u00e5 i et lite omr\u00e5de p\u00e5 vest p\u00e5"], [NaN, NaN, "Sklinnabanken. Unders\u00f8kelsen skal p\u00e5g\u00e5 mellom 15."], [NaN, NaN, "mai 2022 \u2013 31. mai 2022. Det skal gjennomf\u00f8res"], [NaN, NaN, "geoteknisk m\u00e5ling, og unders\u00f8kelsen inneholder ikke"], [NaN, NaN, "seismikk. Fiskeriaktiviteten i unders\u00f8kelsesomr\u00e5det"], [NaN, NaN, "varierer noe fra \u00e5r til \u00e5r. Med grunnlag fra historiske"], [NaN, NaN, "fiskeridata kan det p\u00e5ventes fiskeriaktivitet i"], [NaN, NaN, "unders\u00f8kelsesomr\u00e5det. Det vil p\u00e5g\u00e5 et direktefiske etter"], [NaN, NaN, "bl\u00e5kveite i, eller i den nordlige av"], [NaN, NaN, "unders\u00f8kelsesomr\u00e5det i unders\u00f8kelsesperioden for"], [NaN, NaN, "fart\u00f8y under 28 meter i den. Det er ventet liten til ingen"], [NaN, NaN, "fiskeriaktvitet i unders\u00f8kelsesomr\u00e5det."], [NaN, NaN, "Sammendrag og tilr\u00e5ding:"], [NaN, NaN, "Vi forutsetter at unders\u00f8kelsen utf\u00f8res med den st\u00f8rste"], [NaN, NaN, "aktsomhet, uten \u00e5 v\u00e6re til hinder for fiskeriaktiviteten i"], [NaN, NaN, "omr\u00e5det. Det oppfordres til at det etableres kontakt"], [NaN, NaN, "med Kystvaktsentralen/Kystvakt for \u00e5 orientere seg om"], [NaN, NaN, "fiskeriaktivitet og st\u00e5ende fiskeredskap i omr\u00e5det."], [NaN, NaN, "Unders\u00f8kelsen m\u00e5 stanses eller endres p\u00e5 kort varsel"], [NaN, NaN, "dersom det oppst\u00e5r konflikter med fiskeriene."], [NaN, NaN, "Utfra en helhetsvurdering av fiskeriaktivitet samt type"], [NaN, NaN, "av oms\u00f8kte unders\u00f8kelse, vil ikke Fiskeridirektoratet"], [NaN, NaN, "anmode om fiskerikyndig bemanning."], ["06.04.2022", "Status", "Under behandling"], ["06.04.2022", "Melding - Innmelding", NaN]]}, "5": {"index": [0], "columns": {"0": "Type of licence", "1": "Licence name"}, "data": [["Utvinningstillatelse", 211]]}, "6": {"index": [], "columns": {"0": "Type data", "1": "Format", "2": "Medium", "3": "Comment"}, "data": []}, "7": {"index": [0, 1, 2, 3], "columns": {"0": "Vessel Name", "1": "Type of vessel", "2": "Phone", "3": "IMO-number", "4": "Call", "5": "Nation"}, "data": [[NaN, NaN, "number", NaN, "signal", NaN], ["Normand", "Hovedfart\u00f8y", "+475285600", 9249348.0, "LAXH7", "Norge"], ["Mermaid", "(innsamlingsfa", "6", NaN, NaN, NaN], [NaN, "rt\u00f8y)", NaN, NaN, NaN, NaN]]}, "8": {"index": [], "columns": {"0": "From date", "1": "To date", "2": "Name", "3": "Phone number"}, "data": []}, "9": {"index": [0, 1, 2, 3, 4], "columns": {"0": "Point", "1": "NS", "2": "NS minutes", "3": "Unnamed: 0", "4": "EW", "5": "EW minutes", "6": "Unnamed: 1"}, "data": [["number", "degrees", "(decimal)", NaN, "degrees", "(decimal)", NaN], ["1", "65", "31.25", "N", "7", "11.61", "E"], ["2", "65", "31.27", "N", "7", "12.91", "E"], ["3", "65", "30.73", "N", "7", "12.94", "E"], ["4", "65", "30.72", "N", "7", "11.64", "E"]]}, "10": {"index": [0, 1, 2, 3, 4], "columns": {"0": "Point", "1": "NS", "2": "NS.1", "3": "NS.2", "4": "Unnamed: 0", "5": "EW", "6": "EW.1", "7": "EW.2", "8": "Unnamed: 1"}, "data": [["number", "degrees", "minutes", "seconds", NaN, "degrees", "minutes", "seconds", NaN], ["1", "65", "31", "14.92", "N", "7", "11", "36.53", "E"], ["2", "65", "31", "15.92", "N", "7", "12", "54.52", "E"], ["3", "65", "30", "43.92", "N", "7", "12", "56.52", "E"], ["4", "65", "30", "42.92", "N", "7", "11", "38.52", "E"]]}, "kind": "osdu:wks:master-data--Survey:1.0.0 ", "id": "npd:master-data--Factpages-Survey:10386"}