{"0": {"index": [0, 1, 2, 3, 4, 5, 6], "columns": {"0": "Field name", "1": "GAUPE"}, "data": [["Factmaps in new window", "link to map"], ["Current activity status", "Shut down"], ["Discovery wellbore", "6/3-1"], ["Discovery year.", "1985"], ["Main area", "North sea"], ["Main supply base", NaN], ["NPDID field", "18161341"]]}, "1": {"index": [0, 1], "columns": {"0": "Discovery name"}, "data": [["6/3-1 PI"], ["15/12-19"]]}, "2": {"index": [0, 1, 2, 3], "columns": {"0": "Status", "1": "Status from", "2": "Status to"}, "data": [["Shut down", "03.07.2018", NaN], ["Producing", "31.03.2012", "02.07.2018"], ["Approved for", "25.06.2010", "30.03.2012"], ["production", NaN, NaN]]}, "3": {"index": [0, 1, 2], "columns": {"0": "Unnamed: 0", "1": "Block name", "2": "Prod. licence"}, "data": [["15/12", NaN, NaN], ["6/3", NaN, NaN], ["15/12", NaN, NaN]]}, "4": {"index": [0], "columns": {"0": "Orig. recoverableoil[mill Sm3]", "1": "Orig. recoverablegas[bill Sm3]", "2": "Orig. recoverableNGL[mill tonn]", "3": "Orig. recoverablecond.[mill Sm3]", "4": "Orig. recoverableoil eq.[mill Sm3 o.e]"}, "data": [[0.23, 0.46, 0.03, 0.02, 0.77]]}, "5": {"index": [0], "columns": {"0": "Remaining oil[mill Sm3]", "1": "Remaining gas[bill Sm3]", "2": "Remaining NGL[mill tonn]", "3": "Remaining cond.[mill Sm3]", "4": "Remaining oil eq.[mill Sm3 o.e]"}, "data": [[0.0, 0.0, 0.0, 0.0, 0.0]]}, "6": {"index": [0], "columns": {"0": "Orig. inplace oil[mill Sm3]", "1": "Orig. inplace ass.liquid[mill Sm3]", "2": "Orig. inplace ass.gas[bill Sm3]", "3": "Orig. inplace freegas[bill Sm3]"}, "data": [[11.0, 1.0, 2.0, 3.0]]}, "7": {"index": [0, 1, 2, 3, 4], "columns": {"0": "Type", "1": "Text", "2": "Dateupdated"}, "data": [["Development", "Gaupe is a field in the central part of the North Sea close to theborder to the UK sector, about 35 kilometres south of theSleipner \u00d8st field. The water depth is 90 metres. Gaupe wasdiscovered in 1985, and the plan for development and operation(PDO) was approved in 2010. The development concept wastwo single horizontal subsea wells tied to the Armadainstallation on the UK continental shelf. Production started in2012.", "28.02.2023"], ["Reservoir", "Gaupe produced oil and gas from two structures, Gaupe Southand Gaupe North. Most of the resources were in sandstone inthe Triassic Skagerrak Formation, while some were in MiddleJurassic sandstone. The reservoirs lie at a depth of 3,000metres. The two structures had a gas cap overlying an oil zone.Due to segmentation, the vertical and lateral connectivity in thefield is poor.", "28.02.2023"], ["Recovery strategy", "The field was produced by pressure depletion.", "28.02.2023"], ["Transport", "The well stream was processed at the Armada installation forexport to the UK. The rich gas was transported via the CentralArea Transmission System (CATS) pipeline to Teesside in theUK, and liquids were transported via the Forties pipeline toCruden Bay in the UK.", "28.02.2023"], ["Status", "Production from Gaupe ceased in 2018. According to the formalremoval resolution, decommissioning must be completed by theend of 2026.", NaN]]}, "8": {"index": [0, 1, 2, 3, 4, 5, 6, 7, 8, 9, 10, 11, 12, 13, 14], "columns": {"0": "Unnamed: 0", "1": "Investments"}, "data": [[NaN, "[mill NOK nominal"], [NaN, "values]"], ["Sum", "2321"], ["2021", "0"], ["2020", "0"], ["2019", "0"], ["2018", "0"], ["2017", "0"], ["2016", "-8"], ["2015", "0"], ["2014", "0"], ["2013", "11"], ["2012", "233"], ["2011", "1707"], ["2010", "378"]]}, "9": {"index": [0, 1, 2, 3, 4, 5, 6, 7, 8, 9, 10, 11, 12, 13, 14, 15, 16, 17, 18, 19, 20, 21, 22, 23], "columns": {"0": "Unnamed: 0", "1": "Month", "2": "Net - oil", "3": "Net - gas", "4": "Net -", "5": "Net - NGL", "6": "Net - oil equivalents"}, "data": [[NaN, NaN, "[mill Sm3]", "[bill Sm3]", "condensate", "[mill Sm3]", NaN], [NaN, NaN, NaN, NaN, "[mill Sm3]", NaN, "[mill Sm3]"], ["Sum", NaN, "0.233387", "0.459614", "0.018088", "0.047792", "0.758881"], ["2018", NaN, "0.003115", "0.000979", "0.000026", "0.000080", "0.004200"], [NaN, 1.0, "0.000780", "0.000001", "0.000000", "0.000000", "0.000781"], [NaN, 2.0, "0.000170", "0.000074", "0.000003", "0.000009", "0.000256"], [NaN, 3.0, "0.000472", "0.000000", "0.000000", "0.000000", "0.000472"], [NaN, 4.0, "0.000449", "0.000000", "0.000000", "0.000000", "0.000449"], [NaN, 5.0, "0.000496", "0.000041", "0.000003", "0.000007", "0.000547"], [NaN, 6.0, "0.000694", "0.000863", "0.000020", "0.000064", "0.001641"], [NaN, 7.0, "0.000018", "0.000000", "0.000000", "0.000000", "0.000018"], [NaN, 8.0, "0.000036", "0.000000", "0.000000", "0.000000", "0.000036"], ["2017", NaN, "0.008797", "0.009197", "0.000548", "0.001871", "0.020413"], [NaN, 1.0, "0.001257", "0.000556", "0.000049", "0.000119", "0.001981"], [NaN, 2.0, "0.000362", "0.000591", "0.000026", "0.000125", "0.001104"], [NaN, 3.0, "0.000765", "0.000542", "0.000030", "0.000122", "0.001459"], [NaN, 4.0, "0.001043", "0.001136", "0.000089", "0.000242", "0.002510"], [NaN, 5.0, "0.000553", "0.000733", "0.000051", "0.000163", "0.001500"], [NaN, 6.0, "0.000670", "0.000949", "0.000057", "0.000173", "0.001849"], [NaN, 7.0, "0.000009", "0.000000", "0.000000", "0.000000", "0.000009"], [NaN, 8.0, "0.000779", "0.003500", "0.000148", "0.000724", "0.005151"], [NaN, 9.0, "0.000813", "0.000122", "0.000043", "0.000040", "0.001018"], [NaN, 10.0, "0.000189", "0.000345", "0.000020", "0.000072", "0.000626"], [NaN, 11.0, "0.001134", "0.000721", "0.000033", "0.000089", "0.001977"]]}, "10": {"index": [0, 1, 2, 3, 4, 5, 6, 7, 8, 9, 10, 11, 12, 13, 14, 15, 16, 17, 18, 19, 20, 21, 22, 23, 24, 25, 26, 27, 28, 29, 30, 31, 32, 33, 34, 35, 36, 37, 38, 39, 40, 41], "columns": {"0": "2017", "1": "12", "2": "0.001223", "3": "0.000002", "4": "0.000002.1", "5": "0.000002.2", "6": "Unnamed: 0"}, "data": [[2016.0, NaN, 0.017846, 0.066515, 0.000831, 0.002932, 0.088124], [NaN, 1.0, 0.00049, 0.000189, 1e-06, 3.1e-05, 0.000711], [NaN, 2.0, 0.001659, 0.000481, 5e-06, 9.1e-05, 0.002236], [NaN, 3.0, 0.00214, 0.002064, 0.000173, 0.00048, 0.004857], [NaN, 4.0, 0.00279, 0.003271, 4.8e-05, 0.000749, 0.006858], [NaN, 5.0, 0.001154, 0.001148, 0.000103, 0.00026, 0.002665], [NaN, 6.0, 0.0, 0.0, 0.0, 0.0, 0.0], [NaN, 7.0, 0.001359, 0.001068, 5.7e-05, 0.000235, 0.002719], [NaN, 8.0, 0.000629, 0.007227, 2e-06, 0.000103, 0.007961], [NaN, 9.0, 0.001946, 0.022198, 7.7e-05, 0.00023, 0.024451], [NaN, 10.0, 0.000784, 0.010606, 2.6e-05, 4.1e-05, 0.011457], [NaN, 11.0, 0.003062, 0.016923, 0.000184, 0.000414, 0.020583], [NaN, 12.0, 0.001833, 0.00134, 0.000155, 0.000298, 0.003626], [2015.0, NaN, 0.02047, 0.012748, 0.000861, 0.002675, 0.036754], [NaN, 1.0, 0.0, 0.0, 0.0, 0.0, 0.0], [NaN, 2.0, 0.0, 0.0, 0.0, 0.0, 0.0], [NaN, 3.0, 0.0, 0.0, 0.0, 0.0, 0.0], [NaN, 4.0, 0.003484, 0.004606, 0.00034, 0.000991, 0.009421], [NaN, 5.0, 0.004047, 0.001701, 0.000129, 0.000353, 0.00623], [NaN, 6.0, 0.001798, 0.00094, 7.6e-05, 0.000195, 0.003009], [NaN, 7.0, 0.002172, 0.001193, 0.0, 0.000248, 0.003613], [NaN, 8.0, 0.001736, 0.001041, 4.6e-05, 0.000221, 0.003044], [NaN, 9.0, 0.0011, 0.000286, 1.6e-05, 5.6e-05, 0.001458], [NaN, 10.0, 0.001297, 0.000783, 6e-05, 0.000157, 0.002297], [NaN, 11.0, 0.003449, 0.000993, 8.9e-05, 0.000208, 0.004739], [NaN, 12.0, 0.001387, 0.001205, 0.000105, 0.000246, 0.002943], [2014.0, NaN, 0.021968, 0.066914, 0.004037, 0.012204, 0.105123], [NaN, 1.0, 0.003069, 0.007253, 0.000412, 0.001345, 0.012079], [NaN, 2.0, 0.002552, 0.003015, 0.001275, 0.003719, 0.010561], [NaN, 3.0, 0.002166, 0.007083, 0.000289, 0.001012, 0.01055], [NaN, 4.0, 0.003126, 0.016578, 0.000716, 0.002272, 0.022692], [NaN, 5.0, 0.002731, 0.012752, 0.00027, 0.001335, 0.017088], [NaN, 6.0, 0.003132, 0.010022, 0.00055, 0.001308, 0.015012], [NaN, 7.0, 0.001616, 0.006784, 0.000335, 0.000703, 0.009438], [NaN, 8.0, 0.000375, 0.0, 0.0, 0.0, 0.000375], [NaN, 9.0, 0.002448, 0.002566, 0.000136, 0.000348, 0.005498], [NaN, 10.0, 0.000753, 0.000861, 5.4e-05, 0.000162, 0.00183], [NaN, 11.0, 0.0, 0.0, 0.0, 0.0, 0.0], [NaN, 12.0, 0.0, 0.0, 0.0, 0.0, 0.0], [2013.0, NaN, 0.049833, 0.14185, 0.005229, 0.014695, 0.211607], [1.0, 0.009135, 0.020481, 0.000976, 0.001816, 0.032408, NaN], [2.0, 0.005219, 0.023021, 0.000542, 0.001059, 0.029841, NaN]]}, "11": {"index": [0, 1, 2, 3, 4, 5, 6, 7, 8, 9, 10, 11, 12, 13, 14, 15, 16, 17, 18], "columns": {"0": "2013", "1": "3", "2": "0.005761", "3": "0.014812", "4": "0.000020", "5": "0.001410", "6": "0.022003"}, "data": [[4.0, 0.005252, 0.015616, 0.000806, 0.001385, 0.023059, NaN], [5.0, 0.004332, 0.012364, 0.00027, 0.001325, 0.018291, NaN], [6.0, 0.003533, 0.012988, 0.000553, 0.001766, 0.01884, NaN], [NaN, 7.0, 0.002962, 0.004631, 6.7e-05, 0.000683, 0.008343], [NaN, 8.0, 0.0, 0.0, 0.0, 0.0, 0.0], [NaN, 9.0, 0.003478, 0.011681, 0.000677, 0.001741, 0.017577], [NaN, 10.0, 0.004143, 0.012828, 0.000721, 0.001481, 0.019173], [NaN, 11.0, 0.002249, 0.005369, 0.000168, 0.00064, 0.008426], [NaN, 12.0, 0.003769, 0.008059, 0.000429, 0.001389, 0.013646], [2012.0, NaN, 0.111358, 0.161411, 0.006556, 0.013335, 0.29266], [4.0, 0.017103, 0.009754, 0.000443, 0.000786, 0.028086, NaN], [5.0, 0.012685, 0.010612, 0.000466, 0.000882, 0.024645, NaN], [6.0, 0.010519, 0.010968, 0.000487, 0.000871, 0.022845, NaN], [7.0, 0.018683, 0.030338, 0.001234, 0.002111, 0.052366, NaN], [8.0, 0.015289, 0.025021, 0.000754, 0.001798, 0.042862, NaN], [9.0, 0.002217, 0.005783, 0.000211, 0.000545, 0.008756, NaN], [10.0, 0.012898, 0.022632, 0.00096, 0.002058, 0.038548, NaN], [11.0, 0.012607, 0.025407, 0.00111, 0.002391, 0.041515, NaN], [12.0, 0.009357, 0.020896, 0.000891, 0.001893, 0.033037, NaN]]}, "12": {"index": [0, 1, 2, 3, 4, 5, 6, 7, 8, 9, 10, 11, 12, 13, 14, 15, 16, 17, 18], "columns": {"0": "Unnamed: 0", "1": "Month", "2": "Gross - oil[mill Sm3]", "3": "Gross - gas[bill Sm3]", "4": "Gross -condensate[mill Sm3]", "5": "Gross - oilequivalents[mill Sm3]"}, "data": [["Sum", NaN, 0.0, 0.561777, 0.237514, 0.799291], ["2018", NaN, 0.0, 0.005597, 0.003001, 0.008598], [NaN, 1.0, 0.0, 0.001444, 0.000772, 0.002216], [NaN, 2.0, 0.0, 0.000129, 8.9e-05, 0.000218], [NaN, 3.0, 0.0, 0.001384, 0.000759, 0.002143], [NaN, 4.0, 0.0, 0.000428, 0.000226, 0.000654], [NaN, 5.0, 0.0, 0.001103, 0.000598, 0.001701], [NaN, 6.0, 0.0, 0.001062, 0.000534, 0.001596], [NaN, 7.0, 0.0, 4.7e-05, 2.3e-05, 7e-05], [NaN, 8.0, 0.0, 0.0, 0.0, 0.0], ["2017", NaN, 0.0, 0.013164, 0.00838, 0.021544], ["1", 0.0, 0.001508, 0.000979, 0.002487, NaN], ["2", 0.0, 0.000386, 0.000368, 0.000754, NaN], ["3", 0.0, 0.001622, 0.001014, 0.002636, NaN], ["4", 0.0, 0.001257, 0.000756, 0.002013, NaN], ["5", 0.0, 0.000939, 0.000541, 0.00148, NaN], ["6", 0.0, 0.001445, 0.000638, 0.002083, NaN], ["7", 0.0, 0.0, 0.0, 0.0, NaN], ["8", 0.0, 0.002205, 0.001282, 0.003487, NaN]]}, "13": {"index": [0, 1, 2, 3, 4, 5, 6, 7, 8, 9, 10, 11, 12, 13, 14, 15, 16, 17, 18, 19, 20, 21, 22, 23, 24, 25, 26, 27, 28, 29, 30, 31, 32, 33, 34, 35, 36, 37, 38, 39, 40, 41], "columns": {"0": "2017", "1": "9", "2": "0.000000", "3": "0.000638", "4": "0.000401", "5": "0.001039"}, "data": [[NaN, 10.0, 0.0, 0.000686, 0.00045, 0.001136], [NaN, 11.0, 0.0, 0.00153, 0.000949, 0.002479], [NaN, 12.0, 0.0, 0.000948, 0.001002, 0.00195], [2016.0, NaN, 0.0, 0.022012, 0.015701, 0.037713], [NaN, 1.0, 0.0, 0.000709, 0.000473, 0.001182], [NaN, 2.0, 0.0, 0.000854, 0.000786, 0.00164], [NaN, 3.0, 0.0, 0.003007, 0.002168, 0.005175], [NaN, 4.0, 0.0, 0.003623, 0.002182, 0.005805], [NaN, 5.0, 0.0, 0.001131, 0.000799, 0.00193], [NaN, 6.0, 0.0, 0.0, 0.0, 0.0], [NaN, 7.0, 0.0, 0.002403, 0.001571, 0.003974], [NaN, 8.0, 0.0, 0.001252, 0.00086, 0.002112], [NaN, 9.0, 0.0, 0.002565, 0.001711, 0.004276], [NaN, 10.0, 0.0, 0.000265, 0.000197, 0.000462], [NaN, 11.0, 0.0, 0.00398, 0.003427, 0.007407], [NaN, 12.0, 0.0, 0.002223, 0.001527, 0.00375], [2015.0, NaN, 0.0, 0.073916, 0.020192, 0.094108], [NaN, 1.0, 0.0, 0.0, 0.0, 0.0], [NaN, 2.0, 0.0, 0.0, 0.0, 0.0], [NaN, 3.0, 0.0, 0.0, 0.0, 0.0], [NaN, 4.0, 0.0, 0.052852, 0.00482, 0.057672], [NaN, 5.0, 0.0, 0.00472, 0.003118, 0.007838], [NaN, 6.0, 0.0, 0.002713, 0.001942, 0.004655], [NaN, 7.0, 0.0, 0.001919, 0.001646, 0.003565], [NaN, 8.0, 0.0, 0.002411, 0.002002, 0.004413], [NaN, 9.0, 0.0, 0.000957, 0.000674, 0.001631], [NaN, 10.0, 0.0, 0.002483, 0.00171, 0.004193], [NaN, 11.0, 0.0, 0.002553, 0.001907, 0.00446], [NaN, 12.0, 0.0, 0.003308, 0.002373, 0.005681], [2014.0, NaN, 0.0, 0.062741, 0.020536, 0.083277], [NaN, 1.0, 0.0, 0.009092, 0.002692, 0.011784], [NaN, 2.0, 0.0, 0.00651, 0.001919, 0.008429], [NaN, 3.0, 0.0, 0.0071, 0.002251, 0.009351], [NaN, 4.0, 0.0, 0.006233, 0.001984, 0.008217], [NaN, 5.0, 0.0, 0.014692, 0.004447, 0.019139], [NaN, 6.0, 0.0, 0.006778, 0.002358, 0.009136], [NaN, 7.0, 0.0, 0.005441, 0.001673, 0.007114], [NaN, 8.0, 0.0, 0.001385, 0.0, 0.001385], [NaN, 9.0, 0.0, 0.00551, 0.003212, 0.008722], [NaN, 10.0, 0.0, 0.0, 0.0, 0.0], [NaN, 11.0, 0.0, 0.0, 0.0, 0.0], [NaN, 12.0, 0.0, 0.0, 0.0, 0.0]]}, "14": {"index": [0, 1, 2, 3, 4, 5, 6, 7, 8, 9, 10, 11, 12, 13, 14, 15, 16, 17, 18, 19, 20, 21], "columns": {"0": "2013", "1": "Unnamed: 0", "2": "0.000000", "3": "0.164956", "4": "0.044088", "5": "0.209044"}, "data": [[NaN, 1.0, 0.0, 0.024144, 0.008853, 0.032997], [NaN, 2.0, 0.0, 0.014018, 0.005475, 0.019493], [NaN, 3.0, 0.0, 0.029, 0.000182, 0.029182], [NaN, 4.0, 0.0, 0.016055, 0.00509, 0.021145], [NaN, 5.0, 0.0, 0.014692, 0.004447, 0.019139], [NaN, 6.0, 0.0, 0.013849, 0.003955, 0.017804], [NaN, 7.0, 0.0, 0.009305, 0.002653, 0.011958], [NaN, 8.0, 0.0, 0.0, 0.0, 0.0], [NaN, 9.0, 0.0, 0.014093, 0.004653, 0.018746], [NaN, 10.0, 0.0, 0.013455, 0.003971, 0.017426], [NaN, 11.0, 0.0, 0.005002, 0.001512, 0.006514], [NaN, 12.0, 0.0, 0.011343, 0.003297, 0.01464], [2012.0, NaN, 0.0, 0.219391, 0.125616, 0.345007], [4.0, 0.0, 0.01739, 0.022038, 0.039428, NaN], [5.0, 0.0, 0.015917, 0.0139, 0.029817, NaN], [6.0, 0.0, 0.016514, 0.012791, 0.029305, NaN], [7.0, 0.0, 0.04245, 0.020933, 0.063383, NaN], [8.0, 0.0, 0.03501, 0.014308, 0.049318, NaN], [9.0, 0.0, 0.009731, 0.005936, 0.015667, NaN], [10.0, 0.0, 0.029841, 0.014678, 0.044519, NaN], [11.0, 0.0, 0.027769, 0.011462, 0.039231, NaN], [12.0, 0.0, 0.024769, 0.00957, 0.034339, NaN]]}, "15": {"index": [], "columns": {"0": "Unnamed: 0"}, "data": []}, "16": {"index": [0, 1, 2], "columns": {"0": "Wellbore name", "1": "Entered date", "2": "Completed", "3": "Purpose", "4": "Status", "5": "Content"}, "data": [[NaN, NaN, "date", NaN, NaN, NaN], ["6/3-1", "02.11.1984", "01.02.1985", "WILDCAT", "P&A", "OIL/GAS"], ["15/12-19", "18.02.2008", "20.05.2008", "WILDCAT", "P&A", "OIL/GAS"]]}, "17": {"index": [0, 1, 2], "columns": {"0": "Wellbore name", "1": "Entered date", "2": "Completed", "3": "Purpose", "4": "Content"}, "data": [[NaN, NaN, "date", NaN, NaN], ["6/3-A-1 H", "26.04.2011", "23.05.2011", "PRODUCTION", "OIL/GAS"], ["15/12-E-1 H", "31.05.2011", "30.06.2011", "PRODUCTION", "OIL"]]}, "18": {"index": [0], "columns": {"0": "Wellbore name", "1": "Entered date", "2": "Completed", "3": "Purpose", "4": "Status"}, "data": [[NaN, NaN, "date", NaN, NaN]]}, "kind": "osdu:wks:master-data--Field:1.0.0 ", "id": "npd:master-data--Factpages-Field:18161341"}