{"0": {"index": [0, 1, 2, 3, 4, 5, 6], "columns": {"0": "Field name", "1": "\u00c5SGARD"}, "data": [["Factmaps in new window", "link to map"], ["Current activity status", "Producing"], ["Discovery wellbore", "6507/11-1"], ["Discovery year.", "1981"], ["Main area", "Norwegian sea"], ["Main supply base", "Kristiansund"], ["NPDID field", "43765"]]}, "1": {"index": [0, 1, 2, 3, 4, 5, 6], "columns": {"0": "Discovery name"}, "data": [["6506/12-3 Sm\u00f8rbukk S\u00f8r"], ["6506/12-12 S (Sm\u00f8rbukk"], ["Nord\u00f8st)"], ["6507/11-1 Midgard"], ["6506/12-3 (Bl\u00e5bj\u00f8rn)"], ["6506/9-3 (Sm\u00f8rbukk Nord)"], ["6506/12-1 Sm\u00f8rbukk"]]}, "2": {"index": [0, 1, 2], "columns": {"0": "Status", "1": "Status from", "2": "Status to"}, "data": [["Producing", "19.05.1999", NaN], ["Approved for", "14.06.1996", "18.05.1999"], ["production", NaN, NaN]]}, "3": {"index": [0, 1, 2, 3, 4, 5, 6, 7], "columns": {"0": "Block name", "1": "Prod. licence"}, "data": [["6406/3", "094 B"], ["6506/11", "134"], ["6506/12", "479"], ["6507/11", "062"], ["6407/3", "237"], ["6407/2", "074"], ["6506/12", "094"], ["6506/9", "479"]]}, "4": {"index": [0, 1], "columns": {"0": "Owner kind", "1": "Owner name"}, "data": [["BUSINESS ARRANGEMENT", "\u00c5SGARD UNIT"], ["AREA", NaN]]}, "5": {"index": [0, 1, 2, 3], "columns": {"0": "Unnamed: 0", "1": "Company name", "2": "Nation code", "3": "Company share [%]"}, "data": [["Equinor Energy AS", NaN, "NO", 35.01], ["Petoro AS", NaN, "NO", 34.53], ["V\u00e5r Energi ASA", NaN, "NO", 22.65], ["TotalEnergies EP Norge AS", NaN, "NO", 7.81]]}, "6": {"index": [0, 1, 2], "columns": {"0": "Orig. recoverable", "1": "Orig. recoverable.1", "2": "Orig. recoverable.2", "3": "Orig. recoverable.3", "4": "Orig. recoverable.4"}, "data": [["oil", "gas", "NGL", "cond.", "oil eq."], ["[mill Sm3]", "[bill Sm3]", "[mill tonn]", "[mill Sm3]", "[mill Sm3 o.e]"], ["108.45", "242.00", "43.52", "17.11", "450.25"]]}, "7": {"index": [0, 1], "columns": {"0": "Remaining oil", "1": "Remaining gas", "2": "Remaining NGL", "3": "Remaining cond.", "4": "Remaining oil eq."}, "data": [["[mill Sm3]", "[bill Sm3]", "[mill tonn]", "[mill Sm3]", "[mill Sm3 o.e]"], ["5.52", "31.73", "5.67", "0.00", "48.02"]]}, "8": {"index": [0, 1, 2], "columns": {"0": "Orig. inplace oil", "1": "Orig. inplace ass.", "2": "Orig. inplace ass..1", "3": "Orig. inplace free"}, "data": [["[mill Sm3]", "liquid", "gas", "gas"], [NaN, "[mill Sm3]", "[bill Sm3]", "[bill Sm3]"], ["192.00", "202.00", "57.00", "336.00"]]}, "9": {"index": [0, 1, 2, 3, 4, 5, 6, 7, 8, 9, 10, 11, 12, 13, 14, 15, 16, 17, 18, 19, 20, 21, 22, 23, 24, 25, 26, 27, 28, 29, 30, 31, 32, 33, 34, 35, 36, 37, 38, 39, 40, 41, 42, 43, 44, 45, 46], "columns": {"0": "Type", "1": "Text", "2": "Date"}, "data": [[NaN, NaN, "updated"], ["Development", "\u00c5sgard is a field in the central part of the Norwegian Sea. The", "28.02.2023"], [NaN, "water depth is 240-300 metres. \u00c5sgard was discovered in 1981,", NaN], [NaN, "and the plan for development and operation (PDO) was", NaN], [NaN, "approved in 1996. The \u00c5sgard field includes the deposits", NaN], [NaN, "Sm\u00f8rbukk, Sm\u00f8rbukk S\u00f8r and Midgard. The field has been", NaN], [NaN, "developed with subsea wells tied-back to a production, storage", NaN], [NaN, "and offloading vessel (FPSO), \u00c5sgard A. The development also", NaN], [NaN, "includes \u00c5sgard B, a floating, semi-submersible facility for gas", NaN], [NaN, "and condensate processing. The gas centre is connected to a", NaN], [NaN, "storage vessel for condensate, \u00c5sgard C. Production started in", NaN], [NaN, "1999 and gas export started in 2000. The \u00c5sgard facilities are", NaN], [NaN, "an important part of the Norwegian Sea infrastructure. The", NaN], [NaN, "Mikkel and Morvin fields are tied to \u00c5sgard B for processing, and", NaN], [NaN, "gas from \u00c5sgard B is sent to the Tyrihans field for gas lift. The", NaN], [NaN, "PDO for a gas compression facility at Midgard was approved in", NaN], [NaN, "2012. The Trestakk field is tied-in to \u00c5sgard A.", NaN], ["Reservoir", "\u00c5sgard produces gas and considerable amounts of condensate", "28.02.2023"], [NaN, "from Jurassic sandstone at depths of as much as 4850 metres.", NaN], [NaN, "The reservoir quality varies in the different formations, and", NaN], [NaN, "there are large variations in the reservoir properties between", NaN], [NaN, "the three deposits. The Sm\u00f8rbukk deposit is in a rotated fault", NaN], [NaN, "block and contains gas, condensate and oil in the \u00c5re, Tilje,", NaN], [NaN, "Tofte, Ile and Garn Formations. The Sm\u00f8rbukk S\u00f8r deposit", NaN], [NaN, "contains oil, gas and condensate in the Tilje, Ile and Garn", NaN], [NaN, "Formations. The Midgard gas deposits are divided into four", NaN], [NaN, "structural segments with the main reservoir in the Ile and Garn", NaN], [NaN, "Formations.", NaN], ["Recovery strategy", "Sm\u00f8rbukk is produced partly by pressure depletion and partly", "28.02.2023"], [NaN, "by injection of excess gas from the field. Sm\u00f8rbukk S\u00f8r is", NaN], [NaN, "produced by pressure support from gas injection. Midgard is", NaN], [NaN, "produced by pressure depletion.", NaN], ["Transport", "Oil and condensate are temporarily stored at \u00c5sgard A, then", "28.02.2023"], [NaN, "shipped to land by tankers. The gas is exported through the", NaN], [NaN, "\u00c5sgard Transport System (\u00c5TS) to the terminal at K\u00e5rst\u00f8. The", NaN], [NaN, "condensate from \u00c5sgard is sold as oil.", NaN], ["Status", "Work is ongoing to increase the recovery from the field, with", "28.02.2023"], [NaN, "focus on further reduction of pressure on the facilities and", NaN], [NaN, "identification of new targets for infill drilling. Challenges for", NaN], [NaN, "\u00c5sgard are avoiding minimum flow in the subsea flowlines and", NaN], [NaN, "depleted reservoirs that impact the drilling window. Installation", NaN], [NaN, "of the \u00c5sgard subsea gas compressor (\u00c5SC) in 2015/2016 has", NaN], [NaN, "accelerated and prolonged gas production from the field. The", NaN], [NaN, "\u00c5SC Phase II development is ongoing. Avoiding minimum flow", NaN], [NaN, "in the subsea flowlines is a challenge for \u00c5sgard production.", NaN], [NaN, "Third party tie-ins to \u00c5sgard and identification of new resource", NaN], [NaN, "potential can prolong the lifetime of the facilities.", NaN]]}, "10": {"index": [0, 1, 2, 3, 4, 5, 6, 7, 8, 9, 10, 11, 12, 13, 14, 15, 16, 17, 18, 19, 20, 21, 22, 23, 24, 25, 26, 27, 28], "columns": {"0": "Unnamed: 0", "1": "Investments"}, "data": [[NaN, "[mill NOK nominal"], [NaN, "values]"], ["Sum", "104087"], ["2021", "2310"], ["2020", "2808"], ["2019", "2785"], ["2018", "1592"], ["2017", "1551"], ["2016", "2810"], ["2015", "4780"], ["2014", "7775"], ["2013", "6599"], ["2012", "5776"], ["2011", "5281"], ["2010", "1461"], ["2009", "2995"], ["2008", "2253"], ["2007", "2087"], ["2006", "1635"], ["2005", "1171"], ["2004", "1804"], ["2003", "590"], ["2002", "1018"], ["2001", "2179"], ["2000", "5818"], ["1999", "13602"], ["1998", "12934"], ["1997", "7690"], ["1996", "2783"]]}, "11": {"index": [0, 1, 2, 3, 4, 5, 6, 7, 8, 9], "columns": {"0": "Unnamed: 0", "1": "Month", "2": "Net - oil Net - gas", "3": "Unnamed: 1", "4": "Net -", "5": "Net - NGL", "6": "Net - oil equivalents"}, "data": [[NaN, NaN, "[mill Sm3] [bill Sm3]", NaN, "condensate", "[mill Sm3]", NaN], [NaN, NaN, NaN, NaN, "[mill Sm3]", NaN, "[mill Sm3]"], ["Sum", NaN, "103.260653 211.664799", NaN, "17.112745", "75.596782", "407.634979"], ["2023", NaN, "0.418254 2.598130", NaN, "0.000000", "0.495518", "3.511902"], [NaN, 1.0, "0.068773 0.459740", NaN, "0.000000", "0.086110", "0.614623"], [NaN, 2.0, "0.060851 0.387919", NaN, "0.000000", "0.068885", "0.517655"], [NaN, 3.0, "0.073490 0.421723", NaN, "0.000000", "0.079292", "0.574505"], [NaN, 4.0, "0.072306 0.437389", NaN, "0.000000", "0.085235", "0.594930"], [NaN, 5.0, "0.074374 0.466026", NaN, "0.000000", "0.089937", "0.630337"], [NaN, 6.0, "0.068460 0.425333", NaN, "0.000000", "0.086059", "0.579852"]]}, "12": {"index": [0, 1, 2, 3, 4, 5, 6, 7, 8, 9, 10, 11, 12, 13, 14, 15, 16, 17, 18, 19, 20, 21, 22, 23, 24, 25, 26, 27, 28, 29, 30, 31, 32, 33, 34, 35, 36, 37, 38, 39, 40, 41], "columns": {"0": "2022", "1": "Unnamed: 0", "2": "1.035588", "3": "5.527986", "4": "0.000000", "5": "1.236255", "6": "7.799829"}, "data": [[NaN, 1.0, 0.108552, 0.542255, 0.0, 0.139406, 0.790213], [NaN, 2.0, 0.094324, 0.486764, 0.0, 0.11508, 0.696168], [NaN, 3.0, 0.093852, 0.522637, 0.0, 0.118517, 0.735006], [NaN, 4.0, 0.088854, 0.516645, 0.0, 0.1171, 0.722599], [NaN, 5.0, 0.093633, 0.487457, 0.0, 0.114414, 0.695504], [NaN, 6.0, 0.0802, 0.45439, 0.0, 0.10501, 0.6396], [NaN, 7.0, 0.091111, 0.495743, 0.0, 0.114267, 0.701121], [NaN, 8.0, 0.077593, 0.406749, 0.0, 0.091088, 0.57543], [NaN, 9.0, 0.079765, 0.433036, 0.0, 0.103318, 0.616119], [NaN, 10.0, 0.08181, 0.463829, 0.0, 0.083679, 0.629318], [NaN, 11.0, 0.066155, 0.335709, 0.0, 0.060123, 0.461987], [NaN, 12.0, 0.079739, 0.382772, 0.0, 0.074253, 0.536764], [2021.0, NaN, 1.076637, 5.391018, 0.0, 1.852824, 8.320479], [NaN, 1.0, 0.117497, 0.555149, 0.0, 0.226094, 0.89874], [NaN, 2.0, 0.104081, 0.488042, 0.0, 0.201768, 0.793891], [NaN, 3.0, 0.109476, 0.522571, 0.0, 0.225281, 0.857328], [NaN, 4.0, 0.109773, 0.529178, 0.0, 0.212223, 0.851174], [NaN, 5.0, 0.018772, 0.063216, 0.0, 0.024125, 0.106113], [NaN, 6.0, 0.016841, 0.03208, 0.0, 0.008401, 0.057322], [NaN, 7.0, 0.096769, 0.462596, 0.0, 0.163529, 0.722894], [NaN, 8.0, 0.10751, 0.554008, 0.0, 0.181544, 0.843062], [NaN, 9.0, 0.098083, 0.542495, 0.0, 0.175794, 0.816372], [NaN, 10.0, 0.105088, 0.564678, 0.0, 0.152052, 0.821818], [NaN, 11.0, 0.091893, 0.514676, 0.0, 0.139211, 0.74578], [NaN, 12.0, 0.100854, 0.562329, 0.0, 0.142802, 0.805985], [2020.0, NaN, 1.385518, 6.673387, 0.0, 2.510203, 10.569108], [NaN, 1.0, 0.127565, 0.637131, 0.0, 0.249267, 1.013963], [NaN, 2.0, 0.113311, 0.517367, 0.0, 0.196769, 0.827447], [NaN, 3.0, 0.114006, 0.621202, 0.0, 0.230385, 0.965593], [NaN, 4.0, 0.111088, 0.624929, 0.0, 0.192222, 0.928239], [NaN, 5.0, 0.129851, 0.640425, 0.0, 0.217759, 0.988035], [NaN, 6.0, 0.114824, 0.536563, 0.0, 0.212946, 0.864333], [NaN, 7.0, 0.117215, 0.557335, 0.0, 0.208396, 0.882946], [NaN, 8.0, 0.114149, 0.484889, 0.0, 0.196555, 0.795593], [NaN, 9.0, 0.092364, 0.442511, 0.0, 0.177116, 0.711991], [NaN, 10.0, 0.112192, 0.561795, 0.0, 0.22141, 0.895397], [NaN, 11.0, 0.107726, 0.512697, 0.0, 0.199708, 0.820131], [NaN, 12.0, 0.131227, 0.536543, 0.0, 0.20767, 0.87544], [2019.0, NaN, 1.728765, 8.728399, 0.0, 3.128335, 13.585499], [1.0, 0.165377, 0.785443, 0.0, 0.238254, 1.189074, NaN], [2.0, 0.142006, 0.716392, 0.0, 0.243497, 1.101895, NaN], [3.0, 0.142786, 0.786082, 0.0, 0.292155, NaN, NaN]]}, "13": {"index": [0, 1, 2, 3, 4, 5, 6, 7, 8, 9, 10, 11, 12, 13, 14, 15, 16, 17, 18, 19, 20, 21, 22, 23, 24, 25, 26, 27, 28, 29, 30, 31, 32, 33, 34, 35, 36, 37, 38, 39, 40, 41], "columns": {"0": "2019", "1": "4", "2": "0.142967", "3": "0.733055", "4": "0.000000", "5": "0.247947", "6": "1.123969"}, "data": [[NaN, 5.0, 0.130508, 0.704532, 0.0, 0.252438, 1.087478], [NaN, 6.0, 0.126077, 0.713742, 0.0, 0.253732, 1.093551], [NaN, 7.0, 0.138489, 0.823086, 0.0, 0.314998, 1.276573], [NaN, 8.0, 0.152697, 0.843821, 0.0, 0.317074, 1.313592], [NaN, 9.0, 0.160178, 0.730233, 0.0, 0.254942, 1.145353], [NaN, 10.0, 0.169425, 0.728937, 0.0, 0.265292, 1.163654], [NaN, 11.0, 0.129499, 0.605009, 0.0, 0.231424, 0.965932], [NaN, 12.0, 0.128756, 0.558067, 0.0, 0.216582, 0.903405], [2018.0, NaN, 1.996514, 9.482434, 0.0, 3.258618, 14.737566], [NaN, 1.0, 0.195328, 0.905672, 0.0, 0.32423, 1.42523], [NaN, 2.0, 0.178524, 0.826894, 0.0, 0.29832, 1.303738], [NaN, 3.0, 0.180717, 0.886248, 0.0, 0.31018, 1.377145], [NaN, 4.0, 0.138695, 0.717881, 0.0, 0.231935, 1.088511], [NaN, 5.0, 0.174187, 0.841448, 0.0, 0.29236, 1.307995], [NaN, 6.0, 0.152111, 0.770125, 0.0, 0.258139, 1.180375], [NaN, 7.0, 0.154087, 0.822059, 0.0, 0.282945, 1.259091], [NaN, 8.0, 0.161139, 0.815079, 0.0, 0.276733, 1.252951], [NaN, 9.0, 0.132095, 0.610634, 0.0, 0.20652, 0.949249], [NaN, 10.0, 0.181794, 0.779436, 0.0, 0.285316, 1.246546], [NaN, 11.0, 0.168379, 0.713993, 0.0, 0.242185, 1.124557], [NaN, 12.0, 0.179458, 0.792965, 0.0, 0.249755, 1.222178], [2017.0, NaN, 2.330746, 10.228406, 0.0, 3.382349, 15.941501], [NaN, 1.0, 0.226362, 0.908647, 0.0, 0.316923, 1.451932], [NaN, 2.0, 0.202821, 0.813062, 0.0, 0.276592, 1.292475], [NaN, 3.0, 0.212282, 0.913331, 0.0, 0.309486, 1.435099], [NaN, 4.0, 0.220902, 0.849667, 0.0, 0.291353, 1.361922], [NaN, 5.0, 0.21734, 0.903256, 0.0, 0.278027, 1.398623], [NaN, 6.0, 0.182838, 0.82355, 0.0, 0.25526, 1.261648], [NaN, 7.0, 0.1779, 0.77357, 0.0, 0.246816, 1.198286], [NaN, 8.0, 0.183932, 0.796837, 0.0, 0.261446, 1.242215], [NaN, 9.0, 0.171445, 0.797867, 0.0, 0.246747, 1.216059], [NaN, 10.0, 0.188479, 0.914105, 0.0, 0.312031, 1.414615], [NaN, 11.0, 0.169208, 0.836523, 0.0, 0.281537, 1.287268], [NaN, 12.0, 0.177237, 0.897991, 0.0, 0.306131, 1.381359], [2016.0, NaN, 2.544567, 10.236958, 0.0, 3.541206, 16.322731], [1.0, 0.245469, 0.920652, 0.0, 0.335868, 1.501989, NaN], [2.0, 0.239575, 0.891888, 0.0, 0.324962, 1.456425, NaN], [3.0, 0.236431, 0.93244, 0.0, 0.338125, 1.506996, NaN], [4.0, 0.222689, 0.935243, 0.0, 0.322419, 1.480351, NaN], [5.0, 0.214327, 0.925115, 0.0, 0.309511, 1.448953, NaN], [6.0, 0.201836, 0.87711, 0.0, 0.296382, 1.375328, NaN], [7.0, 0.239173, 0.90793, 0.0, 0.319814, 1.466917, NaN]]}, "14": {"index": [0, 1, 2, 3, 4, 5, 6, 7, 8, 9, 10, 11, 12, 13, 14, 15, 16, 17, 18, 19, 20, 21, 22, 23, 24, 25, 26, 27, 28, 29, 30, 31, 32, 33, 34, 35, 36, 37, 38, 39, 40, 41], "columns": {"0": "2016", "1": "8", "2": "0.207023", "3": "0.776413", "4": "0.000000", "5": "0.267183", "6": "1.250619"}, "data": [[NaN, 9.0, 0.085134, 0.35292, 0.0, 0.11469, 0.552744], [NaN, 10.0, 0.242958, 0.99438, 0.0, 0.338315, 1.575653], [NaN, 11.0, 0.211316, 0.874424, 0.0, 0.291439, 1.377179], [NaN, 12.0, 0.198636, 0.848443, 0.0, 0.282498, 1.329577], [2015.0, NaN, 2.732371, 9.806201, 0.0, 3.559528, 16.0981], [NaN, 1.0, 0.246014, 0.875703, 0.0, 0.319847, 1.441564], [NaN, 2.0, 0.221013, 0.781154, 0.0, 0.283908, 1.286075], [NaN, 3.0, 0.245583, 0.866249, 0.0, 0.33125, 1.443082], [NaN, 4.0, 0.238573, 0.870263, 0.0, 0.308627, 1.417463], [NaN, 5.0, 0.18167, 0.879167, 0.0, 0.326972, 1.387809], [NaN, 6.0, 0.208062, 0.703933, 0.0, 0.268115, 1.18011], [NaN, 7.0, 0.222897, 0.716507, 0.0, 0.280747, 1.220151], [NaN, 8.0, 0.235821, 0.776707, 0.0, 0.300014, 1.312542], [NaN, 9.0, 0.214398, 0.671237, 0.0, 0.218459, 1.104094], [NaN, 10.0, 0.246913, 0.960277, 0.0, 0.319943, 1.527133], [NaN, 11.0, 0.227993, 0.849248, 0.0, 0.291007, 1.368248], [NaN, 12.0, 0.243434, 0.855756, 0.0, 0.310639, 1.409829], [2014.0, NaN, 3.050307, 9.899469, 0.0, 3.766828, 16.716604], [NaN, 1.0, 0.27179, 0.970423, 0.0, 0.391581, 1.633794], [NaN, 2.0, 0.251897, 0.780393, 0.0, 0.315304, 1.347594], [NaN, 3.0, 0.269742, 0.892421, 0.0, 0.351185, 1.513348], [NaN, 4.0, 0.252255, 0.848976, 0.0, 0.317027, 1.418258], [NaN, 5.0, 0.288989, 0.9054, 0.0, 0.323155, 1.517544], [NaN, 6.0, 0.250874, 0.774831, 0.0, 0.303141, 1.328846], [NaN, 7.0, 0.236603, 0.766898, 0.0, 0.291208, 1.294709], [NaN, 8.0, 0.246548, 0.835173, 0.0, 0.296073, 1.377794], [NaN, 9.0, 0.220112, 0.711362, 0.0, 0.256071, 1.187545], [NaN, 10.0, 0.245108, 0.777935, 0.0, 0.290629, 1.313672], [NaN, 11.0, 0.253009, 0.804948, 0.0, 0.312195, 1.370152], [NaN, 12.0, 0.26338, 0.830709, 0.0, 0.319259, 1.413348], [2013.0, NaN, 3.165677, 9.614166, 0.0, 3.848725, 16.628568], [1.0, 0.272641, 0.8222, 0.0, 0.363393, 1.458234, NaN], [2.0, 0.263922, 0.829012, 0.0, 0.334638, 1.427572, NaN], [3.0, 0.265085, 1.048925, 0.0, 0.427308, 1.741318, NaN], [4.0, 0.259336, 0.883676, 0.0, 0.339996, 1.483008, NaN], [5.0, 0.272323, 0.903575, 0.0, 0.345476, 1.521374, NaN], [6.0, 0.296673, 0.879, 0.0, 0.332687, 1.50836, NaN], [7.0, 0.281485, 0.810203, 0.0, 0.319561, 1.411249, NaN], [8.0, 0.306864, 0.837343, 0.0, 0.342131, 1.486338, NaN], [9.0, 0.084555, 0.189836, 0.0, 0.066015, 0.340406, NaN], [10.0, 0.306898, 0.721022, 0.0, 0.295094, 1.323014, NaN], [11.0, 0.261527, 0.704936, 0.0, 0.282299, 1.248762, NaN]]}, "15": {"index": [0, 1, 2, 3, 4, 5, 6, 7, 8, 9, 10, 11, 12, 13, 14, 15, 16, 17, 18, 19, 20, 21, 22, 23, 24, 25, 26, 27, 28, 29, 30, 31, 32, 33, 34, 35, 36, 37, 38, 39, 40, 41], "columns": {"0": "2013", "1": "12", "2": "0.294368", "3": "0.984438", "4": "0.000000", "5": "0.400127", "6": "Unnamed: 0"}, "data": [[2012.0, NaN, 4.000808, 12.174073, 0.0, 5.070356, 21.245237], [NaN, 1.0, 0.351154, 1.077699, 0.0, 0.44596, 1.874813], [NaN, 2.0, 0.350308, 0.991053, 0.0, 0.424129, 1.76549], [NaN, 3.0, 0.37192, 1.037952, 0.0, 0.448473, 1.858345], [NaN, 4.0, 0.3551, 1.009716, 0.0, 0.407534, 1.77235], [NaN, 5.0, 0.36624, 1.000171, 0.0, 0.396503, 1.762914], [NaN, 6.0, 0.309747, 0.854429, 0.0, 0.347943, 1.512119], [NaN, 7.0, 0.344993, 1.093923, 0.0, 0.439342, 1.878258], [NaN, 8.0, 0.338324, 1.097884, 0.0, 0.441647, 1.877855], [NaN, 9.0, 0.274179, 0.905905, 0.0, 0.364317, 1.544401], [NaN, 10.0, 0.314019, 1.006262, 0.0, 0.440957, 1.761238], [NaN, 11.0, 0.313694, 1.035353, 0.0, 0.454742, 1.803789], [NaN, 12.0, 0.31113, 1.063726, 0.0, 0.458809, 1.833665], [2011.0, NaN, 3.932375, 12.083356, 0.0, 4.832356, 20.848087], [NaN, 1.0, 0.382348, 1.067838, 0.0, 0.40642, 1.856606], [NaN, 2.0, 0.334578, 0.961782, 0.0, 0.362455, 1.658815], [NaN, 3.0, 0.341432, 1.00492, 0.0, 0.379684, 1.726036], [NaN, 4.0, 0.339787, 0.999107, 0.0, 0.376888, 1.715782], [NaN, 5.0, 0.343295, 1.130129, 0.0, 0.457096, 1.93052], [NaN, 6.0, 0.237986, 0.937045, 0.0, 0.370883, 1.545914], [NaN, 7.0, 0.247207, 0.972596, 0.0, 0.397085, 1.616888], [NaN, 8.0, 0.311891, 0.977, 0.0, 0.396612, 1.685503], [NaN, 9.0, 0.353914, 0.964472, 0.0, 0.402262, 1.720648], [NaN, 10.0, 0.347866, 1.022769, 0.0, 0.439303, 1.809938], [NaN, 11.0, 0.33068, 0.946207, 0.0, 0.403652, 1.680539], [NaN, 12.0, 0.361391, 1.099491, 0.0, 0.440016, 1.900898], [2010.0, NaN, 5.0262, 11.967451, 0.0, 4.512396, 21.506047], [NaN, 1.0, 0.467139, 1.079737, 0.0, 0.386006, 1.932882], [NaN, 2.0, 0.420618, 1.015748, 0.0, 0.381044, 1.81741], [NaN, 3.0, 0.444424, 1.105579, 0.0, 0.412515, 1.962518], [NaN, 4.0, 0.40828, 0.943041, 0.0, 0.358905, 1.710226], [NaN, 5.0, 0.475946, 1.046754, 0.0, 0.401106, 1.923806], [NaN, 6.0, 0.412324, 1.061837, 0.0, 0.407465, 1.881626], [NaN, 7.0, 0.472127, 1.040863, 0.0, 0.397106, 1.910096], [NaN, 8.0, 0.341182, 0.581547, 0.0, 0.211056, 1.133785], [NaN, 9.0, 0.351565, 0.745197, 0.0, 0.281307, 1.378069], [NaN, 10.0, 0.412913, 1.141307, 0.0, 0.444992, 1.999212], [NaN, 11.0, 0.415875, 1.124553, 0.0, 0.42516, 1.965588], [NaN, 12.0, 0.403807, 1.081288, 0.0, 0.405734, 1.890829], [2009.0, NaN, 5.729326, 12.173652, 0.0, 4.540093, 22.443071], [1.0, 0.476371, 0.945139, 0.0, 0.374593, 1.796103, NaN], [2.0, 0.483624, 0.991669, 0.0, 0.385262, 1.860555, NaN]]}, "16": {"index": [0, 1, 2, 3, 4, 5, 6, 7, 8, 9, 10, 11, 12, 13, 14, 15, 16, 17, 18, 19, 20, 21, 22, 23, 24, 25, 26, 27, 28, 29, 30, 31, 32, 33, 34, 35, 36, 37, 38, 39, 40, 41], "columns": {"0": "2009", "1": "3", "2": "0.503048", "3": "1.076552", "4": "0.000000", "5": "0.393574", "6": "1.973174"}, "data": [[NaN, 4.0, 0.503059, 1.075664, 0.0, 0.397738, 1.976461], [NaN, 5.0, 0.507943, 1.053453, 0.0, 0.390164, 1.95156], [NaN, 6.0, 0.459244, 0.998473, 0.0, 0.363611, 1.821328], [NaN, 7.0, 0.508896, 1.099046, 0.0, 0.389705, 1.997647], [NaN, 8.0, 0.484036, 1.059645, 0.0, 0.392021, 1.935702], [NaN, 9.0, 0.38037, 0.796208, 0.0, 0.273018, 1.449596], [NaN, 10.0, 0.50947, 1.111391, 0.0, 0.393675, 2.014536], [NaN, 11.0, 0.445548, 1.034488, 0.0, 0.400686, 1.880722], [NaN, 12.0, 0.467717, 0.931924, 0.0, 0.386046, 1.785687], [2008.0, NaN, 5.948763, 11.41692, 0.0, 4.022466, 21.388149], [NaN, 1.0, 0.553412, 0.994498, 0.0, 0.35238, 1.90029], [NaN, 2.0, 0.458764, 0.790283, 0.0, 0.285217, 1.534264], [NaN, 3.0, 0.510822, 0.954049, 0.0, 0.342299, 1.80717], [NaN, 4.0, 0.512629, 0.889986, 0.0, 0.285544, 1.688159], [NaN, 5.0, 0.545977, 1.080272, 0.0, 0.388663, 2.014912], [NaN, 6.0, 0.520111, 1.06258, 0.0, 0.355911, 1.938602], [NaN, 7.0, 0.538999, 1.110094, 0.0, 0.378431, 2.027524], [NaN, 8.0, 0.522448, 1.022558, 0.0, 0.355878, 1.900884], [NaN, 9.0, 0.291793, 0.370435, 0.0, 0.124266, 0.786494], [NaN, 10.0, 0.475604, 1.026722, 0.0, 0.385079, 1.887405], [NaN, 11.0, 0.493183, 1.077149, 0.0, 0.402741, 1.973073], [NaN, 12.0, 0.525021, 1.038294, 0.0, 0.366057, 1.929372], [2007.0, NaN, 6.793289, 11.441035, 0.0, 4.159661, 22.393985], [NaN, 1.0, 0.66045, 1.117949, 0.0, 0.415207, 2.193606], [NaN, 2.0, 0.583284, 0.974301, 0.0, 0.352249, 1.909834], [NaN, 3.0, 0.581828, 0.849442, 0.0, 0.311979, 1.743249], [NaN, 4.0, 0.589407, 1.110113, 0.0, 0.408697, 2.108217], [NaN, 5.0, 0.606655, 1.146408, 0.0, 0.411597, 2.16466], [NaN, 6.0, 0.558814, 0.856368, 0.0, 0.320902, 1.736084], [NaN, 7.0, 0.66896, 1.02448, 0.0, 0.379798, 2.073238], [NaN, 8.0, 0.553327, 0.938625, 0.0, 0.342378, 1.83433], [NaN, 9.0, 0.291844, 0.566352, 0.0, 0.191436, 1.049632], [NaN, 10.0, 0.580908, 0.965724, 0.0, 0.341279, 1.887911], [NaN, 11.0, 0.587142, 0.998949, 0.0, 0.361693, 1.947784], [NaN, 12.0, 0.53067, 0.892324, 0.0, 0.322446, 1.74544], [2006.0, NaN, 4.836224, 9.769862, 2.209193, 3.608942, 20.424221], [1.0, 0.351526, 0.735032, 0.22677, 0.280545, 1.593873, NaN], [2.0, 0.343882, 0.889037, 0.255259, 0.324427, 1.812605, NaN], [3.0, 0.397073, 0.99039, 0.241852, 0.351436, 1.980751, NaN], [4.0, 0.328008, 0.826057, 0.26968, 0.297318, 1.721063, NaN], [5.0, 0.268124, 0.816295, 0.286205, 0.286261, 1.656885, NaN], [6.0, 0.317359, 0.722218, 0.262417, 0.258123, 1.560117, NaN]]}, "17": {"index": [0, 1, 2, 3, 4, 5, 6, 7, 8, 9, 10, 11, 12, 13, 14, 15, 16, 17, 18, 19, 20, 21, 22, 23, 24, 25, 26, 27, 28, 29, 30, 31, 32, 33, 34, 35, 36, 37, 38, 39, 40, 41], "columns": {"0": "2006", "1": "7", "2": "0.359243", "3": "0.965292", "4": "0.283228", "5": "0.369577", "6": "1.977340"}, "data": [[NaN, 8.0, 0.349953, 0.976725, 0.265495, 0.361018, 1.953191], [NaN, 9.0, 0.27325, 0.363573, 0.118287, 0.130795, 0.885905], [NaN, 10.0, 0.597283, 0.773821, 0.0, 0.285601, 1.656705], [NaN, 11.0, 0.607337, 0.767555, 0.0, 0.299186, 1.674078], [NaN, 12.0, 0.643186, 0.943867, 0.0, 0.364655, 1.951708], [2005.0, NaN, 4.637039, 10.513223, 3.350519, 3.638852, 22.139633], [NaN, 1.0, 0.432981, 0.918992, 0.300306, 0.327707, 1.979986], [NaN, 2.0, 0.388831, 0.826866, 0.280065, 0.299233, 1.794995], [NaN, 3.0, 0.416429, 1.009185, 0.350119, 0.358663, 2.134396], [NaN, 4.0, 0.390913, 0.963661, 0.341205, 0.3412, 2.036979], [NaN, 5.0, 0.397706, 0.893584, 0.310076, 0.268669, 1.870035], [NaN, 6.0, 0.360805, 0.794484, 0.258046, 0.282007, 1.695342], [NaN, 7.0, 0.384574, 0.878312, 0.241592, 0.282884, 1.787362], [NaN, 8.0, 0.396898, 0.920658, 0.223973, 0.30512, 1.846649], [NaN, 9.0, 0.384514, 0.868894, 0.245672, 0.28175, 1.78083], [NaN, 10.0, 0.335559, 0.505839, 0.177781, 0.184356, 1.203535], [NaN, 11.0, 0.37168, 0.960887, 0.308121, 0.348966, 1.989654], [NaN, 12.0, 0.376149, 0.971861, 0.313563, 0.358297, 2.01987], [2004.0, NaN, 5.658061, 10.203367, 3.852543, 3.487932, 23.201903], [NaN, 1.0, 0.546789, 0.887796, 0.369595, 0.306275, 2.110455], [NaN, 2.0, 0.498583, 0.881243, 0.353426, 0.304426, 2.037678], [NaN, 3.0, 0.51662, 0.951577, 0.390258, 0.329403, 2.187858], [NaN, 4.0, 0.466935, 0.914146, 0.378578, 0.304547, 2.064206], [NaN, 5.0, 0.522088, 0.892061, 0.355713, 0.301376, 2.071238], [NaN, 6.0, 0.471468, 0.873728, 0.329558, 0.289101, 1.963855], [NaN, 7.0, 0.497607, 0.771679, 0.3195, 0.270669, 1.859455], [NaN, 8.0, 0.416531, 0.417928, 0.126329, 0.139544, 1.100332], [NaN, 9.0, 0.410148, 0.671863, 0.261009, 0.204076, 1.547096], [NaN, 10.0, 0.438427, 0.977848, 0.325303, 0.347872, 2.08945], [NaN, 11.0, 0.43118, 0.970937, 0.327205, 0.342799, 2.072121], [NaN, 12.0, 0.441685, 0.992561, 0.316069, 0.347844, 2.098159], [2003.0, NaN, 6.943702, 10.073247, 4.329024, 3.526422, 24.872395], [1.0, 0.60788, 0.487559, 0.262411, 0.175134, 1.532984, NaN], [2.0, 0.555071, 0.550448, 0.268347, 0.200979, 1.574845, NaN], [3.0, 0.659664, 1.011412, 0.462693, 0.349671, 2.48344, NaN], [4.0, 0.630532, 0.99254, 0.414663, 0.329442, 2.367177, NaN], [5.0, 0.670829, 0.868613, 0.378762, 0.3032, 2.221404, NaN], [6.0, 0.602249, 0.920373, 0.38492, 0.31154, 2.219082, NaN], [7.0, 0.615763, 1.011106, 0.433913, 0.341926, 2.402708, NaN], [8.0, 0.577312, 0.976454, 0.408924, 0.296956, 2.259646, NaN], [9.0, 0.305264, 0.450149, 0.185353, 0.184926, 1.125692, NaN], [10.0, 0.585927, 0.889984, 0.362009, 0.329875, 2.167795, NaN]]}, "18": {"index": [0, 1, 2, 3, 4, 5, 6, 7, 8, 9, 10, 11, 12, 13, 14, 15, 16, 17, 18, 19, 20, 21, 22, 23, 24, 25, 26, 27, 28, 29, 30, 31, 32, 33, 34, 35, 36, 37, 38, 39, 40, 41], "columns": {"0": "2003", "1": "11", "2": "0.563505", "3": "0.936216", "4": "0.384586", "5": "0.355462", "6": "2.239769"}, "data": [[NaN, 12.0, 0.569706, 0.978393, 0.382443, 0.347311, 2.277853], [2002.0, NaN, 8.231727, 7.247312, 2.592301, 2.224499, 20.295839], [NaN, 1.0, 0.668993, 0.267384, 0.069065, 0.12206, 1.127502], [NaN, 2.0, 0.62357, 0.406939, 0.076206, 0.126541, 1.233256], [NaN, 3.0, 0.681014, 0.521048, 0.149067, 0.160404, 1.511533], [NaN, 4.0, 0.651407, 0.533395, 0.143471, 0.145679, 1.473952], [NaN, 5.0, 0.651769, 0.67795, 0.246544, 0.202395, 1.778658], [NaN, 6.0, 0.697884, 0.455017, 0.123466, 0.151987, 1.428354], [NaN, 7.0, 0.770457, 0.781701, 0.265085, 0.240007, 2.05725], [NaN, 8.0, 0.724918, 0.718926, 0.317827, 0.2034, 1.965071], [NaN, 9.0, 0.606439, 0.20629, 0.099377, 0.076606, 0.988712], [NaN, 10.0, 0.705533, 0.878013, 0.3717, 0.250741, 2.205987], [NaN, 11.0, 0.708987, 0.880252, 0.338819, 0.261798, 2.189856], [NaN, 12.0, 0.740756, 0.920397, 0.391674, 0.282881, 2.335708], [2001.0, NaN, 8.319969, 3.891718, 0.681434, 1.306401, 14.199522], [NaN, 1.0, 0.711097, 0.497273, 0.096651, 0.133435, 1.438456], [NaN, 2.0, 0.625472, 0.379428, 0.068418, 0.117299, 1.190617], [NaN, 3.0, 0.696173, 0.542182, 0.099214, 0.171653, 1.509222], [NaN, 4.0, 0.702399, 0.553486, 0.093403, 0.161688, 1.510976], [NaN, 5.0, 0.728403, 0.329598, 0.039787, 0.11343, 1.211218], [NaN, 6.0, 0.751026, 0.602257, 0.083975, 0.192132, 1.62939], [NaN, 7.0, 0.806676, 0.756924, 0.12909, 0.216671, 1.909361], [NaN, 8.0, 0.683192, 0.303271, 0.070896, 0.102308, 1.159667], [NaN, 9.0, 0.630094, -0.020361, 0.0, -0.02029, 0.589443], [NaN, 10.0, 0.642066, -0.013391, 0.0, 0.035292, 0.663967], [NaN, 11.0, 0.600892, -0.009218, 0.0, 0.041203, 0.632877], [NaN, 12.0, 0.742479, -0.029731, 0.0, 0.04158, 0.754328], [2000.0, NaN, 7.83737, 0.523029, 0.097731, 0.086017, 8.544147], [NaN, 1.0, 0.617277, 0.0, 0.0, 0.0, 0.617277], [NaN, 2.0, 0.703434, 0.0, 0.0, 0.0, 0.703434], [NaN, 3.0, 0.620237, 0.0, 0.0, 0.0, 0.620237], [NaN, 4.0, 0.725751, 0.0, 0.0, 0.0, 0.725751], [NaN, 5.0, 0.735631, 0.0, 0.0, 0.0, 0.735631], [NaN, 6.0, 0.419857, 0.0, 0.0, 0.0, 0.419857], [NaN, 7.0, 0.668879, 0.0, 0.0, 0.0, 0.668879], [NaN, 8.0, 0.664135, 0.0, 0.0, 0.0, 0.664135], [NaN, 9.0, 0.608107, 0.0, 0.0, 0.0, 0.608107], [NaN, 10.0, 0.665158, 0.075611, 0.0161, 0.020353, 0.777222], [NaN, 11.0, 0.683444, 0.301742, 0.054699, 0.034666, 1.074551], [NaN, 12.0, 0.72546, 0.145676, 0.026932, 0.030998, 0.929066], [1999.0, NaN, 3.900856, 0.0, 0.0, 0.0, 3.900856], [5.0, 0.060667, 0.0, 0.0, 0.0, 0.060667, NaN]]}, "19": {"index": [0, 1, 2, 3, 4, 5], "columns": {"0": "1999", "1": "6", "2": "0.201851", "3": "0.000000", "4": "0.000000.1", "5": "0.000000.2", "6": "0.201851.1"}, "data": [[7, 0.507959, 0.0, 0.0, 0.0, 0.507959, NaN], [8, 0.463378, 0.0, 0.0, 0.0, 0.463378, NaN], [9, 0.643242, 0.0, 0.0, 0.0, 0.643242, NaN], [10, 0.707868, 0.0, 0.0, 0.0, 0.707868, NaN], [11, 0.646047, 0.0, 0.0, 0.0, 0.646047, NaN], [12, 0.669844, 0.0, 0.0, 0.0, NaN, NaN]]}, "20": {"index": [0, 1, 2, 3, 4, 5, 6, 7, 8, 9, 10, 11, 12, 13, 14, 15, 16, 17, 18, 19, 20, 21, 22, 23, 24, 25, 26, 27, 28, 29, 30, 31], "columns": {"0": "Unnamed: 0", "1": "Month", "2": "Gross - oil[mill Sm3]", "3": "Gross - gas[bill Sm3]", "4": "Gross -condensate[mill Sm3]", "5": "Gross - oilequivalents[mill Sm3]"}, "data": [["Sum", NaN, 69.406155, 375.119639, 52.406945, 496.932739], ["2023", NaN, 0.08385, 3.014989, 0.33601, 3.434849], [NaN, 1.0, 0.013012, 0.49544, 0.057175, 0.565627], [NaN, 2.0, 0.010833, 0.420546, 0.049479, 0.480858], [NaN, 3.0, 0.01061, 0.498714, 0.062591, 0.571915], [NaN, 4.0, 0.014367, 0.529565, 0.057347, 0.601279], [NaN, 5.0, 0.017845, 0.54805, 0.055851, 0.621746], [NaN, 6.0, 0.017183, 0.522674, 0.053567, 0.593424], ["2022", NaN, 0.269926, 6.602248, 0.760761, 7.632935], [NaN, 1.0, 0.029197, 0.66371, 0.073937, 0.766844], [NaN, 2.0, 0.021672, 0.565565, 0.065434, 0.652671], [NaN, 3.0, 0.020716, 0.578939, 0.068856, 0.668511], [NaN, 4.0, 0.012915, 0.579569, 0.073985, 0.666469], [NaN, 5.0, 0.022058, 0.592808, 0.070684, 0.68555], [NaN, 6.0, 0.019652, 0.556039, 0.064869, 0.64056], [NaN, 7.0, 0.02611, 0.60087, 0.067264, 0.694244], [NaN, 8.0, 0.024563, 0.525849, 0.056499, 0.606911], [NaN, 9.0, 0.023704, 0.526262, 0.058056, 0.608022], [NaN, 10.0, 0.024487, 0.533498, 0.059363, 0.617348], [NaN, 11.0, 0.022223, 0.405551, 0.043932, 0.471706], [NaN, 12.0, 0.022629, 0.473588, 0.057882, 0.554099], ["2021", NaN, 0.167272, 6.822485, 0.842135, 7.831892], ["1", 0.017626, 0.723844, 0.092803, 0.834273, NaN], ["2", 0.017146, 0.654578, 0.081705, 0.753429, NaN], ["3", 0.019813, 0.702105, 0.084212, 0.80613, NaN], ["4", 0.020584, 0.711156, 0.08308, 0.81482, NaN], ["5", 0.004268, 0.123339, 0.011565, 0.139172, NaN], ["6", 0.008788, 0.156421, 0.005618, 0.170827, NaN], ["7", 0.011424, 0.53661, 0.079473, 0.627507, NaN], ["8", 0.011162, 0.628841, 0.088443, 0.728446, NaN], ["9", 0.012968, 0.63298, 0.080069, 0.726017, NaN], ["10", 0.015318, 0.681306, 0.082925, 0.779549, NaN]]}, "21": {"index": [0, 1, 2, 3, 4, 5, 6, 7, 8, 9, 10, 11, 12, 13, 14, 15, 16, 17, 18, 19, 20, 21, 22, 23, 24, 25, 26, 27, 28, 29, 30, 31, 32, 33, 34, 35, 36, 37, 38, 39, 40, 41], "columns": {"0": "2021", "1": "11", "2": "0.011379", "3": "0.603359", "4": "0.075269", "5": "0.690007"}, "data": [[NaN, 12.0, 0.016796, 0.667946, 0.076973, 0.761715], [2020.0, NaN, 0.304551, 9.259577, 1.049336, 10.613464], [NaN, 1.0, 0.02884, 0.85073, 0.099797, 0.979367], [NaN, 2.0, 0.024439, 0.757343, 0.09041, 0.872192], [NaN, 3.0, 0.018819, 0.777503, 0.096413, 0.892735], [NaN, 4.0, 0.02519, 0.827778, 0.095135, 0.948103], [NaN, 5.0, 0.033616, 0.878407, 0.092504, 1.004527], [NaN, 6.0, 0.025467, 0.785188, 0.082344, 0.892999], [NaN, 7.0, 0.027829, 0.782782, 0.081935, 0.892546], [NaN, 8.0, 0.025416, 0.761073, 0.085064, 0.871553], [NaN, 9.0, 0.015339, 0.588054, 0.069779, 0.673172], [NaN, 10.0, 0.023491, 0.750788, 0.081981, 0.85626], [NaN, 11.0, 0.027776, 0.743174, 0.075381, 0.846331], [NaN, 12.0, 0.028329, 0.756757, 0.098593, 0.883679], [2019.0, NaN, 0.331925, 10.74472, 1.465235, 12.54188], [NaN, 1.0, 0.026129, 0.956749, 0.151182, 1.13406], [NaN, 2.0, 0.025968, 0.889522, 0.125881, 1.041371], [NaN, 3.0, 0.021533, 0.950106, 0.133471, 1.10511], [NaN, 4.0, 0.022195, 0.905583, 0.129673, 1.057451], [NaN, 5.0, 0.016555, 0.892276, 0.127817, 1.036648], [NaN, 6.0, 0.019679, 0.883895, 0.118033, 1.021607], [NaN, 7.0, 0.020445, 0.882054, 0.118044, 1.020543], [NaN, 8.0, 0.028958, 0.877183, 0.123739, 1.02988], [NaN, 9.0, 0.036504, 0.88651, 0.123674, 1.046688], [NaN, 10.0, 0.048634, 0.955129, 0.120791, 1.124554], [NaN, 11.0, 0.033602, 0.860667, 0.095897, 0.990166], [NaN, 12.0, 0.031723, 0.805046, 0.097033, 0.933802], [2018.0, NaN, 0.371105, 12.022998, 1.706587, 14.10069], [NaN, 1.0, 0.047536, 1.24328, 0.154966, 1.445782], [NaN, 2.0, 0.039438, 1.099709, 0.145324, 1.284471], [NaN, 3.0, 0.032072, 1.082229, 0.154099, 1.2684], [NaN, 4.0, 0.014762, 0.818553, 0.130146, 0.963461], [NaN, 5.0, 0.034705, 1.097072, 0.145925, 1.277702], [NaN, 6.0, 0.034119, 0.996164, 0.124564, 1.154847], [NaN, 7.0, 0.033771, 1.041349, 0.127648, 1.202768], [NaN, 8.0, 0.029499, 0.970479, 0.137226, 1.137204], [NaN, 9.0, 0.024475, 0.791335, 0.114299, 0.930109], [NaN, 10.0, 0.026971, 0.968231, 0.16249, 1.157692], [NaN, 11.0, 0.025276, 0.935361, 0.15211, 1.112747], [NaN, 12.0, 0.028481, 0.979236, 0.15779, 1.165507], [2017.0, NaN, 0.754738, 15.610338, 1.655171, 18.020247], [1.0, 0.07859, 1.515186, 0.154807, 1.748583, NaN]]}, "22": {"index": [0, 1, 2, 3, 4, 5, 6, 7, 8, 9, 10, 11, 12, 13, 14, 15, 16, 17, 18, 19, 20, 21, 22, 23, 24, 25, 26, 27, 28, 29, 30, 31, 32, 33, 34, 35, 36, 37, 38, 39, 40, 41], "columns": {"0": "2017", "1": "2", "2": "0.070041", "3": "1.327769", "4": "0.139210", "5": "1.537020"}, "data": [[NaN, 3.0, 0.065621, 1.383758, 0.153306, 1.602685], [NaN, 4.0, 0.077562, 1.413352, 0.149885, 1.640799], [NaN, 5.0, 0.074525, 1.441721, 0.149986, 1.666232], [NaN, 6.0, 0.066932, 1.248431, 0.12294, 1.438303], [NaN, 7.0, 0.065894, 1.210001, 0.119262, 1.395157], [NaN, 8.0, 0.057047, 1.196212, 0.133211, 1.38647], [NaN, 9.0, 0.054573, 1.212525, 0.122727, 1.389825], [NaN, 10.0, 0.052317, 1.263705, 0.142299, 1.458321], [NaN, 11.0, 0.042263, 1.159339, 0.132752, 1.334354], [NaN, 12.0, 0.049373, 1.238339, 0.134786, 1.422498], [2016.0, NaN, 0.810132, 15.939569, 1.755639, 18.50534], [NaN, 1.0, 0.080009, 1.474857, 0.16546, 1.720326], [NaN, 2.0, 0.078866, 1.4758, 0.160709, 1.715375], [NaN, 3.0, 0.072784, 1.420444, 0.163647, 1.656875], [NaN, 4.0, 0.058983, 1.35024, 0.163706, 1.572929], [NaN, 5.0, 0.055287, 1.294715, 0.15904, 1.509042], [NaN, 6.0, 0.066561, 1.231918, 0.135275, 1.433754], [NaN, 7.0, 0.085938, 1.504143, 0.153235, 1.743316], [NaN, 8.0, 0.070712, 1.319261, 0.136311, 1.526284], [NaN, 9.0, 0.028634, 0.588088, 0.0565, 0.673222], [NaN, 10.0, 0.075229, 1.510037, 0.167729, 1.752995], [NaN, 11.0, 0.069017, 1.40681, 0.151753, 1.62758], [NaN, 12.0, 0.068112, 1.363256, 0.142274, 1.573642], [2015.0, NaN, 0.925294, 15.832753, 1.807079, 18.565126], [NaN, 1.0, 0.075725, 1.390475, 0.170289, 1.636489], [NaN, 2.0, 0.074342, 1.287786, 0.146671, 1.508799], [NaN, 3.0, 0.083769, 1.44005, 0.161814, 1.685633], [NaN, 4.0, 0.077719, 1.3849, 0.160854, 1.623473], [NaN, 5.0, 0.056185, 1.03831, 0.125486, 1.219981], [NaN, 6.0, 0.069819, 1.156723, 0.138244, 1.364786], [NaN, 7.0, 0.073667, 1.28614, 0.14923, 1.509037], [NaN, 8.0, 0.077085, 1.404236, 0.158736, 1.640057], [NaN, 9.0, 0.074946, 1.212586, 0.139452, 1.426984], [NaN, 10.0, 0.095003, 1.463136, 0.15191, 1.710049], [NaN, 11.0, 0.084966, 1.349704, 0.143028, 1.577698], [NaN, 12.0, 0.082068, 1.418707, 0.161365, 1.66214], [2014.0, NaN, 0.989037, 16.651533, 2.061273, 19.701843], [1.0, 0.084477, 1.467504, 0.187314, 1.739295, NaN], [2.0, 0.073512, 1.348796, 0.178386, 1.600694, NaN], [3.0, 0.079794, 1.492404, 0.189948, 1.762146, NaN], [4.0, 0.079353, 1.400792, 0.172902, 1.653047, NaN], [5.0, 0.10156, 1.537683, 0.187429, 1.826672, NaN]]}, "23": {"index": [0, 1, 2, 3, 4, 5, 6, 7, 8, 9, 10, 11, 12, 13, 14, 15, 16, 17, 18, 19, 20, 21, 22, 23, 24, 25, 26, 27, 28, 29, 30, 31, 32, 33, 34, 35, 36, 37, 38, 39, 40, 41], "columns": {"0": "2014", "1": "6", "2": "0.088616", "3": "1.389305", "4": "0.162258", "5": "1.640179"}, "data": [[NaN, 7.0, 0.082324, 1.297621, 0.154279, 1.534224], [NaN, 8.0, 0.072265, 1.262887, 0.174283, 1.509435], [NaN, 9.0, 0.065892, 1.184115, 0.154221, 1.404228], [NaN, 10.0, 0.084879, 1.389052, 0.160229, 1.63416], [NaN, 11.0, 0.088468, 1.413008, 0.164541, 1.666017], [NaN, 12.0, 0.087897, 1.468366, 0.175483, 1.731746], [2013.0, NaN, 0.916833, 15.829225, 2.248845, 18.994903], [NaN, 1.0, 0.088761, 1.377653, 0.18388, 1.650294], [NaN, 2.0, 0.071567, 1.313298, 0.192355, 1.57722], [NaN, 3.0, 0.056876, 1.361895, 0.20821, 1.626981], [NaN, 4.0, 0.054649, 1.334605, 0.204687, 1.593941], [NaN, 5.0, 0.054812, 1.362589, 0.217512, 1.634913], [NaN, 6.0, 0.092761, 1.435266, 0.203912, 1.731939], [NaN, 7.0, 0.089411, 1.377224, 0.192073, 1.658708], [NaN, 8.0, 0.098795, 1.490863, 0.208069, 1.797727], [NaN, 9.0, 0.031348, 0.412064, 0.053207, 0.496619], [NaN, 10.0, 0.094366, 1.511365, 0.212532, 1.818263], [NaN, 11.0, 0.091166, 1.360194, 0.170361, 1.621721], [NaN, 12.0, 0.092321, 1.492209, 0.202047, 1.786577], [2012.0, NaN, 1.291527, 18.453788, 2.709281, 22.454596], [NaN, 1.0, 0.128632, 1.702586, 0.222522, 2.05374], [NaN, 2.0, 0.127847, 1.596008, 0.222462, 1.946317], [NaN, 3.0, 0.125236, 1.585995, 0.246683, 1.957914], [NaN, 4.0, 0.114913, 1.519264, 0.240187, 1.874364], [NaN, 5.0, 0.124988, 1.574094, 0.241252, 1.940334], [NaN, 6.0, 0.111123, 1.373917, 0.198624, 1.683664], [NaN, 7.0, 0.10083, 1.574595, 0.244163, 1.919588], [NaN, 8.0, 0.093908, 1.581023, 0.244416, 1.919347], [NaN, 9.0, 0.075604, 1.322074, 0.198575, 1.596253], [NaN, 10.0, 0.100924, 1.532905, 0.213095, 1.846924], [NaN, 11.0, 0.096449, 1.543598, 0.217245, 1.857292], [NaN, 12.0, 0.091073, 1.547729, 0.220057, 1.858859], [2011.0, NaN, 1.362239, 18.090706, 2.570134, 22.023079], [1.0, 0.150922, 1.702325, 0.231426, 2.084673, NaN], [2.0, 0.13443, 1.524091, 0.200148, 1.858669, NaN], [3.0, 0.148501, 1.643664, 0.19293, 1.985095, NaN], [4.0, 0.138953, 1.576513, 0.200834, 1.9163, NaN], [5.0, 0.12327, 1.609716, 0.220024, 1.95301, NaN], [6.0, 0.0, 1.027901, 0.237986, 1.265887, NaN], [7.0, 0.0, 1.076499, 0.247207, 1.323706, NaN], [8.0, 0.105845, 1.453856, 0.206046, 1.765747, NaN], [9.0, 0.151781, 1.613883, 0.202132, 1.967796, NaN]]}, "24": {"index": [0, 1, 2, 3, 4, 5, 6, 7, 8, 9, 10, 11, 12, 13, 14, 15, 16, 17, 18, 19, 20, 21, 22, 23, 24, 25, 26, 27, 28, 29, 30, 31, 32, 33, 34, 35, 36, 37, 38, 39, 40], "columns": {"0": "2011", "1": "10", "2": "0.149012", "3": "1.640183", "4": "0.198855", "5": "1.988050"}, "data": [[NaN, 11.0, 0.128976, 1.516259, 0.201704, 1.846939], [NaN, 12.0, 0.130549, 1.705816, 0.230842, 2.067207], [2010.0, NaN, 2.167664, 20.199601, 2.712044, 25.079309], [NaN, 1.0, 0.196671, 1.82533, 0.262386, 2.284387], [NaN, 2.0, 0.178928, 1.673506, 0.236227, 2.088661], [NaN, 3.0, 0.195588, 1.840708, 0.248079, 2.284375], [NaN, 4.0, 0.186359, 1.678175, 0.216856, 2.08139], [NaN, 5.0, 0.190764, 1.834444, 0.262155, 2.287363], [NaN, 6.0, 0.178757, 1.772505, 0.229247, 2.180509], [NaN, 7.0, 0.193288, 1.759937, 0.240407, 2.193632], [NaN, 8.0, 0.183109, 1.229771, 0.115833, 1.528713], [NaN, 9.0, 0.164002, 1.360848, 0.168457, 1.693307], [NaN, 10.0, 0.171436, 1.732388, 0.241478, 2.145302], [NaN, 11.0, 0.165342, 1.731071, 0.250532, 2.146945], [NaN, 12.0, 0.16342, 1.760918, 0.240387, 2.164725], [2009.0, NaN, 2.589323, 21.41373, 2.99825, 27.001303], [NaN, 1.0, 0.240035, 1.741589, 0.2365, 2.218124], [NaN, 2.0, 0.224851, 1.748643, 0.258938, 2.232432], [NaN, 3.0, 0.235655, 1.869793, 0.267803, 2.373251], [NaN, 4.0, 0.222431, 1.78869, 0.257559, 2.26868], [NaN, 5.0, 0.220791, 1.816303, 0.254391, 2.291485], [NaN, 6.0, 0.213105, 1.739971, 0.228181, 2.181257], [NaN, 7.0, 0.215376, 1.888505, 0.262126, 2.366007], [NaN, 8.0, 0.203173, 1.849177, 0.2652, 2.31755], [NaN, 9.0, 0.196722, 1.507171, 0.181973, 1.885866], [NaN, 10.0, 0.222891, 1.936097, 0.27825, 2.437238], [NaN, 11.0, 0.200847, 1.828672, 0.244701, 2.27422], [NaN, 12.0, 0.193446, 1.699119, 0.262628, 2.155193], [2008.0, NaN, 2.961133, 21.694066, 2.987628, 27.642827], [1.0, 0.302869, 1.878339, 0.250543, 2.431751, NaN], [2.0, 0.263745, 1.537438, 0.195019, 1.996202, NaN], [3.0, 0.268698, 1.793611, 0.242124, 2.304433, NaN], [4.0, 0.248607, 1.838586, 0.264022, 2.351215, NaN], [5.0, 0.255273, 1.968767, 0.290705, 2.514745, NaN], [6.0, 0.235051, 1.906911, 0.28506, 2.427022, NaN], [7.0, 0.244481, 1.999856, 0.294518, 2.538855, NaN], [8.0, 0.242759, 1.996674, 0.279688, 2.519121, NaN], [9.0, 0.195745, 1.085129, 0.096047, 1.376921, NaN], [10.0, 0.214241, 1.846826, 0.261363, 2.32243, NaN], [11.0, 0.233241, 1.926266, 0.259942, 2.419449, NaN], [12.0, 0.256423, 1.915663, 0.268597, 2.440683, NaN]]}, "25": {"index": [0, 1, 2, 3, 4, 5, 6, 7, 8, 9, 10, 11, 12, 13, 14, 15, 16, 17, 18, 19, 20, 21, 22, 23, 24, 25, 26, 27, 28, 29, 30, 31, 32, 33, 34, 35, 36, 37, 38, 39, 40, 41], "columns": {"0": "2007", "1": "Unnamed: 0", "2": "3.621460", "3": "21.661462", "4": "3.171827", "5": "28.454749"}, "data": [[NaN, 1.0, 0.343192, 2.061134, 0.317258, 2.721584], [NaN, 2.0, 0.306748, 1.886172, 0.276536, 2.469456], [NaN, 3.0, 0.30461, 1.806544, 0.277217, 2.388371], [NaN, 4.0, 0.288713, 1.913756, 0.300694, 2.503163], [NaN, 5.0, 0.319956, 2.054753, 0.286699, 2.661408], [NaN, 6.0, 0.280574, 1.735031, 0.27824, 2.293845], [NaN, 7.0, 0.361487, 2.035379, 0.307472, 2.704338], [NaN, 8.0, 0.327786, 1.72195, 0.22554, 2.275276], [NaN, 9.0, 0.149736, 0.972384, 0.142108, 1.264228], [NaN, 10.0, 0.32025, 1.818312, 0.260658, 2.39922], [NaN, 11.0, 0.317234, 1.890381, 0.269908, 2.477523], [NaN, 12.0, 0.301174, 1.765666, 0.229497, 2.296337], [2006.0, NaN, 3.959422, 20.581181, 3.085996, 27.626599], [NaN, 1.0, 0.351526, 1.637037, 0.22677, 2.215333], [NaN, 2.0, 0.343882, 1.764336, 0.255259, 2.363477], [NaN, 3.0, 0.397073, 1.893189, 0.241852, 2.532114], [NaN, 4.0, 0.328008, 1.754006, 0.26968, 2.351694], [NaN, 5.0, 0.268124, 1.689685, 0.286205, 2.244014], [NaN, 6.0, 0.317359, 1.743029, 0.262417, 2.322805], [NaN, 7.0, 0.359243, 1.946748, 0.283228, 2.589219], [NaN, 8.0, 0.349953, 1.871925, 0.265495, 2.487373], [NaN, 9.0, 0.27325, 1.073114, 0.118287, 1.464651], [NaN, 10.0, 0.308868, 1.774883, 0.288416, 2.372167], [NaN, 11.0, 0.325724, 1.596472, 0.281613, 2.203809], [NaN, 12.0, 0.336412, 1.836757, 0.306774, 2.479943], [2005.0, NaN, 4.637039, 24.221198, 3.940707, 32.798944], [NaN, 1.0, 0.432981, 2.196103, 0.365517, 2.994601], [NaN, 2.0, 0.388831, 2.02783, 0.340457, 2.757118], [NaN, 3.0, 0.416429, 2.325653, 0.416554, 3.158636], [NaN, 4.0, 0.390913, 2.233815, 0.405779, 3.030507], [NaN, 5.0, 0.397706, 2.174574, 0.375454, 2.947734], [NaN, 6.0, 0.360805, 1.928581, 0.321694, 2.61108], [NaN, 7.0, 0.384574, 1.918683, 0.303208, 2.606465], [NaN, 8.0, 0.396898, 2.050572, 0.294707, 2.742177], [NaN, 9.0, 0.384514, 2.059821, 0.317872, 2.762207], [NaN, 10.0, 0.335559, 1.365754, 0.177781, 1.879094], [NaN, 11.0, 0.37168, 1.937638, 0.308121, 2.617439], [NaN, 12.0, 0.376149, 2.002174, 0.313563, 2.691886], [2004.0, NaN, 5.658061, 24.527983, 4.613557, 34.799601], [1.0, 0.546789, 2.145231, 0.437143, 3.129163, NaN], [2.0, 0.498583, 2.010949, 0.41308, 2.922612, NaN], [3.0, 0.51662, 2.222198, 0.463655, 3.202473, NaN]]}, "26": {"index": [0, 1, 2, 3, 4, 5, 6, 7, 8, 9, 10, 11, 12, 13, 14, 15, 16, 17, 18, 19, 20, 21, 22, 23, 24, 25, 26, 27, 28, 29, 30, 31, 32, 33, 34, 35, 36, 37, 38, 39, 40, 41], "columns": {"0": "2004", "1": "4", "2": "0.466935", "3": "2.109929", "4": "0.433399", "5": "3.010263"}, "data": [[NaN, 5.0, 0.522088, 2.167633, 0.423436, 3.113157], [NaN, 6.0, 0.471468, 2.045078, 0.394352, 2.910898], [NaN, 7.0, 0.497607, 2.089619, 0.386166, 2.973392], [NaN, 8.0, 0.416531, 1.322765, 0.185278, 1.924574], [NaN, 9.0, 0.410148, 1.779023, 0.310965, 2.500136], [NaN, 10.0, 0.438427, 2.178197, 0.391625, 3.008249], [NaN, 11.0, 0.43118, 2.210748, 0.391846, 3.033774], [NaN, 12.0, 0.441685, 2.246613, 0.382612, 3.07091], [2003.0, NaN, 6.943702, 21.769092, 4.557984, 33.270778], [NaN, 1.0, 0.60788, 1.341755, 0.262411, 2.212046], [NaN, 2.0, 0.555071, 1.340439, 0.268347, 2.163857], [NaN, 3.0, 0.659664, 2.047854, 0.462693, 3.170211], [NaN, 4.0, 0.630532, 1.950961, 0.414663, 2.996156], [NaN, 5.0, 0.670829, 1.855089, 0.378762, 2.90468], [NaN, 6.0, 0.602249, 1.814, 0.38492, 2.801169], [NaN, 7.0, 0.615763, 2.051005, 0.433913, 3.100681], [NaN, 8.0, 0.577312, 1.950508, 0.432503, 2.960323], [NaN, 9.0, 0.305264, 0.987261, 0.185353, 1.477878], [NaN, 10.0, 0.585927, 2.071619, 0.432654, 3.0902], [NaN, 11.0, 0.563505, 2.155586, 0.452095, 3.171186], [NaN, 12.0, 0.569706, 2.203015, 0.44967, 3.222391], [2002.0, NaN, 8.231727, 16.105561, 2.592301, 26.929589], [NaN, 1.0, 0.668993, 0.972928, 0.069065, 1.710986], [NaN, 2.0, 0.62357, 0.940489, 0.076206, 1.640265], [NaN, 3.0, 0.681014, 1.161225, 0.149067, 1.991306], [NaN, 4.0, 0.651407, 1.186286, 0.143471, 1.981164], [NaN, 5.0, 0.651769, 1.296162, 0.246544, 2.194475], [NaN, 6.0, 0.697884, 1.101447, 0.123466, 1.922797], [NaN, 7.0, 0.770457, 1.488308, 0.265085, 2.52385], [NaN, 8.0, 0.724918, 1.5257, 0.317827, 2.568445], [NaN, 9.0, 0.606439, 0.904006, 0.099377, 1.609822], [NaN, 10.0, 0.705533, 1.821546, 0.3717, 2.898779], [NaN, 11.0, 0.708987, 1.784499, 0.338819, 2.832305], [NaN, 12.0, 0.740756, 1.922965, 0.391674, 3.055395], [2001.0, NaN, 8.319969, 10.372769, 0.681434, 19.374172], [1.0, 0.711097, 1.090912, 0.096651, 1.89866, NaN], [2.0, 0.625472, 0.850537, 0.068418, 1.544427, NaN], [3.0, 0.696173, 1.142399, 0.099214, 1.937786, NaN], [4.0, 0.702399, 1.117836, 0.093403, 1.913638, NaN], [5.0, 0.728403, 0.88159, 0.039787, 1.64978, NaN], [6.0, 0.751026, 1.162213, 0.083975, 1.997214, NaN], [7.0, 0.806676, 1.346513, 0.12909, 2.282279, NaN]]}, "27": {"index": [0, 1, 2, 3, 4, 5, 6, 7, 8, 9, 10, 11, 12, 13, 14, 15, 16, 17, 18, 19, 20, 21, 22, 23, 24, 25], "columns": {"0": "2001", "1": "8", "2": "0.683192", "3": "0.802610", "4": "0.070896", "5": "1.556698"}, "data": [[NaN, 9.0, 0.630094, 0.483408, 0.0, 1.113502], [NaN, 10.0, 0.642066, 0.499243, 0.0, 1.141309], [NaN, 11.0, 0.600892, 0.439165, 0.0, 1.040057], [NaN, 12.0, 0.742479, 0.556343, 0.0, 1.298822], [2000.0, NaN, 7.83737, 5.727802, 0.097731, 13.662903], [NaN, 1.0, 0.617277, 0.340255, 0.0, 0.957532], [NaN, 2.0, 0.703434, 0.436136, 0.0, 1.13957], [NaN, 3.0, 0.620237, 0.314539, 0.0, 0.934776], [NaN, 4.0, 0.725751, 0.479212, 0.0, 1.204963], [NaN, 5.0, 0.735631, 0.474587, 0.0, 1.210218], [NaN, 6.0, 0.419857, 0.280076, 0.0, 0.699933], [NaN, 7.0, 0.668879, 0.433914, 0.0, 1.102793], [NaN, 8.0, 0.664135, 0.411928, 0.0, 1.076063], [NaN, 9.0, 0.608107, 0.396922, 0.0, 1.005029], [NaN, 10.0, 0.665158, 0.624964, 0.0161, 1.306222], [NaN, 11.0, 0.683444, 0.840538, 0.054699, 1.578681], [NaN, 12.0, 0.72546, 0.694731, 0.026932, 1.447123], [1999.0, NaN, 3.900856, 1.970265, 0.0, 5.871121], [5.0, 0.060667, 0.034126, 0.0, 0.094793, NaN], [6.0, 0.201851, 0.077178, 0.0, 0.279029, NaN], [7.0, 0.507959, 0.197935, 0.0, 0.705894, NaN], [8.0, 0.463378, 0.203709, 0.0, 0.667087, NaN], [9.0, 0.643242, 0.32085, 0.0, 0.964092, NaN], [10.0, 0.707868, 0.395419, 0.0, 1.103287, NaN], [11.0, 0.646047, 0.348911, 0.0, 0.994958, NaN], [12.0, 0.669844, 0.392137, 0.0, 1.061981, NaN]]}, "28": {"index": [0, 1, 2, 3, 4, 5, 6, 7, 8, 9, 10, 11, 12, 13, 14, 15, 16, 17, 18, 19, 20, 21], "columns": {"0": "Wellbore name", "1": "Entered date", "2": "Completeddate", "3": "Purpose", "4": "Status", "5": "Content"}, "data": [["6406/3-3", "04.08.1986", "26.10.1986", "APPRAISAL", "P&A", "SHOWS"], ["6407/2-2", "17.05.1983", "31.07.1983", "APPRAISAL", "P&A", "GAS/CONDENSATE"], ["6407/2-3", "07.11.1986", "23.01.1987", "APPRAISAL", "P&A", "GAS/CONDENSATE"], ["6506/9-3", "16.06.2013", "27.08.2013", "WILDCAT", "P&A", "GAS/CONDENSATE"], ["6506/11-4 S", "11.02.1996", "06.06.1996", "APPRAISAL", "RE-CLASS TODEV", "OIL"], ["6506/11-5 S", "10.09.1996", "10.11.1996", "APPRAISAL", "RE-CLASS TODEV", "OIL/GAS"], ["6506/12-1", "16.08.1984", "06.02.1985", "WILDCAT", "P&A", "GAS/CONDENSATE"], ["6506/12-3", "02.03.1985", "17.07.1985", "WILDCAT", "P&A", "OIL/GAS"], ["6506/12-5", "17.10.1985", "27.03.1986", "APPRAISAL", "P&A", "OIL"], ["6506/12-6", "31.03.1986", "02.08.1986", "APPRAISAL", "P&A", "GAS/CONDENSATE"], ["6506/12-7", "04.05.1987", "12.08.1987", "APPRAISAL", "P&A", "GAS/CONDENSATE"], ["6506/12-8", "04.06.1988", "30.08.1988", "APPRAISAL", "P&A", "OIL/GAS"], ["6506/12-9 S", "04.04.1993", "10.09.1993", "APPRAISAL", "P&A", "OIL/GAS"], ["6506/12-10", "21.04.1995", "26.06.1995", "APPRAISAL", "P&A", "SHOWS"], ["6506/12-10 A", "27.06.1995", "11.12.1995", "APPRAISAL", "P&A", "OIL/GAS"], ["6506/12-11 S", "08.06.1996", "07.09.1996", "APPRAISAL", "P&A", "OIL"], ["6506/12-11 SR", "12.11.1996", "01.02.1997", "APPRAISAL", "RE-CLASS TODEV", "OIL"], ["6506/12-12 A", "06.08.2009", "01.09.2009", "APPRAISAL", "RE-CLASS TODEV", "OIL/GAS"], ["6506/12-12 S", "01.06.2009", "06.08.2009", "WILDCAT", "P&A", "OIL/GAS"], ["6507/11-1", "13.09.1981", "10.12.1981", "WILDCAT", "P&A", "GAS/CONDENSATE"], ["6507/11-3", "03.06.1985", "15.08.1985", "APPRAISAL", "P&A", "OIL/GAS"], ["6507/11-5 S", "05.09.1997", "28.10.1997", "APPRAISAL", "RE-CLASS TODEV", "OIL/GAS"]]}, "29": {"index": [0, 1, 2, 3, 4, 5, 6], "columns": {"0": "Wellbore name", "1": "Entered date", "2": "Completeddate", "3": "Purpose", "4": "Content"}, "data": [["6407/2-Z-2 H", "17.05.2019", "07.07.2019", "PRODUCTION", "GAS"], ["6407/2-Z-3 H", "09.07.2001", "10.02.2002", "PRODUCTION", "GAS"], ["6407/2-Z-4 H", "30.04.2014", "06.04.2015", "PRODUCTION", "GAS/CONDENSATE"], ["6506/11-E-3 H", "18.07.2000", "04.09.2000", "INJECTION", "GAS"], ["6506/11-F-2 H", "07.06.1999", "28.07.1999", "PRODUCTION", "GAS"], ["6506/11-F-3 H", "27.01.2012", "08.08.2012", "PRODUCTION", "OIL"], ["6506/11-F-4 H", "11.02.1996", "06.06.1996", "INJECTION", "GAS"]]}, "30": {"index": [0, 1, 2, 3, 4, 5, 6, 7, 8, 9, 10, 11, 12, 13, 14, 15, 16, 17, 18, 19, 20, 21, 22, 23, 24, 25, 26, 27, 28, 29, 30, 31, 32, 33, 34, 35, 36, 37, 38, 39, 40], "columns": {"0": "6506/11-G-1 H", "1": "10.09.1996", "2": "10.11.1996", "3": "INJECTION", "4": "GAS"}, "data": [["6506/11-G-2 H", "27.02.2016", "07.04.2016", "INJECTION", "GAS"], ["6506/11-G-3 H", "23.04.1997", "05.07.1997", "INJECTION", "GAS"], ["6506/11-G-4 H", "11.07.1997", "24.11.1998", "INJECTION", "GAS"], ["6506/12-H-1 H", "14.09.2000", "30.11.2000", "PRODUCTION", "GAS"], ["6506/12-H-2 H", "27.07.2013", "15.09.2013", "PRODUCTION", "OIL"], ["6506/12-H-3 H", "16.09.2000", "26.10.2000", "PRODUCTION", "GAS"], ["6506/12-H-3 AH", "29.04.2021", "27.05.2021", "PRODUCTION", "OIL/GAS"], ["6506/12-H-4 H", "26.07.2001", "18.08.2001", "PRODUCTION", "GAS"], ["6506/12-I-1 H", "14.04.1998", "17.05.1998", "PRODUCTION", "OIL"], ["6506/12-I-1 AH", "18.06.2008", "23.08.2008", "PRODUCTION", "OIL"], ["6506/12-I-2 H", "09.04.1999", "12.05.1999", "PRODUCTION", "OIL"], ["6506/12-I-2 AH", "11.04.2022", "26.04.2022", "PRODUCTION", "GAS/CONDENSATE"], ["6506/12-I-3 H", "21.05.1998", "01.07.1998", "PRODUCTION", "OIL"], ["6506/12-I-3 AH", "30.01.2020", "03.04.2020", "PRODUCTION", "OIL"], ["6506/12-I-4 H", "08.06.1996", "09.08.1996", "PRODUCTION", "OIL"], ["6506/12-J-1 H", "17.04.2007", "18.07.2007", "PRODUCTION", "OIL"], ["6506/12-J-2 H", "22.08.1999", "21.09.1999", "PRODUCTION", "GAS"], ["6506/12-J-3 H", "24.09.1999", "28.10.1999", "PRODUCTION", "OIL"], ["6506/12-J-4 H", "09.12.2000", "10.01.2001", "PRODUCTION", "OIL"], ["6506/12-K-1 H", "25.07.1998", "31.08.1998", "INJECTION", "GAS"], ["6506/12-K-2 H", "21.08.1997", "17.10.1997", "PRODUCTION", "GAS"], ["6506/12-K-3 H", "24.06.1997", "17.08.1997", "PRODUCTION", "GAS"], ["6506/12-K-4 H", "13.04.2011", "18.06.2011", "PRODUCTION", "OIL"], ["6506/12-L-1 H", "15.04.1997", "21.06.1997", "PRODUCTION", "OIL"], ["6506/12-L-2 H", "28.06.1997", "01.09.1997", "PRODUCTION", "OIL/GAS"], ["6506/12-L-2 AH", "02.03.1999", "31.03.1999", "PRODUCTION", "OIL"], ["6506/12-L-3 H", "13.07.1998", "11.08.1998", "PRODUCTION", "OIL"], ["6506/12-L-4 H", "04.01.1999", "22.02.1999", "PRODUCTION", "OIL"], ["6506/12-M-1 H", "19.01.2001", "12.02.2001", "PRODUCTION", "OIL"], ["6506/12-M-1 AH", "05.11.2017", "27.03.2018", "INJECTION", "GAS"], ["6506/12-M-2 H", "17.09.2001", "16.10.2001", "PRODUCTION", "OIL/GAS"], ["6506/12-M-2 AH", "03.02.2006", "20.03.2006", "PRODUCTION", "OIL/GAS"], ["6506/12-M-3 H", "10.04.2000", "06.06.2000", "PRODUCTION", "OIL/GAS"], ["6506/12-M-4 H", "20.10.2001", "25.04.2002", "PRODUCTION", "OIL/GAS"], ["6506/12-N-1 H", "19.01.2004", "22.03.2004", "PRODUCTION", "OIL"], ["6506/12-NB-1 H", "06.08.2009", "01.09.2009", "PRODUCTION", "OIL/GAS"], ["6506/12-N-2 H", "23.08.2001", "07.10.2001", "PRODUCTION", "OIL"], ["6506/12-N-2 AH", "19.08.2020", "14.10.2020", "PRODUCTION", "OIL"], ["6506/12-N-3 H", "01.05.2001", "03.06.2001", "PRODUCTION", "OIL"], ["6506/12-N-3 AH", "26.05.2018", "02.07.2018", "PRODUCTION", "OIL"], ["6506/12-N-4 H", "07.05.2000", "16.08.2000", "PRODUCTION", "OIL"]]}, "31": {"index": [0, 1, 2, 3, 4, 5, 6, 7, 8, 9, 10, 11, 12, 13, 14, 15, 16, 17, 18, 19, 20, 21, 22, 23, 24, 25, 26, 27, 28, 29, 30, 31], "columns": {"0": "6506/12-N-4 AH", "1": "04.12.2017", "2": "26.12.2017", "3": "PRODUCTION", "4": "OIL"}, "data": [["6506/12-P-1 H", "21.10.1998", "20.11.1998", "PRODUCTION", "OIL"], ["6506/12-P-1 AH", "20.07.2011", "31.08.2011", "OBSERVATION", "OIL"], ["6506/12-P-1 BH", "03.09.2011", "25.09.2011", "PRODUCTION", "OIL"], ["6506/12-P-1 CH", "30.07.2019", "03.09.2019", "PRODUCTION", "GAS/CONDENSATE"], ["6506/12-PB-1Y1H", "13.05.2015", "21.07.2015", "PRODUCTION", "OIL"], ["6506/12-PB-1Y2H", "22.07.2015", "15.08.2015", "PRODUCTION", "OIL"], ["6506/12-P-2 H", "17.02.1998", "10.04.1998", "PRODUCTION", "OIL"], ["6506/12-P-2Y2H", "10.04.2012", "08.05.2012", "PRODUCTION", "OIL"], ["6506/12-PB-2Y1H", "01.07.2021", "07.08.2021", "PRODUCTION", "OIL"], ["6506/12-PB-2Y2H", "08.08.2021", "14.08.2021", "PRODUCTION", "OIL"], ["6506/12-P-3 H", "12.08.1997", "05.11.1997", "PRODUCTION", "OIL/GAS"], ["6506/12-P-3 AH", "09.11.1997", "06.12.1997", "PRODUCTION", "OIL"], ["6506/12-P-3 BH", "13.07.2023", NaN, "PRODUCTION", NaN], ["6506/12-PB-4 H", "26.12.2015", "05.02.2016", "INJECTION", "GAS"], ["6506/12-P-4 H", "25.08.2001", "12.09.2001", "PRODUCTION", "OIL"], ["6506/12-P-4 AH", "22.06.2009", "03.08.2009", "PRODUCTION", "OIL"], ["6506/12-P-4 BH", "31.01.2023", "26.02.2023", "PRODUCTION", "GAS/CONDENSATE"], ["6506/12-Q-1 H", "27.05.2006", "14.07.2006", "OBSERVATION", "OIL"], ["6506/12-Q-1AY1H", "17.07.2006", "12.08.2006", "PRODUCTION", "OIL"], ["6506/12-Q-1AY2H", "13.08.2006", "30.08.2006", "PRODUCTION", "OIL"], ["6506/12-Q-2 H", "03.05.2004", "28.06.2004", "OBSERVATION", "NOTAPPLICABLE"], ["6506/12-Q-2 AH", "01.07.2004", "23.07.2004", "PRODUCTION", "OIL"], ["6506/12-Q-3 H", "26.08.2005", "09.10.2005", "OBSERVATION", "NOTAPPLICABLE"], ["6506/12-Q-3 AH", "16.10.2005", "21.11.2005", "PRODUCTION", "OIL"], ["6506/12-Q-3 BH", "17.02.2014", "09.04.2014", "PRODUCTION", "OIL"], ["6506/12-Q-4 H", "26.10.2006", "09.01.2007", "OBSERVATION", "OIL"], ["6506/12-Q-4AY1H", "13.01.2007", "23.03.2007", "PRODUCTION", "OIL"], ["6506/12-Q-4AY2H", "24.03.2007", "02.05.2007", "PRODUCTION", "OIL"], ["6506/12-Q-5Y1H", "28.10.2006", "11.11.2009", "PRODUCTION", "GAS/CONDENSATE"], ["6506/12-Q-5Y2H", "12.11.2009", "11.12.2009", "PRODUCTION", "GAS/CONDENSATE"], ["6506/12-R-1 H", "01.02.1997", "01.04.1997", "INJECTION", "GAS"], ["6506/12-R-2 H", "17.06.1998", "19.07.1998", "INJECTION", "GAS"]]}, "32": {"index": [0, 1, 2, 3, 4, 5, 6, 7, 8, 9, 10, 11, 12, 13, 14, 15, 16, 17, 18, 19], "columns": {"0": "6506/12-R-3Y2H", "1": "23.07.2008", "2": "13.08.2008", "3": "INJECTION", "4": "GAS"}, "data": [["6506/12-R-3Y1H", "04.07.2007", "22.07.2008", "INJECTION", "GAS"], ["6506/12-R-4 H", "25.12.1997", "06.02.1998", "INJECTION", "GAS"], ["6506/12-S-1 H", "02.11.1997", "28.12.1997", "OBSERVATION", "NOTAPPLICABLE"], ["6506/12-S-1 AH", "02.01.1998", "08.03.1998", "PRODUCTION", "OIL"], ["6506/12-S-2 H", "08.04.1998", "07.06.1998", "PRODUCTION", "OIL"], ["6506/12-S-3 H", "18.08.1998", "17.10.1998", "PRODUCTION", "OIL"], ["6506/12-S-3 AH", "23.08.2016", "22.09.2016", "PRODUCTION", "OIL"], ["6506/12-S-4 H", "25.02.2001", "12.04.2001", "OBSERVATION", "NOTAPPLICABLE"], ["6506/12-S-4 AH", "14.04.2001", "27.04.2001", "PRODUCTION", "OIL"], ["6506/12-S-4 BH", "04.11.2016", "03.12.2016", "PRODUCTION", "OIL"], ["6507/11-X-1 H", "07.12.1999", "11.04.2000", "PRODUCTION", "GAS"], ["6507/11-X-2 H", "05.01.2000", "05.04.2000", "PRODUCTION", "GAS"], ["6507/11-X-3 H", "06.01.2000", "09.07.2000", "PRODUCTION", "GAS"], ["6507/11-X-4 H", "09.01.2000", "16.03.2000", "PRODUCTION", "NOTAPPLICABLE"], ["6507/11-X-4 AH", "17.06.2000", "10.02.2001", "PRODUCTION", "GAS"], ["6507/11-Y-1 H", "08.09.1998", "26.01.2000", "PRODUCTION", "GAS"], ["6507/11-Y-1 AH", "15.08.2012", "25.08.2012", "PRODUCTION", "GAS"], ["6507/11-Y-2 H", "26.09.1998", "15.10.1998", "PRODUCTION", "GAS"], ["6507/11-Y-3 H", "05.09.1997", "28.10.1997", "PRODUCTION", "GAS"], ["6507/11-Y-4 H", "15.11.1999", "01.01.2000", "PRODUCTION", "GAS"]]}, "33": {"index": [0, 1], "columns": {"0": "Wellbore name", "1": "Entered date", "2": "Completeddate", "3": "Purpose", "4": "Status"}, "data": [["6506/12-U-14", "06.10.2008", "06.10.2008", "SOILDRILLING", "P&A"], ["6506/12-U-15", "30.05.2009", "01.06.2009", "SHALLOWGAS", "P&A"]]}, "kind": "osdu:wks:master-data--Field:1.0.0 ", "id": "npd:master-data--Factpages-Field:43765"}