{"0": {"index": [0, 1, 2, 3, 4, 5, 6], "columns": {"0": "Field name", "1": "DRAUGEN"}, "data": [["Factmaps in new window", "link to map"], ["Current activity status", "Producing"], ["Discovery wellbore", "6407/9-1"], ["Discovery year.", "1984"], ["Main area", "Norwegian sea"], ["Main supply base", "Kristiansund"], ["NPDID field", "43758"]]}, "1": {"index": [0, 1], "columns": {"0": "Discovery name"}, "data": [["6407/9-1 Draugen"], ["6407/9-9 (Hasselmus)"]]}, "2": {"index": [0, 1, 2], "columns": {"0": "Status", "1": "Status from", "2": "Status to"}, "data": [["Producing", "19.10.1993", NaN], ["Approved for", "19.12.1988", "18.10.1993"], ["production", NaN, NaN]]}, "3": {"index": [0, 1], "columns": {"0": "Block name", "1": "Prod. licence"}, "data": [["6407/12", 176], ["6407/9", 93]]}, "4": {"index": [0], "columns": {"0": "Owner kind", "1": "Unnamed: 0", "2": "Owner name"}, "data": [["PRODUCTION LICENSE", 93, NaN]]}, "5": {"index": [0, 1, 2], "columns": {"0": "Unnamed: 0", "1": "Company name", "2": "Nation code", "3": "Company share [%]"}, "data": [["Petoro AS", NaN, "NO", 47.88], ["OKEA ASA", NaN, "NO", 44.56], ["M Vest Energy AS", NaN, "NO", 7.56]]}, "6": {"index": [0, 1, 2], "columns": {"0": "Orig. recoverable", "1": "Orig. recoverable.1", "2": "Orig. recoverable.2", "3": "Orig. recoverable.3", "4": "Orig. recoverable.4"}, "data": [["oil", "gas", "NGL", "cond.", "oil eq."], ["[mill Sm3]", "[bill Sm3]", "[mill tonn]", "[mill Sm3]", "[mill Sm3 o.e]"], ["153.58", "3.56", "2.87", "0.00", "162.59"]]}, "7": {"index": [0, 1], "columns": {"0": "Remaining oil", "1": "Remaining gas", "2": "Remaining NGL", "3": "Remaining cond.", "4": "Remaining oil eq."}, "data": [["[mill Sm3]", "[bill Sm3]", "[mill tonn]", "[mill Sm3]", "[mill Sm3 o.e]"], ["9.04", "1.89", "0.23", "0.00", "11.37"]]}, "8": {"index": [0, 1, 2], "columns": {"0": "Orig. inplace oil", "1": "Orig. inplace ass.", "2": "Orig. inplace ass..1", "3": "Orig. inplace free"}, "data": [["[mill Sm3]", "liquid", "gas", "gas"], [NaN, "[mill Sm3]", "[bill Sm3]", "[bill Sm3]"], ["228.00", "0.00", "13.00", "2.00"]]}, "9": {"index": [0, 1, 2, 3, 4, 5, 6, 7, 8, 9, 10, 11, 12, 13, 14, 15, 16, 17, 18, 19, 20], "columns": {"0": "Type", "1": "Text", "2": "Date"}, "data": [[NaN, NaN, "updated"], ["Development", "Draugen is a field in the southern part of the Norwegian Sea.", "28.02.2023"], [NaN, "The water depth is 250 metres. Draugen was discovered in", NaN], [NaN, "1984, and the plan for development and production (PDO) was", NaN], [NaN, "approved in 1988. The field has been developed with a concrete", NaN], [NaN, "fixed facility and integrated topside, and has both platform and", NaN], [NaN, "subsea wells. Stabilised oil is stored in tanks at the base of the", NaN], [NaN, "facility. Two pipelines connect the facility to a floating loading-", NaN], [NaN, "buoy. Production started in 1993.", NaN], ["Reservoir", "Draugen produces oil from two formations. The main reservoir", "28.02.2023"], [NaN, "is in sandstone of Late Jurassic age in the Rogn Formation. The", NaN], [NaN, "western part of the field also produces from sandstone of Middle", NaN], [NaN, "Jurassic age in the Garn Formation. The reservoirs lie at a depth", NaN], [NaN, "of 1,600 metres. They are relatively homogeneous, with good", NaN], [NaN, "reservoir quality.", NaN], ["Recovery strategy", "The field is produced by pressure maintenance from water", "28.02.2023"], [NaN, "injection and by aquifer support.", NaN], ["Transport", "The oil is offloaded via a floating loading-buoy and exported by", "28.02.2023"], [NaN, "tankers. The associated gas was earlier transported via the", NaN], [NaN, "\u00c5sgard Transport System (\u00c5TS) to the K\u00e5rst\u00f8 terminal, but is", NaN], [NaN, "now used for power generation on the platform.", NaN]]}, "10": {"index": [0, 1, 2, 3, 4, 5, 6, 7, 8, 9, 10, 11, 12, 13, 14, 15, 16, 17, 18, 19, 20, 21, 22, 23, 24, 25, 26, 27, 28, 29], "columns": {"0": "Unnamed: 0", "1": "Investments"}, "data": [[NaN, "[mill NOK nominal"], [NaN, "values]"], ["Sum", "41333"], ["2021", "497"], ["2020", "474"], ["2019", "478"], ["2018", "538"], ["2017", "659"], ["2016", "1463"], ["2015", "2331"], ["2014", "3899"], ["2013", "5455"], ["2012", "2248"], ["2011", "1082"], ["2010", "707"], ["2009", "773"], ["2008", "1198"], ["2007", "622"], ["2006", "399"], ["2005", "216"], ["2004", "334"], ["2003", "495"], ["2002", "737"], ["2001", "1068"], ["2000", "479"], ["1999", "632"], ["1998", "158"], ["1997", "190"], ["1996", "625"], ["1995", "430"]]}, "11": {"index": [0, 1, 2, 3, 4, 5], "columns": {"0": "1994", "1": "1021"}, "data": [[1993, 3262], [1992, 2900], [1991, 2795], [1990, 2443], [1989, 494], [1988, 231]]}, "12": {"index": [0, 1, 2, 3, 4, 5, 6, 7, 8, 9, 10, 11, 12, 13, 14, 15, 16, 17, 18, 19, 20, 21, 22, 23, 24, 25, 26, 27, 28, 29, 30, 31, 32, 33], "columns": {"0": "Unnamed: 0", "1": "Month", "2": "Net - oil", "3": "Net - gas", "4": "Net -", "5": "Net - NGL", "6": "Net - oil equivalents"}, "data": [[NaN, NaN, "[mill Sm3]", "[bill Sm3]", "condensate", "[mill Sm3]", NaN], [NaN, NaN, NaN, NaN, "[mill Sm3]", NaN, "[mill Sm3]"], ["Sum", NaN, "144.913300", "1.689146", "0.000000", "5.012284", "151.614730"], ["2023", NaN, "0.365022", "0.000000", "0.000000", "0.000000", "0.365022"], [NaN, 1.0, "0.077920", "0.000000", "0.000000", "0.000000", "0.077920"], [NaN, 2.0, "0.065265", "0.000000", "0.000000", "0.000000", "0.065265"], [NaN, 3.0, "0.068212", "0.000000", "0.000000", "0.000000", "0.068212"], [NaN, 4.0, "0.062769", "0.000000", "0.000000", "0.000000", "0.062769"], [NaN, 5.0, "0.021657", "0.000000", "0.000000", "0.000000", "0.021657"], [NaN, 6.0, "0.069199", "0.000000", "0.000000", "0.000000", "0.069199"], ["2022", NaN, "0.881029", "0.000000", "0.000000", "0.000000", "0.881029"], [NaN, 1.0, "0.078394", "0.000000", "0.000000", "0.000000", "0.078394"], [NaN, 2.0, "0.071797", "0.000000", "0.000000", "0.000000", "0.071797"], [NaN, 3.0, "0.070632", "0.000000", "0.000000", "0.000000", "0.070632"], [NaN, 4.0, "0.078931", "0.000000", "0.000000", "0.000000", "0.078931"], [NaN, 5.0, "0.077222", "0.000000", "0.000000", "0.000000", "0.077222"], [NaN, 6.0, "0.072911", "0.000000", "0.000000", "0.000000", "0.072911"], [NaN, 7.0, "0.068106", "0.000000", "0.000000", "0.000000", "0.068106"], [NaN, 8.0, "0.077826", "0.000000", "0.000000", "0.000000", "0.077826"], [NaN, 9.0, "0.062101", "0.000000", "0.000000", "0.000000", "0.062101"], [NaN, 10.0, "0.070721", "0.000000", "0.000000", "0.000000", "0.070721"], [NaN, 11.0, "0.076533", "0.000000", "0.000000", "0.000000", "0.076533"], [NaN, 12.0, "0.075855", "0.000000", "0.000000", "0.000000", "0.075855"], ["2021", NaN, "0.922488", "0.000000", "0.000000", "0.000000", "0.922488"], [NaN, 1.0, "0.080152", "0.000000", "0.000000", "0.000000", "0.080152"], [NaN, 2.0, "0.076288", "0.000000", "0.000000", "0.000000", "0.076288"], [NaN, 3.0, "0.078847", "0.000000", "0.000000", "0.000000", "0.078847"], [NaN, 4.0, "0.077320", "0.000000", "0.000000", "0.000000", "0.077320"], [NaN, 5.0, "0.080874", "0.000000", "0.000000", "0.000000", "0.080874"], [NaN, 6.0, "0.073228", "0.000000", "0.000000", "0.000000", "0.073228"], [NaN, 7.0, "0.076206", "0.000000", "0.000000", "0.000000", "0.076206"], [NaN, 8.0, "0.073471", "0.000000", "0.000000", "0.000000", "0.073471"], [NaN, 9.0, "0.071376", "0.000000", "0.000000", "0.000000", "0.071376"], [NaN, 10.0, "0.080275", "0.000000", "0.000000", "0.000000", "0.080275"]]}, "13": {"index": [0, 1, 2, 3, 4, 5, 6, 7, 8, 9, 10, 11, 12, 13, 14, 15, 16, 17, 18, 19, 20, 21, 22, 23, 24, 25, 26, 27, 28, 29, 30, 31, 32, 33, 34, 35, 36, 37, 38, 39, 40, 41], "columns": {"0": "2021", "1": "11", "2": "0.072900", "3": "0.000000", "4": "0.000000.1", "5": "0.000000.2", "6": "0.072900.1"}, "data": [[NaN, 12.0, 0.081551, 0.0, 0.0, 0.0, 0.081551], [2020.0, NaN, 0.985563, 0.003718, 0.0, 0.024878, 1.014159], [NaN, 1.0, 0.097576, 0.000229, 0.0, 0.004172, 0.101977], [NaN, 2.0, 0.088649, 0.000189, 0.0, 0.003546, 0.092384], [NaN, 3.0, 0.090876, 0.00018, 0.0, 0.003016, 0.094072], [NaN, 4.0, 0.090183, 0.00018, 0.0, 0.003269, 0.093632], [NaN, 5.0, 0.093114, 0.000213, 0.0, 0.00349, 0.096817], [NaN, 6.0, 0.065084, 0.000128, 0.0, 0.002535, 0.067747], [NaN, 7.0, 0.030657, 0.000132, 0.0, 0.000743, 0.031532], [NaN, 8.0, 0.09086, 0.002235, 0.0, 0.003777, 0.096872], [NaN, 9.0, 0.089343, 0.000232, 0.0, 0.00033, 0.089905], [NaN, 10.0, 0.085526, 0.0, 0.0, 0.0, 0.085526], [NaN, 11.0, 0.077014, 0.0, 0.0, 0.0, 0.077014], [NaN, 12.0, 0.086681, 0.0, 0.0, 0.0, 0.086681], [2019.0, NaN, 1.130217, 0.0048, 0.0, 0.047402, 1.182419], [NaN, 1.0, 0.053355, 0.000238, 0.0, 0.002, 0.055593], [NaN, 2.0, 0.103409, 0.00101, 0.0, 0.004487, 0.108906], [NaN, 3.0, 0.114721, 0.000521, 0.0, 0.004677, 0.119919], [NaN, 4.0, 0.099893, 0.000378, 0.0, 0.004077, 0.104348], [NaN, 5.0, 0.096569, 0.000259, 0.0, 0.004027, 0.100855], [NaN, 6.0, 0.080916, 0.00042, 0.0, 0.003364, 0.0847], [NaN, 7.0, 0.108679, 0.000469, 0.0, 0.00456, 0.113708], [NaN, 8.0, 0.104266, 0.000318, 0.0, 0.004257, 0.108841], [NaN, 9.0, 0.092092, 0.000295, 0.0, 0.003967, 0.096354], [NaN, 10.0, 0.097395, 0.000337, 0.0, 0.004091, 0.101823], [NaN, 11.0, 0.087457, 0.000345, 0.0, 0.003832, 0.091634], [NaN, 12.0, 0.091465, 0.00021, 0.0, 0.004063, 0.095738], [2018.0, NaN, 1.159518, 0.00761, 0.0, 0.050445, 1.217573], [NaN, 1.0, 0.124526, 0.000773, 0.0, 0.005789, 0.131088], [NaN, 2.0, 0.103393, 0.00082, 0.0, 0.004659, 0.108872], [NaN, 3.0, 0.098345, 0.000739, 0.0, 0.004331, 0.103415], [NaN, 4.0, 0.058523, 0.000425, 0.0, 0.002697, 0.061645], [NaN, 5.0, 0.081962, 0.000412, 0.0, 0.003333, 0.085707], [NaN, 6.0, 0.085826, 0.000453, 0.0, 0.003733, 0.090012], [NaN, 7.0, 0.107097, 0.000454, 0.0, 0.004365, 0.111916], [NaN, 8.0, 0.10378, 0.000761, 0.0, 0.004653, 0.109194], [NaN, 9.0, 0.091618, 0.000564, 0.0, 0.004116, 0.096298], [NaN, 10.0, 0.059944, 0.000474, 0.0, 0.002927, 0.063345], [NaN, 11.0, 0.123921, 0.000954, 0.0, 0.005255, 0.13013], [NaN, 12.0, 0.120583, 0.000781, 0.0, 0.004587, 0.125951], [2017.0, NaN, 1.33889, 0.011872, 0.0, 0.0657, 1.416462], [1.0, 0.138637, 0.001674, 0.0, 0.007353, 0.147664, NaN]]}, "14": {"index": [0, 1, 2, 3, 4, 5, 6, 7, 8, 9, 10, 11, 12, 13, 14, 15, 16, 17, 18, 19, 20, 21, 22, 23, 24, 25, 26, 27, 28, 29, 30, 31, 32, 33, 34, 35, 36, 37, 38, 39, 40, 41], "columns": {"0": "2017", "1": "2", "2": "0.100331", "3": "0.001314", "4": "0.000000", "5": "0.005205", "6": "0.106850"}, "data": [[NaN, 3.0, 0.132498, 0.001185, 0.0, 0.00664, 0.140323], [NaN, 4.0, 0.119733, 0.001109, 0.0, 0.005664, 0.126506], [NaN, 5.0, 0.108993, 0.000796, 0.0, 0.005237, 0.115026], [NaN, 6.0, 0.115629, 0.000732, 0.0, 0.00534, 0.121701], [NaN, 7.0, 0.111964, 0.000919, 0.0, 0.005475, 0.118358], [NaN, 8.0, 0.113867, 0.000763, 0.0, 0.00521, 0.11984], [NaN, 9.0, 0.093273, 0.000634, 0.0, 0.004339, 0.098246], [NaN, 10.0, 0.109245, 0.001038, 0.0, 0.005653, 0.115936], [NaN, 11.0, 0.056176, 0.000521, 0.0, 0.002897, 0.059594], [NaN, 12.0, 0.138544, 0.001187, 0.0, 0.006687, 0.146418], [2016.0, NaN, 1.277026, 0.013766, 0.0, 0.065243, 1.356035], [NaN, 1.0, 0.113829, 0.00124, 0.0, 0.005556, 0.120625], [NaN, 2.0, 0.115371, 0.001061, 0.0, 0.005792, 0.122224], [NaN, 3.0, 0.127378, 0.001105, 0.0, 0.00641, 0.134893], [NaN, 4.0, 0.113629, 0.001054, 0.0, 0.005685, 0.120368], [NaN, 5.0, 0.11277, 0.000974, 0.0, 0.005488, 0.119232], [NaN, 6.0, 0.093587, 0.001341, 0.0, 0.005197, 0.100125], [NaN, 7.0, 0.117055, 0.001312, 0.0, 0.006028, 0.124395], [NaN, 8.0, 0.102579, 0.000924, 0.0, 0.004811, 0.108314], [NaN, 9.0, 0.02226, 0.000373, 0.0, 0.001263, 0.023896], [NaN, 10.0, 0.120581, 0.001495, 0.0, 0.006685, 0.128761], [NaN, 11.0, 0.110712, 0.001296, 0.0, 0.005543, 0.117551], [NaN, 12.0, 0.127275, 0.001591, 0.0, 0.006785, 0.135651], [2015.0, NaN, 1.721143, 0.022687, 0.0, 0.098852, 1.842682], [NaN, 1.0, 0.175228, 0.002503, 0.0, 0.010672, 0.188403], [NaN, 2.0, 0.14075, 0.002118, 0.0, 0.008277, 0.151145], [NaN, 3.0, 0.169405, 0.002312, 0.0, 0.010271, 0.181988], [NaN, 4.0, 0.165122, 0.002271, 0.0, 0.009099, 0.176492], [NaN, 5.0, 0.127068, 0.0021, 0.0, 0.008109, 0.137277], [NaN, 6.0, 0.144357, 0.002252, 0.0, 0.008778, 0.155387], [NaN, 7.0, 0.147662, 0.001986, 0.0, 0.008913, 0.158561], [NaN, 8.0, 0.140183, 0.001437, 0.0, 0.00761, 0.14923], [NaN, 9.0, 0.113944, 0.001464, 0.0, 0.006272, 0.12168], [NaN, 10.0, 0.135021, 0.001456, 0.0, 0.007131, 0.143608], [NaN, 11.0, 0.1276, 0.001337, 0.0, 0.006647, 0.135584], [NaN, 12.0, 0.134803, 0.001451, 0.0, 0.007073, 0.143327], [2014.0, NaN, 1.805296, 0.02976, 0.0, 0.111277, 1.946333], [1.0, 0.14612, 0.002412, 0.0, 0.008999, 0.157531, NaN], [2.0, 0.117673, 0.001812, 0.0, 0.006972, 0.126457, NaN], [3.0, 0.142304, 0.002125, 0.0, 0.008085, 0.152514, NaN], [4.0, 0.14449, 0.001995, 0.0, 0.008446, 0.154931, NaN], [5.0, 0.141368, 0.002336, 0.0, 0.008135, 0.151839, NaN]]}, "15": {"index": [0, 1, 2, 3, 4, 5, 6, 7, 8, 9, 10, 11, 12, 13, 14, 15, 16, 17, 18, 19, 20, 21, 22, 23, 24, 25, 26, 27, 28, 29, 30, 31, 32, 33, 34, 35, 36, 37, 38, 39, 40, 41], "columns": {"0": "2014", "1": "6", "2": "0.141517", "3": "0.002237", "4": "0.000000", "5": "0.008245", "6": "0.151999"}, "data": [[NaN, 7.0, 0.134937, 0.001714, 0.0, 0.007204, 0.143855], [NaN, 8.0, 0.127867, 0.002115, 0.0, 0.007779, 0.137761], [NaN, 9.0, 0.093404, 0.001687, 0.0, 0.006131, 0.101222], [NaN, 10.0, 0.198322, 0.004145, 0.0, 0.013902, 0.216369], [NaN, 11.0, 0.226075, 0.004173, 0.0, 0.015233, 0.245481], [NaN, 12.0, 0.191219, 0.003009, 0.0, 0.012146, 0.206374], [2013.0, NaN, 1.468917, 0.025648, 0.0, 0.090253, 1.584818], [NaN, 1.0, 0.15592, 0.002573, 0.0, 0.009734, 0.168227], [NaN, 2.0, 0.13682, 0.001984, 0.0, 0.007774, 0.146578], [NaN, 3.0, 0.15913, 0.002445, 0.0, 0.009381, 0.170956], [NaN, 4.0, 0.159133, 0.002594, 0.0, 0.009577, 0.171304], [NaN, 5.0, 0.161177, 0.002732, 0.0, 0.009544, 0.173453], [NaN, 6.0, 0.147323, 0.002698, 0.0, 0.009223, 0.159244], [NaN, 7.0, 0.158659, 0.002552, 0.0, 0.009304, 0.170515], [NaN, 8.0, 0.1482, 0.002885, 0.0, 0.00947, 0.160555], [NaN, 9.0, 0.000381, 0.0, 0.0, 0.0, 0.000381], [NaN, 10.0, 0.0, 0.0, 0.0, 0.0, 0.0], [NaN, 11.0, 0.107217, 0.002217, 0.0, 0.006781, 0.116215], [NaN, 12.0, 0.134957, 0.002968, 0.0, 0.009465, 0.14739], [2012.0, NaN, 2.024476, 0.037562, 0.0, 0.132398, 2.194436], [NaN, 1.0, 0.166506, 0.00357, 0.0, 0.011066, 0.181142], [NaN, 2.0, 0.171347, 0.003329, 0.0, 0.011765, 0.186441], [NaN, 3.0, 0.168752, 0.003302, 0.0, 0.011642, 0.183696], [NaN, 4.0, 0.176581, 0.003541, 0.0, 0.011849, 0.191971], [NaN, 5.0, 0.180075, 0.003216, 0.0, 0.011481, 0.194772], [NaN, 6.0, 0.143928, 0.002374, 0.0, 0.008637, 0.154939], [NaN, 7.0, 0.180326, 0.003137, 0.0, 0.011414, 0.194877], [NaN, 8.0, 0.174501, 0.003094, 0.0, 0.011154, 0.188749], [NaN, 9.0, 0.168796, 0.002985, 0.0, 0.010396, 0.182177], [NaN, 10.0, 0.169984, 0.00299, 0.0, 0.011406, 0.18438], [NaN, 11.0, 0.168233, 0.002907, 0.0, 0.010951, 0.182091], [NaN, 12.0, 0.155447, 0.003117, 0.0, 0.010637, 0.169201], [2011.0, NaN, 2.172721, 0.041837, 0.0, 0.142457, 2.357015], [1.0, 0.201854, 0.003725, 0.0, 0.01295, 0.218529, NaN], [2.0, 0.180754, 0.003483, 0.0, 0.012128, 0.196365, NaN], [3.0, 0.186874, 0.003566, 0.0, 0.012404, 0.202844, NaN], [4.0, 0.194971, 0.003637, 0.0, 0.011874, 0.210482, NaN], [5.0, 0.073198, 0.001561, 0.0, 0.004549, 0.079308, NaN], [6.0, 0.168041, 0.0031, 0.0, 0.009857, 0.180998, NaN], [7.0, 0.19229, 0.003611, 0.0, 0.012848, 0.208749, NaN], [8.0, 0.213469, 0.0041, 0.0, 0.014318, 0.231887, NaN], [9.0, 0.19023, 0.003752, 0.0, 0.013136, 0.207118, NaN]]}, "16": {"index": [0, 1, 2, 3, 4, 5, 6, 7, 8, 9, 10, 11, 12, 13, 14, 15, 16, 17, 18, 19, 20, 21, 22, 23, 24, 25, 26, 27, 28, 29, 30, 31, 32, 33, 34, 35, 36, 37, 38, 39, 40], "columns": {"0": "2011", "1": "10", "2": "0.206635", "3": "0.003825", "4": "0.000000", "5": "0.013682", "6": "0.224142"}, "data": [[NaN, 11.0, 0.176315, 0.003336, 0.0, 0.011688, 0.191339], [NaN, 12.0, 0.18809, 0.004141, 0.0, 0.013023, 0.205254], [2010.0, NaN, 2.408678, 0.045595, 0.0, 0.150315, 2.604588], [NaN, 1.0, 0.246968, 0.005024, 0.0, 0.015587, 0.267579], [NaN, 2.0, 0.151646, 0.003135, 0.0, 0.010285, 0.165066], [NaN, 3.0, 0.216838, 0.004483, 0.0, 0.014397, 0.235718], [NaN, 4.0, 0.203277, 0.003907, 0.0, 0.013237, 0.220421], [NaN, 5.0, 0.143558, 0.002788, 0.0, 0.008836, 0.155182], [NaN, 6.0, 0.206664, 0.004051, 0.0, 0.013363, 0.224078], [NaN, 7.0, 0.198698, 0.004004, 0.0, 0.013476, 0.216178], [NaN, 8.0, 0.210533, 0.002132, 0.0, 0.007034, 0.219699], [NaN, 9.0, 0.206302, 0.00306, 0.0, 0.01007, 0.219432], [NaN, 10.0, 0.218072, 0.004187, 0.0, 0.014914, 0.237173], [NaN, 11.0, 0.199891, 0.00424, 0.0, 0.01405, 0.218181], [NaN, 12.0, 0.206231, 0.004584, 0.0, 0.015066, 0.225881], [2009.0, NaN, 3.398437, 0.074957, 0.0, 0.237232, 3.710626], [NaN, 1.0, 0.347756, 0.008057, 0.0, 0.025668, 0.381481], [NaN, 2.0, 0.320721, 0.007456, 0.0, 0.023178, 0.351355], [NaN, 3.0, 0.346112, 0.008617, 0.0, 0.025654, 0.380383], [NaN, 4.0, 0.275912, 0.006393, 0.0, 0.020245, 0.30255], [NaN, 5.0, 0.102174, 0.001609, 0.0, 0.005145, 0.108928], [NaN, 6.0, 0.344696, 0.007526, 0.0, 0.024005, 0.376227], [NaN, 7.0, 0.301318, 0.006524, 0.0, 0.021063, 0.328905], [NaN, 8.0, 0.273234, 0.005813, 0.0, 0.020025, 0.299072], [NaN, 9.0, 0.287579, 0.005551, 0.0, 0.016906, 0.310036], [NaN, 10.0, 0.265891, 0.005839, 0.0, 0.01832, 0.29005], [NaN, 11.0, 0.267087, 0.005757, 0.0, 0.018813, 0.291657], [NaN, 12.0, 0.265957, 0.005815, 0.0, 0.01821, 0.289982], [2008.0, NaN, 4.040166, 0.092387, 0.0, 0.272544, 4.405097], [1.0, 0.350576, 0.009327, 0.0, 0.025673, 0.385576, NaN], [2.0, 0.296673, 0.007369, 0.0, 0.020714, 0.324756, NaN], [3.0, 0.313154, 0.008258, 0.0, 0.023236, 0.344648, NaN], [4.0, 0.326301, 0.008233, 0.0, 0.02187, 0.356404, NaN], [5.0, 0.305629, 0.007363, 0.0, 0.020652, 0.333644, NaN], [6.0, 0.267685, 0.005538, 0.0, 0.017199, 0.290422, NaN], [7.0, 0.379251, 0.008638, 0.0, 0.027178, 0.415067, NaN], [8.0, 0.370241, 0.008914, 0.0, 0.027287, 0.406442, NaN], [9.0, 0.326265, 0.003084, 0.0, 0.009076, 0.338425, NaN], [10.0, 0.420433, 0.009755, 0.0, 0.030284, 0.460472, NaN], [11.0, 0.352485, 0.008215, 0.0, 0.025984, 0.386684, NaN], [12.0, 0.331473, 0.007693, 0.0, 0.023391, 0.362557, NaN]]}, "17": {"index": [0, 1, 2, 3, 4, 5, 6, 7, 8, 9, 10, 11, 12, 13, 14, 15, 16, 17, 18, 19, 20, 21, 22, 23, 24, 25, 26, 27, 28, 29, 30, 31, 32, 33, 34, 35, 36, 37, 38, 39, 40, 41], "columns": {"0": "2007", "1": "Unnamed: 0", "2": "4.123915", "3": "0.098591", "4": "0.000000", "5": "0.281954", "6": "4.504460"}, "data": [[NaN, 1.0, 0.39044, 0.010332, 0.0, 0.029942, 0.430714], [NaN, 2.0, 0.356624, 0.009548, 0.0, 0.026387, 0.392559], [NaN, 3.0, 0.387773, 0.009791, 0.0, 0.028122, 0.425686], [NaN, 4.0, 0.323045, 0.00881, 0.0, 0.025251, 0.357106], [NaN, 5.0, 0.160489, 0.0, 0.0, 0.0, 0.160489], [NaN, 6.0, 0.372775, 0.006115, 0.0, 0.017855, 0.396745], [NaN, 7.0, 0.351334, 0.007576, 0.0, 0.0217, 0.38061], [NaN, 8.0, 0.367893, 0.009932, 0.0, 0.028328, 0.406153], [NaN, 9.0, 0.370092, 0.009255, 0.0, 0.026488, 0.405835], [NaN, 10.0, 0.350329, 0.00926, 0.0, 0.026772, 0.386361], [NaN, 11.0, 0.33981, 0.008866, 0.0, 0.025309, 0.373985], [NaN, 12.0, 0.353311, 0.009106, 0.0, 0.0258, 0.388217], [2006.0, NaN, 4.549423, 0.119453, 0.0, 0.332927, 5.001803], [NaN, 1.0, 0.429483, 0.009205, 0.0, 0.025572, 0.46426], [NaN, 2.0, 0.402713, 0.011581, 0.0, 0.031097, 0.445391], [NaN, 3.0, 0.424042, 0.01194, 0.0, 0.033226, 0.469208], [NaN, 4.0, 0.400617, 0.011471, 0.0, 0.030832, 0.44292], [NaN, 5.0, 0.404988, 0.011769, 0.0, 0.031774, 0.448531], [NaN, 6.0, 0.307296, 0.008326, 0.0, 0.022845, 0.338467], [NaN, 7.0, 0.367323, 0.011028, 0.0, 0.029665, 0.408016], [NaN, 8.0, 0.353325, 0.010681, 0.0, 0.028416, 0.392422], [NaN, 9.0, 0.335036, 0.004459, 0.0, 0.012952, 0.352447], [NaN, 10.0, 0.364436, 0.010051, 0.0, 0.028817, 0.403304], [NaN, 11.0, 0.372075, 0.008576, 0.0, 0.025883, 0.406534], [NaN, 12.0, 0.388089, 0.010366, 0.0, 0.031848, 0.430303], [2005.0, NaN, 6.018277, 0.162282, 0.0, 0.448001, 6.62856], [NaN, 1.0, 0.516768, 0.014961, 0.0, 0.04022, 0.571949], [NaN, 2.0, 0.568857, 0.015971, 0.0, 0.04456, 0.629388], [NaN, 3.0, 0.467438, 0.013439, 0.0, 0.035694, 0.516571], [NaN, 4.0, 0.569483, 0.015796, 0.0, 0.043535, 0.628814], [NaN, 5.0, 0.369597, 0.009785, 0.0, 0.02613, 0.405512], [NaN, 6.0, 0.587943, 0.015338, 0.0, 0.045901, 0.649182], [NaN, 7.0, 0.546339, 0.015548, 0.0, 0.043113, 0.605], [NaN, 8.0, 0.499904, 0.014738, 0.0, 0.039434, 0.554076], [NaN, 9.0, 0.479056, 0.013061, 0.0, 0.03575, 0.527867], [NaN, 10.0, 0.488277, 0.007654, 0.0, 0.02169, 0.517621], [NaN, 11.0, 0.46148, 0.012928, 0.0, 0.035144, 0.509552], [NaN, 12.0, 0.463135, 0.013063, 0.0, 0.03683, 0.513028], [2004.0, NaN, 7.807301, 0.197171, 0.0, 0.556309, 8.560781], [1.0, 0.566682, 0.013978, 0.0, 0.043008, 0.623668, NaN], [2.0, 0.505046, 0.012471, 0.0, 0.03745, 0.554967, NaN], [3.0, 0.565496, 0.013675, 0.0, 0.04225, NaN, NaN]]}, "18": {"index": [0, 1, 2, 3, 4, 5, 6, 7, 8, 9, 10, 11, 12, 13, 14, 15, 16, 17, 18, 19, 20, 21, 22, 23, 24, 25, 26, 27, 28, 29, 30, 31, 32, 33, 34, 35, 36, 37, 38, 39, 40, 41], "columns": {"0": "2004", "1": "4", "2": "0.672714", "3": "0.020987", "4": "0.000000", "5": "0.055603", "6": "0.749304"}, "data": [[NaN, 5.0, 0.72481, 0.020785, 0.0, 0.060418, 0.806013], [NaN, 6.0, 0.757657, 0.021833, 0.0, 0.06054, 0.84003], [NaN, 7.0, 0.75099, 0.016985, 0.0, 0.045508, 0.813483], [NaN, 8.0, 0.725729, 0.009229, 0.0, 0.025306, 0.760264], [NaN, 9.0, 0.653141, 0.014097, 0.0, 0.039022, 0.70626], [NaN, 10.0, 0.694596, 0.019797, 0.0, 0.054823, 0.769216], [NaN, 11.0, 0.635872, 0.017837, 0.0, 0.049302, 0.703011], [NaN, 12.0, 0.554568, 0.015497, 0.0, 0.043079, 0.613144], [2003.0, NaN, 7.434185, 0.166204, 0.0, 0.49458, 8.094969], [NaN, 1.0, 0.697641, 0.009085, 0.0, 0.0259, 0.732626], [NaN, 2.0, 0.701277, 0.013111, 0.0, 0.037718, 0.752106], [NaN, 3.0, 0.774795, 0.013452, 0.0, 0.038137, 0.826384], [NaN, 4.0, 0.773674, 0.023279, 0.0, 0.063854, 0.860807], [NaN, 5.0, 0.327668, 0.007124, 0.0, 0.022261, 0.357053], [NaN, 6.0, 0.620516, 0.016371, 0.0, 0.049654, 0.686541], [NaN, 7.0, 0.611529, 0.015423, 0.0, 0.046144, 0.673096], [NaN, 8.0, 0.618294, 0.016173, 0.0, 0.048315, 0.682782], [NaN, 9.0, 0.595917, 0.007493, 0.0, 0.024295, 0.627705], [NaN, 10.0, 0.604304, 0.015929, 0.0, 0.048761, 0.668994], [NaN, 11.0, 0.531615, 0.013794, 0.0, 0.043288, 0.588697], [NaN, 12.0, 0.576955, 0.01497, 0.0, 0.046253, 0.638178], [2002.0, NaN, 11.067192, 0.239266, 0.0, 0.641516, 11.947974], [NaN, 1.0, 0.897224, 0.00938, 0.0, 0.036925, 0.943529], [NaN, 2.0, 0.92999, 0.013691, 0.0, 0.039477, 0.983158], [NaN, 3.0, 1.03512, 0.025604, 0.0, 0.070012, 1.130736], [NaN, 4.0, 1.005936, 0.027268, 0.0, 0.06661, 1.099814], [NaN, 5.0, 1.019363, 0.026574, 0.0, 0.061709, 1.107646], [NaN, 6.0, 0.99764, 0.019442, 0.0, 0.053221, 1.070303], [NaN, 7.0, 1.014511, 0.031409, 0.0, 0.076972, 1.122892], [NaN, 8.0, 0.9562, 0.026568, 0.0, 0.06765, 1.050418], [NaN, 9.0, 0.93169, 0.007549, 0.0, 0.020521, 0.95976], [NaN, 10.0, 0.922042, 0.020721, 0.0, 0.057265, 1.000028], [NaN, 11.0, 0.900544, 0.021712, 0.0, 0.060335, 0.982591], [NaN, 12.0, 0.456932, 0.009348, 0.0, 0.030819, 0.497099], [2001.0, NaN, 11.859188, 0.273509, 0.0, 0.733525, 12.866222], [1.0, 1.095347, 0.029365, 0.0, 0.06213, 1.186842, NaN], [2.0, 0.640141, 0.010533, 0.0, 0.024999, 0.675673, NaN], [3.0, 1.080537, 0.02877, 0.0, 0.074634, 1.183941, NaN], [4.0, 1.048719, 0.02487, 0.0, 0.055386, 1.128975, NaN], [5.0, 0.557198, 0.003194, 0.0, 0.008854, 0.569246, NaN], [6.0, 1.057944, 0.023714, 0.0, 0.063135, 1.144793, NaN], [7.0, 1.089345, 0.028775, 0.0, 0.073649, 1.191769, NaN]]}, "19": {"index": [0, 1, 2, 3, 4, 5, 6, 7, 8, 9, 10, 11, 12, 13, 14, 15, 16, 17, 18, 19, 20, 21, 22, 23, 24, 25, 26, 27, 28, 29, 30, 31, 32, 33, 34, 35, 36, 37, 38, 39, 40, 41], "columns": {"0": "2001", "1": "8", "2": "1.091835", "3": "0.009747", "4": "0.000000", "5": "0.026117", "6": "1.127699"}, "data": [[NaN, 9.0, 1.032093, 0.029115, 0.0, 0.065355, 1.126563], [NaN, 10.0, 1.089311, 0.030518, 0.0, 0.096878, 1.216707], [NaN, 11.0, 0.983011, 0.025219, 0.0, 0.083656, 1.091886], [NaN, 12.0, 1.093707, 0.029689, 0.0, 0.098732, 1.222128], [2000.0, NaN, 11.744167, 0.020471, 0.0, 0.034476, 11.799114], [NaN, 1.0, 0.870112, 0.0, 0.0, 0.0, 0.870112], [NaN, 2.0, 0.934997, 0.0, 0.0, 0.0, 0.934997], [NaN, 3.0, 0.986486, 0.0, 0.0, 0.0, 0.986486], [NaN, 4.0, 1.054308, 0.0, 0.0, 0.0, 1.054308], [NaN, 5.0, 1.064356, 0.0, 0.0, 0.0, 1.064356], [NaN, 6.0, 0.586732, 0.0, 0.0, 0.0, 0.586732], [NaN, 7.0, 1.070645, 0.0, 0.0, 0.0, 1.070645], [NaN, 8.0, 1.090485, 0.0, 0.0, 0.0, 1.090485], [NaN, 9.0, 0.988028, 0.0, 0.0, 0.0, 0.988028], [NaN, 10.0, 1.071971, 0.0, 0.0, 0.0, 1.071971], [NaN, 11.0, 1.046664, 0.017911, 0.0, 0.028234, 1.092809], [NaN, 12.0, 0.979383, 0.00256, 0.0, 0.006242, 0.988185], [1999.0, NaN, 12.138986, 0.0, 0.0, 0.0, 12.138986], [NaN, 1.0, 1.013416, 0.0, 0.0, 0.0, 1.013416], [NaN, 2.0, 0.917411, 0.0, 0.0, 0.0, 0.917411], [NaN, 3.0, 1.017673, 0.0, 0.0, 0.0, 1.017673], [NaN, 4.0, 0.993209, 0.0, 0.0, 0.0, 0.993209], [NaN, 5.0, 0.813445, 0.0, 0.0, 0.0, 0.813445], [NaN, 6.0, 1.011423, 0.0, 0.0, 0.0, 1.011423], [NaN, 7.0, 1.077744, 0.0, 0.0, 0.0, 1.077744], [NaN, 8.0, 1.098654, 0.0, 0.0, 0.0, 1.098654], [NaN, 9.0, 1.060814, 0.0, 0.0, 0.0, 1.060814], [NaN, 10.0, 1.084519, 0.0, 0.0, 0.0, 1.084519], [NaN, 11.0, 1.010108, 0.0, 0.0, 0.0, 1.010108], [NaN, 12.0, 1.04057, 0.0, 0.0, 0.0, 1.04057], [1998.0, NaN, 11.194119, 0.0, 0.0, 0.0, 11.194119], [1.0, 0.978812, 0.0, 0.0, 0.0, 0.978812, NaN], [2.0, 0.881095, 0.0, 0.0, 0.0, 0.881095, NaN], [3.0, 0.76545, 0.0, 0.0, 0.0, 0.76545, NaN], [4.0, 0.957301, 0.0, 0.0, 0.0, 0.957301, NaN], [5.0, 0.785619, 0.0, 0.0, 0.0, 0.785619, NaN], [6.0, 0.929634, 0.0, 0.0, 0.0, 0.929634, NaN], [7.0, 0.959745, 0.0, 0.0, 0.0, 0.959745, NaN], [8.0, 1.009358, 0.0, 0.0, 0.0, 1.009358, NaN], [9.0, 0.951888, 0.0, 0.0, 0.0, 0.951888, NaN], [10.0, 1.008011, 0.0, 0.0, 0.0, 1.008011, NaN], [11.0, 0.969919, 0.0, 0.0, 0.0, 0.969919, NaN]]}, "20": {"index": [0, 1, 2, 3, 4, 5, 6, 7, 8, 9, 10, 11, 12, 13, 14, 15, 16, 17, 18, 19, 20, 21, 22, 23, 24, 25, 26, 27, 28, 29, 30, 31, 32, 33, 34, 35, 36, 37, 38, 39, 40, 41], "columns": {"0": "1998", "1": "12", "2": "0.997287", "3": "0.000000", "4": "0.000000.1", "5": "0.000000.2", "6": "Unnamed: 0"}, "data": [[1997.0, NaN, 10.451611, 0.0, 0.0, 0.0, 10.451611], [NaN, 1.0, 0.892131, 0.0, 0.0, 0.0, 0.892131], [NaN, 2.0, 0.779394, 0.0, 0.0, 0.0, 0.779394], [NaN, 3.0, 0.7017, 0.0, 0.0, 0.0, 0.7017], [NaN, 4.0, 0.868763, 0.0, 0.0, 0.0, 0.868763], [NaN, 5.0, 0.655756, 0.0, 0.0, 0.0, 0.655756], [NaN, 6.0, 0.866305, 0.0, 0.0, 0.0, 0.866305], [NaN, 7.0, 0.904225, 0.0, 0.0, 0.0, 0.904225], [NaN, 8.0, 0.946119, 0.0, 0.0, 0.0, 0.946119], [NaN, 9.0, 0.934848, 0.0, 0.0, 0.0, 0.934848], [NaN, 10.0, 0.949318, 0.0, 0.0, 0.0, 0.949318], [NaN, 11.0, 0.948049, 0.0, 0.0, 0.0, 0.948049], [NaN, 12.0, 1.005003, 0.0, 0.0, 0.0, 1.005003], [1996.0, NaN, 8.444343, 0.0, 0.0, 0.0, 8.444343], [NaN, 1.0, 0.666742, 0.0, 0.0, 0.0, 0.666742], [NaN, 2.0, 0.681726, 0.0, 0.0, 0.0, 0.681726], [NaN, 3.0, 0.734139, 0.0, 0.0, 0.0, 0.734139], [NaN, 4.0, 0.614604, 0.0, 0.0, 0.0, 0.614604], [NaN, 5.0, 0.402055, 0.0, 0.0, 0.0, 0.402055], [NaN, 6.0, 0.726828, 0.0, 0.0, 0.0, 0.726828], [NaN, 7.0, 0.747043, 0.0, 0.0, 0.0, 0.747043], [NaN, 8.0, 0.737026, 0.0, 0.0, 0.0, 0.737026], [NaN, 9.0, 0.723667, 0.0, 0.0, 0.0, 0.723667], [NaN, 10.0, 0.784754, 0.0, 0.0, 0.0, 0.784754], [NaN, 11.0, 0.771709, 0.0, 0.0, 0.0, 0.771709], [NaN, 12.0, 0.85405, 0.0, 0.0, 0.0, 0.85405], [1995.0, NaN, 6.97089, 0.0, 0.0, 0.0, 6.97089], [NaN, 1.0, 0.361651, 0.0, 0.0, 0.0, 0.361651], [NaN, 2.0, 0.53311, 0.0, 0.0, 0.0, 0.53311], [NaN, 3.0, 0.495214, 0.0, 0.0, 0.0, 0.495214], [NaN, 4.0, 0.53751, 0.0, 0.0, 0.0, 0.53751], [NaN, 5.0, 0.649736, 0.0, 0.0, 0.0, 0.649736], [NaN, 6.0, 0.361664, 0.0, 0.0, 0.0, 0.361664], [NaN, 7.0, 0.671807, 0.0, 0.0, 0.0, 0.671807], [NaN, 8.0, 0.654936, 0.0, 0.0, 0.0, 0.654936], [NaN, 9.0, 0.6815, 0.0, 0.0, 0.0, 0.6815], [NaN, 10.0, 0.683248, 0.0, 0.0, 0.0, 0.683248], [NaN, 11.0, 0.660368, 0.0, 0.0, 0.0, 0.660368], [NaN, 12.0, 0.680146, 0.0, 0.0, 0.0, 0.680146], [1994.0, NaN, 3.886982, 0.0, 0.0, 0.0, 3.886982], [1.0, 0.139025, 0.0, 0.0, 0.0, 0.139025, NaN], [2.0, 0.034638, 0.0, 0.0, 0.0, 0.034638, NaN]]}, "21": {"index": [0, 1, 2, 3, 4, 5, 6, 7, 8, 9, 10, 11, 12], "columns": {"0": "1994", "1": "3", "2": "0.066299", "3": "0.000000", "4": "0.000000.1", "5": "0.000000.2", "6": "0.066299.1"}, "data": [[4.0, 0.164993, 0.0, 0.0, 0.0, 0.164993, NaN], [5.0, 0.127326, 0.0, 0.0, 0.0, 0.127326, NaN], [6.0, 0.316229, 0.0, 0.0, 0.0, 0.316229, NaN], [NaN, 7.0, 0.341093, 0.0, 0.0, 0.0, 0.341093], [NaN, 8.0, 0.524849, 0.0, 0.0, 0.0, 0.524849], [NaN, 9.0, 0.517753, 0.0, 0.0, 0.0, 0.517753], [NaN, 10.0, 0.525817, 0.0, 0.0, 0.0, 0.525817], [NaN, 11.0, 0.524646, 0.0, 0.0, 0.0, 0.524646], [NaN, 12.0, 0.604314, 0.0, 0.0, 0.0, 0.604314], [1993.0, NaN, 0.123134, 0.0, 0.0, 0.0, 0.123134], [10.0, 0.018566, 0.0, 0.0, 0.0, 0.018566, NaN], [11.0, 0.077096, 0.0, 0.0, 0.0, 0.077096, NaN], [12.0, 0.027472, 0.0, 0.0, 0.0, 0.027472, NaN]]}, "22": {"index": [0, 1, 2, 3, 4, 5, 6, 7, 8, 9, 10, 11, 12, 13, 14, 15, 16, 17, 18, 19, 20, 21, 22, 23, 24], "columns": {"0": "Unnamed: 0", "1": "Month", "2": "Gross - oil[mill Sm3]", "3": "Gross - gas[bill Sm3]", "4": "Gross -condensate[mill Sm3]", "5": "Gross - oilequivalents[mill Sm3]"}, "data": [["Sum", NaN, 144.9133, 8.056993, 0.0, 152.970293], ["2023", NaN, 0.365022, 0.03413, 0.0, 0.399152], [NaN, 1.0, 0.07792, 0.006987, 0.0, 0.084907], [NaN, 2.0, 0.065265, 0.006273, 0.0, 0.071538], [NaN, 3.0, 0.068212, 0.006616, 0.0, 0.074828], [NaN, 4.0, 0.062769, 0.005871, 0.0, 0.06864], [NaN, 5.0, 0.021657, 0.001484, 0.0, 0.023141], [NaN, 6.0, 0.069199, 0.006899, 0.0, 0.076098], ["2022", NaN, 0.881029, 0.058188, 0.0, 0.939217], [NaN, 1.0, 0.078394, 0.004443, 0.0, 0.082837], [NaN, 2.0, 0.071797, 0.003981, 0.0, 0.075778], [NaN, 3.0, 0.070632, 0.004179, 0.0, 0.074811], [NaN, 4.0, 0.078931, 0.004355, 0.0, 0.083286], [NaN, 5.0, 0.077222, 0.004365, 0.0, 0.081587], [NaN, 6.0, 0.072911, 0.004168, 0.0, 0.077079], [NaN, 7.0, 0.068106, 0.00408, 0.0, 0.072186], [NaN, 8.0, 0.077826, 0.004327, 0.0, 0.082153], [NaN, 9.0, 0.062101, 0.004789, 0.0, 0.06689], [NaN, 10.0, 0.070721, 0.006157, 0.0, 0.076878], [NaN, 11.0, 0.076533, 0.006874, 0.0, 0.083407], [NaN, 12.0, 0.075855, 0.00647, 0.0, 0.082325], ["2021", NaN, 0.922488, 0.050261, 0.0, 0.972749], ["1", 0.080152, 0.004107, 0.0, 0.084259, NaN], ["2", 0.076288, 0.003901, 0.0, 0.080189, NaN], ["3", 0.078847, 0.004191, 0.0, 0.083038, NaN]]}, "23": {"index": [0, 1, 2, 3, 4, 5, 6, 7, 8, 9, 10, 11, 12, 13, 14, 15, 16, 17, 18, 19, 20, 21, 22, 23, 24, 25, 26, 27, 28, 29, 30, 31, 32, 33, 34, 35, 36, 37, 38, 39, 40, 41], "columns": {"0": "2021", "1": "4", "2": "0.077320", "3": "0.004036", "4": "0.000000", "5": "0.081356"}, "data": [[NaN, 5.0, 0.080874, 0.00438, 0.0, 0.085254], [NaN, 6.0, 0.073228, 0.004072, 0.0, 0.0773], [NaN, 7.0, 0.076206, 0.004195, 0.0, 0.080401], [NaN, 8.0, 0.073471, 0.004178, 0.0, 0.077649], [NaN, 9.0, 0.071376, 0.004174, 0.0, 0.07555], [NaN, 10.0, 0.080275, 0.004469, 0.0, 0.084744], [NaN, 11.0, 0.0729, 0.004006, 0.0, 0.076906], [NaN, 12.0, 0.081551, 0.004552, 0.0, 0.086103], [2020.0, NaN, 0.985563, 0.053348, 0.0, 1.038911], [NaN, 1.0, 0.097576, 0.005556, 0.0, 0.103132], [NaN, 2.0, 0.088649, 0.005147, 0.0, 0.093796], [NaN, 3.0, 0.090876, 0.005266, 0.0, 0.096142], [NaN, 4.0, 0.090183, 0.005216, 0.0, 0.095399], [NaN, 5.0, 0.093114, 0.005327, 0.0, 0.098441], [NaN, 6.0, 0.065084, 0.003855, 0.0, 0.068939], [NaN, 7.0, 0.030657, 0.001846, 0.0, 0.032503], [NaN, 8.0, 0.09086, 0.004586, 0.0, 0.095446], [NaN, 9.0, 0.089343, 0.004175, 0.0, 0.093518], [NaN, 10.0, 0.085526, 0.004282, 0.0, 0.089808], [NaN, 11.0, 0.077014, 0.003885, 0.0, 0.080899], [NaN, 12.0, 0.086681, 0.004207, 0.0, 0.090888], [2019.0, NaN, 1.130217, 0.0683, 0.0, 1.198517], [NaN, 1.0, 0.053355, 0.003319, 0.0, 0.056674], [NaN, 2.0, 0.103409, 0.006157, 0.0, 0.109566], [NaN, 3.0, 0.114721, 0.006645, 0.0, 0.121366], [NaN, 4.0, 0.099893, 0.006185, 0.0, 0.106078], [NaN, 5.0, 0.096569, 0.00571, 0.0, 0.102279], [NaN, 6.0, 0.080916, 0.004757, 0.0, 0.085673], [NaN, 7.0, 0.108679, 0.006569, 0.0, 0.115248], [NaN, 8.0, 0.104266, 0.006317, 0.0, 0.110583], [NaN, 9.0, 0.092092, 0.005834, 0.0, 0.097926], [NaN, 10.0, 0.097395, 0.005762, 0.0, 0.103157], [NaN, 11.0, 0.087457, 0.005414, 0.0, 0.092871], [NaN, 12.0, 0.091465, 0.005631, 0.0, 0.097096], [2018.0, NaN, 1.159518, 0.067195, 0.0, 1.226713], [1.0, 0.124526, 0.007055, 0.0, 0.131581, NaN], [2.0, 0.103393, 0.00617, 0.0, 0.109563, NaN], [3.0, 0.098345, 0.005419, 0.0, 0.103764, NaN], [4.0, 0.058523, 0.00356, 0.0, 0.062083, NaN], [5.0, 0.081962, 0.004522, 0.0, 0.086484, NaN], [6.0, 0.085826, 0.00508, 0.0, 0.090906, NaN], [7.0, 0.107097, 0.006181, 0.0, 0.113278, NaN]]}, "24": {"index": [0, 1, 2, 3, 4, 5, 6, 7, 8, 9, 10, 11, 12, 13, 14, 15, 16, 17, 18, 19, 20, 21, 22, 23, 24, 25, 26, 27, 28, 29, 30, 31, 32, 33, 34, 35, 36, 37, 38, 39, 40, 41], "columns": {"0": "2018", "1": "8", "2": "0.103780", "3": "0.006229", "4": "0.000000", "5": "0.110009"}, "data": [[NaN, 9.0, 0.091618, 0.005416, 0.0, 0.097034], [NaN, 10.0, 0.059944, 0.003568, 0.0, 0.063512], [NaN, 11.0, 0.123921, 0.007051, 0.0, 0.130972], [NaN, 12.0, 0.120583, 0.006944, 0.0, 0.127527], [2017.0, NaN, 1.33889, 0.080381, 0.0, 1.419271], [NaN, 1.0, 0.138637, 0.008563, 0.0, 0.1472], [NaN, 2.0, 0.100331, 0.005904, 0.0, 0.106235], [NaN, 3.0, 0.132498, 0.007934, 0.0, 0.140432], [NaN, 4.0, 0.119733, 0.007397, 0.0, 0.12713], [NaN, 5.0, 0.108993, 0.006585, 0.0, 0.115578], [NaN, 6.0, 0.115629, 0.006651, 0.0, 0.12228], [NaN, 7.0, 0.111964, 0.006602, 0.0, 0.118566], [NaN, 8.0, 0.113867, 0.006825, 0.0, 0.120692], [NaN, 9.0, 0.093273, 0.006128, 0.0, 0.099401], [NaN, 10.0, 0.109245, 0.006574, 0.0, 0.115819], [NaN, 11.0, 0.056176, 0.003421, 0.0, 0.059597], [NaN, 12.0, 0.138544, 0.007797, 0.0, 0.146341], [2016.0, NaN, 1.277026, 0.07646, 0.0, 1.353486], [NaN, 1.0, 0.113829, 0.007566, 0.0, 0.121395], [NaN, 2.0, 0.115371, 0.006834, 0.0, 0.122205], [NaN, 3.0, 0.127378, 0.007328, 0.0, 0.134706], [NaN, 4.0, 0.113629, 0.006645, 0.0, 0.120274], [NaN, 5.0, 0.11277, 0.006596, 0.0, 0.119366], [NaN, 6.0, 0.093587, 0.005615, 0.0, 0.099202], [NaN, 7.0, 0.117055, 0.00696, 0.0, 0.124015], [NaN, 8.0, 0.102579, 0.00621, 0.0, 0.108789], [NaN, 9.0, 0.02226, 0.001374, 0.0, 0.023634], [NaN, 10.0, 0.120581, 0.007003, 0.0, 0.127584], [NaN, 11.0, 0.110712, 0.006529, 0.0, 0.117241], [NaN, 12.0, 0.127275, 0.0078, 0.0, 0.135075], [2015.0, NaN, 1.721143, 0.099787, 0.0, 1.82093], [1.0, 0.175228, 0.010012, 0.0, 0.18524, NaN], [2.0, 0.14075, 0.008156, 0.0, 0.148906, NaN], [3.0, 0.169405, 0.009625, 0.0, 0.17903, NaN], [4.0, 0.165122, 0.009275, 0.0, 0.174397, NaN], [5.0, 0.127068, 0.007476, 0.0, 0.134544, NaN], [6.0, 0.144357, 0.00853, 0.0, 0.152887, NaN], [7.0, 0.147662, 0.008468, 0.0, 0.15613, NaN], [8.0, 0.140183, 0.008053, 0.0, 0.148236, NaN], [9.0, 0.113944, 0.006839, 0.0, 0.120783, NaN], [10.0, 0.135021, 0.007843, 0.0, 0.142864, NaN], [11.0, 0.1276, 0.007572, 0.0, 0.135172, NaN]]}, "25": {"index": [0, 1, 2, 3, 4, 5, 6, 7, 8, 9, 10, 11, 12, 13, 14, 15, 16, 17, 18, 19, 20, 21, 22, 23, 24, 25, 26, 27, 28, 29, 30, 31, 32, 33, 34, 35, 36, 37, 38, 39, 40, 41], "columns": {"0": "2015", "1": "12", "2": "0.134803", "3": "0.007938", "4": "0.000000", "5": "0.142741"}, "data": [[2014.0, NaN, 1.805296, 0.108012, 0.0, 1.913308], [NaN, 1.0, 0.14612, 0.009679, 0.0, 0.155799], [NaN, 2.0, 0.117673, 0.007915, 0.0, 0.125588], [NaN, 3.0, 0.142304, 0.008514, 0.0, 0.150818], [NaN, 4.0, 0.14449, 0.008489, 0.0, 0.152979], [NaN, 5.0, 0.141368, 0.00847, 0.0, 0.149838], [NaN, 6.0, 0.141517, 0.008609, 0.0, 0.150126], [NaN, 7.0, 0.134937, 0.008077, 0.0, 0.143014], [NaN, 8.0, 0.127867, 0.008246, 0.0, 0.136113], [NaN, 9.0, 0.093404, 0.005568, 0.0, 0.098972], [NaN, 10.0, 0.198322, 0.010842, 0.0, 0.209164], [NaN, 11.0, 0.226075, 0.01271, 0.0, 0.238785], [NaN, 12.0, 0.191219, 0.010893, 0.0, 0.202112], [2013.0, NaN, 1.468917, 0.090977, 0.0, 1.559894], [NaN, 1.0, 0.15592, 0.009569, 0.0, 0.165489], [NaN, 2.0, 0.13682, 0.008237, 0.0, 0.145057], [NaN, 3.0, 0.15913, 0.009456, 0.0, 0.168586], [NaN, 4.0, 0.159133, 0.00964, 0.0, 0.168773], [NaN, 5.0, 0.161177, 0.009829, 0.0, 0.171006], [NaN, 6.0, 0.147323, 0.009091, 0.0, 0.156414], [NaN, 7.0, 0.158659, 0.009467, 0.0, 0.168126], [NaN, 8.0, 0.1482, 0.009322, 0.0, 0.157522], [NaN, 9.0, 0.000381, 0.000103, 0.0, 0.000484], [NaN, 10.0, 0.0, 0.0, 0.0, 0.0], [NaN, 11.0, 0.107217, 0.006937, 0.0, 0.114154], [NaN, 12.0, 0.134957, 0.009326, 0.0, 0.144283], [2012.0, NaN, 2.024476, 0.123899, 0.0, 2.148375], [NaN, 1.0, 0.166506, 0.010699, 0.0, 0.177205], [NaN, 2.0, 0.171347, 0.010343, 0.0, 0.18169], [NaN, 3.0, 0.168752, 0.010597, 0.0, 0.179349], [NaN, 4.0, 0.176581, 0.010704, 0.0, 0.187285], [NaN, 5.0, 0.180075, 0.010857, 0.0, 0.190932], [NaN, 6.0, 0.143928, 0.008837, 0.0, 0.152765], [NaN, 7.0, 0.180326, 0.010628, 0.0, 0.190954], [NaN, 8.0, 0.174501, 0.010534, 0.0, 0.185035], [NaN, 9.0, 0.168796, 0.010461, 0.0, 0.179257], [NaN, 10.0, 0.169984, 0.010468, 0.0, 0.180452], [NaN, 11.0, 0.168233, 0.010206, 0.0, 0.178439], [NaN, 12.0, 0.155447, 0.009565, 0.0, 0.165012], [2011.0, NaN, 2.172721, 0.128185, 0.0, 2.300906], [1.0, 0.201854, 0.01164, 0.0, 0.213494, NaN], [2.0, 0.180754, 0.010611, 0.0, 0.191365, NaN]]}, "26": {"index": [0, 1, 2, 3, 4, 5, 6, 7, 8, 9, 10, 11, 12, 13, 14, 15, 16, 17, 18, 19, 20, 21, 22, 23, 24, 25, 26, 27, 28, 29, 30, 31, 32, 33, 34, 35, 36, 37, 38, 39, 40, 41], "columns": {"0": "2011", "1": "3", "2": "0.186874", "3": "0.011305", "4": "0.000000", "5": "0.198179"}, "data": [[NaN, 4.0, 0.194971, 0.011535, 0.0, 0.206506], [NaN, 5.0, 0.073198, 0.004146, 0.0, 0.077344], [NaN, 6.0, 0.168041, 0.010108, 0.0, 0.178149], [NaN, 7.0, 0.19229, 0.011168, 0.0, 0.203458], [NaN, 8.0, 0.213469, 0.0123, 0.0, 0.225769], [NaN, 9.0, 0.19023, 0.011592, 0.0, 0.201822], [NaN, 10.0, 0.206635, 0.012032, 0.0, 0.218667], [NaN, 11.0, 0.176315, 0.010359, 0.0, 0.186674], [NaN, 12.0, 0.18809, 0.011389, 0.0, 0.199479], [2010.0, NaN, 2.408678, 0.142681, 0.0, 2.551359], [NaN, 1.0, 0.246968, 0.014122, 0.0, 0.26109], [NaN, 2.0, 0.151646, 0.009085, 0.0, 0.160731], [NaN, 3.0, 0.216838, 0.012363, 0.0, 0.229201], [NaN, 4.0, 0.203277, 0.011547, 0.0, 0.214824], [NaN, 5.0, 0.143558, 0.007996, 0.0, 0.151554], [NaN, 6.0, 0.206664, 0.011911, 0.0, 0.218575], [NaN, 7.0, 0.198698, 0.012049, 0.0, 0.210747], [NaN, 8.0, 0.210533, 0.013327, 0.0, 0.22386], [NaN, 9.0, 0.206302, 0.01382, 0.0, 0.220122], [NaN, 10.0, 0.218072, 0.012498, 0.0, 0.23057], [NaN, 11.0, 0.199891, 0.011691, 0.0, 0.211582], [NaN, 12.0, 0.206231, 0.012272, 0.0, 0.218503], [2009.0, NaN, 3.398437, 0.194291, 0.0, 3.592728], [NaN, 1.0, 0.347756, 0.019227, 0.0, 0.366983], [NaN, 2.0, 0.320721, 0.017553, 0.0, 0.338274], [NaN, 3.0, 0.346112, 0.019522, 0.0, 0.365634], [NaN, 4.0, 0.275912, 0.015873, 0.0, 0.291785], [NaN, 5.0, 0.102174, 0.009991, 0.0, 0.112165], [NaN, 6.0, 0.344696, 0.018332, 0.0, 0.363028], [NaN, 7.0, 0.301318, 0.016561, 0.0, 0.317879], [NaN, 8.0, 0.273234, 0.015404, 0.0, 0.288638], [NaN, 9.0, 0.287579, 0.016358, 0.0, 0.303937], [NaN, 10.0, 0.265891, 0.015179, 0.0, 0.28107], [NaN, 11.0, 0.267087, 0.014961, 0.0, 0.282048], [NaN, 12.0, 0.265957, 0.01533, 0.0, 0.281287], [2008.0, NaN, 4.040166, 0.225351, 0.0, 4.265517], [1.0, 0.350576, 0.020482, 0.0, 0.371058, NaN], [2.0, 0.296673, 0.017602, 0.0, 0.314275, NaN], [3.0, 0.313154, 0.018742, 0.0, 0.331896, NaN], [4.0, 0.326301, 0.018888, 0.0, 0.345189, NaN], [5.0, 0.305629, 0.018354, 0.0, 0.323983, NaN], [6.0, 0.267685, 0.014245, 0.0, 0.28193, NaN]]}, "27": {"index": [0, 1, 2, 3, 4, 5, 6, 7, 8, 9, 10, 11, 12, 13, 14, 15, 16, 17, 18, 19, 20, 21, 22, 23, 24, 25, 26, 27, 28, 29, 30, 31, 32, 33, 34, 35, 36, 37, 38, 39, 40, 41], "columns": {"0": "2008", "1": "7", "2": "0.379251", "3": "0.020173", "4": "0.000000", "5": "0.399424"}, "data": [[NaN, 8.0, 0.370241, 0.02055, 0.0, 0.390791], [NaN, 9.0, 0.326265, 0.015829, 0.0, 0.342094], [NaN, 10.0, 0.420433, 0.023129, 0.0, 0.443562], [NaN, 11.0, 0.352485, 0.019213, 0.0, 0.371698], [NaN, 12.0, 0.331473, 0.018144, 0.0, 0.349617], [2007.0, NaN, 4.123915, 0.2403, 0.0, 4.364215], [NaN, 1.0, 0.39044, 0.022717, 0.0, 0.413157], [NaN, 2.0, 0.356624, 0.0204, 0.0, 0.377024], [NaN, 3.0, 0.387773, 0.022657, 0.0, 0.41043], [NaN, 4.0, 0.323045, 0.019491, 0.0, 0.342536], [NaN, 5.0, 0.160489, 0.008005, 0.0, 0.168494], [NaN, 6.0, 0.372775, 0.021157, 0.0, 0.393932], [NaN, 7.0, 0.351334, 0.020412, 0.0, 0.371746], [NaN, 8.0, 0.367893, 0.021811, 0.0, 0.389704], [NaN, 9.0, 0.370092, 0.021248, 0.0, 0.39134], [NaN, 10.0, 0.350329, 0.021146, 0.0, 0.371475], [NaN, 11.0, 0.33981, 0.020708, 0.0, 0.360518], [NaN, 12.0, 0.353311, 0.020548, 0.0, 0.373859], [2006.0, NaN, 4.549423, 0.274292, 0.0, 4.823715], [NaN, 1.0, 0.429483, 0.025798, 0.0, 0.455281], [NaN, 2.0, 0.402713, 0.023939, 0.0, 0.426652], [NaN, 3.0, 0.424042, 0.025446, 0.0, 0.449488], [NaN, 4.0, 0.400617, 0.024135, 0.0, 0.424752], [NaN, 5.0, 0.404988, 0.024197, 0.0, 0.429185], [NaN, 6.0, 0.307296, 0.018526, 0.0, 0.325822], [NaN, 7.0, 0.367323, 0.023045, 0.0, 0.390368], [NaN, 8.0, 0.353325, 0.02209, 0.0, 0.375415], [NaN, 9.0, 0.335036, 0.020516, 0.0, 0.355552], [NaN, 10.0, 0.364436, 0.021673, 0.0, 0.386109], [NaN, 11.0, 0.372075, 0.021818, 0.0, 0.393893], [NaN, 12.0, 0.388089, 0.023109, 0.0, 0.411198], [2005.0, NaN, 6.018277, 0.350192, 0.0, 6.368469], [1.0, 0.516768, 0.029368, 0.0, 0.546136, NaN], [2.0, 0.568857, 0.032914, 0.0, 0.601771, NaN], [3.0, 0.467438, 0.026918, 0.0, 0.494356, NaN], [4.0, 0.569483, 0.032759, 0.0, 0.602242, NaN], [5.0, 0.369597, 0.02146, 0.0, 0.391057, NaN], [6.0, 0.587943, 0.034079, 0.0, 0.622022, NaN], [7.0, 0.546339, 0.032117, 0.0, 0.578456, NaN], [8.0, 0.499904, 0.029373, 0.0, 0.529277, NaN], [9.0, 0.479056, 0.027966, 0.0, 0.507022, NaN], [10.0, 0.488277, 0.028629, 0.0, 0.516906, NaN]]}, "28": {"index": [0, 1, 2, 3, 4, 5, 6, 7, 8, 9, 10, 11, 12, 13, 14, 15, 16, 17, 18, 19, 20, 21, 22, 23, 24, 25, 26, 27, 28, 29, 30, 31, 32, 33, 34, 35, 36, 37, 38, 39, 40, 41], "columns": {"0": "2005", "1": "11", "2": "0.461480", "3": "0.027182", "4": "0.000000", "5": "0.488662"}, "data": [[NaN, 12.0, 0.463135, 0.027427, 0.0, 0.490562], [2004.0, NaN, 7.807301, 0.44199, 0.0, 8.249291], [NaN, 1.0, 0.566682, 0.031105, 0.0, 0.597787], [NaN, 2.0, 0.505046, 0.02824, 0.0, 0.533286], [NaN, 3.0, 0.565496, 0.031141, 0.0, 0.596637], [NaN, 4.0, 0.672714, 0.040037, 0.0, 0.712751], [NaN, 5.0, 0.72481, 0.040027, 0.0, 0.764837], [NaN, 6.0, 0.757657, 0.041417, 0.0, 0.799074], [NaN, 7.0, 0.75099, 0.042787, 0.0, 0.793777], [NaN, 8.0, 0.725729, 0.041686, 0.0, 0.767415], [NaN, 9.0, 0.653141, 0.037422, 0.0, 0.690563], [NaN, 10.0, 0.694596, 0.040141, 0.0, 0.734737], [NaN, 11.0, 0.635872, 0.035927, 0.0, 0.671799], [NaN, 12.0, 0.554568, 0.03206, 0.0, 0.586628], [2003.0, NaN, 7.434185, 0.419651, 0.0, 7.853836], [NaN, 1.0, 0.697641, 0.03861, 0.0, 0.736251], [NaN, 2.0, 0.701277, 0.041081, 0.0, 0.742358], [NaN, 3.0, 0.774795, 0.045205, 0.0, 0.82], [NaN, 4.0, 0.773674, 0.046532, 0.0, 0.820206], [NaN, 5.0, 0.327668, 0.018022, 0.0, 0.34569], [NaN, 6.0, 0.620516, 0.034382, 0.0, 0.654898], [NaN, 7.0, 0.611529, 0.034081, 0.0, 0.64561], [NaN, 8.0, 0.618294, 0.034508, 0.0, 0.652802], [NaN, 9.0, 0.595917, 0.03275, 0.0, 0.628667], [NaN, 10.0, 0.604304, 0.033313, 0.0, 0.637617], [NaN, 11.0, 0.531615, 0.029397, 0.0, 0.561012], [NaN, 12.0, 0.576955, 0.03177, 0.0, 0.608725], [2002.0, NaN, 11.067192, 0.628521, 0.0, 11.695713], [NaN, 1.0, 0.897224, 0.050405, 0.0, 0.947629], [NaN, 2.0, 0.92999, 0.050927, 0.0, 0.980917], [NaN, 3.0, 1.03512, 0.056979, 0.0, 1.092099], [NaN, 4.0, 1.005936, 0.056632, 0.0, 1.062568], [NaN, 5.0, 1.019363, 0.059767, 0.0, 1.07913], [NaN, 6.0, 0.99764, 0.056937, 0.0, 1.054577], [NaN, 7.0, 1.014511, 0.058813, 0.0, 1.073324], [NaN, 8.0, 0.9562, 0.054272, 0.0, 1.010472], [NaN, 9.0, 0.93169, 0.055606, 0.0, 0.987296], [NaN, 10.0, 0.922042, 0.052704, 0.0, 0.974746], [NaN, 11.0, 0.900544, 0.050817, 0.0, 0.951361], [NaN, 12.0, 0.456932, 0.024662, 0.0, 0.481594], [2001.0, NaN, 11.859188, 0.662982, 0.0, 12.52217], [1.0, 1.095347, 0.060967, 0.0, 1.156314, NaN]]}, "29": {"index": [0, 1, 2, 3, 4, 5, 6, 7, 8, 9, 10, 11, 12, 13, 14, 15, 16, 17, 18, 19, 20, 21, 22, 23, 24, 25, 26, 27, 28, 29, 30, 31, 32, 33, 34, 35, 36, 37, 38, 39, 40, 41], "columns": {"0": "2001", "1": "2", "2": "0.640141", "3": "0.037616", "4": "0.000000", "5": "0.677757"}, "data": [[NaN, 3.0, 1.080537, 0.060364, 0.0, 1.140901], [NaN, 4.0, 1.048719, 0.058778, 0.0, 1.107497], [NaN, 5.0, 0.557198, 0.031342, 0.0, 0.58854], [NaN, 6.0, 1.057944, 0.058766, 0.0, 1.11671], [NaN, 7.0, 1.089345, 0.060353, 0.0, 1.149698], [NaN, 8.0, 1.091835, 0.062735, 0.0, 1.15457], [NaN, 9.0, 1.032093, 0.056892, 0.0, 1.088985], [NaN, 10.0, 1.089311, 0.060201, 0.0, 1.149512], [NaN, 11.0, 0.983011, 0.053956, 0.0, 1.036967], [NaN, 12.0, 1.093707, 0.061012, 0.0, 1.154719], [2000.0, NaN, 11.744167, 0.671743, 0.0, 12.41591], [NaN, 1.0, 0.870112, 0.048947, 0.0, 0.919059], [NaN, 2.0, 0.934997, 0.05312, 0.0, 0.988117], [NaN, 3.0, 0.986486, 0.056737, 0.0, 1.043223], [NaN, 4.0, 1.054308, 0.059897, 0.0, 1.114205], [NaN, 5.0, 1.064356, 0.061235, 0.0, 1.125591], [NaN, 6.0, 0.586732, 0.033362, 0.0, 0.620094], [NaN, 7.0, 1.070645, 0.061496, 0.0, 1.132141], [NaN, 8.0, 1.090485, 0.062969, 0.0, 1.153454], [NaN, 9.0, 0.988028, 0.056788, 0.0, 1.044816], [NaN, 10.0, 1.071971, 0.061995, 0.0, 1.133966], [NaN, 11.0, 1.046664, 0.059323, 0.0, 1.105987], [NaN, 12.0, 0.979383, 0.055874, 0.0, 1.035257], [1999.0, NaN, 12.138986, 0.639174, 0.0, 12.77816], [NaN, 1.0, 1.013416, 0.050708, 0.0, 1.064124], [NaN, 2.0, 0.917411, 0.045945, 0.0, 0.963356], [NaN, 3.0, 1.017673, 0.050679, 0.0, 1.068352], [NaN, 4.0, 0.993209, 0.049426, 0.0, 1.042635], [NaN, 5.0, 0.813445, 0.040372, 0.0, 0.853817], [NaN, 6.0, 1.011423, 0.050804, 0.0, 1.062227], [NaN, 7.0, 1.077744, 0.055841, 0.0, 1.133585], [NaN, 8.0, 1.098654, 0.058093, 0.0, 1.156747], [NaN, 9.0, 1.060814, 0.059529, 0.0, 1.120343], [NaN, 10.0, 1.084519, 0.061585, 0.0, 1.146104], [NaN, 11.0, 1.010108, 0.057131, 0.0, 1.067239], [NaN, 12.0, 1.04057, 0.059061, 0.0, 1.099631], [1998.0, NaN, 11.194119, 0.549784, 0.0, 11.743903], [1.0, 0.978812, 0.048126, 0.0, 1.026938, NaN], [2.0, 0.881095, 0.043819, 0.0, 0.924914, NaN], [3.0, 0.76545, 0.037669, 0.0, 0.803119, NaN], [4.0, 0.957301, 0.046978, 0.0, 1.004279, NaN], [5.0, 0.785619, 0.037981, 0.0, 0.8236, NaN]]}, "30": {"index": [0, 1, 2, 3, 4, 5, 6, 7, 8, 9, 10, 11, 12, 13, 14, 15, 16, 17, 18, 19, 20, 21, 22, 23, 24, 25, 26, 27, 28, 29, 30, 31, 32, 33, 34, 35, 36, 37, 38, 39, 40, 41], "columns": {"0": "1998", "1": "6", "2": "0.929634", "3": "0.046928", "4": "0.000000", "5": "0.976562"}, "data": [[NaN, 7.0, 0.959745, 0.047133, 0.0, 1.006878], [NaN, 8.0, 1.009358, 0.048092, 0.0, 1.05745], [NaN, 9.0, 0.951888, 0.044566, 0.0, 0.996454], [NaN, 10.0, 1.008011, 0.049681, 0.0, 1.057692], [NaN, 11.0, 0.969919, 0.048704, 0.0, 1.018623], [NaN, 12.0, 0.997287, 0.050107, 0.0, 1.047394], [1997.0, NaN, 10.451611, 0.547384, 0.0, 10.998995], [NaN, 1.0, 0.892131, 0.051325, 0.0, 0.943456], [NaN, 2.0, 0.779394, 0.044601, 0.0, 0.823995], [NaN, 3.0, 0.7017, 0.038235, 0.0, 0.739935], [NaN, 4.0, 0.868763, 0.046158, 0.0, 0.914921], [NaN, 5.0, 0.655756, 0.035053, 0.0, 0.690809], [NaN, 6.0, 0.866305, 0.046319, 0.0, 0.912624], [NaN, 7.0, 0.904225, 0.047215, 0.0, 0.95144], [NaN, 8.0, 0.946119, 0.049726, 0.0, 0.995845], [NaN, 9.0, 0.934848, 0.046404, 0.0, 0.981252], [NaN, 10.0, 0.949318, 0.047096, 0.0, 0.996414], [NaN, 11.0, 0.948049, 0.046695, 0.0, 0.994744], [NaN, 12.0, 1.005003, 0.048557, 0.0, 1.05356], [1996.0, NaN, 8.444343, 0.457277, 0.0, 8.90162], [NaN, 1.0, 0.666742, 0.034222, 0.0, 0.700964], [NaN, 2.0, 0.681726, 0.03519, 0.0, 0.716916], [NaN, 3.0, 0.734139, 0.038098, 0.0, 0.772237], [NaN, 4.0, 0.614604, 0.031598, 0.0, 0.646202], [NaN, 5.0, 0.402055, 0.021558, 0.0, 0.423613], [NaN, 6.0, 0.726828, 0.039291, 0.0, 0.766119], [NaN, 7.0, 0.747043, 0.040773, 0.0, 0.787816], [NaN, 8.0, 0.737026, 0.040144, 0.0, 0.77717], [NaN, 9.0, 0.723667, 0.040101, 0.0, 0.763768], [NaN, 10.0, 0.784754, 0.043348, 0.0, 0.828102], [NaN, 11.0, 0.771709, 0.044082, 0.0, 0.815791], [NaN, 12.0, 0.85405, 0.048872, 0.0, 0.902922], [1995.0, NaN, 6.97089, 0.36724, 0.0, 7.33813], [1.0, 0.361651, 0.018746, 0.0, 0.380397, NaN], [2.0, 0.53311, 0.028819, 0.0, 0.561929, NaN], [3.0, 0.495214, 0.026962, 0.0, 0.522176, NaN], [4.0, 0.53751, 0.029422, 0.0, 0.566932, NaN], [5.0, 0.649736, 0.035375, 0.0, 0.685111, NaN], [6.0, 0.361664, 0.020124, 0.0, 0.381788, NaN], [7.0, 0.671807, 0.034366, 0.0, 0.706173, NaN], [8.0, 0.654936, 0.033351, 0.0, 0.688287, NaN], [9.0, 0.6815, 0.035051, 0.0, 0.716551, NaN]]}, "31": {"index": [0, 1, 2, 3, 4, 5, 6, 7, 8, 9, 10, 11, 12, 13, 14, 15, 16, 17, 18], "columns": {"0": "1995", "1": "10", "2": "0.683248", "3": "0.035104", "4": "0.000000", "5": "0.718352"}, "data": [[NaN, 11.0, 0.660368, 0.034126, 0.0, 0.694494], [NaN, 12.0, 0.680146, 0.035794, 0.0, 0.71594], [1994.0, NaN, 3.886982, 0.19919, 0.0, 4.086172], [NaN, 1.0, 0.139025, 0.006485, 0.0, 0.14551], [NaN, 2.0, 0.034638, 0.001401, 0.0, 0.036039], [NaN, 3.0, 0.066299, 0.002436, 0.0, 0.068735], [NaN, 4.0, 0.164993, 0.006542, 0.0, 0.171535], [NaN, 5.0, 0.127326, 0.005246, 0.0, 0.132572], [NaN, 6.0, 0.316229, 0.014223, 0.0, 0.330452], [NaN, 7.0, 0.341093, 0.017709, 0.0, 0.358802], [NaN, 8.0, 0.524849, 0.028909, 0.0, 0.553758], [NaN, 9.0, 0.517753, 0.028766, 0.0, 0.546519], [NaN, 10.0, 0.525817, 0.029251, 0.0, 0.555068], [NaN, 11.0, 0.524646, 0.027001, 0.0, 0.551647], [NaN, 12.0, 0.604314, 0.031221, 0.0, 0.635535], [1993.0, NaN, 0.123134, 0.005827, 0.0, 0.128961], [10.0, 0.018566, 0.000851, 0.0, 0.019417, NaN], [11.0, 0.077096, 0.003634, 0.0, 0.08073, NaN], [12.0, 0.027472, 0.001342, 0.0, 0.028814, NaN]]}, "32": {"index": [], "columns": {"0": "Unnamed: 0"}, "data": []}, "33": {"index": [0, 1, 2, 3, 4, 5, 6, 7, 8, 9, 10, 11, 12, 13, 14], "columns": {"0": "Wellbore name", "1": "Entered date", "2": "Completed", "3": "Purpose", "4": "Status", "5": "Content"}, "data": [[NaN, NaN, "date", NaN, NaN, NaN], ["6407/9-1", "26.06.1984", "07.09.1984", "WILDCAT", "P&A", "OIL"], ["6407/9-2", "18.11.1984", "02.02.1985", "APPRAISAL", "P&A", "OIL"], ["6407/9-3", "03.05.1985", "28.07.1985", "APPRAISAL", "RE-CLASS TO", "OIL"], [NaN, NaN, NaN, NaN, "DEV", NaN], ["6407/9-4", "04.07.1985", "10.09.1985", "APPRAISAL", "P&A", "OIL"], ["6407/9-5", "12.09.1985", "13.11.1985", "APPRAISAL", "RE-CLASS TO", "OIL"], [NaN, NaN, NaN, NaN, "DEV", NaN], ["6407/9-6", "02.01.1986", "13.03.1986", "APPRAISAL", "SUSPENDED", "OIL"], ["6407/9-6 R", "19.05.1993", "30.05.1993", "APPRAISAL", "P&A", "OIL"], ["6407/9-9", "22.06.1999", "06.07.1999", "WILDCAT", "P&A", "OIL/GAS"], ["6407/9-10", "11.06.2003", "23.06.2003", "APPRAISAL", "RE-CLASS TO", "OIL"], [NaN, NaN, NaN, NaN, "DEV", NaN], ["6407/9-12", "16.10.2019", "08.11.2019", "APPRAISAL", "P&A", "DRY"], ["6407/12-1", "07.07.1999", "15.07.1999", "APPRAISAL", "P&A", "OIL"]]}, "34": {"index": [0, 1, 2, 3, 4, 5, 6, 7, 8, 9, 10, 11, 12, 13, 14, 15, 16, 17, 18, 19, 20, 21, 22, 23, 24, 25, 26, 27, 28, 29, 30, 31, 32, 33], "columns": {"0": "Wellbore name", "1": "Entered date", "2": "Completeddate", "3": "Purpose", "4": "Content"}, "data": [["6407/9-11", "19.10.2019", "29.10.2019", "OBSERVATION", "OIL"], ["6407/9-14", "09.07.2023", "19.07.2023", "PRODUCTION", NaN], ["6407/9-15", "21.07.2023", "24.07.2023", "PRODUCTION", NaN], ["6407/9-A-1", "07.03.1994", "12.05.1994", "PRODUCTION", "OIL"], ["6407/9-A-2", "19.09.1994", "31.10.1994", "OBSERVATION", "NOTAPPLICABLE"], ["6407/9-A-2 A", "05.11.1994", "24.11.1994", "PRODUCTION", "OIL"], ["6407/9-A-3", "11.11.1995", "15.12.1995", "PRODUCTION", "OIL"], ["6407/9-A-4", "03.06.1999", "08.08.1999", "OBSERVATION", "NOTAPPLICABLE"], ["6407/9-A-4 A", "11.08.1999", "02.10.1999", "PRODUCTION", "OIL"], ["6407/9-A-5", "21.09.1995", "01.11.1995", "PRODUCTION", "OIL"], ["6407/9-A-6", "29.05.1994", "18.07.1994", "PRODUCTION", "OIL"], ["6407/9-A-53 H", "05.04.1993", "08.11.1993", "PRODUCTION", "OIL"], ["6407/9-A-55 H", "08.04.1993", "26.04.1993", "OBSERVATION", "NOTAPPLICABLE"], ["6407/9-A-55 AH", "26.04.1993", "11.05.1993", "PRODUCTION", "OIL"], ["6407/9-A-58 H", "09.06.1993", "23.06.1993", "INJECTION", "GAS"], ["6407/9-B-1 H", "10.08.1993", "23.08.1993", "INJECTION", "WATER"], ["6407/9-B-2 H", "19.07.1993", "08.04.1994", "INJECTION", "WATER"], ["6407/9-B-5 H", "27.07.1993", "27.04.1994", "INJECTION", "WATER"], ["6407/9-C-1 H", "27.09.1993", "12.12.1993", "INJECTION", "WATER"], ["6407/9-C-2 H", "15.10.1993", "27.12.1993", "INJECTION", "WATER"], ["6407/9-D-1 H", "23.05.2001", "30.05.2001", "OBSERVATION", "NOTAPPLICABLE"], ["6407/9-D-1 AH", "31.05.2001", "02.07.2001", "PRODUCTION", "OIL"], ["6407/9-D-2 H", "08.06.2001", "18.06.2001", "PRODUCTION", "OIL"], ["6407/9-D-3 H", "14.02.2008", "22.03.2008", "PRODUCTION", "OIL"], ["6407/9-E-1 H", "04.05.2002", "28.06.2002", "PRODUCTION", "OIL"], ["6407/9-E-2 H", "09.05.2002", "10.06.2002", "PRODUCTION", "OIL"], ["6407/9-E-3 H", "22.11.2007", "04.01.2008", "PRODUCTION", "OIL"], ["6407/9-E-4 H", "11.06.2013", "29.09.2013", "PRODUCTION", "OIL"], ["6407/9-F-1 H", "11.06.2003", "23.06.2003", "OBSERVATION", NaN], ["6407/9-G-1 H", "11.05.2014", "30.05.2014", "PRODUCTION", "OIL"], ["6407/9-G-2 H", "08.07.2014", "23.07.2014", "PRODUCTION", "OIL"], ["6407/9-G-3 H", "11.06.2014", "25.06.2014", "PRODUCTION", "OIL"], ["6407/9-G-5 H", "11.06.2015", "08.07.2015", "PRODUCTION", "OIL"], ["6407/9-H-1 H", "13.07.2022", "25.07.2022", "PRODUCTION", "GAS"]]}, "35": {"index": [], "columns": {"0": "Wellbore name", "1": "Entered date", "2": "Completeddate", "3": "Purpose", "4": "Status"}, "data": []}, "kind": "osdu:wks:master-data--Field:1.0.0 ", "id": "npd:master-data--Factpages-Field:43758"}