{"0": {"index": [0, 1, 2], "columns": {"0": "Lithostrat. unit", "1": "KUPFERSCHIEFER FM"}, "data": [["NPDID lithostrat. unit", "88"], ["Level", "FORMATION"], ["Lithostrat. unit, parent", "ZECHSTEIN GP"]]}, "1": {"index": [0, 1, 2, 3, 4, 5, 6, 7, 8, 9, 10, 11, 12, 13, 14, 15, 16, 17, 18, 19, 20, 21, 22, 23, 24, 25], "columns": {"0": "Wellbore name", "1": "Wellbore", "2": "Top depth", "3": "Bottom"}, "data": [[NaN, "completion", "[m]", "depth [m]"], [NaN, "date", NaN, NaN], ["2/1-7", "06.03.1985", "5083", "5084"], ["2/4-17", "29.02.1992", "4518", "4520"], ["2/6-6 S", "18.01.2019", "3678", "3680"], ["3/5-1", "28.06.1978", "3100", "3103"], ["3/7-11 S", "27.05.2019", "3785", "3790"], ["3/8-1", "29.12.2010", "4019", "4021"], ["6/3-2", "10.03.1986", "4043", "4045"], ["7/3-1", "10.06.1969", "4402", "4406"], ["8/10-3", "06.10.2010", "5397", "5398"], ["15/9-9", "14.07.1981", "3011", "3014"], ["15/9-16", "24.08.1982", "3065", "3068"], ["16/1-2", "07.08.1976", "2800", "2808"], ["16/1-3", "27.09.1982", "3227", "3230"], ["16/2-7", "01.09.2011", "2239", "2244"], ["16/3-5", "07.03.2013", "1966", "1967"], ["16/3-7", "08.11.2013", "1998", "2000"], ["16/3-8 A", "01.04.2014", "2066", "2069"], ["16/3-8 S", "16.03.2014", "2058", "2060"], ["16/4-1", "18.11.1984", "2619", "2621"], ["16/7-2", "30.03.1982", "3112", "3117"], ["16/7-3", "27.07.1982", "2857", "2859"], ["17/4-1", "26.08.1968", "3829", "3834"], ["25/10-2 R", "08.07.1972", "3007", "3014"], ["25/10-4 R", "13.06.1981", "2361", "2363"]]}, "2": {"index": [0, 1, 2], "columns": {"0": "Wellbore name", "1": "Wellbore", "2": "Core length"}, "data": [[NaN, "completion", "[m]"], [NaN, "date", NaN], ["25/10-2 R", "08.07.1972", "7"]]}, "kind": "osdu:wks:master-data--Litho:1.0.0 ", "id": "npd:master-data--Factpages-Litho:88"}