{"0": {"index": [0, 1, 2, 3, 4, 5, 6, 7, 8, 9, 10, 11, 12, 13, 14, 15, 16, 17, 18, 19, 20, 21, 22, 23, 24], "columns": {"0": "eneral information", "1": "Unnamed: 0"}, "data": [["Survey name", "EQ22316"], ["Legal basis", "Petroleumsforskriften jf Ressursforskriften"], ["NPDID for survey", "10440"], ["Factmaps - new window", "link to map"], ["Status", "Avlyst"], ["Area", "Nordsj\u00f8en"], ["Market available", "Ja"], ["Category", "Seismisk unders\u00f8kelse"], ["Main type", "Borestedunders\u00f8kelse"], ["Sub type", "2D"], ["Company - responsible", "Equinor Energy AS"], ["Source type", "seismicSource"], ["Number of sources", "1"], ["Source size", "160"], ["Source pressure", "2000"], ["Sensor type", "cables"], ["Numbers of sensors", NaN], ["Sensor length [m]", "1200"], ["Sensor width [m]", NaN], ["Start date - planned", "19.09.2022"], ["Start date", NaN], ["Completed date - planned", "03.11.2022"], ["Completed date", NaN], ["Total length [boat km]", NaN], ["Net area - actual 3D/4D [km2]", NaN]]}, "1": {"index": [], "columns": {"0": "Unnamed: 0"}, "data": []}, "2": {"index": [0, 1], "columns": {"0": "Date", "1": "Type of update", "2": "Information"}, "data": [["11.07.2022", "Status", "Avlyst"], ["11.07.2022", "Melding - Unders\u00f8kelsen avlyses", NaN]]}, "3": {"index": [0, 1, 2, 3, 4, 5, 6, 7, 8, 9, 10, 11, 12, 13, 14, 15, 16, 17, 18, 19, 20, 21, 22, 23, 24, 25, 26, 27, 28, 29, 30, 31, 32, 33, 34, 35, 36, 37], "columns": {"0": "08.06.2022", "1": "Oljedirektoratet uttalelse til", "2": "Oljedirektoratet (OD) viser til deres melding vedr\u00f8rende"}, "data": [[NaN, "innmelding", "denne unders\u00f8kelsen."], [NaN, NaN, "OD gj\u00f8r s\u00e6rlig oppmerksom p\u00e5 at fart\u00f8y som foretar en"], [NaN, NaN, "unders\u00f8kelse, skal holde forsvarlig avstand til fart\u00f8y"], [NaN, NaN, "som driver fiske, og til fastst\u00e5ende og flytende"], [NaN, NaN, "fiskeredskap. S\u00e6rlig aktsomhet skal utvises n\u00e5r st\u00f8rre"], [NaN, NaN, "ansamlinger av fiskefart\u00f8y observeres, jf. forskrift om"], [NaN, NaN, "ressursforvaltning innen petroleumsvirksomheten av"], [NaN, NaN, "13.12.2017 (ressursforskriften) \u00a7 8 andre ledd."], [NaN, NaN, "Det vises for \u00f8vrig til veileder om \"Gjennomf\u00f8ring av"], [NaN, NaN, "seismiske unders\u00f8kelser p\u00e5 norsk kontinentalsokkel\"."], [NaN, NaN, "OD viser til uttalelsene som er gitt av adressatene"], [NaN, NaN, "innenfor meldesystemet (jf. petroleumsforskriften \u00a7 6/"], [NaN, NaN, "ressursforskriften \u00a7 6), og har ingen merknader til at"], [NaN, NaN, "unders\u00f8kelsen  gjennomf\u00f8res som planlagt dersom"], [NaN, NaN, "disse tas til etterretning. Dette gjelder ogs\u00e5 eventuelt"], [NaN, NaN, "krav om fiskerikyndig fra Fiskeridirektoratet."], [NaN, NaN, "Dersom unders\u00f8kelsen aksepteres gjennomf\u00f8rt slik den"], [NaN, NaN, "er tilr\u00e5dd, stadfestes dette gjennom at det sendes inn"], [NaN, NaN, "melding om oppstart n\u00e5r unders\u00f8kelsen starter, jf."], [NaN, NaN, "ressursforskriften \u00a7 6, 3.ledd."], [NaN, NaN, "Skulle det oppst\u00e5 situasjoner i forbindelse med"], [NaN, NaN, "fiskeriaktiviteten, ber vi om \u00e5 bli underrettet om dette."], [NaN, NaN, "Unders\u00f8kelsen kan bli stanset eller endret p\u00e5 kort varsel"], [NaN, NaN, "dersom det oppst\u00e5r konflikt med fiskeriene."], [NaN, NaN, "OD gj\u00f8r ogs\u00e5 oppmerksom p\u00e5 at ev. endringer m\u00e5"], [NaN, NaN, "meldes inn i henhold til ressursforskriften \u00a7 6. Det er"], [NaN, NaN, "krav om at alle slike regelverkspliktige meldinger,"], [NaN, NaN, "herunder oppstartsmelding, endringsmelding,"], [NaN, NaN, "ukemelding og sluttmelding \u2013 skal rapporteres gjennom"], [NaN, NaN, "ODs innmeldingssystem for unders\u00f8kelser."], [NaN, NaN, "Rettighetshaver og/eller den som st\u00e5r for driften av"], [NaN, NaN, "fart\u00f8yet skal for \u00f8vrig gj\u00f8re relevant regelverk,"], [NaN, NaN, "dokumenter og data tilgjengelig for den fiskerikyndige."], [NaN, NaN, "Regelverk og dokumenter skal foreligge p\u00e5 b\u00e5de norsk"], [NaN, NaN, "og engelsk. Det skal ogs\u00e5 legges til rette for at den"], [NaN, NaN, "fiskerikyndige har tilgang til internett og andre"], [NaN, NaN, "n\u00f8dvendige hjelpemidler jf. ressursforskriften \u00a7 9."], ["08.06.2022", "Status", "Planlagt"]]}, "4": {"index": [0, 1, 2, 3, 4, 5, 6, 7, 8, 9, 10, 11, 12, 13, 14, 15, 16, 17, 18, 19, 20, 21, 22, 23, 24, 25, 26, 27, 28, 29, 30, 31, 32, 33], "columns": {"0": "07.06.2022", "1": "Fiskeridirektoratets uttalelse til", "2": "Unders\u00f8kelsen ligger mellom Walkerbank og"}, "data": [[NaN, "innmelding", "Patchbanken, og det kan ventes h\u00f8y fiskeriaktivitet i"], [NaN, NaN, "omr\u00e5det i meldte periode."], [NaN, NaN, "Fiske etter hvit fisk med bunntr\u00e5l, snurrevad og garn."], [NaN, NaN, "Det kan ogs\u00e5 ventes fiske etter hestmakrell med not,"], [NaN, NaN, "samt etter sild med not og flytetr\u00e5l."], [NaN, NaN, "Vi venter stor \u00f8kning i deltakelse av norske fart\u00f8y i fiske"], [NaN, NaN, "etter makrell sammenliknet med tidligere \u00e5r, og risikoen"], [NaN, NaN, "for konflikt er tilsvarende st\u00f8rre."], [NaN, NaN, "Annen sporadisk fiskeriaktivitet kan heller ikke"], [NaN, NaN, "utelukkes."], [NaN, NaN, "Basert p\u00e5 unders\u00f8kelsens omfang og karakter (2D"], [NaN, NaN, "borestedsunders\u00f8kelse) er det en viss grad av"], [NaN, NaN, "fleksibilitet mht. praktisk gjennomf\u00f8ring."], [NaN, NaN, "Det skal v\u00e6re fiskerikyndig bemanning p\u00e5 fart\u00f8yet som"], [NaN, NaN, "ut\u00f8ver unders\u00f8kelsen, med mindre annet fremg\u00e5r av"], [NaN, NaN, "ODs tilbakemelding."], [NaN, NaN, "Vi forutsetter at unders\u00f8kelsen utf\u00f8res med den st\u00f8rste"], [NaN, NaN, "aktsomhet, uten \u00e5 v\u00e6re til hinder for fiskeriaktiviteten i"], [NaN, NaN, "omr\u00e5det som nevnt over. Det oppfordres til at den"], [NaN, NaN, "fiskerikyndige blir delaktig tidlig i den operative"], [NaN, NaN, "planleggingsfasen av unders\u00f8kelsen, og orienterer seg"], [NaN, NaN, "om fiskeriaktivitet og st\u00e5ende fiskeredskap i omr\u00e5det."], [NaN, NaN, "Vi ber om at unders\u00f8kelsen stanses eller endres p\u00e5 kort"], [NaN, NaN, "varsel dersom det oppst\u00e5r konflikter med fiskeriene."], ["03.06.2022", "Havforskningsinstituttets", "Havforskningsinstituttet har ingen merknader til den"], [NaN, "uttalelse til innmelding", "planlagte unders\u00f8kelsen. Vurderingen er gjort med"], [NaN, NaN, "hensyn til aktive gytefelt og konsentrerte"], [NaN, NaN, "gytevandringer for aktuelle fiskebestander"], [NaN, NaN, "(p\u00e5virkningsavstand 5 nmi) , beiteomr\u00e5der for hval og"], [NaN, NaN, "forekomst av koraller."], ["02.06.2022", "Status", "Under behandling"], ["02.06.2022", "Melding - Innmelding", "I tillegg til kilden p\u00e5 160 kubikk tommer og styreamer"], [NaN, NaN, "p\u00e5 1200 meter, vil det ogs\u00e5 bli benyttet en mindre kilde"], [NaN, NaN, "p\u00e5 10 kubikk tommer og streamer p\u00e5 100 meter."]]}, "5": {"index": [0, 1], "columns": {"0": "Type of licence", "1": "Licence name"}, "data": [["Utvinningstillatelse", 1040], ["Unders\u00f8kelsestillatelse", 774]]}, "6": {"index": [], "columns": {"0": "Type data", "1": "Format", "2": "Medium", "3": "Comment"}, "data": []}, "7": {"index": [0, 1, 2, 3, 4], "columns": {"0": "Vessel Name", "1": "Type of vessel", "2": "Phone", "3": "IMO-number", "4": "Call", "5": "Nation"}, "data": [[NaN, NaN, "number", NaN, "signal", NaN], ["Kommandor", "Hovedfart\u00f8y", "+44 2038", 8517205.0, "MCJO2", "UK"], [NaN, "(innsamlingsfa", "688", NaN, NaN, NaN], [NaN, "rt\u00f8y)", "439/483/492", NaN, NaN, NaN], [NaN, NaN, "/493", NaN, NaN, NaN]]}, "8": {"index": [0], "columns": {"0": "From date", "1": "To date", "2": "Name", "3": "Phone number"}, "data": [["19.09.2022", "03.11.2022", "Ronald Hansen", "901 39 732"]]}, "9": {"index": [0, 1, 2, 3, 4, 5, 6], "columns": {"0": "Point", "1": "NS", "2": "NS minutes", "3": "Unnamed: 0", "4": "EW", "5": "EW minutes", "6": "Unnamed: 1"}, "data": [["number", "degrees", "(decimal)", NaN, "degrees", "(decimal)", NaN], ["1", "59", "4.88", "N", "2", "1.08", "E"], ["2", "59", "4.75", "N", "2", "15.35", "E"], ["3", "59", "0.27", "N", "2", "22.08", "E"], ["4", "58", "56.40", "N", "2", "21.90", "E"], ["5", "58", "56.55", "N", "2", "9.28", "E"], ["6", "58", "58.30", "N", "2", "0.83", "E"]]}, "10": {"index": [0, 1, 2, 3, 4, 5], "columns": {"0": "Point", "1": "NS", "2": "NS.1", "3": "NS.2", "4": "Unnamed: 0", "5": "EW", "6": "EW.1", "7": "EW.2", "8": "Unnamed: 1"}, "data": [["number", "degrees", "minutes", "seconds", NaN, "degrees", "minutes", "seconds", NaN], ["1", "59", "4", "53.08", "N", "2", "1", "4.84", "E"], ["2", "59", "4", "45.07", "N", "2", "15", "20.82", "E"], ["3", "59", "0", "16.08", "N", "2", "22", "4.80", "E"], ["4", "58", "56", "24.08", "N", "2", "21", "53.79", "E"], ["5", "58", "56", "33.09", "N", "2", "9", "16.81", "E"]]}, "11": {"index": [], "columns": {"0": "6", "1": "58", "2": "58.1", "3": "18.10", "4": "N", "5": "2", "6": "0", "7": "49.83", "8": "E"}, "data": []}, "kind": "osdu:wks:master-data--Survey:1.0.0 ", "id": "npd:master-data--Factpages-Survey:10440"}