{"0": {"index": [0, 1, 2, 3, 4, 5, 6, 7, 8, 9, 10, 11, 12, 13, 14, 15, 16, 17, 18, 19, 20, 21, 22, 23, 24, 25, 26], "columns": {"0": "eneral information", "1": "Unnamed: 0"}, "data": [["Survey name", "ABP21112"], ["Legal basis", "Petroleumsforskriften jf Ressursforskriften"], ["NPDID for survey", "10211"], ["Factmaps - new window", "link to map"], ["Status", "Ferdig"], ["Area", "Nordsj\u00f8en"], ["Market available", "Ja"], ["Category", "Andre unders\u00f8kelser"], ["Main type", "Grunnunders\u00f8kelse"], ["Sub type", "Ikke seismikk"], ["Sampling", "Ja"], ["Shallow drilling", "Ja"], ["Company - responsible", "Aker BP ASA"], ["Source type", NaN], ["Number of sources", NaN], ["Source size", NaN], ["Source pressure", NaN], ["Sensor type", NaN], ["Numbers of sensors", NaN], ["Sensor length [m]", NaN], ["Sensor width [m]", NaN], ["Start date - planned", "01.09.2021"], ["Start date", "01.09.2021"], ["Completed date - planned", "20.09.2021"], ["Completed date", "09.09.2021"], ["Total length [boat km]", NaN], ["Net area - actual 3D/4D [km2]", NaN]]}, "1": {"index": [], "columns": {"0": "Unnamed: 0"}, "data": []}, "2": {"index": [0, 1, 2, 3, 4, 5], "columns": {"0": "Date", "1": "Type of update", "2": "Information"}, "data": [["09.09.2021", "Melding - Unders\u00f8kelsen er ferdig", NaN], ["09.09.2021", "Status", "Ferdig"], ["05.09.2021", "Status", "P\u00e5g\u00e5ende"], ["05.09.2021", "Melding - Unders\u00f8kelsengjenopptas", NaN], ["04.09.2021", "Melding - Unders\u00f8kelsen er sattp\u00e5 pause", NaN], ["04.09.2021", "Status", "Pause"]]}, "3": {"index": [0, 1, 2, 3], "columns": {"0": "01.09.2021", "1": "Status", "2": "P\u00e5g\u00e5ende"}, "data": [["01.09.2021", "Melding - Unders\u00f8kelsen startes", NaN], [NaN, "opp", NaN], ["01.09.2021", "Melding - Endringsmelding - til", NaN], [NaN, "info", NaN]]}, "4": {"index": [0, 1, 2, 3, 4, 5, 6, 7, 8, 9, 10, 11, 12, 13, 14, 15, 16, 17, 18, 19, 20, 21, 22, 23, 24, 25, 26, 27, 28, 29, 30, 31, 32, 33, 34, 35, 36, 37, 38, 39, 40, 41, 42, 43, 44, 45, 46], "columns": {"0": "30.08.2021", "1": "Oljedirektoratet uttalelse til", "2": "Oljedirektoratet (OD) viser til deres melding vedr\u00f8rende"}, "data": [[NaN, "innmelding", "denne unders\u00f8kelsen."], [NaN, NaN, "OD gj\u00f8r s\u00e6rlig oppmerksom p\u00e5 at fart\u00f8y som foretar en"], [NaN, NaN, "unders\u00f8kelse, skal holde forsvarlig avstand til fart\u00f8y"], [NaN, NaN, "som driver fiske, og til fastst\u00e5ende og flytende"], [NaN, NaN, "fiskeredskap. S\u00e6rlig aktsomhet skal utvises n\u00e5r st\u00f8rre"], [NaN, NaN, "ansamlinger av fiskefart\u00f8y observeres, jf. forskrift om"], [NaN, NaN, "ressursforvaltning innen petroleumsvirksomheten av"], [NaN, NaN, "13.12.2017 (ressursforskriften) \u00a7 8 andre ledd."], [NaN, NaN, "Unders\u00f8kelser skal meldes inn i meldesystemet senest"], [NaN, NaN, "fem uker f\u00f8r planlagt oppstart, jfr. ressursforskriften \u00a7 6"], [NaN, NaN, "tredje ledd. Oljedirektoratet kan i s\u00e6rlige tilfeller"], [NaN, NaN, "dispensere fra bestemmelsen, jfr. ressursforskriften. I"], [NaN, NaN, "dette tilfellet er der ingen innvendinger til"], [NaN, NaN, "unders\u00f8kelsen. P\u00e5 denne bakgrunn gir OD i dette tilfelle"], [NaN, NaN, "dispensasjon fra fem-ukers-fristen, jfr."], [NaN, NaN, "ressursforskriften \u00a7 6 siste ledd og \u00a7 38. Dette"], [NaN, NaN, "inneb\u00e6rer at dere kan iverksette unders\u00f8kelsene som"], [NaN, NaN, "planlagt."], [NaN, NaN, "Uttalelser som er gitt av adressatene innenfor"], [NaN, NaN, "meldesystemet (jf. petroleumsforskriften \u00a7 6/"], [NaN, NaN, "ressursforskriften \u00a7 6) f\u00f8lger vedlagt. OD har ingen"], [NaN, NaN, "merknader til at unders\u00f8kelsen gjennomf\u00f8res som"], [NaN, NaN, "planlagt dersom tilr\u00e5dningene som angitt blir fulgt. Det"], [NaN, NaN, "er ikke stilt krav om fiskerikyndig bemanning for denne"], [NaN, NaN, "unders\u00f8kelsen."], [NaN, NaN, "Dersom unders\u00f8kelsen aksepteres gjennomf\u00f8rt slik den"], [NaN, NaN, "er tilr\u00e5dd, stadfestes dette gjennom at det sendes inn"], [NaN, NaN, "oppstartsmelding n\u00e5r unders\u00f8kelsen starter, jf."], [NaN, NaN, "ressursforskriften \u00a7 6, 3.ledd."], [NaN, NaN, "Skulle det oppst\u00e5 situasjoner i forhold til"], [NaN, NaN, "fiskeriaktiviteten, ber vi om \u00e5 bli underrettet om dette."], [NaN, NaN, "Unders\u00f8kelsen kan bli stanset eller endret p\u00e5 kort varsel"], [NaN, NaN, "dersom det oppst\u00e5r konflikt med fiskeriene."], [NaN, NaN, "OD gj\u00f8r ogs\u00e5 oppmerksom p\u00e5 at ev. endringer m\u00e5"], [NaN, NaN, "meldes inn i henhold til ressursforskriften \u00a7 6. Det er"], [NaN, NaN, "krav om at alle slike regelverkspliktige meldinger,"], [NaN, NaN, "herunder oppstartsmelding, endringsmelding,"], [NaN, NaN, "ukemelding og sluttmelding \u2013 skal rapporteres gjennom"], [NaN, NaN, "ODs meldingssystem for unders\u00f8kelser."], [NaN, NaN, "Rettighetshaver og/eller den som st\u00e5r for driften av"], [NaN, NaN, "fart\u00f8yet skal for \u00f8vrig gj\u00f8re relevant regelverk,"], [NaN, NaN, "dokumenter og data tilgjengelig for den fiskerikyndige."], [NaN, NaN, "Regelverk og dokumenter skal foreligge p\u00e5 b\u00e5de norsk"], [NaN, NaN, "og engelsk. Det skal ogs\u00e5 legges til rette for at den"], [NaN, NaN, "fiskerikyndige har tilgang til internett og andre"], [NaN, NaN, "n\u00f8dvendige hjelpemidler jf. ressursforskriften \u00a7 9."], ["30.08.2021", "Status", "Planlagt"]]}, "5": {"index": [0, 1, 2, 3, 4, 5, 6, 7, 8, 9, 10, 11, 12, 13, 14, 15, 16, 17, 18, 19, 20, 21, 22, 23, 24, 25, 26, 27, 28, 29, 30], "columns": {"0": "27.08.2021", "1": "Fiskeridirektoratets uttalelse til", "2": "Fiskeridirektoratet region S\u00f8r viser til melding datert"}, "data": [[NaN, "innmelding", "17.08.2021 fra Aker BP ASA, vedr\u00f8rende"], [NaN, NaN, "grunnunders\u00f8kelse ABP21112"], [NaN, NaN, NaN], [NaN, NaN, "Unders\u00f8kelsen planlegges gjennomf\u00f8rt i perioden"], [NaN, NaN, "01.09. \u2013 20.09.2021"], [NaN, NaN, "Fiskerifaglig vurdering og tilr\u00e5dning:"], [NaN, NaN, "Det er ikke ventet noe fiskeriaktivitet av betydning i"], [NaN, NaN, "omr\u00e5det i angitt periode for unders\u00f8kelse, men"], [NaN, NaN, "sporadisk fiskeriaktivitet kan ikke utelukkes."], [NaN, NaN, "Vi forutsetter at unders\u00f8kelsen utf\u00f8res med den st\u00f8rste"], [NaN, NaN, "aktsomhet, uten \u00e5 v\u00e6re til hinder for fiskeriaktiviteten i"], [NaN, NaN, "omr\u00e5det som nevnt over. Unders\u00f8kelsen kan bli"], [NaN, NaN, "anmodet endret og stanset dersom det oppst\u00e5r"], [NaN, NaN, "konflikter med fiskeriene."], [NaN, NaN, "Etter en helhetsvurdering, med bakgrunn i type"], [NaN, NaN, "unders\u00f8kelse, og under forutsetning av at det ikke skal"], [NaN, NaN, "slepes utstyr i sj\u00f8en eller samles inn seismikk, vil vi ikke"], [NaN, NaN, "kreve fiskerikyndig for denne unders\u00f8kelsen. Vi r\u00e5der"], [NaN, NaN, "dere imidlertid til \u00e5 planlegge grunnunders\u00f8kelsen godt"], [NaN, NaN, "p\u00e5 forh\u00e5nd ut fra fiskeriaktiviteten som nevnt over."], ["24.08.2021", "Havforskningsinstituttets", "Havforskningsinstituttet har ingen merknader til den"], [NaN, "uttalelse til innmelding", "planlagte unders\u00f8kelsen. Vurderingen er gjort med"], [NaN, NaN, "hensyn til kjente forekomster av korallrev og andre"], [NaN, NaN, "s\u00e5rbare bunnhabitater."], ["17.08.2021", "Status", "Under behandling"], ["17.08.2021", "Melding - Innmelding", "Det planlegges utf\u00f8rt en geoteknisk grunnunders\u00f8kelse"], [NaN, NaN, "ifbm plnlagt installasjon av oppjekkbar mobil boreenhet."], [NaN, NaN, "Unders\u00f8kelsen best\u00e5r av dype CPT og borehull"], [NaN, NaN, "pr\u00f8veuttak til maximum dybde p\u00e5 40 meter."], [NaN, NaN, "Unders\u00f8kelsen har blitt fremskyndet grunnet fart\u00f8y"], [NaN, NaN, "disponering."]]}, "6": {"index": [0], "columns": {"0": "Type of licence", "1": "Licence name"}, "data": [["Utvinningstillatelse", 1085]]}, "7": {"index": [], "columns": {"0": "Type data", "1": "Format", "2": "Medium", "3": "Comment"}, "data": []}, "8": {"index": [0, 1, 2, 3], "columns": {"0": "Vessel Name", "1": "Type of vessel", "2": "Phone", "3": "IMO-number", "4": "Call", "5": "Nation"}, "data": [[NaN, NaN, "number", NaN, "signal", NaN], ["Normand", "Hovedfart\u00f8y", NaN, 9249489.0, "LAXN7", "Norge"], ["Flower", "(innsamlingsfa", NaN, NaN, NaN, NaN], [NaN, "rt\u00f8y)", NaN, NaN, NaN, NaN]]}, "9": {"index": [], "columns": {"0": "From date", "1": "To date", "2": "Name", "3": "Phone number"}, "data": []}, "10": {"index": [0, 1, 2, 3, 4], "columns": {"0": "Point", "1": "NS", "2": "NS minutes", "3": "Unnamed: 0", "4": "EW", "5": "EW minutes", "6": "Unnamed: 1"}, "data": [["number", "degrees", "(decimal)", NaN, "degrees", "(decimal)", NaN], ["1", "56", "23.64", "N", "3", "24.34", "E"], ["2", "56", "23.74", "N", "3", "25.22", "E"], ["3", "56", "23.19", "N", "3", "25.41", "E"], ["4", "56", "23.07", "N", "3", "24.64", "E"]]}, "11": {"index": [0, 1, 2, 3, 4], "columns": {"0": "Point", "1": "NS", "2": "NS.1", "3": "NS.2", "4": "Unnamed: 0", "5": "EW", "6": "EW.1", "7": "EW.2", "8": "Unnamed: 1"}, "data": [["number", "degrees", "minutes", "seconds", NaN, "degrees", "minutes", "seconds", NaN], ["1", "56", "23", "38.37", "N", "3", "24", "20.30", "E"], ["2", "56", "23", "44.37", "N", "3", "25", "13.30", "E"], ["3", "56", "23", "11.38", "N", "3", "25", "24.30", "E"], ["4", "56", "23", "4.38", "N", "3", "24", "38.30", "E"]]}, "kind": "osdu:wks:master-data--Survey:1.0.0 ", "id": "npd:master-data--Factpages-Survey:10211"}