{"0": {"index": [0, 1, 2, 3, 4, 5, 6], "columns": {"0": "Field name", "1": "VISUND"}, "data": [["Factmaps in new window", "link to map"], ["Current activity status", "Producing"], ["Discovery wellbore", "34/8-1"], ["Discovery year.", "1986"], ["Main area", "North sea"], ["Main supply base", "Flor\u00f8"], ["NPDID field", "43745"]]}, "1": {"index": [0, 1, 2, 3], "columns": {"0": "Discovery name"}, "data": [["34/8-17 S"], ["34/8-18 S (Telesto)"], ["34/8-4 S"], ["34/8-1 Visund"]]}, "2": {"index": [0, 1, 2], "columns": {"0": "Status", "1": "Status from", "2": "Status to"}, "data": [["Producing", "21.04.1999", NaN], ["Approved for", "29.03.1996", "20.04.1999"], ["production", NaN, NaN]]}, "3": {"index": [0], "columns": {"0": "Unnamed: 0", "1": "Block name", "2": "Prod. licence"}, "data": [["34/8", NaN, 120]]}, "4": {"index": [0, 1], "columns": {"0": "Owner kind", "1": "Owner name"}, "data": [["BUSINESS ARRANGEMENT", "VISUND INSIDE"], ["AREA", NaN]]}, "5": {"index": [0, 1, 2, 3], "columns": {"0": "Unnamed: 0", "1": "Company name", "2": "Nation code", "3": "Company share [%]"}, "data": [["Equinor Energy AS", NaN, "NO", 53.2], ["Petoro AS", NaN, "NO", 30.0], ["ConocoPhillips Skandinavia AS", NaN, "NO", 9.1], ["Repsol Norge AS", NaN, "NO", 7.7]]}, "6": {"index": [0, 1, 2], "columns": {"0": "Orig. recoverable", "1": "Orig. recoverable.1", "2": "Orig. recoverable.2", "3": "Orig. recoverable.3", "4": "Orig. recoverable.4"}, "data": [["oil", "gas", "NGL", "cond.", "oil eq."], ["[mill Sm3]", "[bill Sm3]", "[mill tonn]", "[mill Sm3]", "[mill Sm3 o.e]"], ["42.29", "62.54", "7.53", "0.00", "119.14"]]}, "7": {"index": [0, 1], "columns": {"0": "Remaining oil", "1": "Remaining gas", "2": "Remaining NGL", "3": "Remaining cond.", "4": "Remaining oil eq."}, "data": [["[mill Sm3]", "[bill Sm3]", "[mill tonn]", "[mill Sm3]", "[mill Sm3 o.e]"], ["4.07", "23.29", "2.82", "0.00", "32.72"]]}, "8": {"index": [0, 1, 2], "columns": {"0": "Orig. inplace oil", "1": "Orig. inplace ass.", "2": "Orig. inplace ass..1", "3": "Orig. inplace free"}, "data": [["[mill Sm3]", "liquid", "gas", "gas"], [NaN, "[mill Sm3]", "[bill Sm3]", "[bill Sm3]"], ["91.00", "41.00", "26.00", "91.00"]]}, "9": {"index": [0, 1, 2, 3, 4, 5, 6, 7, 8, 9, 10, 11, 12, 13, 14, 15, 16, 17, 18, 19], "columns": {"0": "Type", "1": "Text", "2": "Date"}, "data": [[NaN, NaN, "updated"], ["Development", "Visund is a field in the northern part of the North Sea, northeast", "28.02.2023"], [NaN, "of the Gullfaks field. The water depth is 335 metres. Visund was", NaN], [NaN, "discovered in 1986, and the plan for development and operation", NaN], [NaN, "(PDO) was approved in 1996. The field is developed with a", NaN], [NaN, "semi-submersible, integrated accommodation, drilling and", NaN], [NaN, "processing facility (Visund A) and a subsea facility in the", NaN], [NaN, "northern part of the field. Production started in 1999. A PDO for", NaN], [NaN, "the gas phase was approved in 2002 and gas export started in", NaN], [NaN, "2005. A PDO exemption was granted in 2013 for the deposits", NaN], [NaN, "Rhea and Titan east on Visund. The subsea facility north on", NaN], [NaN, "Visund was replaced in 2013 due to problems with the original", NaN], [NaN, "template. In 2017, a PDO exemption was granted for another", NaN], [NaN, "subsea template north on Visund.", NaN], ["Reservoir", "Visund produces oil and gas from sandstone of Late Triassic and", "28.02.2023"], [NaN, "Early Jurassic age in the Lunde Formation and Statfjord Group,", NaN], [NaN, "and of Middle Jurassic age in the Brent Group. The reservoirs", NaN], [NaN, "are in several tilted fault blocks with varying pressure and liquid", NaN], [NaN, "systems. The reservoirs lie at a depth of 2,900-3,000 metres.", NaN], [NaN, "Reservoir quality is generally good in the main reservoirs.", NaN]]}, "10": {"index": [0, 1], "columns": {"0": "Recovery strategy", "1": "The field is mainly produced by pressure depletion, and partlywith pressure support from water injection. Gas has earlier alsobeen injected in some segments, but increased gas export since2015 has reduced gas available for injection. Gas injection hasbeen terminated in 2021.", "2": "28.02.2023"}, "data": [["Transport", "The oil is transported by pipeline to the Gullfaks A facility forstorage and export via tankers. Gas is exported through theKvitebj\u00f8rn Gas Pipeline and on to the Kollsnes terminal, wherethe NGL is separated, and the dry gas is further exported to themarket.", "28.02.2023"], ["Status", "The strategy for the Visund field is to maintain reservoirpressure within drilling limits and optimise oil recovery, whileincreasing gas exports. New production wells are being drilledcontinuously, some with exploration targets.", NaN]]}, "11": {"index": [], "columns": {"0": "The operators future investments related to the reservers from2022 [mill NOK 2022-kroner]. The stated investment estimate hasnot been corrected for possible investment sharing.", "1": "10182"}, "data": []}, "12": {"index": [0, 1, 2, 3, 4, 5, 6, 7, 8, 9, 10, 11, 12, 13, 14, 15, 16, 17, 18, 19, 20, 21, 22, 23], "columns": {"0": "Unnamed: 0", "1": "Investments[mill NOK nominalvalues]"}, "data": [["Sum", 40196], ["2021", 1433], ["2020", 1109], ["2019", 1244], ["2018", 1900], ["2017", 1088], ["2016", 1089], ["2015", 1387], ["2014", 2907], ["2013", 3474], ["2012", 2429], ["2011", 1439], ["2010", 1329], ["2009", 1236], ["2008", 799], ["2007", 781], ["2006", 693], ["2005", 1342], ["2004", 1314], ["2003", 837], ["2002", 939], ["2001", 1149], ["2000", 804], ["1999", 552]]}, "13": {"index": [0, 1, 2], "columns": {"0": "1998", "1": "3272"}, "data": [[1997, 3840], [1996, 1782], [1995, 28]]}, "14": {"index": [0, 1, 2, 3, 4, 5, 6, 7, 8, 9, 10, 11, 12, 13, 14, 15, 16, 17, 18, 19, 20, 21, 22, 23, 24, 25, 26, 27, 28, 29, 30, 31, 32, 33, 34, 35], "columns": {"0": "Unnamed: 0", "1": "Month", "2": "Net - oil", "3": "Net - gas", "4": "Net -", "5": "Net - NGL", "6": "Net - oil equivalents"}, "data": [[NaN, NaN, "[mill Sm3]", "[bill Sm3]", "condensate", "[mill Sm3]", NaN], [NaN, NaN, NaN, NaN, "[mill Sm3]", NaN, "[mill Sm3]"], ["Sum", NaN, "38.361473", "43.082064", "0.000000", "4.622331", "86.065868"], ["2023", NaN, "0.308180", "2.849433", "0.000000", "0.293987", "3.451600"], [NaN, 1.0, "0.051965", "0.395834", "0.000000", "0.043147", "0.490946"], [NaN, 2.0, "0.049743", "0.456159", "0.000000", "0.047441", "0.553343"], [NaN, 3.0, "0.059146", "0.535660", "0.000000", "0.057577", "0.652383"], [NaN, 4.0, "0.055954", "0.500954", "0.000000", "0.051880", "0.608788"], [NaN, 5.0, "0.050983", "0.498575", "0.000000", "0.058480", "0.608038"], [NaN, 6.0, "0.040389", "0.462251", "0.000000", "0.035462", "0.538102"], ["2022", NaN, "0.769693", "5.759634", "0.000000", "0.488255", "7.017582"], [NaN, 1.0, "0.073214", "0.489676", "0.000000", "0.052316", "0.615206"], [NaN, 2.0, "0.064168", "0.445708", "0.000000", "0.046024", "0.555900"], [NaN, 3.0, "0.073571", "0.489283", "0.000000", "0.049852", "0.612706"], [NaN, 4.0, "0.065276", "0.448494", "0.000000", "0.036708", "0.550478"], [NaN, 5.0, "0.064455", "0.494431", "0.000000", "0.016906", "0.575792"], [NaN, 6.0, "0.053228", "0.441711", "0.000000", "0.022312", "0.517251"], [NaN, 7.0, "0.058011", "0.473384", "0.000000", "0.049060", "0.580455"], [NaN, 8.0, "0.059019", "0.510894", "0.000000", "0.043384", "0.613297"], [NaN, 9.0, "0.054347", "0.500614", "0.000000", "0.024965", "0.579926"], [NaN, 10.0, "0.079812", "0.504424", "0.000000", "0.038862", "0.623098"], [NaN, 11.0, "0.067567", "0.449592", "0.000000", "0.051399", "0.568558"], [NaN, 12.0, "0.057025", "0.511423", "0.000000", "0.056467", "0.624915"], ["2021", NaN, "1.019332", "5.498473", "0.000000", "0.587300", "7.105105"], [NaN, 1.0, "0.091621", "0.409936", "0.000000", "0.046953", "0.548510"], [NaN, 2.0, "0.084502", "0.427190", "0.000000", "0.046743", "0.558435"], [NaN, 3.0, "0.088506", "0.483494", "0.000000", "0.053645", "0.625645"], [NaN, 4.0, "0.087636", "0.429508", "0.000000", "0.051657", "0.568801"], [NaN, 5.0, "0.083929", "0.461770", "0.000000", "0.052952", "0.598651"], [NaN, 6.0, "0.079167", "0.439318", "0.000000", "0.038761", "0.557246"], [NaN, 7.0, "0.091243", "0.489868", "0.000000", "0.049348", "0.630459"], [NaN, 8.0, "0.094402", "0.451725", "0.000000", "0.057965", "0.604092"], [NaN, 9.0, "0.086511", "0.466832", "0.000000", "0.034097", "0.587440"], [NaN, 10.0, "0.086974", "0.511363", "0.000000", "0.053637", "0.651974"], [NaN, 11.0, "0.078387", "0.484335", "0.000000", "0.051810", "0.614532"], [NaN, 12.0, "0.066454", "0.443134", "0.000000", "0.049732", "0.559320"]]}, "15": {"index": [0, 1, 2, 3, 4, 5, 6, 7, 8, 9, 10, 11, 12, 13, 14, 15, 16, 17, 18, 19, 20, 21, 22, 23, 24, 25, 26, 27, 28, 29, 30, 31, 32, 33, 34, 35, 36, 37, 38, 39, 40, 41], "columns": {"0": "2020", "1": "Unnamed: 0", "2": "1.055574", "3": "4.277101", "4": "0.000000", "5": "0.511144", "6": "5.843819"}, "data": [[NaN, 1.0, 0.120322, 0.450503, 0.0, 0.054818, 0.625643], [NaN, 2.0, 0.111094, 0.410067, 0.0, 0.04809, 0.569251], [NaN, 3.0, 0.116623, 0.453793, 0.0, 0.051974, 0.62239], [NaN, 4.0, 0.104386, 0.419635, 0.0, 0.055644, 0.579665], [NaN, 5.0, 0.107326, 0.384473, 0.0, 0.043608, 0.535407], [NaN, 6.0, 0.103752, 0.423622, 0.0, 0.050923, 0.578297], [NaN, 7.0, 0.104146, 0.448799, 0.0, 0.054905, 0.60785], [NaN, 8.0, 0.086592, 0.357985, 0.0, 0.038174, 0.482751], [NaN, 9.0, 0.096813, 0.420991, 0.0, 0.054859, 0.572663], [NaN, 10.0, 0.00029, 0.0, 0.0, 0.0, 0.00029], [NaN, 11.0, 0.021797, 0.099759, 0.0, 0.008907, 0.130463], [NaN, 12.0, 0.082433, 0.407474, 0.0, 0.049242, 0.539149], [2019.0, NaN, 1.510318, 4.942914, 0.0, 0.52946, 6.982692], [NaN, 1.0, 0.148906, 0.446903, 0.0, 0.052044, 0.647853], [NaN, 2.0, 0.12729, 0.402195, 0.0, 0.044495, 0.57398], [NaN, 3.0, 0.134816, 0.445067, 0.0, 0.050694, 0.630577], [NaN, 4.0, 0.10332, 0.365143, 0.0, 0.023568, 0.492031], [NaN, 5.0, 0.134672, 0.450562, 0.0, 0.034544, 0.619778], [NaN, 6.0, 0.129367, 0.432341, 0.0, 0.050809, 0.612517], [NaN, 7.0, 0.130358, 0.438531, 0.0, 0.051628, 0.620517], [NaN, 8.0, 0.123296, 0.333427, 0.0, 0.01647, 0.473193], [NaN, 9.0, 0.102268, 0.305009, 0.0, 0.044164, 0.451441], [NaN, 10.0, 0.132051, 0.466671, 0.0, 0.060782, 0.659504], [NaN, 11.0, 0.124961, 0.429231, 0.0, 0.05101, 0.605202], [NaN, 12.0, 0.119013, 0.427834, 0.0, 0.049252, 0.596099], [2018.0, NaN, 1.869319, 4.373511, 0.0, 0.486761, 6.729591], [NaN, 1.0, 0.184102, 0.387124, 0.0, 0.044862, 0.616088], [NaN, 2.0, 0.130899, 0.278696, 0.0, 0.031011, 0.440606], [NaN, 3.0, 0.173582, 0.401644, 0.0, 0.045511, 0.620737], [NaN, 4.0, 0.145979, 0.28871, 0.0, 0.025413, 0.460102], [NaN, 5.0, 0.142255, 0.363333, 0.0, 0.03975, 0.545338], [NaN, 6.0, 0.149343, 0.360663, 0.0, 0.045027, 0.555033], [NaN, 7.0, 0.152086, 0.387988, 0.0, 0.043252, 0.583326], [NaN, 8.0, 0.14807, 0.382646, 0.0, 0.04431, 0.575026], [NaN, 9.0, 0.157489, 0.349816, 0.0, 0.038516, 0.545821], [NaN, 10.0, 0.169672, 0.424615, 0.0, 0.049551, 0.643838], [NaN, 11.0, 0.161071, 0.387178, 0.0, 0.044605, 0.592854], [NaN, 12.0, 0.154771, 0.361098, 0.0, 0.034953, 0.550822], [2017.0, NaN, 1.949202, 3.480134, 0.0, 0.427119, 5.856455], [1.0, 0.161457, 0.254994, 0.0, 0.031286, 0.447737, NaN], [2.0, 0.156817, 0.26842, 0.0, 0.031678, 0.456915, NaN], [3.0, 0.172515, 0.292911, 0.0, 0.035846, NaN, NaN]]}, "16": {"index": [0, 1, 2, 3, 4, 5, 6, 7, 8, 9, 10, 11, 12, 13, 14, 15, 16, 17, 18, 19, 20, 21, 22, 23, 24, 25, 26, 27, 28, 29, 30, 31, 32, 33, 34, 35, 36, 37, 38, 39, 40, 41], "columns": {"0": "2017", "1": "4", "2": "0.167577", "3": "0.305329", "4": "0.000000", "5": "0.037393", "6": "0.510299"}, "data": [[NaN, 5.0, 0.171381, 0.304496, 0.0, 0.042238, 0.518115], [NaN, 6.0, 0.043733, 0.085456, 0.0, 0.008846, 0.138035], [NaN, 7.0, 0.167349, 0.332378, 0.0, 0.040877, 0.540604], [NaN, 8.0, 0.167799, 0.336085, 0.0, 0.041167, 0.545051], [NaN, 9.0, 0.173945, 0.33169, 0.0, 0.044681, 0.550316], [NaN, 10.0, 0.19709, 0.323989, 0.0, 0.038699, 0.559778], [NaN, 11.0, 0.191005, 0.356082, 0.0, 0.041449, 0.588536], [NaN, 12.0, 0.178534, 0.288304, 0.0, 0.032959, 0.499797], [2016.0, NaN, 2.542325, 2.391617, 0.0, 0.304754, 5.238696], [NaN, 1.0, 0.23357, 0.195188, 0.0, 0.025771, 0.454529], [NaN, 2.0, 0.223076, 0.195442, 0.0, 0.026286, 0.444804], [NaN, 3.0, 0.200816, 0.177371, 0.0, 0.023392, 0.401579], [NaN, 4.0, 0.213884, 0.194421, 0.0, 0.023932, 0.432237], [NaN, 5.0, 0.230124, 0.176837, 0.0, 0.024948, 0.431909], [NaN, 6.0, 0.184642, 0.125193, 0.0, 0.016353, 0.326188], [NaN, 7.0, 0.259995, 0.200214, 0.0, 0.030922, 0.491131], [NaN, 8.0, 0.227696, 0.196477, 0.0, 0.032606, 0.456779], [NaN, 9.0, 0.144073, 0.088477, 0.0, 0.003807, 0.236357], [NaN, 10.0, 0.227413, 0.257639, 0.0, 0.025144, 0.510196], [NaN, 11.0, 0.213367, 0.307862, 0.0, 0.038732, 0.559961], [NaN, 12.0, 0.183669, 0.276496, 0.0, 0.032861, 0.493026], [2015.0, NaN, 2.166162, 1.328758, 0.0, 0.137174, 3.632094], [NaN, 1.0, 0.107608, 0.073493, 0.0, 0.008224, 0.189325], [NaN, 2.0, 0.158136, 0.070519, 0.0, 0.007712, 0.236367], [NaN, 3.0, 0.217143, 0.092154, 0.0, 0.01137, 0.320667], [NaN, 4.0, 0.199686, 0.170611, 0.0, 0.013584, 0.383881], [NaN, 5.0, 0.215316, 0.106055, 0.0, 0.013626, 0.334997], [NaN, 6.0, 0.22477, 0.115884, 0.0, 0.014751, 0.355405], [NaN, 7.0, 0.064289, 0.04195, 0.0, 0.005736, 0.111975], [NaN, 8.0, 0.165907, 0.08708, 0.0, 0.011403, 0.26439], [NaN, 9.0, 0.176038, 0.122023, 0.0, 0.014117, 0.312178], [NaN, 10.0, 0.234882, 0.178185, 0.0, 0.013537, 0.426604], [NaN, 11.0, 0.216363, 0.151603, 0.0, 0.011078, 0.379044], [NaN, 12.0, 0.186024, 0.119201, 0.0, 0.012036, 0.317261], [2014.0, NaN, 1.712644, 0.575381, 0.0, 0.070461, 2.358486], [1.0, 0.140527, 0.081038, 0.0, 0.00986, 0.231425, NaN], [2.0, 0.063291, 0.049525, 0.0, 0.005621, 0.118437, NaN], [3.0, 0.148972, 0.089843, 0.0, 0.00991, 0.248725, NaN], [4.0, 0.159254, 0.085978, 0.0, 0.011284, 0.256516, NaN], [5.0, 0.14564, 0.080791, 0.0, 0.009785, 0.236216, NaN], [6.0, 0.047506, 0.01355, 0.0, 0.001859, 0.062915, NaN], [7.0, 0.183257, 0.032712, 0.0, 0.004958, 0.220927, NaN]]}, "17": {"index": [0, 1, 2, 3, 4, 5, 6, 7, 8, 9, 10, 11, 12, 13, 14, 15, 16, 17, 18, 19, 20, 21, 22, 23, 24, 25, 26, 27, 28, 29, 30, 31, 32, 33, 34, 35, 36, 37, 38, 39, 40, 41], "columns": {"0": "2014", "1": "8", "2": "0.165722", "3": "0.031144", "4": "0.000000", "5": "0.004607", "6": "0.201473"}, "data": [[NaN, 9.0, 0.190478, 0.030977, 0.0, 0.002947, 0.224402], [NaN, 10.0, 0.222356, 0.000464, 0.0, 5.2e-05, 0.222872], [NaN, 11.0, 0.126252, 0.0, 0.0, 0.0, 0.126252], [NaN, 12.0, 0.119389, 0.079359, 0.0, 0.009578, 0.208326], [2013.0, NaN, 1.042681, 0.653992, 0.0, 0.07366, 1.770333], [NaN, 1.0, 0.07131, 0.030192, 0.0, 0.003108, 0.10461], [NaN, 2.0, 0.064454, 0.026058, 0.0, 0.003047, 0.093559], [NaN, 3.0, 0.088298, 0.027157, 0.0, 0.003078, 0.118533], [NaN, 4.0, 0.0, 0.0, 0.0, 0.0, 0.0], [NaN, 5.0, 0.064474, 0.054009, 0.0, 0.006398, 0.124881], [NaN, 6.0, 0.118587, 0.08292, 0.0, 0.011032, 0.212539], [NaN, 7.0, 0.115939, 0.084335, 0.0, 0.010112, 0.210386], [NaN, 8.0, 0.05377, 0.03403, 0.0, 0.002656, 0.090456], [NaN, 9.0, 0.142091, 0.087518, 0.0, 0.007777, 0.237386], [NaN, 10.0, 0.06329, 0.055644, 0.0, 0.006191, 0.125125], [NaN, 11.0, 0.125416, 0.08278, 0.0, 0.009802, 0.217998], [NaN, 12.0, 0.135052, 0.089349, 0.0, 0.010459, 0.23486], [2012.0, NaN, 0.718981, 0.456012, 0.0, 0.042401, 1.217394], [NaN, 1.0, 0.061098, 0.057699, 0.0, 0.006043, 0.12484], [NaN, 2.0, 0.060261, 0.05516, 0.0, 0.005888, 0.121309], [NaN, 3.0, 0.058176, 0.061252, 0.0, 0.006781, 0.126209], [NaN, 4.0, 0.067188, 0.059781, 0.0, 0.006999, 0.133968], [NaN, 5.0, 0.038895, 0.01882, 0.0, 0.00217, 0.059885], [NaN, 6.0, 0.0, 0.0, 0.0, 0.0, 0.0], [NaN, 7.0, 0.000165, 0.000517, 0.0, 5.5e-05, 0.000737], [NaN, 8.0, 0.081177, 0.060111, 0.0, 0.004791, 0.146079], [NaN, 9.0, 0.088166, 0.034749, 0.0, 0.001855, 0.12477], [NaN, 10.0, 0.098163, 0.054463, 0.0, 0.002712, 0.155338], [NaN, 11.0, 0.08594, 0.021541, 0.0, 0.002193, 0.109674], [NaN, 12.0, 0.079752, 0.031919, 0.0, 0.002914, 0.114585], [2011.0, NaN, 0.668907, 0.557069, 0.0, 0.038673, 1.264649], [1.0, 0.146907, 0.118547, 0.0, 0.00545, 0.270904, NaN], [2.0, 0.121356, 0.098186, 0.0, 0.004187, 0.223729, NaN], [3.0, 0.130878, 0.117631, 0.0, 0.005968, 0.254477, NaN], [4.0, 0.035528, 0.032225, 0.0, 0.001519, 0.069272, NaN], [5.0, 0.0, 0.0, 0.0, 0.0, 0.0, NaN], [6.0, 0.0, 0.0, 0.0, 0.0, 0.0, NaN], [7.0, 0.009151, 0.0, 0.0, 0.0, 0.009151, NaN], [8.0, 0.029658, 0.005049, 0.0, 0.000522, 0.035229, NaN], [9.0, 0.013113, 0.009744, 0.0, 0.001343, 0.0242, NaN], [10.0, 0.036764, 0.045184, 0.0, 0.006065, 0.088013, NaN], [11.0, 0.073185, 0.071236, 0.0, 0.007529, 0.15195, NaN]]}, "18": {"index": [0, 1, 2, 3, 4, 5, 6, 7, 8, 9, 10, 11, 12, 13, 14, 15, 16, 17, 18, 19, 20, 21, 22, 23, 24, 25, 26, 27, 28, 29, 30, 31, 32, 33, 34, 35, 36, 37, 38, 39, 40, 41], "columns": {"0": "2011", "1": "12", "2": "0.072367", "3": "0.059267", "4": "0.000000", "5": "0.006090", "6": "Unnamed: 0"}, "data": [[2010.0, NaN, 1.403186, 1.115886, 0.0, 0.107083, 2.626155], [NaN, 1.0, 0.119356, 0.092575, 0.0, 0.00972, 0.221651], [NaN, 2.0, 0.087196, 0.117476, 0.0, 0.012755, 0.217427], [NaN, 3.0, 0.152798, 0.109018, 0.0, 0.012203, 0.274019], [NaN, 4.0, 0.142898, 0.106749, 0.0, 0.013838, 0.263485], [NaN, 5.0, 0.138392, 0.102072, 0.0, 0.010679, 0.251143], [NaN, 6.0, 0.135778, 0.108932, 0.0, 0.012252, 0.256962], [NaN, 7.0, 0.112155, 0.118875, 0.0, 0.015245, 0.246275], [NaN, 8.0, 0.118275, 0.094452, 0.0, 0.009847, 0.222574], [NaN, 9.0, 0.123524, 0.056661, 0.0, 0.002162, 0.182347], [NaN, 10.0, 0.117409, 0.086381, 0.0, 0.003263, 0.207053], [NaN, 11.0, 0.005694, 0.008085, 0.0, 0.000298, 0.014077], [NaN, 12.0, 0.149711, 0.11461, 0.0, 0.004821, 0.269142], [2009.0, NaN, 1.563322, 1.137407, 0.0, 0.132958, 2.833687], [NaN, 1.0, 0.17225, 0.028981, 0.0, 0.001364, 0.202595], [NaN, 2.0, 0.138935, 0.10487, 0.0, 0.008449, 0.252254], [NaN, 3.0, 0.162595, 0.142491, 0.0, 0.01485, 0.319936], [NaN, 4.0, 0.126825, 0.097418, 0.0, 0.011192, 0.235435], [NaN, 5.0, 0.115769, 0.070182, 0.0, 0.007798, 0.193749], [NaN, 6.0, 0.104841, 0.074981, 0.0, 0.00599, 0.185812], [NaN, 7.0, 0.090144, 0.079171, 0.0, 0.010769, 0.180084], [NaN, 8.0, 0.123105, 0.116564, 0.0, 0.016428, 0.256097], [NaN, 9.0, 0.145121, 0.109627, 0.0, 0.016062, 0.27081], [NaN, 10.0, 0.113855, 0.100091, 0.0, 0.013569, 0.227515], [NaN, 11.0, 0.136633, 0.10614, 0.0, 0.014257, 0.25703], [NaN, 12.0, 0.133249, 0.106891, 0.0, 0.01223, 0.25237], [2008.0, NaN, 1.724322, 0.79289, 0.0, 0.088682, 2.605894], [NaN, 1.0, 0.164993, 0.082391, 0.0, 0.006148, 0.253532], [NaN, 2.0, 0.126812, 0.124546, 0.0, 0.012276, 0.263634], [NaN, 3.0, 0.183289, 0.124607, 0.0, 0.013322, 0.321218], [NaN, 4.0, 0.185693, 0.127469, 0.0, 0.014366, 0.327528], [NaN, 5.0, 0.181549, 0.125418, 0.0, 0.017173, 0.32414], [NaN, 6.0, 0.04521, 0.040971, 0.0, 0.004742, 0.090923], [NaN, 7.0, 0.1462, 0.131087, 0.0, 0.017113, 0.2944], [NaN, 8.0, 0.144476, 0.036401, 0.0, 0.003542, 0.184419], [NaN, 9.0, 0.122909, 0.0, 0.0, 0.0, 0.122909], [NaN, 10.0, 0.138316, 0.0, 0.0, 0.0, 0.138316], [NaN, 11.0, 0.154597, 0.0, 0.0, 0.0, 0.154597], [NaN, 12.0, 0.130278, 0.0, 0.0, 0.0, 0.130278], [2007.0, NaN, 2.250819, 1.507382, 0.0, 0.133107, 3.891308], [1.0, 0.240121, 0.15789, 0.0, 0.016685, 0.414696, NaN], [2.0, 0.208705, 0.147438, 0.0, 0.015793, 0.371936, NaN]]}, "19": {"index": [0, 1, 2, 3, 4, 5, 6, 7, 8, 9, 10, 11, 12, 13, 14, 15, 16, 17, 18, 19, 20, 21, 22, 23, 24, 25, 26, 27, 28, 29, 30, 31, 32, 33, 34, 35, 36, 37, 38, 39, 40, 41], "columns": {"0": "2007", "1": "3", "2": "0.210630", "3": "0.132175", "4": "0.000000", "5": "0.013214", "6": "0.356019"}, "data": [[NaN, 4.0, 0.216238, 0.136239, 0.0, 0.014188, 0.366665], [NaN, 5.0, 0.187829, 0.14158, 0.0, 0.011261, 0.34067], [NaN, 6.0, 0.181686, 0.174756, 0.0, 0.016789, 0.373231], [NaN, 7.0, 0.217053, 0.131633, 0.0, 0.00959, 0.358276], [NaN, 8.0, 0.138922, 0.105669, 0.0, 0.006875, 0.251466], [NaN, 9.0, 0.131863, 0.128434, 0.0, 0.009141, 0.269438], [NaN, 10.0, 0.211942, 0.182621, 0.0, 0.015767, 0.41033], [NaN, 11.0, 0.177315, 0.068947, 0.0, 0.003804, 0.250066], [NaN, 12.0, 0.128515, 0.0, 0.0, 0.0, 0.128515], [2006.0, NaN, 1.210034, 1.038979, 0.0, 0.126546, 2.375559], [NaN, 1.0, 0.081961, 0.060021, 0.0, 0.006509, 0.148491], [NaN, 2.0, 0.0, 0.0, 0.0, 0.0, 0.0], [NaN, 3.0, 0.0, 0.0, 0.0, 0.0, 0.0], [NaN, 4.0, 0.0, 0.0, 0.0, 0.0, 0.0], [NaN, 5.0, 0.011748, 0.006819, 0.0, 0.000847, 0.019414], [NaN, 6.0, 0.136059, 0.126489, 0.0, 0.017332, 0.27988], [NaN, 7.0, 0.13333, 0.142389, 0.0, 0.018984, 0.294703], [NaN, 8.0, 0.157134, 0.11313, 0.0, 0.013357, 0.283621], [NaN, 9.0, 0.120844, 0.135513, 0.0, 0.016191, 0.272548], [NaN, 10.0, 0.183942, 0.171629, 0.0, 0.021142, 0.376713], [NaN, 11.0, 0.167847, 0.126598, 0.0, 0.014223, 0.308668], [NaN, 12.0, 0.217169, 0.156391, 0.0, 0.017961, 0.391521], [2005.0, NaN, 1.116194, 0.345491, 0.0, 0.042806, 1.504491], [NaN, 1.0, 0.165126, 0.0, 0.0, 0.0, 0.165126], [NaN, 2.0, 0.132231, 0.0, 0.0, 0.0, 0.132231], [NaN, 3.0, 0.156802, 0.0, 0.0, 0.0, 0.156802], [NaN, 4.0, 0.001574, 0.0, 0.0, 0.0, 0.001574], [NaN, 5.0, 0.159958, 0.0, 0.0, 0.0, 0.159958], [NaN, 6.0, 0.152661, 0.0, 0.0, 0.0, 0.152661], [NaN, 7.0, 0.023658, 0.0, 0.0, 0.0, 0.023658], [NaN, 8.0, 0.0, 0.0, 0.0, 0.0, 0.0], [NaN, 9.0, 0.0, 0.0, 0.0, 0.0, 0.0], [NaN, 10.0, 0.104024, 0.108837, 0.0, 0.014056, 0.226917], [NaN, 11.0, 0.100599, 0.1216, 0.0, 0.014925, 0.237124], [NaN, 12.0, 0.119561, 0.115054, 0.0, 0.013825, 0.24844], [2004.0, NaN, 1.862881, 0.0, 0.0, 0.0, 1.862881], [1.0, 0.163227, 0.0, 0.0, 0.0, 0.163227, NaN], [2.0, 0.173017, 0.0, 0.0, 0.0, 0.173017, NaN], [3.0, 0.193801, 0.0, 0.0, 0.0, 0.193801, NaN], [4.0, 0.165809, 0.0, 0.0, 0.0, 0.165809, NaN], [5.0, 0.180978, 0.0, 0.0, 0.0, 0.180978, NaN], [6.0, 0.130774, 0.0, 0.0, 0.0, 0.130774, NaN]]}, "20": {"index": [0, 1, 2, 3, 4, 5, 6, 7, 8, 9, 10, 11, 12, 13, 14, 15, 16, 17, 18, 19, 20, 21, 22, 23, 24, 25, 26, 27, 28, 29, 30, 31, 32, 33, 34, 35, 36, 37, 38, 39, 40, 41], "columns": {"0": "2004", "1": "7", "2": "0.182444", "3": "0.000000", "4": "0.000000.1", "5": "0.000000.2", "6": "0.182444.1"}, "data": [[NaN, 8.0, 0.177244, 0.0, 0.0, 0.0, 0.177244], [NaN, 9.0, 0.100789, 0.0, 0.0, 0.0, 0.100789], [NaN, 10.0, 0.05558, 0.0, 0.0, 0.0, 0.05558], [NaN, 11.0, 0.171452, 0.0, 0.0, 0.0, 0.171452], [NaN, 12.0, 0.167766, 0.0, 0.0, 0.0, 0.167766], [2003.0, NaN, 2.020955, 0.0, 0.0, 0.0, 2.020955], [NaN, 1.0, 0.122443, 0.0, 0.0, 0.0, 0.122443], [NaN, 2.0, 0.164244, 0.0, 0.0, 0.0, 0.164244], [NaN, 3.0, 0.18598, 0.0, 0.0, 0.0, 0.18598], [NaN, 4.0, 0.107007, 0.0, 0.0, 0.0, 0.107007], [NaN, 5.0, 0.093483, 0.0, 0.0, 0.0, 0.093483], [NaN, 6.0, 0.212728, 0.0, 0.0, 0.0, 0.212728], [NaN, 7.0, 0.211124, 0.0, 0.0, 0.0, 0.211124], [NaN, 8.0, 0.239153, 0.0, 0.0, 0.0, 0.239153], [NaN, 9.0, 0.173857, 0.0, 0.0, 0.0, 0.173857], [NaN, 10.0, 0.190042, 0.0, 0.0, 0.0, 0.190042], [NaN, 11.0, 0.172584, 0.0, 0.0, 0.0, 0.172584], [NaN, 12.0, 0.14831, 0.0, 0.0, 0.0, 0.14831], [2002.0, NaN, 2.45898, 0.0, 0.0, 0.0, 2.45898], [NaN, 1.0, 0.206187, 0.0, 0.0, 0.0, 0.206187], [NaN, 2.0, 0.200471, 0.0, 0.0, 0.0, 0.200471], [NaN, 3.0, 0.143205, 0.0, 0.0, 0.0, 0.143205], [NaN, 4.0, 0.190359, 0.0, 0.0, 0.0, 0.190359], [NaN, 5.0, 0.260106, 0.0, 0.0, 0.0, 0.260106], [NaN, 6.0, 0.185738, 0.0, 0.0, 0.0, 0.185738], [NaN, 7.0, 0.214917, 0.0, 0.0, 0.0, 0.214917], [NaN, 8.0, 0.273882, 0.0, 0.0, 0.0, 0.273882], [NaN, 9.0, 0.105836, 0.0, 0.0, 0.0, 0.105836], [NaN, 10.0, 0.26, 0.0, 0.0, 0.0, 0.26], [NaN, 11.0, 0.210903, 0.0, 0.0, 0.0, 0.210903], [NaN, 12.0, 0.207376, 0.0, 0.0, 0.0, 0.207376], [2001.0, NaN, 2.536337, 0.0, 0.0, 0.0, 2.536337], [1.0, 0.189894, 0.0, 0.0, 0.0, 0.189894, NaN], [2.0, 0.20058, 0.0, 0.0, 0.0, 0.20058, NaN], [3.0, 0.19806, 0.0, 0.0, 0.0, 0.19806, NaN], [4.0, 0.176006, 0.0, 0.0, 0.0, 0.176006, NaN], [5.0, 0.191597, 0.0, 0.0, 0.0, 0.191597, NaN], [6.0, 0.195898, 0.0, 0.0, 0.0, 0.195898, NaN], [7.0, 0.332902, 0.0, 0.0, 0.0, 0.332902, NaN], [8.0, 0.258242, 0.0, 0.0, 0.0, 0.258242, NaN], [9.0, 0.218055, 0.0, 0.0, 0.0, 0.218055, NaN], [10.0, 0.200189, 0.0, 0.0, 0.0, 0.200189, NaN]]}, "21": {"index": [0, 1, 2, 3, 4, 5, 6, 7, 8, 9, 10, 11, 12, 13, 14, 15, 16, 17, 18, 19, 20, 21, 22, 23], "columns": {"0": "2001", "1": "11", "2": "0.129252", "3": "0.000000", "4": "0.000000.1", "5": "0.000000.2", "6": "0.129252.1"}, "data": [[NaN, 12.0, 0.245662, 0.0, 0.0, 0.0, 0.245662], [2000.0, NaN, 2.252965, 0.0, 0.0, 0.0, 2.252965], [1.0, 0.162625, 0.0, 0.0, 0.0, 0.162625, NaN], [NaN, 2.0, 0.152527, 0.0, 0.0, 0.0, 0.152527], [NaN, 3.0, 0.254918, 0.0, 0.0, 0.0, 0.254918], [NaN, 4.0, 0.195845, 0.0, 0.0, 0.0, 0.195845], [NaN, 5.0, 0.215778, 0.0, 0.0, 0.0, 0.215778], [NaN, 6.0, 0.191163, 0.0, 0.0, 0.0, 0.191163], [NaN, 7.0, 0.178993, 0.0, 0.0, 0.0, 0.178993], [NaN, 8.0, 0.088172, 0.0, 0.0, 0.0, 0.088172], [NaN, 9.0, 0.249067, 0.0, 0.0, 0.0, 0.249067], [NaN, 10.0, 0.220746, 0.0, 0.0, 0.0, 0.220746], [NaN, 11.0, 0.176112, 0.0, 0.0, 0.0, 0.176112], [NaN, 12.0, 0.167019, 0.0, 0.0, 0.0, 0.167019], [1999.0, NaN, 0.62816, 0.0, 0.0, 0.0, 0.62816], [4.0, 0.0, 0.0, 0.0, 0.0, 0.0, NaN], [5.0, 0.086178, 0.0, 0.0, 0.0, 0.086178, NaN], [6.0, 0.035176, 0.0, 0.0, 0.0, 0.035176, NaN], [7.0, 0.051197, 0.0, 0.0, 0.0, 0.051197, NaN], [8.0, 0.096135, 0.0, 0.0, 0.0, 0.096135, NaN], [9.0, 0.036614, 0.0, 0.0, 0.0, 0.036614, NaN], [10.0, 0.075235, 0.0, 0.0, 0.0, 0.075235, NaN], [11.0, 0.106862, 0.0, 0.0, 0.0, 0.106862, NaN], [12.0, 0.140763, 0.0, 0.0, 0.0, 0.140763, NaN]]}, "22": {"index": [0, 1, 2, 3, 4, 5, 6, 7, 8, 9, 10, 11, 12, 13], "columns": {"0": "Unnamed: 0", "1": "Month", "2": "Gross - oil[mill Sm3]", "3": "Gross - gas[bill Sm3]", "4": "Gross -condensate[mill Sm3]", "5": "Gross - oilequivalents[mill Sm3]"}, "data": [["Sum", NaN, 38.370955, 96.262926, 0.0, 134.633881], ["2023", NaN, 0.309824, 2.963002, 0.0, 3.272826], [NaN, 1.0, 0.05134, 0.412743, 0.0, 0.464083], [NaN, 2.0, 0.049476, 0.474355, 0.0, 0.523831], [NaN, 3.0, 0.059047, 0.557141, 0.0, 0.616188], [NaN, 4.0, 0.056179, 0.520633, 0.0, 0.576812], [NaN, 5.0, 0.051866, 0.52052, 0.0, 0.572386], [NaN, 6.0, 0.041916, 0.47761, 0.0, 0.519526], ["2022", NaN, 0.777382, 5.961479, 0.0, 6.738861], ["1", 0.072311, 0.509436, 0.0, 0.581747, NaN], ["2", 0.063771, 0.463581, 0.0, 0.527352, NaN], ["3", 0.073482, 0.508398, 0.0, 0.58188, NaN], ["4", 0.065056, 0.464556, 0.0, 0.529612, NaN], ["5", 0.064453, 0.504513, 0.0, 0.568966, NaN]]}, "23": {"index": [0, 1, 2, 3, 4, 5, 6, 7, 8, 9, 10, 11, 12, 13, 14, 15, 16, 17, 18, 19, 20, 21, 22, 23, 24, 25, 26, 27, 28, 29, 30, 31, 32, 33, 34, 35, 36, 37, 38, 39, 40, 41], "columns": {"0": "2022", "1": "6", "2": "0.054680", "3": "0.453820", "4": "0.000000", "5": "0.508500"}, "data": [[NaN, 7.0, 0.05923, 0.493309, 0.0, 0.552539], [NaN, 8.0, 0.061418, 0.528641, 0.0, 0.590059], [NaN, 9.0, 0.056336, 0.512844, 0.0, 0.56918], [NaN, 10.0, 0.0809, 0.520908, 0.0, 0.601808], [NaN, 11.0, 0.067911, 0.469328, 0.0, 0.537239], [NaN, 12.0, 0.057834, 0.532145, 0.0, 0.589979], [2021.0, NaN, 1.012217, 5.732347, 0.0, 6.744564], [NaN, 1.0, 0.090246, 0.431813, 0.0, 0.522059], [NaN, 2.0, 0.084287, 0.450692, 0.0, 0.534979], [NaN, 3.0, 0.088728, 0.503576, 0.0, 0.592304], [NaN, 4.0, 0.087447, 0.449396, 0.0, 0.536843], [NaN, 5.0, 0.083444, 0.48186, 0.0, 0.565304], [NaN, 6.0, 0.078513, 0.454814, 0.0, 0.533327], [NaN, 7.0, 0.091106, 0.509231, 0.0, 0.600337], [NaN, 8.0, 0.093649, 0.472566, 0.0, 0.566215], [NaN, 9.0, 0.086048, 0.481167, 0.0, 0.567215], [NaN, 10.0, 0.085852, 0.531487, 0.0, 0.617339], [NaN, 11.0, 0.077354, 0.506526, 0.0, 0.58388], [NaN, 12.0, 0.065543, 0.459219, 0.0, 0.524762], [2020.0, NaN, 1.061429, 5.356919, 0.0, 6.418348], [NaN, 1.0, 0.12213, 0.557106, 0.0, 0.679236], [NaN, 2.0, 0.11125, 0.513449, 0.0, 0.624699], [NaN, 3.0, 0.11843, 0.558975, 0.0, 0.677405], [NaN, 4.0, 0.108422, 0.524725, 0.0, 0.633147], [NaN, 5.0, 0.108279, 0.530791, 0.0, 0.63907], [NaN, 6.0, 0.103052, 0.534269, 0.0, 0.637321], [NaN, 7.0, 0.103403, 0.563681, 0.0, 0.667084], [NaN, 8.0, 0.086302, 0.502078, 0.0, 0.58838], [NaN, 9.0, 0.095883, 0.53301, 0.0, 0.628893], [NaN, 10.0, 0.000276, 0.000311, 0.0, 0.000587], [NaN, 11.0, 0.021953, 0.106644, 0.0, 0.128597], [NaN, 12.0, 0.082049, 0.43188, 0.0, 0.513929], [2019.0, NaN, 1.510399, 6.050124, 0.0, 7.560523], [1.0, 0.148906, 0.560763, 0.0, 0.709669, NaN], [2.0, 0.12729, 0.497803, 0.0, 0.625093, NaN], [3.0, 0.134816, 0.548377, 0.0, 0.683193, NaN], [4.0, 0.10332, 0.446359, 0.0, 0.549679, NaN], [5.0, 0.134672, 0.542493, 0.0, 0.677165, NaN], [6.0, 0.129367, 0.511565, 0.0, 0.640932, NaN], [7.0, 0.130358, 0.504927, 0.0, 0.635285, NaN], [8.0, 0.123377, 0.474899, 0.0, 0.598276, NaN], [9.0, 0.102268, 0.380276, 0.0, 0.482544, NaN]]}, "24": {"index": [0, 1, 2, 3, 4, 5, 6, 7, 8, 9, 10, 11, 12, 13, 14, 15, 16, 17, 18, 19, 20, 21, 22, 23, 24, 25, 26, 27, 28, 29, 30, 31, 32, 33, 34, 35, 36, 37, 38, 39, 40], "columns": {"0": "2019", "1": "10", "2": "0.132051", "3": "0.526098", "4": "0.000000", "5": "0.658149"}, "data": [[NaN, 11.0, 0.124961, 0.535245, 0.0, 0.660206], [NaN, 12.0, 0.119013, 0.521319, 0.0, 0.640332], [2018.0, NaN, 1.869319, 6.165737, 0.0, 8.035056], [NaN, 1.0, 0.184102, 0.56063, 0.0, 0.744732], [NaN, 2.0, 0.130899, 0.405958, 0.0, 0.536857], [NaN, 3.0, 0.173582, 0.551515, 0.0, 0.725097], [NaN, 4.0, 0.145979, 0.478765, 0.0, 0.624744], [NaN, 5.0, 0.142255, 0.496825, 0.0, 0.63908], [NaN, 6.0, 0.149343, 0.530469, 0.0, 0.679812], [NaN, 7.0, 0.152086, 0.552747, 0.0, 0.704833], [NaN, 8.0, 0.14807, 0.554168, 0.0, 0.702238], [NaN, 9.0, 0.157489, 0.505882, 0.0, 0.663371], [NaN, 10.0, 0.169672, 0.532723, 0.0, 0.702395], [NaN, 11.0, 0.161071, 0.481017, 0.0, 0.642088], [NaN, 12.0, 0.154771, 0.515038, 0.0, 0.669809], [2017.0, NaN, 1.949202, 5.842184, 0.0, 7.791386], [NaN, 1.0, 0.161457, 0.461446, 0.0, 0.622903], [NaN, 2.0, 0.156817, 0.48199, 0.0, 0.638807], [NaN, 3.0, 0.172515, 0.52813, 0.0, 0.700645], [NaN, 4.0, 0.167577, 0.50767, 0.0, 0.675247], [NaN, 5.0, 0.171381, 0.525301, 0.0, 0.696682], [NaN, 6.0, 0.043733, 0.13349, 0.0, 0.177223], [NaN, 7.0, 0.167349, 0.527302, 0.0, 0.694651], [NaN, 8.0, 0.167799, 0.546749, 0.0, 0.714548], [NaN, 9.0, 0.173945, 0.540031, 0.0, 0.713976], [NaN, 10.0, 0.19709, 0.537115, 0.0, 0.734205], [NaN, 11.0, 0.191005, 0.535099, 0.0, 0.726104], [NaN, 12.0, 0.178534, 0.517861, 0.0, 0.696395], [2016.0, NaN, 2.542325, 5.23864, 0.0, 7.780965], [1.0, 0.23357, 0.459377, 0.0, 0.692947, NaN], [2.0, 0.223076, 0.433235, 0.0, 0.656311, NaN], [3.0, 0.200816, 0.400459, 0.0, 0.601275, NaN], [4.0, 0.213884, 0.438828, 0.0, 0.652712, NaN], [5.0, 0.230124, 0.4462, 0.0, 0.676324, NaN], [6.0, 0.184642, 0.338398, 0.0, 0.52304, NaN], [7.0, 0.259995, 0.477773, 0.0, 0.737768, NaN], [8.0, 0.227696, 0.46077, 0.0, 0.688466, NaN], [9.0, 0.144073, 0.276695, 0.0, 0.420768, NaN], [10.0, 0.227413, 0.497039, 0.0, 0.724452, NaN], [11.0, 0.213367, 0.51633, 0.0, 0.729697, NaN], [12.0, 0.183669, 0.493536, 0.0, 0.677205, NaN]]}, "25": {"index": [0, 1, 2, 3, 4, 5, 6, 7, 8, 9, 10, 11, 12, 13, 14, 15, 16, 17, 18, 19, 20, 21, 22, 23, 24, 25, 26, 27, 28, 29, 30, 31, 32, 33, 34, 35, 36, 37, 38, 39, 40, 41], "columns": {"0": "2015", "1": "Unnamed: 0", "2": "2.166260", "3": "4.728263", "4": "0.000000", "5": "6.894523"}, "data": [[NaN, 1.0, 0.107608, 0.476884, 0.0, 0.584492], [NaN, 2.0, 0.158136, 0.415648, 0.0, 0.573784], [NaN, 3.0, 0.217143, 0.498486, 0.0, 0.715629], [NaN, 4.0, 0.199686, 0.444641, 0.0, 0.644327], [NaN, 5.0, 0.215414, 0.51288, 0.0, 0.728294], [NaN, 6.0, 0.22477, 0.496775, 0.0, 0.721545], [NaN, 7.0, 0.064289, 0.133151, 0.0, 0.19744], [NaN, 8.0, 0.165907, 0.303425, 0.0, 0.469332], [NaN, 9.0, 0.176038, 0.312338, 0.0, 0.488376], [NaN, 10.0, 0.234882, 0.440425, 0.0, 0.675307], [NaN, 11.0, 0.216363, 0.377883, 0.0, 0.594246], [NaN, 12.0, 0.186024, 0.315727, 0.0, 0.501751], [2014.0, NaN, 1.712922, 4.70147, 0.0, 6.414392], [NaN, 1.0, 0.140527, 0.458723, 0.0, 0.59925], [NaN, 2.0, 0.063291, 0.241677, 0.0, 0.304968], [NaN, 3.0, 0.148972, 0.465519, 0.0, 0.614491], [NaN, 4.0, 0.159254, 0.504762, 0.0, 0.664016], [NaN, 5.0, 0.14566, 0.479261, 0.0, 0.624921], [NaN, 6.0, 0.047724, 0.154147, 0.0, 0.201871], [NaN, 7.0, 0.183268, 0.461405, 0.0, 0.644673], [NaN, 8.0, 0.165722, 0.419238, 0.0, 0.58496], [NaN, 9.0, 0.190507, 0.393135, 0.0, 0.583642], [NaN, 10.0, 0.222356, 0.410336, 0.0, 0.632692], [NaN, 11.0, 0.126252, 0.27459, 0.0, 0.400842], [NaN, 12.0, 0.119389, 0.438677, 0.0, 0.558066], [2013.0, NaN, 1.04282, 3.888635, 0.0, 4.931455], [NaN, 1.0, 0.07131, 0.312788, 0.0, 0.384098], [NaN, 2.0, 0.064457, 0.203015, 0.0, 0.267472], [NaN, 3.0, 0.088399, 0.333825, 0.0, 0.422224], [NaN, 4.0, 0.0, 0.0, 0.0, 0.0], [NaN, 5.0, 0.06449, 0.253904, 0.0, 0.318394], [NaN, 6.0, 0.118587, 0.45104, 0.0, 0.569627], [NaN, 7.0, 0.115937, 0.473511, 0.0, 0.589448], [NaN, 8.0, 0.053739, 0.242993, 0.0, 0.296732], [NaN, 9.0, 0.142091, 0.458488, 0.0, 0.600579], [NaN, 10.0, 0.063349, 0.272322, 0.0, 0.335671], [NaN, 11.0, 0.125425, 0.426436, 0.0, 0.551861], [NaN, 12.0, 0.135036, 0.460313, 0.0, 0.595349], [2012.0, NaN, 0.718986, 2.73589, 0.0, 3.454876], [1.0, 0.061101, 0.260423, 0.0, 0.321524, NaN], [2.0, 0.06026, 0.259232, 0.0, 0.319492, NaN], [3.0, 0.058176, 0.249467, 0.0, 0.307643, NaN]]}, "26": {"index": [0, 1, 2, 3, 4, 5, 6, 7, 8, 9, 10, 11, 12, 13, 14, 15, 16, 17, 18, 19, 20, 21, 22, 23, 24, 25, 26, 27, 28, 29, 30, 31, 32, 33, 34, 35, 36, 37, 38, 39, 40, 41], "columns": {"0": "2012", "1": "4", "2": "0.067186", "3": "0.295559", "4": "0.000000", "5": "0.362745"}, "data": [[NaN, 5.0, 0.038895, 0.187503, 0.0, 0.226398], [NaN, 6.0, 0.0, 0.0, 0.0, 0.0], [NaN, 7.0, 0.000165, 0.000983, 0.0, 0.001148], [NaN, 8.0, 0.081175, 0.22983, 0.0, 0.311005], [NaN, 9.0, 0.088169, 0.262214, 0.0, 0.350383], [NaN, 10.0, 0.098164, 0.307479, 0.0, 0.405643], [NaN, 11.0, 0.08594, 0.326115, 0.0, 0.412055], [NaN, 12.0, 0.079755, 0.357085, 0.0, 0.43684], [2011.0, NaN, 0.666861, 2.431428, 0.0, 3.098289], [NaN, 1.0, 0.146906, 0.519538, 0.0, 0.666444], [NaN, 2.0, 0.121355, 0.446605, 0.0, 0.56796], [NaN, 3.0, 0.130878, 0.502512, 0.0, 0.63339], [NaN, 4.0, 0.035528, 0.138193, 0.0, 0.173721], [NaN, 5.0, 0.0, 0.0, 0.0, 0.0], [NaN, 6.0, 0.0, 0.0, 0.0, 0.0], [NaN, 7.0, 0.009148, 0.029544, 0.0, 0.038692], [NaN, 8.0, 0.02966, 0.097062, 0.0, 0.126722], [NaN, 9.0, 0.01312, 0.04073, 0.0, 0.05385], [NaN, 10.0, 0.036763, 0.113951, 0.0, 0.150714], [NaN, 11.0, 0.073184, 0.250116, 0.0, 0.3233], [NaN, 12.0, 0.070319, 0.293177, 0.0, 0.363496], [2010.0, NaN, 1.403215, 4.579785, 0.0, 5.983], [NaN, 1.0, 0.119357, 0.41046, 0.0, 0.529817], [NaN, 2.0, 0.087196, 0.27554, 0.0, 0.362736], [NaN, 3.0, 0.152799, 0.512494, 0.0, 0.665293], [NaN, 4.0, 0.142897, 0.474377, 0.0, 0.617274], [NaN, 5.0, 0.138391, 0.459515, 0.0, 0.597906], [NaN, 6.0, 0.135776, 0.456516, 0.0, 0.592292], [NaN, 7.0, 0.112156, 0.344932, 0.0, 0.457088], [NaN, 8.0, 0.118277, 0.379981, 0.0, 0.498258], [NaN, 9.0, 0.123548, 0.406146, 0.0, 0.529694], [NaN, 10.0, 0.11741, 0.37219, 0.0, 0.4896], [NaN, 11.0, 0.005694, 0.01012, 0.0, 0.015814], [NaN, 12.0, 0.149714, 0.477514, 0.0, 0.627228], [2009.0, NaN, 1.563325, 4.664789, 0.0, 6.228114], [1.0, 0.172251, 0.440321, 0.0, 0.612572, NaN], [2.0, 0.138933, 0.372625, 0.0, 0.511558, NaN], [3.0, 0.162595, 0.479541, 0.0, 0.642136, NaN], [4.0, 0.126828, 0.368009, 0.0, 0.494837, NaN], [5.0, 0.115766, 0.342188, 0.0, 0.457954, NaN], [6.0, 0.104841, 0.319736, 0.0, 0.424577, NaN], [7.0, 0.090145, 0.274598, 0.0, 0.364743, NaN]]}, "27": {"index": [0, 1, 2, 3, 4, 5, 6, 7, 8, 9, 10, 11, 12, 13, 14, 15, 16, 17, 18, 19, 20, 21, 22, 23, 24, 25, 26, 27, 28, 29, 30, 31, 32, 33, 34, 35, 36, 37, 38, 39, 40, 41], "columns": {"0": "2009", "1": "8", "2": "0.123106", "3": "0.355757", "4": "0.000000", "5": "0.478863"}, "data": [[NaN, 9.0, 0.145124, 0.441272, 0.0, 0.586396], [NaN, 10.0, 0.113858, 0.352319, 0.0, 0.466177], [NaN, 11.0, 0.136632, 0.457726, 0.0, 0.594358], [NaN, 12.0, 0.133246, 0.460697, 0.0, 0.593943], [2008.0, NaN, 1.724325, 4.961788, 0.0, 6.686113], [NaN, 1.0, 0.164995, 0.456824, 0.0, 0.621819], [NaN, 2.0, 0.12681, 0.34742, 0.0, 0.47423], [NaN, 3.0, 0.183288, 0.518318, 0.0, 0.701606], [NaN, 4.0, 0.18569, 0.539398, 0.0, 0.725088], [NaN, 5.0, 0.18155, 0.548087, 0.0, 0.729637], [NaN, 6.0, 0.04521, 0.126546, 0.0, 0.171756], [NaN, 7.0, 0.1462, 0.460197, 0.0, 0.606397], [NaN, 8.0, 0.144475, 0.433623, 0.0, 0.578098], [NaN, 9.0, 0.122909, 0.384029, 0.0, 0.506938], [NaN, 10.0, 0.138317, 0.408451, 0.0, 0.546768], [NaN, 11.0, 0.1546, 0.409863, 0.0, 0.564463], [NaN, 12.0, 0.130281, 0.329032, 0.0, 0.459313], [2007.0, NaN, 2.251876, 5.313117, 0.0, 7.564993], [NaN, 1.0, 0.240121, 0.467751, 0.0, 0.707872], [NaN, 2.0, 0.208705, 0.443485, 0.0, 0.65219], [NaN, 3.0, 0.21168, 0.467092, 0.0, 0.678772], [NaN, 4.0, 0.216238, 0.503491, 0.0, 0.719729], [NaN, 5.0, 0.187829, 0.425214, 0.0, 0.613043], [NaN, 6.0, 0.181687, 0.428928, 0.0, 0.610615], [NaN, 7.0, 0.217052, 0.533574, 0.0, 0.750626], [NaN, 8.0, 0.138922, 0.357041, 0.0, 0.495963], [NaN, 9.0, 0.131861, 0.319235, 0.0, 0.451096], [NaN, 10.0, 0.211943, 0.538765, 0.0, 0.750708], [NaN, 11.0, 0.177314, 0.47652, 0.0, 0.653834], [NaN, 12.0, 0.128524, 0.352021, 0.0, 0.480545], [2006.0, NaN, 1.210032, 2.439067, 0.0, 3.649099], [1.0, 0.081959, 0.016865, 0.0, 0.098824, NaN], [2.0, 0.0, 0.0, 0.0, 0.0, NaN], [3.0, 0.0, 0.0, 0.0, 0.0, NaN], [4.0, 0.0, 0.0, 0.0, 0.0, NaN], [5.0, 0.01175, 0.008599, 0.0, 0.020349, NaN], [6.0, 0.136058, 0.299341, 0.0, 0.435399, NaN], [7.0, 0.133329, 0.291091, 0.0, 0.42442, NaN], [8.0, 0.157135, 0.35966, 0.0, 0.516795, NaN], [9.0, 0.120843, 0.26016, 0.0, 0.381003, NaN], [10.0, 0.183941, 0.387215, 0.0, 0.571156, NaN], [11.0, 0.167847, 0.378829, 0.0, 0.546676, NaN]]}, "28": {"index": [0, 1, 2, 3, 4, 5, 6, 7, 8, 9, 10, 11, 12, 13, 14, 15, 16, 17, 18, 19, 20, 21, 22, 23, 24, 25, 26, 27, 28, 29, 30, 31, 32, 33, 34, 35, 36, 37, 38, 39, 40, 41], "columns": {"0": "2006", "1": "12", "2": "0.217170", "3": "0.437307", "4": "0.000000", "5": "0.654477"}, "data": [[2005.0, NaN, 1.116174, 1.977131, 0.0, 3.093305], [NaN, 1.0, 0.165129, 0.311115, 0.0, 0.476244], [NaN, 2.0, 0.132232, 0.261886, 0.0, 0.394118], [NaN, 3.0, 0.156806, 0.317658, 0.0, 0.474464], [NaN, 4.0, 0.001574, 0.002004, 0.0, 0.003578], [NaN, 5.0, 0.159957, 0.276569, 0.0, 0.436526], [NaN, 6.0, 0.152662, 0.299249, 0.0, 0.451911], [NaN, 7.0, 0.023658, 0.044589, 0.0, 0.068247], [NaN, 8.0, 0.0, 0.0, 0.0, 0.0], [NaN, 9.0, 0.0, 0.0, 0.0, 0.0], [NaN, 10.0, 0.103998, 0.11777, 0.0, 0.221768], [NaN, 11.0, 0.100597, 0.131465, 0.0, 0.232062], [NaN, 12.0, 0.119561, 0.214826, 0.0, 0.334387], [2004.0, NaN, 1.862891, 2.867646, 0.0, 4.730537], [NaN, 1.0, 0.163229, 0.263659, 0.0, 0.426888], [NaN, 2.0, 0.173019, 0.252713, 0.0, 0.425732], [NaN, 3.0, 0.1938, 0.301402, 0.0, 0.495202], [NaN, 4.0, 0.165806, 0.277697, 0.0, 0.443503], [NaN, 5.0, 0.180976, 0.271862, 0.0, 0.452838], [NaN, 6.0, 0.130778, 0.204954, 0.0, 0.335732], [NaN, 7.0, 0.182443, 0.253414, 0.0, 0.435857], [NaN, 8.0, 0.177245, 0.242981, 0.0, 0.420226], [NaN, 9.0, 0.100788, 0.138683, 0.0, 0.239471], [NaN, 10.0, 0.055581, 0.083218, 0.0, 0.138799], [NaN, 11.0, 0.171458, 0.294168, 0.0, 0.465626], [NaN, 12.0, 0.167768, 0.282895, 0.0, 0.450663], [2003.0, NaN, 2.021059, 2.597829, 0.0, 4.618888], [NaN, 1.0, 0.122539, 0.139625, 0.0, 0.262164], [NaN, 2.0, 0.164263, 0.14478, 0.0, 0.309043], [NaN, 3.0, 0.185982, 0.179879, 0.0, 0.365861], [NaN, 4.0, 0.107008, 0.105808, 0.0, 0.212816], [NaN, 5.0, 0.093481, 0.081051, 0.0, 0.174532], [NaN, 6.0, 0.212728, 0.280711, 0.0, 0.493439], [NaN, 7.0, 0.211123, 0.266225, 0.0, 0.477348], [NaN, 8.0, 0.23915, 0.26411, 0.0, 0.50326], [NaN, 9.0, 0.173856, 0.227063, 0.0, 0.400919], [NaN, 10.0, 0.19004, 0.323566, 0.0, 0.513606], [NaN, 11.0, 0.172583, 0.301704, 0.0, 0.474287], [NaN, 12.0, 0.148306, 0.283307, 0.0, 0.431613], [2002.0, NaN, 2.458982, 2.215256, 0.0, 4.674238], [1.0, 0.206187, 0.177137, 0.0, 0.383324, NaN], [2.0, 0.200471, 0.140194, 0.0, 0.340665, NaN]]}, "29": {"index": [0, 1, 2, 3, 4, 5, 6, 7, 8, 9, 10, 11, 12, 13, 14, 15, 16, 17, 18, 19, 20, 21, 22, 23, 24, 25, 26, 27, 28, 29, 30, 31, 32, 33, 34, 35, 36, 37, 38, 39, 40, 41], "columns": {"0": "2002", "1": "3", "2": "0.143201", "3": "0.101150", "4": "0.000000", "5": "0.244351"}, "data": [[NaN, 4.0, 0.190362, 0.154348, 0.0, 0.34471], [NaN, 5.0, 0.260107, 0.167047, 0.0, 0.427154], [NaN, 6.0, 0.185739, 0.15951, 0.0, 0.345249], [NaN, 7.0, 0.214917, 0.195521, 0.0, 0.410438], [NaN, 8.0, 0.273881, 0.239615, 0.0, 0.513496], [NaN, 9.0, 0.105836, 0.11395, 0.0, 0.219786], [NaN, 10.0, 0.26, 0.259036, 0.0, 0.519036], [NaN, 11.0, 0.210904, 0.252598, 0.0, 0.463502], [NaN, 12.0, 0.207377, 0.25515, 0.0, 0.462527], [2001.0, NaN, 2.536361, 1.655208, 0.0, 4.191569], [NaN, 1.0, 0.189894, 0.0818, 0.0, 0.271694], [NaN, 2.0, 0.200577, 0.113551, 0.0, 0.314128], [NaN, 3.0, 0.198059, 0.127024, 0.0, 0.325083], [NaN, 4.0, 0.176005, 0.13408, 0.0, 0.310085], [NaN, 5.0, 0.191598, 0.142913, 0.0, 0.334511], [NaN, 6.0, 0.195897, 0.165374, 0.0, 0.361271], [NaN, 7.0, 0.332899, 0.19734, 0.0, 0.530239], [NaN, 8.0, 0.258241, 0.149279, 0.0, 0.40752], [NaN, 9.0, 0.218055, 0.128357, 0.0, 0.346412], [NaN, 10.0, 0.200189, 0.132054, 0.0, 0.332243], [NaN, 11.0, 0.129285, 0.09081, 0.0, 0.220095], [NaN, 12.0, 0.245662, 0.192626, 0.0, 0.438288], [2000.0, NaN, 2.252988, 1.007191, 0.0, 3.260179], [NaN, 1.0, 0.162625, 0.069203, 0.0, 0.231828], [NaN, 2.0, 0.15253, 0.080021, 0.0, 0.232551], [NaN, 3.0, 0.254916, 0.104777, 0.0, 0.359693], [NaN, 4.0, 0.195843, 0.088168, 0.0, 0.284011], [NaN, 5.0, 0.215779, 0.107047, 0.0, 0.322826], [NaN, 6.0, 0.19116, 0.101414, 0.0, 0.292574], [NaN, 7.0, 0.178993, 0.092325, 0.0, 0.271318], [NaN, 8.0, 0.088197, 0.04521, 0.0, 0.133407], [NaN, 9.0, 0.249067, 0.092758, 0.0, 0.341825], [NaN, 10.0, 0.220746, 0.085173, 0.0, 0.305919], [NaN, 11.0, 0.176114, 0.074417, 0.0, 0.250531], [NaN, 12.0, 0.167018, 0.066678, 0.0, 0.233696], [1999.0, NaN, 0.629781, 0.188001, 0.0, 0.817782], [4.0, 0.001627, 0.000728, 0.0, 0.002355, NaN], [5.0, 0.08617, 0.024905, 0.0, 0.111075, NaN], [6.0, 0.035176, 0.010516, 0.0, 0.045692, NaN], [7.0, 0.051196, 0.016077, 0.0, 0.067273, NaN], [8.0, 0.096137, 0.027729, 0.0, 0.123866, NaN], [9.0, 0.036617, 0.010321, 0.0, 0.046938, NaN]]}, "30": {"index": [0, 1], "columns": {"0": "1999", "1": "10", "2": "0.075235", "3": "0.020674", "4": "0.000000", "5": "0.095909"}, "data": [[11, 0.10686, 0.029625, 0.0, 0.136485, NaN], [12, 0.140763, 0.047426, 0.0, 0.188189, NaN]]}, "31": {"index": [], "columns": {"0": "Unnamed: 0"}, "data": []}, "32": {"index": [], "columns": {"0": "Unnamed: 0"}, "data": []}, "33": {"index": [0, 1, 2, 3, 4, 5, 6, 7, 8, 9, 10, 11, 12, 13, 14, 15, 16, 17, 18], "columns": {"0": "Wellbore name", "1": "Entered date", "2": "Completed", "3": "Purpose", "4": "Status", "5": "Content"}, "data": [[NaN, NaN, "date", NaN, NaN, NaN], ["34/8-1", "11.11.1985", "08.03.1986", "WILDCAT", "P&A", "OIL/GAS"], ["34/8-3", "14.07.1988", "14.09.1988", "APPRAISAL", "P&A", "OIL/GAS"], ["34/8-3 A", "14.09.1988", "31.10.1988", "APPRAISAL", "P&A", "OIL/GAS"], ["34/8-4 A", "18.02.1992", "27.05.1992", "APPRAISAL", "P&A", "OIL"], ["34/8-4 AR", "21.02.2003", "07.03.2003", "APPRAISAL", "P&A", "OIL"], ["34/8-4 S", "06.12.1990", "09.06.1991", "WILDCAT", "P&A", "GAS/CONDE"], [NaN, NaN, NaN, NaN, NaN, "NSATE"], ["34/8-5", "18.02.1991", "01.04.1991", "APPRAISAL", "P&A", "SHOWS"], ["34/8-8", "30.06.1992", "24.08.1992", "APPRAISAL", "SUSPENDED", "OIL"], ["34/8-8 R", "16.02.1993", "09.03.1993", "APPRAISAL", "P&A", "OIL"], ["34/8-9 S", "25.10.1992", "28.12.1992", "APPRAISAL", "P&A", "OIL"], ["34/8-10 S", "28.09.1993", "09.12.1993", "APPRAISAL", "P&A", "OIL"], ["34/8-11", "10.12.1993", "08.02.1994", "APPRAISAL", "P&A", "OIL"], ["34/8-13 A", "17.03.2009", "13.05.2009", "APPRAISAL", "P&A", "OIL"], ["34/8-13 S", "14.05.2009", "26.06.2009", "APPRAISAL", "P&A", "OIL"], ["34/8-15 S", "03.01.2013", "19.02.2013", "APPRAISAL", "P&A", "GAS"], ["34/8-17 S", "16.01.2014", "14.03.2014", "WILDCAT", "P&A", "GAS"], ["34/8-18 S", "09.02.2019", "22.02.2019", "WILDCAT", "PLUGGED", "OIL"]]}, "34": {"index": [0, 1, 2, 3, 4, 5, 6], "columns": {"0": "Wellbore name", "1": "Entered date", "2": "Completed", "3": "Purpose Content"}, "data": [[NaN, NaN, "date", NaN], ["34/8-A-1 H", "04.07.1997", "11.07.1997", "OBSERVATION NOT"], [NaN, NaN, NaN, "APPLICABLE"], ["34/8-A-1 AH", "12.07.1997", "12.09.1997", "OBSERVATION NOT"], [NaN, NaN, NaN, "APPLICABLE"], ["34/8-A-1 BH", "10.03.1998", "13.09.1999", "PRODUCTION OIL"], ["34/8-A-1 CH", "28.12.2019", "03.03.2020", "INJECTION WATER"]]}, "35": {"index": [0, 1, 2, 3, 4, 5, 6, 7, 8, 9, 10, 11, 12, 13, 14, 15, 16, 17, 18, 19, 20, 21, 22, 23, 24, 25, 26, 27, 28, 29, 30, 31, 32, 33, 34, 35], "columns": {"0": "34/8-A-2 H", "1": "22.11.1997", "2": "25.10.2001", "3": "INJECTION", "4": "GAS"}, "data": [["34/8-A-3 H", "21.12.1998", "19.05.1999", "INJECTION", "GAS"], ["34/8-A-3 AH", "21.02.2006", "08.07.2006", "PRODUCTION", "GAS"], ["34/8-A-4 H", "30.04.2002", "08.06.2002", "OBSERVATION", "NOTAPPLICABLE"], ["34/8-A-4 AH", "14.06.2002", "14.07.2002", "PRODUCTION", "OIL"], ["34/8-A-4 BH", "07.04.2006", "15.09.2006", "PRODUCTION", "OIL"], ["34/8-A-5 H", "06.05.2000", "07.06.2000", "OBSERVATION", "NOTAPPLICABLE"], ["34/8-A-5 AH", "10.06.2000", "04.07.2000", "PRODUCTION", "OIL"], ["34/8-A-5 BH", "07.07.2000", "25.07.2000", "PRODUCTION", "OIL"], ["34/8-A-5 CH", "27.07.2000", "02.08.2000", "PRODUCTION", "OIL"], ["34/8-A-6 H", "22.10.2004", "06.05.2005", "OBSERVATION", "NOTAPPLICABLE"], ["34/8-A-6 AH", "14.05.2005", "12.06.2005", "PRODUCTION", "OIL"], ["34/8-A-7 H", "07.10.1997", "10.11.1997", "PRODUCTION", "OIL"], ["34/8-A-7 AH", NaN, NaN, NaN, NaN], ["34/8-A-8 H", "06.12.2001", "28.01.2002", "PRODUCTION", "OIL"], ["34/8-A-8 AH", "02.12.2009", "25.03.2010", "OBSERVATION", "OIL"], ["34/8-A-8 BH", "31.03.2010", "09.05.2010", "PRODUCTION", "OIL"], ["34/8-A-9 H", "25.11.1999", "29.01.2000", "PRODUCTION", "OIL"], ["34/8-A-9 AH", "20.02.2008", "27.04.2008", "PRODUCTION", "OIL"], ["34/8-A-10 H", "20.03.2000", "16.04.2000", "INJECTION", "WATER"], ["34/8-A-10 AH", "13.10.2000", "04.11.2000", "INJECTION", "WATER/GAS"], ["34/8-A-11 H", "09.03.2000", "18.03.2000", "INJECTION", "NOTAPPLICABLE"], ["34/8-A-14 H", "26.11.2008", "15.09.2009", "PRODUCTION", "WATER"], ["34/8-A-16 H", "14.10.2015", "25.11.2015", "OBSERVATION", "OIL"], ["34/8-A-16 AH", "26.11.2015", "13.01.2016", "PRODUCTION", "OIL"], ["34/8-A-16 BH", "05.11.2021", "10.06.2022", "OBSERVATION", "NOTAPPLICABLE"], ["34/8-A-16 CH", "13.08.2022", "01.09.2022", "PRODUCTION", "OIL"], ["34/8-A-17 H", "18.03.2011", "27.03.2012", "PRODUCTION", "OIL/GAS/CONDENSATE"], ["34/8-A-18 H", "18.11.2012", "01.12.2014", "PRODUCTION", "GAS/CONDENSATE"], ["34/8-A-19 H", "07.09.2002", "06.04.2004", "OBSERVATION", "NOTAPPLICABLE"], ["34/8-A-19 AH", "10.04.2004", "20.05.2004", "PRODUCTION", "OIL"], ["34/8-A-19 BH", "03.02.2021", "27.03.2021", "PRODUCTION", "OIL"], ["34/8-A-20 H", "18.01.2016", "01.03.2016", "OBSERVATION", "OIL/GAS/CONDENSATE"], ["34/8-A-20 AH", "02.03.2016", "10.03.2016", "PRODUCTION", "OIL/GAS"], ["34/8-A-20 BH", "13.05.2023", NaN, "PRODUCTION", NaN], ["34/8-A-21 H", "04.10.2002", "20.12.2002", "PRODUCTION", "OIL"], ["34/8-A-22 H", "14.04.2003", "21.11.2003", "PRODUCTION", "OIL"]]}, "36": {"index": [0, 1, 2, 3, 4, 5, 6, 7, 8, 9, 10, 11, 12, 13, 14, 15, 16, 17, 18, 19, 20, 21, 22, 23, 24, 25, 26, 27, 28, 29, 30, 31, 32, 33, 34, 35, 36], "columns": {"0": "34/8-A-23 H", "1": "19.01.2001", "2": "21.05.2001", "3": "PRODUCTION", "4": "GAS"}, "data": [["34/8-A-23 AH", "21.05.2015", "01.06.2015", "PRODUCTION", "OIL/GAS"], ["34/8-A-24 H", "10.02.2014", "08.05.2014", "OBSERVATION", "OIL"], ["34/8-A-24 AH", "08.07.2014", "18.08.2014", "PRODUCTION", "OIL"], ["34/8-A-25 H", "13.07.2001", "28.03.2003", "PRODUCTION", "OIL"], ["34/8-A-25 AH", "20.06.2003", "07.07.2003", "PRODUCTION", "OIL"], ["34/8-A-25 BH", "27.02.2007", "18.04.2007", "PRODUCTION", "OIL"], ["34/8-A-25 CH", "20.04.2007", "08.05.2007", "PRODUCTION", "OIL"], ["34/8-A-25 DH", "16.05.2007", "18.07.2007", "PRODUCTION", "OIL"], ["34/8-A-25 EH", "02.05.2020", "06.09.2020", "PRODUCTION", "OIL"], ["34/8-A-26 H", "26.02.2009", "09.05.2009", "INJECTION", "GAS"], ["34/8-A-30 H", "05.03.2002", "01.04.2002", "INJECTION", "WATER"], ["34/8-A-30 AH", "26.10.2010", "24.01.2011", "PRODUCTION", "GAS"], ["34/8-A-31 H", "24.07.2016", "07.09.2016", "PRODUCTION", "OIL"], ["34/8-A-32 H", "21.11.2016", "25.02.2017", "PRODUCTION", "OIL/GAS"], ["34/8-A-33 H", "27.07.2008", "18.08.2008", "INJECTION", "CUTTINGS"], ["34/8-A-34 H", "15.10.2017", "05.02.2018", "PRODUCTION", "OIL/GAS"], ["34/8-A-36 H", "27.10.2018", "08.03.2019", "PRODUCTION", "OIL"], ["34/8-A-38 H", "12.10.2022", NaN, "PRODUCTION", NaN], ["34/8-B-1 H", "29.12.1999", "30.01.2000", "OBSERVATION", "NOTAPPLICABLE"], ["34/8-B-1 AH", "03.02.2002", "12.03.2002", "PRODUCTION", "OIL"], ["34/8-B-2 H", "08.01.2001", "04.05.2001", "PRODUCTION", "OIL"], ["34/8-C-1 H", "14.03.2014", "25.03.2014", "OBSERVATION", "GAS"], ["34/8-C-1 AH", "27.03.2014", "02.04.2014", "PRODUCTION", "GAS"], ["34/8-C-2 H", "25.05.2014", "27.06.2014", "OBSERVATION", "OIL/GAS"], ["34/8-C-2 AH", "30.06.2014", "23.07.2014", "PRODUCTION", "OIL/GAS"], ["34/8-C-3 H", "31.03.2013", "03.05.2013", "OBSERVATION", "OIL"], ["34/8-C-3 AH", "30.10.2013", "24.04.2014", "PRODUCTION", "OIL/GAS"], ["34/8-C-3 BH", "01.05.2023", "02.06.2023", "PRODUCTION", "OIL/GAS"], ["34/8-C-4 H", "18.02.2013", "03.03.2013", "OBSERVATION", "OIL"], ["34/8-C-4 AH", "06.03.2013", "20.03.2013", "PRODUCTION", "OIL"], ["34/8-D-2 H", "28.03.2018", "28.05.2018", "PRODUCTION", "OIL"], ["34/8-D-2 AH", "07.07.2023", NaN, "PRODUCTION", NaN], ["34/8-D-4 H", "25.03.2018", "15.04.2018", "OBSERVATION", "NOTAPPLICABLE"], ["34/8-D-4 AH", "02.06.2018", "26.06.2018", "PRODUCTION", "OIL"], ["34/8-D-4 BH", NaN, NaN, "PRODUCTION", NaN], ["34/8-V-2 H", "12.04.2014", "28.07.2014", "PRODUCTION", "GAS/CONDENSATE"], ["34/8-V-2 AH", "11.07.2023", NaN, "PRODUCTION", NaN]]}, "37": {"index": [0, 1], "columns": {"0": "Wellbore name", "1": "Entered date", "2": "Completeddate", "3": "Purpose", "4": "Status"}, "data": [["34/8-U-1", "14.03.2009", "16.03.2009", "SHALLOWGAS", "P&A"], ["34/8-U-4", "07.12.2012", "10.12.2012", "SHALLOWGAS", "P&A"]]}, "kind": "osdu:wks:master-data--Field:1.0.0 ", "id": "npd:master-data--Factpages-Field:43745"}