{"0": {"index": [0, 1, 2, 3, 4, 5, 6, 7, 8, 9, 10, 11, 12, 13, 14, 15, 16, 17, 18, 19, 20, 21, 22, 23, 24, 25], "columns": {"0": "eneral information", "1": "Unnamed: 0"}, "data": [["Survey name", "ABP22104"], ["Legal basis", "Petroleumsforskriften jf Ressursforskriften"], ["NPDID for survey", "10408"], ["Factmaps - new window", "link to map"], ["Status", "Ferdig"], ["Area", "Norskehavet"], ["Market available", "Ja"], ["Category", "Andre unders\u00f8kelser"], ["Main type", "Grunnunders\u00f8kelse"], ["Sub type", "Ikke seismikk"], ["Sampling", "Ja"], ["Company - responsible", "Aker BP ASA"], ["Source type", NaN], ["Number of sources", NaN], ["Source size", NaN], ["Source pressure", NaN], ["Sensor type", NaN], ["Numbers of sensors", NaN], ["Sensor length [m]", NaN], ["Sensor width [m]", NaN], ["Start date - planned", "20.05.2022"], ["Start date", "20.05.2022"], ["Completed date - planned", "09.06.2022"], ["Completed date", "04.06.2022"], ["Total length [boat km]", NaN], ["Net area - actual 3D/4D [km2]", NaN]]}, "1": {"index": [], "columns": {"0": "Unnamed: 0"}, "data": []}, "2": {"index": [0, 1, 2, 3, 4], "columns": {"0": "Date", "1": "Type of update", "2": "Information"}, "data": [["04.06.2022", "Melding - Unders\u00f8kelsen er ferdig", NaN], ["04.06.2022", "Melding - Ordin\u00e6r ukemelding", "-"], ["04.06.2022", "Status", "Ferdig"], ["27.05.2022", "Oljedirektoratets uttalelse tilendringsmelding", "Oljedirektoratet (OD) viser til melding om endring avtidsrom for unders\u00f8kelsen. P\u00e5 bakgrunn av innmeldtendring og nye uttalelser fra Havforskningsinstituttet ogFiskeridirektoratet, har OD ingen ytterligere merknadertil at unders\u00f8kelsen kan gjennomf\u00f8res som planlagtdersom disse blir fulgt."], ["20.05.2022", "Status", "P\u00e5g\u00e5ende"]]}, "3": {"index": [0, 1, 2, 3, 4, 5, 6, 7, 8, 9, 10, 11, 12, 13, 14, 15], "columns": {"0": "20.05.2022", "1": "Melding - Unders\u00f8kelsen startes", "2": "Unnamed: 0"}, "data": [[NaN, "opp", NaN], ["19.05.2022", "Fiskeridirektoratets uttalelse til", "I endringsmelding av 16.05.2022 er det meldt om"], [NaN, "endringsmelding", "endring av sluttdato fra 05.06.2022 til 09.07.2022."], [NaN, NaN, "Endring av sluttdato ber\u00f8rer ikke nye fiskerier enn det"], [NaN, NaN, "som er beskrevet i den fiskerifaglige uttalelsen av"], [NaN, NaN, "02.05.2022. Det er ogs\u00e5 meldt om ny oppstartsdato"], [NaN, NaN, "som er innenfor perioden uttalelsen av 02.05.2022, og"], [NaN, NaN, "som fortsatt skal legges til grunn for gjennomf\u00f8ringen"], [NaN, NaN, "av unders\u00f8kelsen."], [NaN, NaN, "Utfra en helhetsvurdering av fiskeriaktivitet samt type"], [NaN, NaN, "av oms\u00f8kte unders\u00f8kelse, vil ikke Fiskeridirektoratet"], [NaN, NaN, "anmode om fiskerikyndig bemanning."], ["19.05.2022", "Havforskningsinstituttets", "Havforskningsinstituttet har ingen merknader til mottatt"], [NaN, "uttalelse til endringsmelding", "endringsmelding."], ["16.05.2022", "Melding - Endringsmelding som", "Fart\u00f8yet melder om en liten forsinkelse som skyver p\u00e5"], [NaN, "krever saksbehandling", "oppstartsdato for ABP22104"]]}, "4": {"index": [0, 1, 2, 3, 4, 5, 6, 7, 8, 9, 10, 11, 12, 13, 14, 15, 16, 17, 18, 19, 20, 21, 22, 23, 24, 25, 26, 27, 28, 29, 30, 31, 32, 33, 34, 35, 36, 37, 38, 39, 40, 41, 42, 43, 44, 45], "columns": {"0": "03.05.2022", "1": "Oljedirektoratet uttalelse til", "2": "Oljedirektoratet (OD) viser til deres melding vedr\u00f8rende"}, "data": [[NaN, "innmelding", "denne unders\u00f8kelsen."], [NaN, NaN, "OD gj\u00f8r s\u00e6rlig oppmerksom p\u00e5 at fart\u00f8y som foretar en"], [NaN, NaN, "unders\u00f8kelse, skal holde forsvarlig avstand til fart\u00f8y"], [NaN, NaN, "som driver fiske, og til fastst\u00e5ende og flytende"], [NaN, NaN, "fiskeredskap. S\u00e6rlig aktsomhet skal utvises n\u00e5r st\u00f8rre"], [NaN, NaN, "ansamlinger av fiskefart\u00f8y observeres, jf. forskrift om"], [NaN, NaN, "ressursforvaltning innen petroleumsvirksomheten av"], [NaN, NaN, "13.12.2017 (ressursforskriften) \u00a7 8 andre ledd."], [NaN, NaN, "Uttalelser som er gitt av adressatene innenfor"], [NaN, NaN, "meldesystemet (jf. petroleumsforskriften \u00a7 6/"], [NaN, NaN, "ressursforskriften \u00a7 6) f\u00f8lger vedlagt. OD har ingen"], [NaN, NaN, "merknader til at unders\u00f8kelsen gjennomf\u00f8res som"], [NaN, NaN, "planlagt dersom tilr\u00e5dningene som angitt blir fulgt. Det"], [NaN, NaN, "er ikke stilt krav om fiskerikyndig bemanning for denne"], [NaN, NaN, "unders\u00f8kelsen."], [NaN, NaN, "Unders\u00f8kelser skal meldes inn i meldesystemet fem"], [NaN, NaN, "uker f\u00f8r planlagt oppstart, jfr. ressursforskriften \u00a7 6"], [NaN, NaN, "tredje ledd. Oljedirektoratet kan i s\u00e6rlige tilfeller"], [NaN, NaN, "dispensere fra bestemmelsen. I dette tilfellet er der"], [NaN, NaN, "ingen innvendinger til unders\u00f8kelsen. P\u00e5 denne"], [NaN, NaN, "bakgrunn gir OD i dette tilfellet dispensasjon fra fem-"], [NaN, NaN, "ukers-fristen, jfr. ressursforskriften \u00a7 6 siste ledd og \u00a7"], [NaN, NaN, "38. Dette inneb\u00e6rer at dere kan iverksette"], [NaN, NaN, "unders\u00f8kelsene som planlagt."], [NaN, NaN, "Dersom unders\u00f8kelsen aksepteres gjennomf\u00f8rt slik den"], [NaN, NaN, "er tilr\u00e5dd, stadfestes dette gjennom at det sendes inn"], [NaN, NaN, "oppstartsmelding n\u00e5r unders\u00f8kelsen starter, jf."], [NaN, NaN, "ressursforskriften \u00a7 6, 3.ledd."], [NaN, NaN, "Skulle det oppst\u00e5 situasjoner i forhold til"], [NaN, NaN, "fiskeriaktiviteten, ber vi om \u00e5 bli underrettet om dette."], [NaN, NaN, "Unders\u00f8kelsen kan bli stanset eller endret p\u00e5 kort varsel"], [NaN, NaN, "dersom det oppst\u00e5r konflikt med fiskeriene."], [NaN, NaN, "OD gj\u00f8r ogs\u00e5 oppmerksom p\u00e5 at ev. endringer m\u00e5"], [NaN, NaN, "meldes inn i henhold til ressursforskriften \u00a7 6. Det er"], [NaN, NaN, "krav om at alle slike regelverkspliktige meldinger,"], [NaN, NaN, "herunder oppstartsmelding, endringsmelding,"], [NaN, NaN, "ukemelding og sluttmelding \u2013 skal rapporteres gjennom"], [NaN, NaN, "ODs meldingssystem for unders\u00f8kelser."], [NaN, NaN, "Rettighetshaver og/eller den som st\u00e5r for driften av"], [NaN, NaN, "fart\u00f8yet skal for \u00f8vrig gj\u00f8re relevant regelverk,"], [NaN, NaN, "dokumenter og data tilgjengelig for den fiskerikyndige."], [NaN, NaN, "Regelverk og dokumenter skal foreligge p\u00e5 b\u00e5de norsk"], [NaN, NaN, "og engelsk. Det skal ogs\u00e5 legges til rette for at den"], [NaN, NaN, "fiskerikyndige har tilgang til internett og andre"], [NaN, NaN, "n\u00f8dvendige hjelpemidler jf. ressursforskriften \u00a7 9."], ["03.05.2022", "Status", "Planlagt"]]}, "5": {"index": [0, 1, 2, 3, 4, 5, 6, 7, 8, 9, 10, 11, 12, 13, 14, 15, 16], "columns": {"0": "02.05.2022", "1": "Havforskningsinstituttetsuttalelse til innmelding", "2": "Havforskningsinstituttet har ingen merknader til deplanlagte unders\u00f8kelsene og ser positivt p\u00e5 atoperat\u00f8ren tatt hensyn til forekomster av korallrevallerede i planleggingsfasen av unders\u00f8kelsen."}, "data": [["02.05.2022", "Fiskeridirektoratets uttalelse tilinnmelding", "Fiskerifaglig uttalelse:Unders\u00f8kelsen skal foreg\u00e5 130 km nordvest fran\u00e6rmeste land som er Vikna i N\u00e6r\u00f8ysund kommune iTr\u00f8ndelag fylke i perioden 16.05.2022 \u2013 05.06.2022.Fiskeriaktiviteten i unders\u00f8kelsesomr\u00e5det varierer noefra \u00e5r til \u00e5r. Med grunnlag fra historiske fiskeridataventes aktivitet med konvensjonelle havfiskefart\u00f8y ifisket etter brosme, lange i unders\u00f8kelsesomr\u00e5de.Sammendrag:Vi forutsetter at unders\u00f8kelsen utf\u00f8res med den st\u00f8rsteaktsomhet, uten \u00e5 v\u00e6re til hinder for fiskeriaktiviteten iomr\u00e5det som nevnt over.Det oppfordres at det etableres kontakt medKystvaktsentralen/Kystvakt for \u00e5 orientere seg omfiskeriaktivitet og st\u00e5ende fiskeredskap i omr\u00e5det.Unders\u00f8kelsen m\u00e5 stanses eller endres p\u00e5 kort varseldersom det oppst\u00e5r konflikter med fiskeriene.Utfra en helhetsvurdering av fiskeriaktivitet samt typeav oms\u00f8kte unders\u00f8kelse, vil ikke Fiskeridirektoratetanmode om fiskerikyndig bemanning."], ["29.04.2022", "Status", "Under behandling"], ["29.04.2022", "Melding - Innmelding", "Viser til unders\u00f8kelse ABP22101 som ble avlyst grunnetv\u00e6r utsikter. Denne meldingen er tilsvarende somABP22101- Same arbeidsomfang og samme fart\u00f8y. detskal gjennomf\u00f8res grunne geotekniske unders\u00f8kelser ir\u00f8rledningsruter og p\u00e5 template/struktur lokasjonermed bruk av sj\u00f8bunns utstyr. Fart\u00f8yet er statisk underunders\u00f8kelsene"], [NaN, NaN, NaN], ["icences", NaN, NaN], ["Type of licence", "Licence name", NaN], ["Utvinningstillatelse", "838", NaN], ["Utvinningstillatelse", "159 D", NaN], ["Utvinningstillatelse", "212", NaN], ["Utvinningstillatelse", "942", NaN], ["Utvinningstillatelse", "127", NaN], [NaN, NaN, NaN], ["ompany the acquisition is done for", NaN, NaN], ["Company name", NaN, NaN], ["Aker BP ASA", NaN, NaN], [NaN, NaN, NaN], ["ompany doing the acquisition", NaN, NaN]]}, "6": {"index": [], "columns": {"0": "Type data", "1": "Format", "2": "Medium", "3": "Comment"}, "data": []}, "7": {"index": [0, 1, 2, 3], "columns": {"0": "Vessel Name", "1": "Type of vessel", "2": "Phone", "3": "IMO-number", "4": "Call", "5": "Nation"}, "data": [[NaN, NaN, "number", NaN, "signal", NaN], ["Normand", "Hovedfart\u00f8y", NaN, 9249348.0, "LAXH7", "Norge"], ["Mermaid", "(innsamlingsfa", NaN, NaN, NaN, NaN], [NaN, "rt\u00f8y)", NaN, NaN, NaN, NaN]]}, "8": {"index": [], "columns": {"0": "From date", "1": "To date", "2": "Name", "3": "Phone number"}, "data": []}, "9": {"index": [0, 1, 2, 3, 4], "columns": {"0": "Point", "1": "NS", "2": "NS minutes", "3": "Unnamed: 0", "4": "EW", "5": "EW minutes", "6": "Unnamed: 1"}, "data": [["number", "degrees", "(decimal)", NaN, "degrees", "(decimal)", NaN], ["1", "65", "39.61", "N", "7", "39.51", "E"], ["2", "65", "59.45", "N", "7", "56.51", "E"], ["3", "65", "3.87", "N", "7", "56.32", "E"], ["4", "65", "51.35", "N", "7", "20.48", "E"]]}, "10": {"index": [0, 1, 2, 3, 4], "columns": {"0": "Point", "1": "NS", "2": "NS.1", "3": "NS.2", "4": "Unnamed: 0", "5": "EW", "6": "EW.1", "7": "EW.2", "8": "Unnamed: 1"}, "data": [["number", "degrees", "minutes", "seconds", NaN, "degrees", "minutes", "seconds", NaN], ["1", "65", "39", "36.88", "N", "7", "39", "30.50", "E"], ["2", "65", "59", "26.82", "N", "7", "56", "30.54", "E"], ["3", "65", "3", "51.96", "N", "7", "56", "19.32", "E"], ["4", "65", "51", "20.87", "N", "7", "20", "28.59", "E"]]}, "kind": "osdu:wks:master-data--Survey:1.0.0 ", "id": "npd:master-data--Factpages-Survey:10408"}