{"0": {"index": [0, 1, 2, 3, 4, 5, 6, 7, 8, 9, 10, 11, 12, 13, 14, 15, 16, 17, 18, 19, 20, 21, 22, 23, 24], "columns": {"0": "eneral information", "1": "Unnamed: 0"}, "data": [["Survey name", "NEP21301"], ["Legal basis", "Petroleumsforskriften jf Ressursforskriften"], ["NPDID for survey", "10101"], ["Factmaps - new window", "link to map"], ["Status", "Ferdig"], ["Area", "Nordsj\u00f8en"], ["Market available", "Nei"], ["Category", "Seismisk unders\u00f8kelse"], ["Main type", "Borestedunders\u00f8kelse"], ["Sub type", "2D"], ["Company - responsible", "Neptune Energy Norge AS"], ["Source type", "seismicSource"], ["Number of sources", "1"], ["Source size", "160"], ["Source pressure", "2000"], ["Sensor type", "cables"], ["Numbers of sensors", NaN], ["Sensor length [m]", "1200"], ["Sensor width [m]", NaN], ["Start date - planned", "20.05.2021"], ["Start date", "20.05.2021"], ["Completed date - planned", "10.06.2021"], ["Completed date", "25.05.2021"], ["Total length [boat km]", "102"], ["Net area - actual 3D/4D [km2]", NaN]]}, "1": {"index": [], "columns": {"0": "Unnamed: 0"}, "data": []}, "2": {"index": [0, 1, 2, 3], "columns": {"0": "Date", "1": "Type of update", "2": "Information"}, "data": [["25.05.2021", "Melding - Unders\u00f8kelsen er ferdig", NaN], ["22.05.2021", "Status", "Ferdig"], ["20.05.2021", "Status", "P\u00e5g\u00e5ende"], ["20.05.2021", "Melding - Unders\u00f8kelsen startesopp", NaN]]}, "3": {"index": [0, 1, 2, 3, 4, 5, 6, 7, 8, 9, 10, 11, 12, 13, 14, 15, 16, 17, 18, 19, 20, 21, 22, 23, 24, 25, 26, 27, 28, 29, 30, 31, 32, 33, 34, 35, 36, 37, 38, 39, 40, 41, 42, 43, 44, 45, 46], "columns": {"0": "03.05.2021", "1": "Oljedirektoratet uttalelse til", "2": "Oljedirektoratet (OD) viser til deres melding vedr\u00f8rende"}, "data": [[NaN, "innmelding", "denne unders\u00f8kelsen."], [NaN, NaN, "OD gj\u00f8r s\u00e6rlig oppmerksom p\u00e5 at fart\u00f8y som foretar en"], [NaN, NaN, "unders\u00f8kelse, skal holde forsvarlig avstand til fart\u00f8y"], [NaN, NaN, "som driver fiske, og til fastst\u00e5ende og flytende"], [NaN, NaN, "fiskeredskap. S\u00e6rlig aktsomhet skal utvises n\u00e5r st\u00f8rre"], [NaN, NaN, "ansamlinger av fiskefart\u00f8y observeres, jf. forskrift om"], [NaN, NaN, "ressursforvaltning innen petroleumsvirksomheten av"], [NaN, NaN, "13.12.2017 (ressursforskriften) \u00a7 8 andre ledd."], [NaN, NaN, "Det vises for \u00f8vrig til veileder om \"Gjennomf\u00f8ring av"], [NaN, NaN, "seismiske unders\u00f8kelser p\u00e5 norsk kontinentalsokkel\"."], [NaN, NaN, "OD viser til uttalelsene som er gitt av adressatene"], [NaN, NaN, "innenfor meldesystemet (jf. petroleumsforskriften \u00a7 6/"], [NaN, NaN, "ressursforskriften \u00a7 6), og har ingen merknader til at"], [NaN, NaN, "unders\u00f8kelsen  gjennomf\u00f8res som planlagt dersom"], [NaN, NaN, "disse tas til etterretning. Dette gjelder ogs\u00e5 ved krav"], [NaN, NaN, "om fiskerikyndig fra Fiskeridirektoratet."], [NaN, NaN, "Unders\u00f8kelser skal meldes inn i meldesystemet fem"], [NaN, NaN, "uker f\u00f8r planlagt oppstart, jfr. ressursforskriften \u00a7 6"], [NaN, NaN, "tredje ledd. Oljedirektoratet kan i s\u00e6rlige tilfeller"], [NaN, NaN, "dispensere fra bestemmelsen. I dette tilfellet er der"], [NaN, NaN, "ingen innvendinger til unders\u00f8kelsen. P\u00e5 denne"], [NaN, NaN, "bakgrunn gir OD i dette tilfelle dispensasjon fra fem-"], [NaN, NaN, "ukers-fristen, jfr. ressursforskriften \u00a7 6 siste ledd og \u00a7"], [NaN, NaN, "38. Dette inneb\u00e6rer at dere kan iverksette"], [NaN, NaN, "unders\u00f8kelsene som planlagt."], [NaN, NaN, "Dersom unders\u00f8kelsen aksepteres gjennomf\u00f8rt slik den"], [NaN, NaN, "er tilr\u00e5dd, stadfestes dette gjennom at det sendes inn"], [NaN, NaN, "melding om oppstart n\u00e5r unders\u00f8kelsen starter, jf."], [NaN, NaN, "ressursforskriften \u00a7 6, 3.ledd."], [NaN, NaN, "Skulle det oppst\u00e5 situasjoner i forbindelse med"], [NaN, NaN, "fiskeriaktiviteten, ber vi om \u00e5 bli underrettet om dette."], [NaN, NaN, "Unders\u00f8kelsen kan bli stanset eller endret p\u00e5 kort varsel"], [NaN, NaN, "dersom det oppst\u00e5r konflikt med fiskeriene."], [NaN, NaN, "OD gj\u00f8r ogs\u00e5 oppmerksom p\u00e5 at ev. endringer m\u00e5"], [NaN, NaN, "meldes inn i henhold til ressursforskriften \u00a7 6. Det er"], [NaN, NaN, "krav om at alle slike regelverkspliktige meldinger,"], [NaN, NaN, "herunder oppstartsmelding, endringsmelding,"], [NaN, NaN, "ukemelding og sluttmelding \u2013 skal rapporteres gjennom"], [NaN, NaN, "ODs innmeldingssystem for unders\u00f8kelser."], [NaN, NaN, "Rettighetshaver og/eller den som st\u00e5r for driften av"], [NaN, NaN, "fart\u00f8yet skal for \u00f8vrig gj\u00f8re relevant regelverk,"], [NaN, NaN, "dokumenter og data tilgjengelig for den fiskerikyndige."], [NaN, NaN, "Regelverk og dokumenter skal foreligge p\u00e5 b\u00e5de norsk"], [NaN, NaN, "og engelsk. Det skal ogs\u00e5 legges til rette for at den"], [NaN, NaN, "fiskerikyndige har tilgang til internett og andre"], [NaN, NaN, "n\u00f8dvendige hjelpemidler jf. ressursforskriften \u00a7 9."], ["03.05.2021", "Status", "Planlagt"]]}, "4": {"index": [0, 1, 2, 3, 4, 5, 6, 7, 8, 9, 10, 11, 12, 13, 14, 15, 16, 17, 18, 19, 20, 21, 22, 23, 24, 25, 26, 27, 28, 29, 30, 31, 32, 33, 34, 35, 36, 37], "columns": {"0": "30.04.2021", "1": "Fiskeridirektoratets uttalelse til", "2": "Fiskeridirektoratet region S\u00f8r viser til melding datert"}, "data": [[NaN, "innmelding", "23.04.21, vedr\u00f8rende 2D borestedsunders\u00f8kelse"], [NaN, NaN, "NEP21301."], [NaN, NaN, "Unders\u00f8kelsen planlegges gjennomf\u00f8rt i perioden 20.05"], [NaN, NaN, "- 10.06.21."], [NaN, NaN, "Fiskerifaglig vurdering og tilr\u00e5dning:"], [NaN, NaN, "Det kan ventes fiske av varierende intensitet i omr\u00e5det i"], [NaN, NaN, "meldt periode. Det kan i hele den innmeldte perioden"], [NaN, NaN, "ventes fiske etter industrifisk med tr\u00e5l, samt fiske med"], [NaN, NaN, "passive fiskeredskap (line)."], [NaN, NaN, "I mai og juni m\u00e5ned kan det ogs\u00e5 ventes fiske etter"], [NaN, NaN, "nordsj\u00f8sild med not. Dersom silda er tilgjengelig for"], [NaN, NaN, "fangst i omr\u00e5det kan det ventes at mange ringnotfart\u00f8y"], [NaN, NaN, "vil lete og drive fiske, og da kan fart\u00f8yene ligge tett."], [NaN, NaN, "Annen sporadisk fiskeriaktivitet kan heller ikke"], [NaN, NaN, "utelukkes."], [NaN, NaN, "Basert p\u00e5 unders\u00f8kelsens omfang og karakter (2D"], [NaN, NaN, "borestedsunders\u00f8kelse) er det en viss grad av"], [NaN, NaN, "fleksibilitet mht. praktisk gjennomf\u00f8ring."], [NaN, NaN, "Det skal v\u00e6re fiskerikyndig bemanning p\u00e5 fart\u00f8yet som"], [NaN, NaN, "ut\u00f8ver unders\u00f8kelsen, med mindre annet fremg\u00e5r av"], [NaN, NaN, "ODs tilbakemelding."], [NaN, NaN, "Vi forutsetter at unders\u00f8kelsen utf\u00f8res med den st\u00f8rste"], [NaN, NaN, "aktsomhet, uten \u00e5 v\u00e6re til hinder for fiskeriaktiviteten i"], [NaN, NaN, "omr\u00e5det som nevnt over. Det oppfordres til at den"], [NaN, NaN, "fiskerikyndige blir delaktig tidlig i den operative"], [NaN, NaN, "planleggingsfasen av unders\u00f8kelsen, og at det etableres"], [NaN, NaN, "kontakt med Kystvaktsentralen/Kystvakt for \u00e5 orientere"], [NaN, NaN, "seg om fiskeriaktivitet og st\u00e5ende fiskeredskap i"], [NaN, NaN, "omr\u00e5det."], [NaN, NaN, "Unders\u00f8kelsen m\u00e5 stanses eller endres p\u00e5 kort varsel"], [NaN, NaN, "dersom det oppst\u00e5r konflikter med fiskeriene."], ["29.04.2021", "Havforskningsinstituttets", "Havforskningsinstituttet har ingen merknader til den"], [NaN, "uttalelse til innmelding", "planlagte unders\u00f8kelsen. Vurderingen er gjort med"], [NaN, NaN, "hensyn til aktive gytefelt og konsentrerte"], [NaN, NaN, "gytevandringer for aktuelle fiskebestander"], [NaN, NaN, "(p\u00e5virkningsavstand 5 nmi)."], ["23.04.2021", "Status", "Under behandling"], ["23.04.2021", "Melding - Innmelding", NaN]]}, "5": {"index": [0], "columns": {"0": "Type of licence", "1": "Licence name"}, "data": [["Utvinningstillatelse", 882]]}, "6": {"index": [], "columns": {"0": "Type data", "1": "Format", "2": "Medium", "3": "Comment"}, "data": []}, "7": {"index": [0, 1, 2, 3], "columns": {"0": "Vessel Name", "1": "Type of vessel", "2": "Phone", "3": "IMO-number", "4": "Call", "5": "Nation"}, "data": [[NaN, NaN, "number", NaN, "signal", NaN], ["Fugro", "Hovedfart\u00f8y", "+44", 8101331.0, "C6QR4", "Baham"], ["Meridian", "(innsamlingsfa", "8452413 415", NaN, NaN, "as"], [NaN, "rt\u00f8y)", NaN, NaN, NaN, NaN]]}, "8": {"index": [0], "columns": {"0": "From date", "1": "To date", "2": "Name", "3": "Phone number"}, "data": [["20.05.2021", "10.06.2021", "Ken Rainer Vottestad", 90966007]]}, "9": {"index": [0, 1, 2, 3, 4, 5, 6, 7, 8, 9, 10, 11, 12, 13, 14], "columns": {"0": "Point", "1": "NS", "2": "NS minutes", "3": "Unnamed: 0", "4": "EW", "5": "EW minutes", "6": "Unnamed: 1"}, "data": [["number", "degrees", "(decimal)", NaN, "degrees", "(decimal)", NaN], ["1", "61", "28.36", "N", "2", "1.65", "E"], ["2", "61", "28.36", "N", "2", "1.65", "E"], ["3", "61", "28.36", "N", "2", "1.64", "E"], ["4", "61", "28.36", "N", "2", "1.64", "E"], ["5", "61", "28.36", "N", "2", "1.64", "E"], ["6", "61", "28.36", "N", "2", "1.64", "E"], ["7", "61", "28.36", "N", "2", "1.64", "E"], ["8", "61", "29.10", "N", "1", "59.41", "E"], ["9", "61", "27.78", "N", "1", "56.86", "E"], ["10", "61", "27.78", "N", "1", "56.86", "E"], ["11", "61", "27.78", "N", "1", "56.86", "E"], ["12", "61", "27.78", "N", "1", "56.86", "E"], ["13", "61", "27.78", "N", "1", "56.86", "E"], ["14", "61", "27.78", "N", "1", "56.85", "E"]]}, "10": {"index": [0, 1, 2, 3, 4, 5, 6, 7, 8, 9, 10, 11, 12, 13, 14, 15, 16, 17, 18, 19, 20, 21, 22, 23, 24, 25, 26, 27, 28, 29, 30, 31, 32, 33, 34, 35, 36, 37, 38, 39, 40, 41], "columns": {"0": "15", "1": "61", "2": "27.77", "3": "N", "4": "1", "5": "56.85", "6": "E"}, "data": [[16, 61, 27.77, "N", 1, 56.85, "E"], [17, 61, 27.77, "N", 1, 56.85, "E"], [18, 61, 27.77, "N", 1, 56.85, "E"], [19, 61, 27.77, "N", 1, 56.85, "E"], [20, 61, 27.78, "N", 1, 56.85, "E"], [21, 61, 27.78, "N", 1, 56.85, "E"], [22, 61, 27.78, "N", 1, 56.84, "E"], [23, 61, 27.78, "N", 1, 56.84, "E"], [24, 61, 27.78, "N", 1, 56.84, "E"], [25, 61, 29.32, "N", 1, 53.41, "E"], [26, 61, 28.91, "N", 1, 50.2, "E"], [27, 61, 28.91, "N", 1, 50.2, "E"], [28, 61, 28.91, "N", 1, 50.2, "E"], [29, 61, 28.91, "N", 1, 50.19, "E"], [30, 61, 28.91, "N", 1, 50.19, "E"], [31, 61, 28.91, "N", 1, 50.19, "E"], [32, 61, 28.91, "N", 1, 50.19, "E"], [33, 61, 28.91, "N", 1, 50.19, "E"], [34, 61, 28.91, "N", 1, 50.19, "E"], [35, 61, 28.91, "N", 1, 50.19, "E"], [36, 61, 28.91, "N", 1, 50.19, "E"], [37, 61, 29.23, "N", 1, 49.51, "E"], [38, 61, 29.23, "N", 1, 49.51, "E"], [39, 61, 29.23, "N", 1, 49.51, "E"], [40, 61, 29.23, "N", 1, 49.51, "E"], [41, 61, 29.23, "N", 1, 49.51, "E"], [42, 61, 29.23, "N", 1, 49.51, "E"], [43, 61, 29.24, "N", 1, 49.51, "E"], [44, 61, 29.24, "N", 1, 49.51, "E"], [45, 61, 29.24, "N", 1, 49.51, "E"], [46, 61, 29.24, "N", 1, 49.51, "E"], [47, 61, 29.24, "N", 1, 49.51, "E"], [48, 61, 29.24, "N", 1, 49.51, "E"], [49, 61, 29.24, "N", 1, 49.51, "E"], [50, 61, 29.24, "N", 1, 49.51, "E"], [51, 61, 29.24, "N", 1, 49.51, "E"], [52, 61, 29.24, "N", 1, 49.52, "E"], [53, 61, 29.24, "N", 1, 49.52, "E"], [54, 61, 29.24, "N", 1, 49.52, "E"], [55, 61, 29.24, "N", 1, 49.52, "E"], [56, 61, 29.65, "N", 1, 51.24, "E"], [57, 61, 30.88, "N", 1, 48.71, "E"]]}, "11": {"index": [0, 1, 2, 3, 4, 5, 6, 7, 8, 9, 10, 11, 12, 13, 14, 15, 16, 17, 18, 19, 20, 21, 22, 23, 24, 25, 26, 27, 28, 29, 30, 31, 32, 33, 34, 35, 36, 37, 38, 39, 40, 41], "columns": {"0": "58", "1": "61", "2": "30.88", "3": "N", "4": "1", "5": "48.71", "6": "E"}, "data": [[59, 61, 30.88, "N", 1, 48.71, "E"], [60, 61, 30.88, "N", 1, 48.71, "E"], [61, 61, 30.88, "N", 1, 48.71, "E"], [62, 61, 30.88, "N", 1, 48.71, "E"], [63, 61, 30.88, "N", 1, 48.71, "E"], [64, 61, 30.88, "N", 1, 48.71, "E"], [65, 61, 30.88, "N", 1, 48.71, "E"], [66, 61, 30.88, "N", 1, 48.71, "E"], [67, 61, 30.88, "N", 1, 48.71, "E"], [68, 61, 30.88, "N", 1, 48.71, "E"], [69, 61, 30.88, "N", 1, 48.71, "E"], [70, 61, 30.89, "N", 1, 48.71, "E"], [71, 61, 30.89, "N", 1, 48.71, "E"], [72, 61, 33.62, "N", 1, 54.24, "E"], [73, 61, 33.62, "N", 1, 54.24, "E"], [74, 61, 33.62, "N", 1, 54.24, "E"], [75, 61, 33.62, "N", 1, 54.24, "E"], [76, 61, 33.62, "N", 1, 54.24, "E"], [77, 61, 33.62, "N", 1, 54.24, "E"], [78, 61, 33.62, "N", 1, 54.24, "E"], [79, 61, 33.62, "N", 1, 54.24, "E"], [80, 61, 33.62, "N", 1, 54.25, "E"], [81, 61, 33.62, "N", 1, 54.25, "E"], [82, 61, 33.62, "N", 1, 54.25, "E"], [83, 61, 33.62, "N", 1, 54.25, "E"], [84, 61, 33.62, "N", 1, 54.25, "E"], [85, 61, 33.62, "N", 1, 54.25, "E"], [86, 61, 33.62, "N", 1, 54.25, "E"], [87, 61, 31.71, "N", 1, 58.46, "E"], [88, 61, 33.08, "N", 2, 1.23, "E"], [89, 61, 33.08, "N", 2, 1.23, "E"], [90, 61, 33.08, "N", 2, 1.24, "E"], [91, 61, 33.08, "N", 2, 1.24, "E"], [92, 61, 33.08, "N", 2, 1.24, "E"], [93, 61, 33.08, "N", 2, 1.24, "E"], [94, 61, 33.08, "N", 2, 1.24, "E"], [95, 61, 33.08, "N", 2, 1.24, "E"], [96, 61, 33.08, "N", 2, 1.24, "E"], [97, 61, 33.08, "N", 2, 1.24, "E"], [98, 61, 33.08, "N", 2, 1.25, "E"], [99, 61, 33.08, "N", 2, 1.25, "E"], [100, 61, 33.08, "N", 2, 1.25, "E"]]}, "12": {"index": [0, 1, 2, 3, 4, 5, 6, 7, 8, 9, 10, 11, 12, 13, 14, 15, 16, 17, 18, 19, 20, 21, 22, 23, 24, 25, 26, 27, 28, 29, 30, 31, 32, 33, 34, 35, 36, 37, 38, 39, 40, 41], "columns": {"0": "101", "1": "61", "2": "33.08", "3": "N", "4": "2", "5": "1.25", "6": "E"}, "data": [[102, 61, 33.08, "N", 2, 1.25, "E"], [103, 61, 31.66, "N", 2, 4.27, "E"], [104, 61, 31.66, "N", 2, 4.27, "E"], [105, 61, 31.66, "N", 2, 4.27, "E"], [106, 61, 31.66, "N", 2, 4.27, "E"], [107, 61, 31.66, "N", 2, 4.27, "E"], [108, 61, 31.66, "N", 2, 4.27, "E"], [109, 61, 31.66, "N", 2, 4.27, "E"], [110, 61, 31.66, "N", 2, 4.27, "E"], [111, 61, 31.66, "N", 2, 4.27, "E"], [112, 61, 31.66, "N", 2, 4.27, "E"], [113, 61, 31.65, "N", 2, 4.27, "E"], [114, 61, 31.65, "N", 2, 4.27, "E"], [115, 61, 31.65, "N", 2, 4.27, "E"], [116, 61, 31.65, "N", 2, 4.27, "E"], [117, 61, 31.65, "N", 2, 4.27, "E"], [118, 61, 29.8, "N", 2, 0.73, "E"], [119, 61, 28.69, "N", 2, 2.33, "E"], [120, 61, 28.69, "N", 2, 2.33, "E"], [121, 61, 28.69, "N", 2, 2.33, "E"], [122, 61, 28.69, "N", 2, 2.33, "E"], [123, 61, 28.69, "N", 2, 2.33, "E"], [124, 61, 28.69, "N", 2, 2.33, "E"], [125, 61, 28.69, "N", 2, 2.33, "E"], [126, 61, 28.69, "N", 2, 2.33, "E"], [127, 61, 28.69, "N", 2, 2.33, "E"], [128, 61, 28.69, "N", 2, 2.33, "E"], [129, 61, 28.69, "N", 2, 2.33, "E"], [130, 61, 28.69, "N", 2, 2.33, "E"], [131, 61, 28.69, "N", 2, 2.32, "E"], [132, 61, 28.69, "N", 2, 2.32, "E"], [133, 61, 28.36, "N", 2, 1.66, "E"], [134, 61, 28.36, "N", 2, 1.65, "E"], [135, 61, 28.36, "N", 2, 1.65, "E"], [136, 61, 28.36, "N", 2, 1.65, "E"], [137, 61, 28.36, "N", 2, 1.65, "E"], [138, 61, 28.36, "N", 2, 1.65, "E"], [139, 61, 28.36, "N", 2, 1.65, "E"], [140, 61, 27.79, "N", 1, 56.85, "E"], [141, 61, 29.11, "N", 1, 59.4, "E"], [142, 61, 29.11, "N", 1, 59.4, "E"], [143, 61, 29.11, "N", 1, 59.4, "E"]]}, "13": {"index": [0, 1, 2, 3, 4, 5, 6, 7, 8, 9, 10, 11, 12, 13, 14, 15, 16, 17, 18, 19, 20, 21, 22, 23, 24, 25, 26, 27, 28, 29, 30, 31, 32, 33, 34, 35, 36, 37, 38, 39, 40, 41], "columns": {"0": "144", "1": "61", "2": "29.11", "3": "N", "4": "1", "5": "59.40", "6": "E"}, "data": [[145, 61, 29.11, "N", 1, 59.4, "E"], [146, 61, 29.11, "N", 1, 59.4, "E"], [147, 61, 29.11, "N", 1, 59.4, "E"], [148, 61, 29.11, "N", 1, 59.41, "E"], [149, 61, 29.11, "N", 1, 59.41, "E"], [150, 61, 29.11, "N", 1, 59.41, "E"], [151, 61, 29.11, "N", 1, 59.41, "E"], [152, 61, 29.11, "N", 1, 59.41, "E"], [153, 61, 29.11, "N", 1, 59.41, "E"], [154, 61, 29.11, "N", 1, 59.41, "E"], [155, 61, 28.37, "N", 2, 1.65, "E"], [156, 61, 28.69, "N", 2, 2.3, "E"], [157, 61, 29.8, "N", 2, 0.71, "E"], [158, 61, 29.8, "N", 2, 0.71, "E"], [159, 61, 29.8, "N", 2, 0.71, "E"], [160, 61, 29.8, "N", 2, 0.71, "E"], [161, 61, 29.8, "N", 2, 0.71, "E"], [162, 61, 29.8, "N", 2, 0.71, "E"], [163, 61, 29.8, "N", 2, 0.71, "E"], [164, 61, 29.8, "N", 2, 0.71, "E"], [165, 61, 29.8, "N", 2, 0.71, "E"], [166, 61, 29.8, "N", 2, 0.71, "E"], [167, 61, 29.8, "N", 2, 0.71, "E"], [168, 61, 29.8, "N", 2, 0.71, "E"], [169, 61, 29.8, "N", 2, 0.71, "E"], [170, 61, 31.66, "N", 2, 4.25, "E"], [171, 61, 33.07, "N", 2, 1.24, "E"], [172, 61, 31.7, "N", 1, 58.47, "E"], [173, 61, 31.7, "N", 1, 58.47, "E"], [174, 61, 31.7, "N", 1, 58.47, "E"], [175, 61, 31.7, "N", 1, 58.47, "E"], [176, 61, 31.7, "N", 1, 58.47, "E"], [177, 61, 31.7, "N", 1, 58.46, "E"], [178, 61, 31.7, "N", 1, 58.46, "E"], [179, 61, 31.7, "N", 1, 58.46, "E"], [180, 61, 31.7, "N", 1, 58.46, "E"], [181, 61, 31.7, "N", 1, 58.46, "E"], [182, 61, 31.7, "N", 1, 58.46, "E"], [183, 61, 31.7, "N", 1, 58.46, "E"], [184, 61, 31.7, "N", 1, 58.46, "E"], [185, 61, 31.7, "N", 1, 58.45, "E"], [186, 61, 31.7, "N", 1, 58.45, "E"]]}, "14": {"index": [0, 1, 2, 3, 4, 5, 6, 7, 8, 9, 10, 11, 12, 13, 14, 15, 16, 17, 18, 19, 20, 21, 22, 23, 24, 25, 26, 27, 28, 29, 30, 31, 32], "columns": {"0": "187", "1": "61", "2": "33.60", "3": "N", "4": "1", "5": "54.24", "6": "E"}, "data": [[188, 61, 30.88, "N", 1, 48.74, "E"], [189, 61, 29.65, "N", 1, 51.27, "E"], [190, 61, 29.65, "N", 1, 51.27, "E"], [191, 61, 29.65, "N", 1, 51.27, "E"], [192, 61, 29.65, "N", 1, 51.27, "E"], [193, 61, 29.65, "N", 1, 51.27, "E"], [194, 61, 29.65, "N", 1, 51.27, "E"], [195, 61, 29.65, "N", 1, 51.27, "E"], [196, 61, 29.65, "N", 1, 51.27, "E"], [197, 61, 29.65, "N", 1, 51.27, "E"], [198, 61, 29.65, "N", 1, 51.27, "E"], [199, 61, 29.65, "N", 1, 51.27, "E"], [200, 61, 29.64, "N", 1, 51.27, "E"], [201, 61, 29.64, "N", 1, 51.27, "E"], [202, 61, 29.64, "N", 1, 51.27, "E"], [203, 61, 29.64, "N", 1, 51.27, "E"], [204, 61, 29.64, "N", 1, 51.27, "E"], [205, 61, 29.64, "N", 1, 51.27, "E"], [206, 61, 29.64, "N", 1, 51.27, "E"], [207, 61, 29.64, "N", 1, 51.27, "E"], [208, 61, 29.23, "N", 1, 49.54, "E"], [209, 61, 28.92, "N", 1, 50.2, "E"], [210, 61, 29.33, "N", 1, 53.41, "E"], [211, 61, 29.33, "N", 1, 53.41, "E"], [212, 61, 29.33, "N", 1, 53.41, "E"], [213, 61, 29.33, "N", 1, 53.41, "E"], [214, 61, 29.33, "N", 1, 53.41, "E"], [215, 61, 29.33, "N", 1, 53.42, "E"], [216, 61, 29.33, "N", 1, 53.42, "E"], [217, 61, 29.33, "N", 1, 53.42, "E"], [218, 61, 29.33, "N", 1, 53.42, "E"], [219, 61, 29.33, "N", 1, 53.42, "E"], [220, 61, 29.33, "N", 1, 53.42, "E"]]}, "15": {"index": [0, 1, 2], "columns": {"0": "Point", "1": "NS", "2": "NS.1", "3": "NS.2", "4": "Unnamed: 0", "5": "EW", "6": "EW.1", "7": "EW.2", "8": "Unnamed: 1"}, "data": [["number", "degrees", "minutes", "seconds", NaN, "degrees", "minutes", "seconds", NaN], ["1", "61", "28", "21.31", "N", "2", "1", "38.82", "E"], ["2", "61", "28", "21.31", "N", "2", "1", "38.74", "E"]]}, "16": {"index": [0, 1, 2, 3, 4, 5, 6, 7, 8, 9, 10, 11, 12, 13, 14, 15, 16, 17, 18, 19, 20, 21, 22, 23, 24, 25, 26, 27, 28, 29, 30, 31, 32, 33, 34, 35, 36, 37, 38, 39, 40, 41], "columns": {"0": "3", "1": "61", "2": "28", "3": "21.32", "4": "N", "5": "2", "6": "1", "7": "38.67", "8": "E"}, "data": [[4, 61, 28, 21.33, "N", 2, 1, 38.59, "E"], [5, 61, 28, 21.34, "N", 2, 1, 38.52, "E"], [6, 61, 28, 21.36, "N", 2, 1, 38.45, "E"], [7, 61, 28, 21.37, "N", 2, 1, 38.44, "E"], [8, 61, 29, 5.79, "N", 1, 59, 24.42, "E"], [9, 61, 27, 46.58, "N", 1, 56, 51.51, "E"], [10, 61, 27, 46.58, "N", 1, 56, 51.5, "E"], [11, 61, 27, 46.55, "N", 1, 56, 51.45, "E"], [12, 61, 27, 46.53, "N", 1, 56, 51.38, "E"], [13, 61, 27, 46.51, "N", 1, 56, 51.32, "E"], [14, 61, 27, 46.5, "N", 1, 56, 51.24, "E"], [15, 61, 27, 46.49, "N", 1, 56, 51.17, "E"], [16, 61, 27, 46.48, "N", 1, 56, 51.09, "E"], [17, 61, 27, 46.48, "N", 1, 56, 51.01, "E"], [18, 61, 27, 46.48, "N", 1, 56, 50.93, "E"], [19, 61, 27, 46.49, "N", 1, 56, 50.86, "E"], [20, 61, 27, 46.5, "N", 1, 56, 50.78, "E"], [21, 61, 27, 46.51, "N", 1, 56, 50.71, "E"], [22, 61, 27, 46.53, "N", 1, 56, 50.64, "E"], [23, 61, 27, 46.55, "N", 1, 56, 50.58, "E"], [24, 61, 27, 46.56, "N", 1, 56, 50.55, "E"], [25, 61, 29, 18.94, "N", 1, 53, 24.56, "E"], [26, 61, 28, 54.72, "N", 1, 50, 11.84, "E"], [27, 61, 28, 54.72, "N", 1, 50, 11.83, "E"], [28, 61, 28, 54.71, "N", 1, 50, 11.75, "E"], [29, 61, 28, 54.71, "N", 1, 50, 11.67, "E"], [30, 61, 28, 54.71, "N", 1, 50, 11.59, "E"], [31, 61, 28, 54.72, "N", 1, 50, 11.52, "E"], [32, 61, 28, 54.73, "N", 1, 50, 11.44, "E"], [33, 61, 28, 54.74, "N", 1, 50, 11.37, "E"], [34, 61, 28, 54.76, "N", 1, 50, 11.3, "E"], [35, 61, 28, 54.78, "N", 1, 50, 11.24, "E"], [36, 61, 28, 54.8, "N", 1, 50, 11.2, "E"], [37, 61, 29, 13.95, "N", 1, 49, 30.89, "E"], [38, 61, 29, 13.96, "N", 1, 49, 30.87, "E"], [39, 61, 29, 13.99, "N", 1, 49, 30.82, "E"], [40, 61, 29, 14.02, "N", 1, 49, 30.78, "E"], [41, 61, 29, 14.05, "N", 1, 49, 30.74, "E"], [42, 61, 29, 14.09, "N", 1, 49, 30.72, "E"], [43, 61, 29, 14.12, "N", 1, 49, 30.7, "E"], [44, 61, 29, 14.16, "N", 1, 49, 30.69, "E"], [45, 61, 29, 14.2, "N", 1, 49, 30.69, "E"]]}, "17": {"index": [0, 1, 2, 3, 4, 5, 6, 7, 8, 9, 10, 11, 12, 13, 14, 15, 16, 17, 18, 19, 20, 21, 22, 23, 24, 25, 26, 27, 28, 29, 30, 31, 32, 33, 34, 35, 36, 37, 38, 39, 40, 41], "columns": {"0": "46", "1": "61", "2": "29", "3": "14.23", "4": "N", "5": "1", "6": "49", "7": "30.70", "8": "E"}, "data": [[47, 61, 29, 14.27, "N", 1, 49, 30.72, "E"], [48, 61, 29, 14.31, "N", 1, 49, 30.74, "E"], [49, 61, 29, 14.34, "N", 1, 49, 30.78, "E"], [50, 61, 29, 14.37, "N", 1, 49, 30.82, "E"], [51, 61, 29, 14.4, "N", 1, 49, 30.87, "E"], [52, 61, 29, 14.43, "N", 1, 49, 30.93, "E"], [53, 61, 29, 14.45, "N", 1, 49, 30.99, "E"], [54, 61, 29, 14.47, "N", 1, 49, 31.06, "E"], [55, 61, 29, 14.47, "N", 1, 49, 31.07, "E"], [56, 61, 29, 38.89, "N", 1, 51, 14.51, "E"], [57, 61, 30, 52.7, "N", 1, 48, 42.8, "E"], [58, 61, 30, 52.7, "N", 1, 48, 42.79, "E"], [59, 61, 30, 52.73, "N", 1, 48, 42.74, "E"], [60, 61, 30, 52.76, "N", 1, 48, 42.7, "E"], [61, 61, 30, 52.8, "N", 1, 48, 42.66, "E"], [62, 61, 30, 52.83, "N", 1, 48, 42.63, "E"], [63, 61, 30, 52.87, "N", 1, 48, 42.62, "E"], [64, 61, 30, 52.91, "N", 1, 48, 42.61, "E"], [65, 61, 30, 52.94, "N", 1, 48, 42.61, "E"], [66, 61, 30, 52.98, "N", 1, 48, 42.62, "E"], [67, 61, 30, 53.02, "N", 1, 48, 42.63, "E"], [68, 61, 30, 53.05, "N", 1, 48, 42.66, "E"], [69, 61, 30, 53.09, "N", 1, 48, 42.7, "E"], [70, 61, 30, 53.12, "N", 1, 48, 42.74, "E"], [71, 61, 30, 53.15, "N", 1, 48, 42.79, "E"], [72, 61, 33, 36.96, "N", 1, 54, 14.15, "E"], [73, 61, 33, 36.98, "N", 1, 54, 14.2, "E"], [74, 61, 33, 37.0, "N", 1, 54, 14.27, "E"], [75, 61, 33, 37.02, "N", 1, 54, 14.34, "E"], [76, 61, 33, 37.04, "N", 1, 54, 14.41, "E"], [77, 61, 33, 37.05, "N", 1, 54, 14.48, "E"], [78, 61, 33, 37.05, "N", 1, 54, 14.56, "E"], [79, 61, 33, 37.06, "N", 1, 54, 14.64, "E"], [80, 61, 33, 37.05, "N", 1, 54, 14.72, "E"], [81, 61, 33, 37.05, "N", 1, 54, 14.8, "E"], [82, 61, 33, 37.04, "N", 1, 54, 14.87, "E"], [83, 61, 33, 37.02, "N", 1, 54, 14.94, "E"], [84, 61, 33, 37.0, "N", 1, 54, 15.01, "E"], [85, 61, 33, 36.98, "N", 1, 54, 15.08, "E"], [86, 61, 33, 36.97, "N", 1, 54, 15.11, "E"], [87, 61, 31, 42.8, "N", 1, 58, 27.68, "E"], [88, 61, 33, 4.8, "N", 2, 1, 14.03, "E"]]}, "18": {"index": [0, 1, 2, 3, 4, 5, 6, 7, 8, 9, 10, 11, 12, 13, 14, 15, 16, 17, 18, 19, 20, 21, 22, 23, 24, 25, 26, 27, 28, 29, 30, 31, 32, 33, 34, 35, 36, 37, 38, 39, 40, 41], "columns": {"0": "89", "1": "61", "2": "33", "3": "4.82", "4": "N", "5": "2", "6": "1", "7": "14.08", "8": "E"}, "data": [[90, 61, 33, 4.85, "N", 2, 1, 14.15, "E"], [91, 61, 33, 4.86, "N", 2, 1, 14.21, "E"], [92, 61, 33, 4.88, "N", 2, 1, 14.29, "E"], [93, 61, 33, 4.89, "N", 2, 1, 14.36, "E"], [94, 61, 33, 4.9, "N", 2, 1, 14.44, "E"], [95, 61, 33, 4.9, "N", 2, 1, 14.52, "E"], [96, 61, 33, 4.9, "N", 2, 1, 14.6, "E"], [97, 61, 33, 4.89, "N", 2, 1, 14.67, "E"], [98, 61, 33, 4.88, "N", 2, 1, 14.75, "E"], [99, 61, 33, 4.86, "N", 2, 1, 14.82, "E"], [100, 61, 33, 4.85, "N", 2, 1, 14.89, "E"], [101, 61, 33, 4.82, "N", 2, 1, 14.95, "E"], [102, 61, 33, 4.81, "N", 2, 1, 14.99, "E"], [103, 61, 31, 39.61, "N", 2, 4, 16.16, "E"], [104, 61, 31, 39.61, "N", 2, 4, 16.18, "E"], [105, 61, 31, 39.58, "N", 2, 4, 16.23, "E"], [106, 61, 31, 39.55, "N", 2, 4, 16.27, "E"], [107, 61, 31, 39.51, "N", 2, 4, 16.31, "E"], [108, 61, 31, 39.48, "N", 2, 4, 16.34, "E"], [109, 61, 31, 39.44, "N", 2, 4, 16.35, "E"], [110, 61, 31, 39.4, "N", 2, 4, 16.36, "E"], [111, 61, 31, 39.37, "N", 2, 4, 16.36, "E"], [112, 61, 31, 39.33, "N", 2, 4, 16.35, "E"], [113, 61, 31, 39.29, "N", 2, 4, 16.34, "E"], [114, 61, 31, 39.26, "N", 2, 4, 16.31, "E"], [115, 61, 31, 39.22, "N", 2, 4, 16.27, "E"], [116, 61, 31, 39.19, "N", 2, 4, 16.23, "E"], [117, 61, 31, 39.17, "N", 2, 4, 16.19, "E"], [118, 61, 29, 47.91, "N", 2, 0, 44.03, "E"], [119, 61, 28, 41.59, "N", 2, 2, 19.52, "E"], [120, 61, 28, 41.57, "N", 2, 2, 19.55, "E"], [121, 61, 28, 41.54, "N", 2, 2, 19.59, "E"], [122, 61, 28, 41.5, "N", 2, 2, 19.61, "E"], [123, 61, 28, 41.47, "N", 2, 2, 19.63, "E"], [124, 61, 28, 41.43, "N", 2, 2, 19.64, "E"], [125, 61, 28, 41.39, "N", 2, 2, 19.64, "E"], [126, 61, 28, 41.35, "N", 2, 2, 19.63, "E"], [127, 61, 28, 41.32, "N", 2, 2, 19.61, "E"], [128, 61, 28, 41.28, "N", 2, 2, 19.59, "E"], [129, 61, 28, 41.25, "N", 2, 2, 19.55, "E"], [130, 61, 28, 41.22, "N", 2, 2, 19.51, "E"], [131, 61, 28, 41.19, "N", 2, 2, 19.46, "E"]]}, "19": {"index": [0, 1, 2, 3, 4, 5, 6, 7, 8, 9, 10, 11, 12, 13, 14, 15, 16, 17, 18, 19, 20, 21, 22, 23, 24, 25, 26, 27, 28, 29, 30, 31, 32, 33, 34, 35, 36, 37, 38, 39, 40, 41], "columns": {"0": "132", "1": "61", "2": "28", "3": "41.19", "4": "N", "5": "2", "6": "2.1", "7": "19.45", "8": "E"}, "data": [[133, 61, 28, 21.41, "N", 2, 1, 39.31, "E"], [134, 61, 28, 21.38, "N", 2, 1, 39.26, "E"], [135, 61, 28, 21.36, "N", 2, 1, 39.19, "E"], [136, 61, 28, 21.34, "N", 2, 1, 39.13, "E"], [137, 61, 28, 21.33, "N", 2, 1, 39.05, "E"], [138, 61, 28, 21.32, "N", 2, 1, 38.98, "E"], [139, 61, 28, 21.31, "N", 2, 1, 38.9, "E"], [140, 61, 27, 47.26, "N", 1, 56, 50.98, "E"], [141, 61, 29, 6.44, "N", 1, 59, 23.83, "E"], [142, 61, 29, 6.46, "N", 1, 59, 23.89, "E"], [143, 61, 29, 6.49, "N", 1, 59, 23.95, "E"], [144, 61, 29, 6.5, "N", 1, 59, 24.02, "E"], [145, 61, 29, 6.52, "N", 1, 59, 24.09, "E"], [146, 61, 29, 6.53, "N", 1, 59, 24.17, "E"], [147, 61, 29, 6.54, "N", 1, 59, 24.24, "E"], [148, 61, 29, 6.54, "N", 1, 59, 24.32, "E"], [149, 61, 29, 6.54, "N", 1, 59, 24.4, "E"], [150, 61, 29, 6.53, "N", 1, 59, 24.48, "E"], [151, 61, 29, 6.52, "N", 1, 59, 24.55, "E"], [152, 61, 29, 6.5, "N", 1, 59, 24.63, "E"], [153, 61, 29, 6.49, "N", 1, 59, 24.69, "E"], [154, 61, 29, 6.48, "N", 1, 59, 24.71, "E"], [155, 61, 28, 22.05, "N", 2, 1, 38.74, "E"], [156, 61, 28, 41.45, "N", 2, 2, 18.1, "E"], [157, 61, 29, 47.75, "N", 2, 0, 42.61, "E"], [158, 61, 29, 47.77, "N", 2, 0, 42.58, "E"], [159, 61, 29, 47.81, "N", 2, 0, 42.55, "E"], [160, 61, 29, 47.84, "N", 2, 0, 42.52, "E"], [161, 61, 29, 47.88, "N", 2, 0, 42.5, "E"], [162, 61, 29, 47.91, "N", 2, 0, 42.49, "E"], [163, 61, 29, 47.95, "N", 2, 0, 42.49, "E"], [164, 61, 29, 47.99, "N", 2, 0, 42.5, "E"], [165, 61, 29, 48.03, "N", 2, 0, 42.52, "E"], [166, 61, 29, 48.06, "N", 2, 0, 42.55, "E"], [167, 61, 29, 48.09, "N", 2, 0, 42.58, "E"], [168, 61, 29, 48.13, "N", 2, 0, 42.63, "E"], [169, 61, 29, 48.15, "N", 2, 0, 42.67, "E"], [170, 61, 31, 39.37, "N", 2, 4, 14.75, "E"], [171, 61, 33, 4.12, "N", 2, 1, 14.53, "E"], [172, 61, 31, 42.12, "N", 1, 58, 28.19, "E"], [173, 61, 31, 42.09, "N", 1, 58, 28.13, "E"], [174, 61, 31, 42.07, "N", 1, 58, 28.07, "E"]]}, "20": {"index": [0, 1, 2, 3, 4, 5, 6, 7, 8, 9, 10, 11, 12, 13, 14, 15, 16, 17, 18, 19, 20, 21, 22, 23, 24, 25, 26, 27, 28, 29, 30, 31, 32, 33, 34, 35, 36, 37, 38, 39, 40, 41], "columns": {"0": "175", "1": "61", "2": "31", "3": "42.05", "4": "N", "5": "1", "6": "58", "7": "28.00", "8": "E"}, "data": [[176, 61, 31, 42.04, "N", 1, 58, 27.93, "E"], [177, 61, 31, 42.03, "N", 1, 58, 27.86, "E"], [178, 61, 31, 42.02, "N", 1, 58, 27.78, "E"], [179, 61, 31, 42.02, "N", 1, 58, 27.7, "E"], [180, 61, 31, 42.02, "N", 1, 58, 27.62, "E"], [181, 61, 31, 42.03, "N", 1, 58, 27.54, "E"], [182, 61, 31, 42.04, "N", 1, 58, 27.47, "E"], [183, 61, 31, 42.05, "N", 1, 58, 27.4, "E"], [184, 61, 31, 42.07, "N", 1, 58, 27.33, "E"], [185, 61, 31, 42.09, "N", 1, 58, 27.26, "E"], [186, 61, 31, 42.11, "N", 1, 58, 27.23, "E"], [187, 61, 33, 36.28, "N", 1, 54, 14.66, "E"], [188, 61, 30, 52.93, "N", 1, 48, 44.23, "E"], [189, 61, 29, 39.02, "N", 1, 51, 16.13, "E"], [190, 61, 29, 39.02, "N", 1, 51, 16.14, "E"], [191, 61, 29, 38.99, "N", 1, 51, 16.19, "E"], [192, 61, 29, 38.96, "N", 1, 51, 16.23, "E"], [193, 61, 29, 38.92, "N", 1, 51, 16.27, "E"], [194, 61, 29, 38.89, "N", 1, 51, 16.29, "E"], [195, 61, 29, 38.85, "N", 1, 51, 16.31, "E"], [196, 61, 29, 38.82, "N", 1, 51, 16.32, "E"], [197, 61, 29, 38.78, "N", 1, 51, 16.32, "E"], [198, 61, 29, 38.74, "N", 1, 51, 16.31, "E"], [199, 61, 29, 38.7, "N", 1, 51, 16.29, "E"], [200, 61, 29, 38.67, "N", 1, 51, 16.27, "E"], [201, 61, 29, 38.64, "N", 1, 51, 16.23, "E"], [202, 61, 29, 38.6, "N", 1, 51, 16.19, "E"], [203, 61, 29, 38.58, "N", 1, 51, 16.14, "E"], [204, 61, 29, 38.55, "N", 1, 51, 16.08, "E"], [205, 61, 29, 38.53, "N", 1, 51, 16.02, "E"], [206, 61, 29, 38.51, "N", 1, 51, 15.95, "E"], [207, 61, 29, 38.51, "N", 1, 51, 15.94, "E"], [208, 61, 29, 14.09, "N", 1, 49, 32.51, "E"], [209, 61, 28, 55.39, "N", 1, 50, 11.87, "E"], [210, 61, 29, 19.61, "N", 1, 53, 24.57, "E"], [211, 61, 29, 19.61, "N", 1, 53, 24.59, "E"], [212, 61, 29, 19.61, "N", 1, 53, 24.67, "E"], [213, 61, 29, 19.62, "N", 1, 53, 24.75, "E"], [214, 61, 29, 19.61, "N", 1, 53, 24.82, "E"], [215, 61, 29, 19.61, "N", 1, 53, 24.9, "E"], [216, 61, 29, 19.6, "N", 1, 53, 24.98, "E"], [217, 61, 29, 19.58, "N", 1, 53, 25.05, "E"]]}, "21": {"index": [0, 1], "columns": {"0": "218", "1": "61", "2": "29", "3": "19.56", "4": "N", "5": "1", "6": "53", "7": "25.12", "8": "E"}, "data": [[219, 61, 29, 19.54, "N", 1, 53, 25.18, "E"], [220, 61, 29, 19.53, "N", 1, 53, 25.21, "E"]]}, "kind": "osdu:wks:master-data--Survey:1.0.0 ", "id": "npd:master-data--Factpages-Survey:10101"}