{"0": {"index": [0, 1, 2, 3, 4, 5, 6], "columns": {"0": "Field name", "1": "B\u00d8YLA"}, "data": [["Factmaps in new window", "link to map"], ["Current activity status", "Producing"], ["Discovery wellbore", "24/9-9 S"], ["Discovery year.", "2009"], ["Main area", "North sea"], ["Main supply base", NaN], ["NPDID field", "22492497"]]}, "1": {"index": [0, 1], "columns": {"0": "Discovery name"}, "data": [["24/9-12 S (Frosk)"], ["24/9-9 S B\u00f8yla"]]}, "2": {"index": [0, 1, 2], "columns": {"0": "Status", "1": "Status from", "2": "Status to"}, "data": [["Producing", "19.01.2015", NaN], ["Approved for", "26.10.2012", "18.01.2015"], ["production", NaN, NaN]]}, "3": {"index": [0, 1], "columns": {"0": "Unnamed: 0", "1": "Block name", "2": "Prod. licence"}, "data": [["24/9", NaN, "340 BS"], ["24/9", NaN, "340"]]}, "4": {"index": [0], "columns": {"0": "Owner kind", "1": "Unnamed: 0", "2": "Owner name"}, "data": [["PRODUCTION LICENSE", 340, NaN]]}, "5": {"index": [0, 1], "columns": {"0": "Unnamed: 0", "1": "Company name", "2": "Nation code", "3": "Company share [%]"}, "data": [["Aker BP ASA", NaN, "NO", 80.0], ["V\u00e5r Energi ASA", NaN, "NO", 20.0]]}, "6": {"index": [0, 1, 2], "columns": {"0": "Orig. recoverable", "1": "Orig. recoverable.1", "2": "Orig. recoverable.2", "3": "Orig. recoverable.3", "4": "Orig. recoverable.4"}, "data": [["oil", "gas", "NGL", "cond.", "oil eq."], ["[mill Sm3]", "[bill Sm3]", "[mill tonn]", "[mill Sm3]", "[mill Sm3 o.e]"], ["5.28", "0.34", "0.00", "0.00", "5.62"]]}, "7": {"index": [0, 1], "columns": {"0": "Remaining oil", "1": "Remaining gas", "2": "Remaining NGL", "3": "Remaining cond.", "4": "Remaining oil eq."}, "data": [["[mill Sm3]", "[bill Sm3]", "[mill tonn]", "[mill Sm3]", "[mill Sm3 o.e]"], ["2.20", "0.09", "0.00", "0.00", "2.29"]]}, "8": {"index": [0, 1, 2], "columns": {"0": "Orig. inplace oil", "1": "Orig. inplace ass.", "2": "Orig. inplace ass..1", "3": "Orig. inplace free"}, "data": [["[mill Sm3]", "liquid", "gas", "gas"], [NaN, "[mill Sm3]", "[bill Sm3]", "[bill Sm3]"], ["15.00", "0.00", "1.00", "0.00"]]}, "9": {"index": [0, 1, 2, 3, 4, 5, 6, 7, 8, 9, 10, 11, 12, 13, 14, 15, 16, 17, 18, 19, 20, 21, 22, 23], "columns": {"0": "Type", "1": "Text", "2": "Date"}, "data": [[NaN, NaN, "updated"], ["Development", "B\u00f8yla is a field in the central part of the North Sea, 28", "28.02.2023"], [NaN, "kilometres south of the Alvheim field. The water depth is 120", NaN], [NaN, "metres. B\u00f8yla was discovered in 2009, and the plan for", NaN], [NaN, "development and operation (PDO) was approved in 2012. The", NaN], [NaN, "field is developed with a subsea template including two", NaN], [NaN, "horizontal production wells and one water injection well. The", NaN], [NaN, "field is tied-back to the Alvheim production, storage and", NaN], [NaN, "offloading vessel (FPSO). Production started in 2015.", NaN], ["Reservoir", "B\u00f8yla produces oil from sandstone of late Paleocene to early", "28.02.2023"], [NaN, "Eocene age in the Hermod Formation. The reservoir has good", NaN], [NaN, "quality and lies in a channelised submarine fan system at depth", NaN], [NaN, "of 2,100 metres.", NaN], ["Recovery strategy", "The field is produced with pressure support from water", "28.02.2023"], [NaN, "injection. Gas lift is also necessary to support flow in the wells.", NaN], ["Transport", "The well stream is transported by pipeline to the Alvheim FPSO,", "28.02.2023"], [NaN, "where the oil is stabilised and stored before it is exported by", NaN], [NaN, "tankers. Processed rich gas is transported by pipeline from", NaN], [NaN, "Alvheim to the Scottish Area Gas Evacuation (SAGE) pipeline on", NaN], [NaN, "the UK continental shelf.", NaN], ["Status", "Test production from the nearby discovery 24/9-12 S (Frosk)", "28.02.2023"], [NaN, "started in 2019 and provided the basis for the PDO for Frosk", NaN], [NaN, "that was approved in 2022. Frosk is included in the B\u00f8yla field,", NaN], [NaN, "which is periodically shut-in because of the production of Frosk.", NaN]]}, "10": {"index": [0, 1, 2, 3, 4, 5, 6, 7, 8, 9, 10, 11, 12], "columns": {"0": "Unnamed: 0", "1": "Investments"}, "data": [[NaN, "[mill NOK nominal"], [NaN, "values]"], ["Sum", "5629"], ["2021", "186"], ["2020", "0"], ["2018", "19"], ["2017", "26"], ["2016", "-71"], ["2015", "432"], ["2014", "3260"], ["2013", "1276"], ["2012", "414"], ["2011", "85"]]}, "11": {"index": [0, 1, 2, 3, 4, 5, 6, 7, 8, 9, 10, 11, 12, 13, 14, 15, 16, 17, 18, 19, 20, 21], "columns": {"0": "Unnamed: 0", "1": "Month", "2": "Net - oil", "3": "Net - gas", "4": "Net -", "5": "Net - NGL", "6": "Net - oil equivalents"}, "data": [[NaN, NaN, "[mill Sm3]", "[bill Sm3]", "condensate", "[mill Sm3]", NaN], [NaN, NaN, NaN, NaN, "[mill Sm3]", NaN, "[mill Sm3]"], ["Sum", NaN, "3.382182", "0.299926", "0.000000", "0.000000", "3.682108"], ["2023", NaN, "0.198060", "0.012337", "0.000000", "0.000000", "0.210397"], [NaN, 1.0, "0.011876", "0.002397", "0.000000", "0.000000", "0.014273"], [NaN, 2.0, "0.010591", "0.001012", "0.000000", "0.000000", "0.011603"], [NaN, 3.0, "0.043525", "0.002176", "0.000000", "0.000000", "0.045701"], [NaN, 4.0, "0.045526", "0.002390", "0.000000", "0.000000", "0.047916"], [NaN, 5.0, "0.042183", "0.002161", "0.000000", "0.000000", "0.044344"], [NaN, 6.0, "0.044359", "0.002201", "0.000000", "0.000000", "0.046560"], ["2022", NaN, "0.131649", "0.018106", "0.000000", "0.000000", "0.149755"], [NaN, 1.0, "0.013431", "0.000511", "0.000000", "0.000000", "0.013942"], [NaN, 2.0, "0.010292", "0.000391", "0.000000", "0.000000", "0.010683"], [NaN, 3.0, "0.010505", "0.000402", "0.000000", "0.000000", "0.010907"], [NaN, 4.0, "0.009620", "0.000350", "0.000000", "0.000000", "0.009970"], [NaN, 5.0, "0.009881", "0.000428", "0.000000", "0.000000", "0.010309"], [NaN, 6.0, "0.008472", "0.000352", "0.000000", "0.000000", "0.008824"], [NaN, 7.0, "0.009105", "0.000341", "0.000000", "0.000000", "0.009446"], [NaN, 8.0, "0.008721", "0.000315", "0.000000", "0.000000", "0.009036"], [NaN, 9.0, "0.008082", "0.000276", "0.000000", "0.000000", "0.008358"], [NaN, 10.0, "0.015642", "0.005411", "0.000000", "0.000000", "0.021053"], [NaN, 11.0, "0.012361", "0.004371", "0.000000", "0.000000", "0.016732"]]}, "12": {"index": [0, 1, 2, 3, 4, 5, 6, 7, 8, 9, 10, 11, 12, 13, 14, 15, 16, 17, 18, 19, 20, 21, 22, 23, 24, 25, 26, 27, 28, 29, 30, 31, 32, 33, 34, 35, 36, 37, 38, 39, 40, 41], "columns": {"0": "2022", "1": "12", "2": "0.015537", "3": "0.004958", "4": "0.000000", "5": "0.000000.1", "6": "Unnamed: 0"}, "data": [[2021.0, NaN, 0.151046, 0.011739, 0.0, 0.0, 0.162785], [NaN, 1.0, 0.02617, 0.001492, 0.0, 0.0, 0.027662], [NaN, 2.0, 0.02174, 0.001045, 0.0, 0.0, 0.022785], [NaN, 3.0, 0.015663, 0.001096, 0.0, 0.0, 0.016759], [NaN, 4.0, 0.010214, 0.001028, 0.0, 0.0, 0.011242], [NaN, 5.0, 0.008687, 0.000932, 0.0, 0.0, 0.009619], [NaN, 6.0, 0.00845, 0.000943, 0.0, 0.0, 0.009393], [NaN, 7.0, 0.008098, 0.000939, 0.0, 0.0, 0.009037], [NaN, 8.0, 0.00501, 0.000433, 0.0, 0.0, 0.005443], [NaN, 9.0, 0.006117, 0.000364, 0.0, 0.0, 0.006481], [NaN, 10.0, 0.006693, 0.000517, 0.0, 0.0, 0.00721], [NaN, 11.0, 0.016619, 0.001959, 0.0, 0.0, 0.018578], [NaN, 12.0, 0.017585, 0.000991, 0.0, 0.0, 0.018576], [2020.0, NaN, 0.580738, 0.033939, 0.0, 0.0, 0.614677], [NaN, 1.0, 0.051586, 0.002649, 0.0, 0.0, 0.054235], [NaN, 2.0, 0.055365, 0.003042, 0.0, 0.0, 0.058407], [NaN, 3.0, 0.054647, 0.003162, 0.0, 0.0, 0.057809], [NaN, 4.0, 0.049126, 0.003149, 0.0, 0.0, 0.052275], [NaN, 5.0, 0.047604, 0.003021, 0.0, 0.0, 0.050625], [NaN, 6.0, 0.042895, 0.002743, 0.0, 0.0, 0.045638], [NaN, 7.0, 0.073152, 0.004563, 0.0, 0.0, 0.077715], [NaN, 8.0, 0.060274, 0.003489, 0.0, 0.0, 0.063763], [NaN, 9.0, 0.064954, 0.00368, 0.0, 0.0, 0.068634], [NaN, 10.0, 0.027878, 0.00163, 0.0, 0.0, 0.029508], [NaN, 11.0, 0.022739, 0.00123, 0.0, 0.0, 0.023969], [NaN, 12.0, 0.030518, 0.001581, 0.0, 0.0, 0.032099], [2019.0, NaN, 0.333547, 0.026588, 0.0, 0.0, 0.360135], [NaN, 1.0, 0.012272, 0.0, 0.0, 0.0, 0.012272], [NaN, 2.0, 0.008625, 0.000611, 0.0, 0.0, 0.009236], [NaN, 3.0, 0.015077, 0.003181, 0.0, 0.0, 0.018258], [NaN, 4.0, 0.015162, 0.002642, 0.0, 0.0, 0.017804], [NaN, 5.0, 0.015274, 0.002351, 0.0, 0.0, 0.017625], [NaN, 6.0, 0.014194, 0.002216, 0.0, 0.0, 0.01641], [NaN, 7.0, 0.013463, 0.002062, 0.0, 0.0, 0.015525], [NaN, 8.0, 0.025518, 0.00159, 0.0, 0.0, 0.027108], [NaN, 9.0, 0.055572, 0.003232, 0.0, 0.0, 0.058804], [NaN, 10.0, 0.046644, 0.002741, 0.0, 0.0, 0.049385], [NaN, 11.0, 0.053495, 0.002988, 0.0, 0.0, 0.056483], [NaN, 12.0, 0.058251, 0.002974, 0.0, 0.0, 0.061225], [2018.0, NaN, 0.235358, 0.029219, 0.0, 0.0, 0.264577], [1.0, 0.020871, 0.001961, 0.0, 0.0, 0.022832, NaN], [2.0, 0.021023, 0.002429, 0.0, 0.0, 0.023452, NaN]]}, "13": {"index": [0, 1, 2, 3, 4, 5, 6, 7, 8, 9, 10, 11, 12, 13, 14, 15, 16, 17, 18, 19, 20, 21, 22, 23, 24, 25, 26, 27, 28, 29, 30, 31, 32, 33, 34, 35, 36, 37, 38, 39, 40, 41], "columns": {"0": "2018", "1": "3", "2": "0.023779", "3": "0.003907", "4": "0.000000", "5": "0.000000.1", "6": "0.027686"}, "data": [[NaN, 4.0, 0.020477, 0.002802, 0.0, 0.0, 0.023279], [NaN, 5.0, 0.02233, 0.003465, 0.0, 0.0, 0.025795], [NaN, 6.0, 0.021168, 0.003171, 0.0, 0.0, 0.024339], [NaN, 7.0, 0.02192, 0.002993, 0.0, 0.0, 0.024913], [NaN, 8.0, 0.018989, 0.002829, 0.0, 0.0, 0.021818], [NaN, 9.0, 0.019308, 0.00252, 0.0, 0.0, 0.021828], [NaN, 10.0, 0.017665, 0.00227, 0.0, 0.0, 0.019935], [NaN, 11.0, 0.014644, 0.000872, 0.0, 0.0, 0.015516], [NaN, 12.0, 0.013184, 0.0, 0.0, 0.0, 0.013184], [2017.0, NaN, 0.365857, 0.038782, 0.0, 0.0, 0.404639], [NaN, 1.0, 0.035673, 0.0, 0.0, 0.0, 0.035673], [NaN, 2.0, 0.03043, 0.000162, 0.0, 0.0, 0.030592], [NaN, 3.0, 0.035139, 0.004569, 0.0, 0.0, 0.039708], [NaN, 4.0, 0.035761, 0.004431, 0.0, 0.0, 0.040192], [NaN, 5.0, 0.034573, 0.003958, 0.0, 0.0, 0.038531], [NaN, 6.0, 0.031151, 0.004632, 0.0, 0.0, 0.035783], [NaN, 7.0, 0.030221, 0.004401, 0.0, 0.0, 0.034622], [NaN, 8.0, 0.030598, 0.003178, 0.0, 0.0, 0.033776], [NaN, 9.0, 0.028283, 0.0045, 0.0, 0.0, 0.032783], [NaN, 10.0, 0.02745, 0.003833, 0.0, 0.0, 0.031283], [NaN, 11.0, 0.025168, 0.00326, 0.0, 0.0, 0.028428], [NaN, 12.0, 0.02141, 0.001858, 0.0, 0.0, 0.023268], [2016.0, NaN, 0.624557, 0.057826, 0.0, 0.0, 0.682383], [NaN, 1.0, 0.066835, 0.006125, 0.0, 0.0, 0.07296], [NaN, 2.0, 0.059954, 0.005172, 0.0, 0.0, 0.065126], [NaN, 3.0, 0.064228, 0.00546, 0.0, 0.0, 0.069688], [NaN, 4.0, 0.058048, 0.005523, 0.0, 0.0, 0.063571], [NaN, 5.0, 0.05278, 0.004833, 0.0, 0.0, 0.057613], [NaN, 6.0, 0.054119, 0.00555, 0.0, 0.0, 0.059669], [NaN, 7.0, 0.051843, 0.003825, 0.0, 0.0, 0.055668], [NaN, 8.0, 0.028998, 0.002643, 0.0, 0.0, 0.031641], [NaN, 9.0, 0.049589, 0.006622, 0.0, 0.0, 0.056211], [NaN, 10.0, 0.050159, 0.005263, 0.0, 0.0, 0.055422], [NaN, 11.0, 0.046363, 0.004625, 0.0, 0.0, 0.050988], [NaN, 12.0, 0.041641, 0.002185, 0.0, 0.0, 0.043826], [2015.0, NaN, 0.76137, 0.07139, 0.0, 0.0, 0.83276], [1.0, 0.036071, 0.002719, 0.0, 0.0, 0.03879, NaN], [2.0, 0.06515, 0.007429, 0.0, 0.0, 0.072579, NaN], [3.0, 0.060112, 0.0092, 0.0, 0.0, 0.069312, NaN], [4.0, 0.059573, 0.010706, 0.0, 0.0, 0.070279, NaN], [5.0, 0.057144, 0.005253, 0.0, 0.0, 0.062397, NaN], [6.0, 0.05914, 0.003914, 0.0, 0.0, 0.063054, NaN]]}, "14": {"index": [0, 1, 2, 3, 4], "columns": {"0": "2015", "1": "7", "2": "0.061796", "3": "0.004029", "4": "0.000000", "5": "0.000000.1", "6": "0.065825"}, "data": [[8, 0.086155, 0.005835, 0.0, 0.0, 0.09199, NaN], [9, 0.082665, 0.005828, 0.0, 0.0, 0.088493, NaN], [10, 0.07854, 0.007026, 0.0, 0.0, 0.085566, NaN], [11, 0.050172, 0.003882, 0.0, 0.0, 0.054054, NaN], [12, 0.064852, 0.005569, 0.0, 0.0, NaN, NaN]]}, "15": {"index": [0, 1, 2, 3, 4, 5, 6, 7, 8, 9, 10, 11, 12, 13, 14, 15, 16, 17, 18, 19, 20, 21, 22, 23, 24, 25, 26, 27, 28, 29, 30, 31, 32], "columns": {"0": "Unnamed: 0", "1": "Month", "2": "Gross - oil[mill Sm3]", "3": "Gross - gas[bill Sm3]", "4": "Gross -condensate[mill Sm3]", "5": "Gross - oilequivalents[mill Sm3]"}, "data": [["Sum", NaN, 3.382182, 0.328726, 0.0, 3.710908], ["2023", NaN, 0.19806, 0.014302, 0.0, 0.212362], [NaN, 1.0, 0.011876, 0.002577, 0.0, 0.014453], [NaN, 2.0, 0.010591, 0.00128, 0.0, 0.011871], [NaN, 3.0, 0.043525, 0.002552, 0.0, 0.046077], [NaN, 4.0, 0.045526, 0.002721, 0.0, 0.048247], [NaN, 5.0, 0.042183, 0.002512, 0.0, 0.044695], [NaN, 6.0, 0.044359, 0.00266, 0.0, 0.047019], ["2022", NaN, 0.131649, 0.020485, 0.0, 0.152134], [NaN, 1.0, 0.013431, 0.00066, 0.0, 0.014091], [NaN, 2.0, 0.010292, 0.000543, 0.0, 0.010835], [NaN, 3.0, 0.010505, 0.000551, 0.0, 0.011056], [NaN, 4.0, 0.00962, 0.000511, 0.0, 0.010131], [NaN, 5.0, 0.009881, 0.000576, 0.0, 0.010457], [NaN, 6.0, 0.008472, 0.000503, 0.0, 0.008975], [NaN, 7.0, 0.009105, 0.000505, 0.0, 0.00961], [NaN, 8.0, 0.008721, 0.000478, 0.0, 0.009199], [NaN, 9.0, 0.008082, 0.00043, 0.0, 0.008512], [NaN, 10.0, 0.015642, 0.005751, 0.0, 0.021393], [NaN, 11.0, 0.012361, 0.004662, 0.0, 0.017023], [NaN, 12.0, 0.015537, 0.005315, 0.0, 0.020852], ["2021", NaN, 0.151046, 0.014677, 0.0, 0.165723], ["1", 0.02617, 0.001773, 0.0, 0.027943, NaN], ["2", 0.02174, 0.001284, 0.0, 0.023024, NaN], ["3", 0.015663, 0.001454, 0.0, 0.017117, NaN], ["4", 0.010214, 0.00129, 0.0, 0.011504, NaN], ["5", 0.008687, 0.001147, 0.0, 0.009834, NaN], ["6", 0.00845, 0.001194, 0.0, 0.009644, NaN], ["7", 0.008098, 0.001202, 0.0, 0.0093, NaN], ["8", 0.00501, 0.000593, 0.0, 0.005603, NaN], ["9", 0.006117, 0.000566, 0.0, 0.006683, NaN], ["10", 0.006693, 0.000745, 0.0, 0.007438, NaN], ["11", 0.016619, 0.00228, 0.0, 0.018899, NaN]]}, "16": {"index": [0, 1, 2, 3, 4, 5, 6, 7, 8, 9, 10, 11, 12, 13, 14, 15, 16, 17, 18, 19, 20, 21, 22, 23, 24, 25, 26, 27, 28, 29, 30, 31, 32, 33, 34, 35, 36, 37, 38, 39, 40, 41], "columns": {"0": "2021", "1": "12", "2": "0.017585", "3": "0.001149", "4": "0.000000", "5": "0.018734"}, "data": [[2020.0, NaN, 0.580738, 0.038608, 0.0, 0.619346], [NaN, 1.0, 0.051586, 0.002976, 0.0, 0.054562], [NaN, 2.0, 0.055365, 0.003372, 0.0, 0.058737], [NaN, 3.0, 0.054647, 0.003597, 0.0, 0.058244], [NaN, 4.0, 0.049126, 0.003462, 0.0, 0.052588], [NaN, 5.0, 0.047604, 0.003338, 0.0, 0.050942], [NaN, 6.0, 0.042895, 0.00308, 0.0, 0.045975], [NaN, 7.0, 0.073152, 0.005183, 0.0, 0.078335], [NaN, 8.0, 0.060274, 0.004062, 0.0, 0.064336], [NaN, 9.0, 0.064954, 0.004262, 0.0, 0.069216], [NaN, 10.0, 0.027878, 0.001872, 0.0, 0.02975], [NaN, 11.0, 0.022739, 0.001511, 0.0, 0.02425], [NaN, 12.0, 0.030518, 0.001893, 0.0, 0.032411], [2019.0, NaN, 0.333547, 0.02961, 0.0, 0.363157], [NaN, 1.0, 0.012272, 0.0, 0.0, 0.012272], [NaN, 2.0, 0.008625, 0.000688, 0.0, 0.009313], [NaN, 3.0, 0.015077, 0.00347, 0.0, 0.018547], [NaN, 4.0, 0.015162, 0.002912, 0.0, 0.018074], [NaN, 5.0, 0.015274, 0.002636, 0.0, 0.01791], [NaN, 6.0, 0.014194, 0.002478, 0.0, 0.016672], [NaN, 7.0, 0.013463, 0.002338, 0.0, 0.015801], [NaN, 8.0, 0.025518, 0.001721, 0.0, 0.027239], [NaN, 9.0, 0.055572, 0.003622, 0.0, 0.059194], [NaN, 10.0, 0.046644, 0.003112, 0.0, 0.049756], [NaN, 11.0, 0.053495, 0.003328, 0.0, 0.056823], [NaN, 12.0, 0.058251, 0.003305, 0.0, 0.061556], [2018.0, NaN, 0.235358, 0.031767, 0.0, 0.267125], [NaN, 1.0, 0.020871, 0.002296, 0.0, 0.023167], [NaN, 2.0, 0.021023, 0.002795, 0.0, 0.023818], [NaN, 3.0, 0.023779, 0.004309, 0.0, 0.028088], [NaN, 4.0, 0.020477, 0.003155, 0.0, 0.023632], [NaN, 5.0, 0.02233, 0.003835, 0.0, 0.026165], [NaN, 6.0, 0.021168, 0.003456, 0.0, 0.024624], [NaN, 7.0, 0.02192, 0.003399, 0.0, 0.025319], [NaN, 8.0, 0.018989, 0.003121, 0.0, 0.02211], [NaN, 9.0, 0.019308, 0.002829, 0.0, 0.022137], [NaN, 10.0, 0.017665, 0.002572, 0.0, 0.020237], [NaN, 11.0, 0.014644, 0.0, 0.0, 0.014644], [NaN, 12.0, 0.013184, 0.0, 0.0, 0.013184], [2017.0, NaN, 0.365857, 0.042134, 0.0, 0.407991], [1.0, 0.035673, 0.0, 0.0, 0.035673, NaN], [2.0, 0.03043, 0.0, 0.0, 0.03043, NaN]]}, "17": {"index": [0, 1, 2, 3, 4, 5, 6, 7, 8, 9, 10, 11, 12, 13, 14, 15, 16, 17, 18, 19, 20, 21, 22, 23, 24, 25, 26, 27, 28, 29, 30, 31, 32, 33, 34], "columns": {"0": "2017", "1": "3", "2": "0.035139", "3": "0.004907", "4": "0.000000", "5": "0.040046"}, "data": [[NaN, 4.0, 0.035761, 0.004805, 0.0, 0.040566], [NaN, 5.0, 0.034573, 0.004302, 0.0, 0.038875], [NaN, 6.0, 0.031151, 0.004962, 0.0, 0.036113], [NaN, 7.0, 0.030221, 0.004815, 0.0, 0.035036], [NaN, 8.0, 0.030598, 0.003541, 0.0, 0.034139], [NaN, 9.0, 0.028283, 0.004868, 0.0, 0.033151], [NaN, 10.0, 0.02745, 0.004179, 0.0, 0.031629], [NaN, 11.0, 0.025168, 0.003619, 0.0, 0.028787], [NaN, 12.0, 0.02141, 0.002136, 0.0, 0.023546], [2016.0, NaN, 0.624557, 0.060807, 0.0, 0.685364], [NaN, 1.0, 0.066835, 0.006518, 0.0, 0.073353], [NaN, 2.0, 0.059954, 0.005601, 0.0, 0.065555], [NaN, 3.0, 0.064228, 0.00597, 0.0, 0.070198], [NaN, 4.0, 0.058048, 0.005923, 0.0, 0.063971], [NaN, 5.0, 0.05278, 0.005298, 0.0, 0.058078], [NaN, 6.0, 0.054119, 0.005967, 0.0, 0.060086], [NaN, 7.0, 0.051843, 0.00409, 0.0, 0.055933], [NaN, 8.0, 0.028998, 0.003097, 0.0, 0.032095], [NaN, 9.0, 0.049589, 0.00709, 0.0, 0.056679], [NaN, 10.0, 0.050159, 0.00572, 0.0, 0.055879], [NaN, 11.0, 0.046363, 0.005131, 0.0, 0.051494], [NaN, 12.0, 0.041641, 0.000402, 0.0, 0.042043], [2015.0, NaN, 0.76137, 0.076336, 0.0, 0.837706], [1.0, 0.036071, 0.002937, 0.0, 0.039008, NaN], [2.0, 0.06515, 0.007759, 0.0, 0.072909, NaN], [3.0, 0.060112, 0.00955, 0.0, 0.069662, NaN], [4.0, 0.059573, 0.011105, 0.0, 0.070678, NaN], [5.0, 0.057144, 0.005692, 0.0, 0.062836, NaN], [6.0, 0.05914, 0.004278, 0.0, 0.063418, NaN], [7.0, 0.061796, 0.004386, 0.0, 0.066182, NaN], [8.0, 0.086155, 0.006302, 0.0, 0.092457, NaN], [9.0, 0.082665, 0.006396, 0.0, 0.089061, NaN], [10.0, 0.07854, 0.007545, 0.0, 0.086085, NaN], [11.0, 0.050172, 0.004325, 0.0, 0.054497, NaN], [12.0, 0.064852, 0.006061, 0.0, 0.070913, NaN]]}, "18": {"index": [0, 1, 2, 3, 4, 5], "columns": {"0": "Wellbore name", "1": "Entered date", "2": "Completeddate", "3": "Purpose", "4": "Status", "5": "Content"}, "data": [["24/9-9 A", "07.10.2009", "15.10.2009", "APPRAISAL", "P&A", "OIL"], ["24/9-9 B", "15.10.2009", "25.10.2009", "APPRAISAL", "P&A", "OIL"], ["24/9-9 S", "12.09.2009", "07.10.2009", "WILDCAT", "P&A", "OIL"], ["24/9-12 A", "09.02.2018", "25.02.2018", "APPRAISAL", "P&A", "OIL/GAS"], ["24/9-12 S", "29.12.2017", "08.02.2018", "WILDCAT", "P&A", "OIL"], ["24/9-15 A", "19.04.2019", "24.04.2019", "APPRAISAL", "PLUGGED", "OIL"]]}, "19": {"index": [0, 1, 2, 3, 4, 5, 6, 7, 8, 9, 10, 11], "columns": {"0": "Wellbore name", "1": "Entered date", "2": "Completeddate", "3": "Purpose", "4": "Content"}, "data": [["24/9-M-1 H", "13.04.2014", "10.05.2014", "OBSERVATION", "OIL"], ["24/9-M-1 AH", "11.05.2014", "14.05.2014", "OBSERVATION", "OIL"], ["24/9-M-1 BH", "16.05.2014", "23.06.2014", "PRODUCTION", "OIL"], ["24/9-M-2 H", "19.04.2014", "17.03.2015", "PRODUCTION", "OIL"], ["24/9-M-3 H", "07.04.2014", "01.06.2014", "OBSERVATION", "OIL"], ["24/9-M-3 AH", "02.06.2014", "17.08.2014", "INJECTION", "WATER"], ["24/9-M-4 Y1H", "14.03.2019", "18.05.2019", "PRODUCTION", "OIL"], ["24/9-M-4 Y2H", "19.05.2019", "31.05.2019", "PRODUCTION", "OIL"], ["24/9-M-4 Y3H", "01.06.2019", "14.06.2019", "PRODUCTION", "OIL"], ["24/9-M-5 H", "04.10.2022", "03.11.2022", "PRODUCTION", "OIL"], ["24/9-M-6 Y1H", "08.10.2022", "01.12.2022", "PRODUCTION", "OIL"], ["24/9-M-6 Y2H", "02.12.2022", "07.12.2022", "PRODUCTION", "OIL"]]}, "20": {"index": [], "columns": {"0": "Wellbore name", "1": "Entered date", "2": "Completeddate", "3": "Purpose", "4": "Status"}, "data": []}, "kind": "osdu:wks:master-data--Field:1.0.0 ", "id": "npd:master-data--Factpages-Field:22492497"}