{"0": {"index": [0, 1, 2, 3, 4, 5, 6], "columns": {"0": "Field name", "1": "VALHALL"}, "data": [["Factmaps in new window", "link to map"], ["Current activity status", "Producing"], ["Discovery wellbore", "2/8-6"], ["Discovery year.", "1975"], ["Main area", "North sea"], ["Main supply base", "Tananger"], ["NPDID field", "43548"]]}, "1": {"index": [0, 1, 2], "columns": {"0": "Status", "1": "Status from", "2": "Status to"}, "data": [["Producing", "01.10.1982", NaN], ["Approved for", "02.06.1977", "30.09.1982"], ["production", NaN, NaN]]}, "2": {"index": [0, 1], "columns": {"0": "Unnamed: 0", "1": "Block name", "2": "Prod. licence"}, "data": [["2/11", NaN, "033 B"], ["2/8", NaN, "006 B"]]}, "3": {"index": [0, 1], "columns": {"0": "Owner kind", "1": "Owner name"}, "data": [["BUSINESS ARRANGEMENT", "VALHALL UNIT"], ["AREA", NaN]]}, "4": {"index": [0, 1], "columns": {"0": "Unnamed: 0", "1": "Company name", "2": "Nation code", "3": "Company share [%]"}, "data": [["Aker BP ASA", NaN, "NO", 90.0], ["Pandion Energy AS", NaN, "NO", 10.0]]}, "5": {"index": [0, 1, 2], "columns": {"0": "Orig. recoverable", "1": "Orig. recoverable.1", "2": "Orig. recoverable.2", "3": "Orig. recoverable.3", "4": "Orig. recoverable.4"}, "data": [["oil", "gas", "NGL", "cond.", "oil eq."], ["[mill Sm3]", "[bill Sm3]", "[mill tonn]", "[mill Sm3]", "[mill Sm3 o.e]"], ["158.75", "30.89", "6.02", "0.00", "201.08"]]}, "6": {"index": [0, 1], "columns": {"0": "Remaining oil", "1": "Remaining gas", "2": "Remaining NGL", "3": "Remaining cond.", "4": "Remaining oil eq."}, "data": [["[mill Sm3]", "[bill Sm3]", "[mill tonn]", "[mill Sm3]", "[mill Sm3 o.e]"], ["34.26", "6.83", "0.95", "0.00", "42.90"]]}, "7": {"index": [0, 1, 2], "columns": {"0": "Orig. inplace oil", "1": "Orig. inplace ass.", "2": "Orig. inplace ass..1", "3": "Orig. inplace free"}, "data": [["[mill Sm3]", "liquid", "gas", "gas"], [NaN, "[mill Sm3]", "[bill Sm3]", "[bill Sm3]"], ["435.00", "0.00", "89.00", "0.00"]]}, "8": {"index": [0, 1, 2, 3, 4, 5, 6, 7, 8, 9, 10, 11, 12, 13, 14, 15, 16, 17, 18, 19, 20, 21], "columns": {"0": "Type", "1": "Text", "2": "Date"}, "data": [[NaN, NaN, "updated"], ["Development", "Valhall is a field in the southern part of the Norwegian sector in", "28.02.2023"], [NaN, "the North Sea. The water depth is 70 metres. Valhall was", NaN], [NaN, "discovered in 1975, and the initial plan for development and", NaN], [NaN, "operation (PDO) was approved in 1977. The field was originally", NaN], [NaN, "developed with three facilities for accommodation (QP), drilling", NaN], [NaN, "(DP), and processing and compression (PCP). Production started", NaN], [NaN, "in 1982. A PDO for a wellhead facility (WP) was approved in", NaN], [NaN, "1995 and for a water injection platform (IP) in 2000. Bridges", NaN], [NaN, "connect the platforms. A PDO for two wellhead platforms on the", NaN], [NaN, "northern and southern flanks was approved in 2001. A PDO for", NaN], [NaN, "Valhall Redevelopment was approved in 2007. The plan included", NaN], [NaN, "an accommodation and processing platform (PH) to replace", NaN], [NaN, "aging facilities on the field. The PH-platform is supplied with", NaN], [NaN, "power from shore. A PDO for Valhall Flank West which included", NaN], [NaN, "a normally unmanned wellhead platform was approved in 2018", NaN], [NaN, "and production started in 2019.", NaN], ["Reservoir", "Valhall produces oil from chalk in the Upper Cretaceous Hod and", "28.02.2023"], [NaN, "Tor Formations. Reservoir depth is 2400 metres. The Tor", NaN], [NaN, "Formation chalk is fine-grained and has good reservoir quality.", NaN], [NaN, "Considerable fracturing allows oil and water to flow more easily", NaN], [NaN, "than in the underlying Hod Formation.", NaN]]}, "9": {"index": [0, 1], "columns": {"0": "Recovery strategy", "1": "The field was initially produced with pressure depletion andcompaction drive. Water injection in the centre of the fieldstarted in 2004. Chalk compaction as a result of pressuredepletion and water weakening has led to seabed subsidence.Gas lift is used to optimise production in most of the productionwells.", "2": "28.02.2023"}, "data": [["Transport", "Oil and NGL (Natural Gas Liquids) are routed via pipeline to theEkofisk field and further to Teesside in the UK. Gas is sent viaNorpipe to Emden in Germany.", "28.02.2023"], ["Status", "The Valhall field has produced more than one billion barrels ofoil equivalents, which is three times more than the original PDOestimate. The long-term strategy for the field has beenupdated. One well was drilled in 2022, and drilling will continuein the foreseeable future. Decommissioning plans weresubmitted in 2019 for the QP, PCP and DP facilities. According tothe formal removal resolution, decommissioning must becompleted by the end of 2026. Plugging and abandonment ofthe wells is completed on the DP facility.", NaN]]}, "10": {"index": [], "columns": {"0": "The operators future investments related to the reservers from2022 [mill NOK 2022-kroner]. The stated investment estimate hasnot been corrected for possible investment sharing.", "1": "46932"}, "data": []}, "11": {"index": [0, 1, 2, 3, 4, 5, 6, 7, 8, 9, 10, 11, 12, 13, 14, 15, 16, 17, 18, 19, 20], "columns": {"0": "Unnamed: 0", "1": "Investments[mill NOK nominalvalues]"}, "data": [["Sum", 94960], ["2021", 3106], ["2020", 4249], ["2019", 7547], ["2018", 3927], ["2017", 1638], ["2016", 246], ["2015", 857], ["2014", 2143], ["2013", 3567], ["2012", 6170], ["2011", 4866], ["2010", 7063], ["2009", 8141], ["2008", 6445], ["2007", 3642], ["2006", 1956], ["2005", 1782], ["2004", 1837], ["2003", 3837], ["2002", 3814]]}, "12": {"index": [0, 1, 2, 3, 4, 5, 6, 7, 8, 9, 10, 11, 12, 13, 14, 15, 16, 17, 18, 19, 20, 21, 22, 23], "columns": {"0": "2001", "1": "3620"}, "data": [[2000, 1483], [1999, 829], [1998, 1471], [1997, 1470], [1996, 1109], [1995, 474], [1994, 212], [1993, 187], [1992, 299], [1991, 161], [1990, 93], [1989, 102], [1988, 232], [1987, 26], [1986, 269], [1985, 373], [1984, 356], [1983, 380], [1982, 1270], [1981, 1282], [1980, 1203], [1979, 807], [1978, 264], [1977, 156]]}, "13": {"index": [0, 1, 2, 3, 4, 5, 6, 7, 8, 9, 10, 11, 12, 13, 14, 15], "columns": {"0": "Unnamed: 0", "1": "Month", "2": "Net - oil", "3": "Net - gas", "4": "Net -", "5": "Net - NGL", "6": "Net - oil equivalents"}, "data": [[NaN, NaN, "[mill Sm3]", "[bill Sm3]", "condensate", "[mill Sm3]", NaN], [NaN, NaN, NaN, NaN, "[mill Sm3]", NaN, "[mill Sm3]"], ["Sum", NaN, "128.131084", "24.278240", "0.000000", "7.526589", "159.935913"], ["2023", NaN, "1.086395", "0.189240", "0.000000", "0.049055", "1.324690"], [NaN, 1.0, "0.173206", "0.030884", "0.000000", "0.007895", "0.211985"], [NaN, 2.0, "0.170728", "0.029495", "0.000000", "0.007416", "0.207639"], [NaN, 3.0, "0.197930", "0.034283", "0.000000", "0.009242", "0.241455"], [NaN, 4.0, "0.173638", "0.029495", "0.000000", "0.007470", "0.210603"], [NaN, 5.0, "0.195352", "0.034380", "0.000000", "0.009216", "0.238948"], [NaN, 6.0, "0.175541", "0.030703", "0.000000", "0.007816", "0.214060"], ["2022", NaN, "2.030612", "0.351137", "0.000000", "0.090475", "2.472224"], [NaN, 1.0, "0.204580", "0.035375", "0.000000", "0.009360", "0.249315"], [NaN, 2.0, "0.188712", "0.033575", "0.000000", "0.007470", "0.229757"], [NaN, 3.0, "0.183199", "0.032866", "0.000000", "0.008256", "0.224321"], [NaN, 4.0, "0.179383", "0.030995", "0.000000", "0.008268", "0.218646"], [NaN, 5.0, "0.157068", "0.028177", "0.000000", "0.006991", "0.192236"]]}, "14": {"index": [0, 1, 2, 3, 4, 5, 6, 7, 8, 9, 10, 11, 12, 13, 14, 15, 16, 17, 18, 19, 20, 21, 22, 23, 24, 25, 26, 27, 28, 29, 30, 31, 32, 33, 34, 35, 36, 37, 38, 39, 40, 41], "columns": {"0": "2022", "1": "6", "2": "0.022895", "3": "0.002915", "4": "0.000000", "5": "0.000541", "6": "0.026351"}, "data": [[NaN, 7.0, 0.165877, 0.02538, 0.0, 0.006647, 0.197904], [NaN, 8.0, 0.188246, 0.031324, 0.0, 0.008629, 0.228199], [NaN, 9.0, 0.185804, 0.032607, 0.0, 0.008777, 0.227188], [NaN, 10.0, 0.182247, 0.03279, 0.0, 0.008659, 0.223696], [NaN, 11.0, 0.184994, 0.033716, 0.0, 0.008254, 0.226964], [NaN, 12.0, 0.187607, 0.031417, 0.0, 0.008623, 0.227647], [2021.0, NaN, 2.398785, 0.404238, 0.0, 0.10752, 2.910543], [NaN, 1.0, 0.227757, 0.038804, 0.0, 0.010532, 0.277093], [NaN, 2.0, 0.194913, 0.032917, 0.0, 0.009301, 0.237131], [NaN, 3.0, 0.247089, 0.042586, 0.0, 0.011003, 0.300678], [NaN, 4.0, 0.217131, 0.037253, 0.0, 0.009888, 0.264272], [NaN, 5.0, 0.19451, 0.035357, 0.0, 0.009369, 0.239236], [NaN, 6.0, 0.166236, 0.026637, 0.0, 0.00682, 0.199693], [NaN, 7.0, 0.187266, 0.031032, 0.0, 0.008237, 0.226535], [NaN, 8.0, 0.174439, 0.029016, 0.0, 0.007608, 0.211063], [NaN, 9.0, 0.18516, 0.029763, 0.0, 0.008565, 0.223488], [NaN, 10.0, 0.177819, 0.029872, 0.0, 0.008039, 0.21573], [NaN, 11.0, 0.197834, 0.033542, 0.0, 0.008796, 0.240172], [NaN, 12.0, 0.228631, 0.037459, 0.0, 0.009362, 0.275452], [2020.0, NaN, 2.640367, 0.414365, 0.0, 0.119896, 3.174628], [NaN, 1.0, 0.208385, 0.03224, 0.0, 0.009494, 0.250119], [NaN, 2.0, 0.197247, 0.031748, 0.0, 0.009565, 0.23856], [NaN, 3.0, 0.243749, 0.038558, 0.0, 0.011005, 0.293312], [NaN, 4.0, 0.225297, 0.035543, 0.0, 0.010574, 0.271414], [NaN, 5.0, 0.215142, 0.033901, 0.0, 0.010091, 0.259134], [NaN, 6.0, 0.163129, 0.025232, 0.0, 0.007428, 0.195789], [NaN, 7.0, 0.222053, 0.033687, 0.0, 0.009627, 0.265367], [NaN, 8.0, 0.229199, 0.035275, 0.0, 0.010147, 0.274621], [NaN, 9.0, 0.235981, 0.036965, 0.0, 0.010643, 0.283589], [NaN, 10.0, 0.247617, 0.038844, 0.0, 0.010474, 0.296935], [NaN, 11.0, 0.222228, 0.034668, 0.0, 0.010142, 0.267038], [NaN, 12.0, 0.23034, 0.037704, 0.0, 0.010706, 0.27875], [2019.0, NaN, 2.045916, 0.314656, 0.0, 0.098859, 2.459431], [1.0, 0.198468, 0.031956, 0.0, 0.009409, 0.239833, NaN], [2.0, 0.174591, 0.030055, 0.0, 0.008657, 0.213303, NaN], [3.0, 0.210862, 0.032293, 0.0, 0.010121, 0.253276, NaN], [4.0, 0.177146, 0.026185, 0.0, 0.008811, 0.212142, NaN], [5.0, 0.14797, 0.022349, 0.0, 0.007004, 0.177323, NaN], [6.0, 0.0, 0.0, 0.0, 0.0, 0.0, NaN], [7.0, 0.157806, 0.022016, 0.0, 0.007432, 0.187254, NaN], [8.0, 0.203852, 0.029889, 0.0, 0.009852, 0.243593, NaN], [9.0, 0.182574, 0.02715, 0.0, 0.008853, 0.218577, NaN]]}, "15": {"index": [0, 1, 2, 3, 4, 5, 6, 7, 8, 9, 10, 11, 12, 13, 14, 15, 16, 17, 18, 19, 20, 21, 22, 23, 24, 25, 26, 27, 28, 29, 30, 31, 32, 33, 34, 35, 36, 37, 38, 39, 40], "columns": {"0": "2019", "1": "10", "2": "0.183825", "3": "0.028564", "4": "0.000000", "5": "0.008967", "6": "0.221356"}, "data": [[NaN, 11.0, 0.195539, 0.031598, 0.0, 0.009095, 0.236232], [NaN, 12.0, 0.213283, 0.032601, 0.0, 0.010658, 0.256542], [2018.0, NaN, 1.862756, 0.308055, 0.0, 0.087951, 2.258762], [NaN, 1.0, 0.160655, 0.02783, 0.0, 0.007953, 0.196438], [NaN, 2.0, 0.145057, 0.025734, 0.0, 0.00697, 0.177761], [NaN, 3.0, 0.129475, 0.021172, 0.0, 0.005528, 0.156175], [NaN, 4.0, 0.147106, 0.025045, 0.0, 0.006745, 0.178896], [NaN, 5.0, 0.155987, 0.026732, 0.0, 0.007392, 0.190111], [NaN, 6.0, 0.127612, 0.020611, 0.0, 0.006103, 0.154326], [NaN, 7.0, 0.157644, 0.025726, 0.0, 0.00664, 0.19001], [NaN, 8.0, 0.162307, 0.026577, 0.0, 0.007872, 0.196756], [NaN, 9.0, 0.15692, 0.02505, 0.0, 0.007416, 0.189386], [NaN, 10.0, 0.157078, 0.024292, 0.0, 0.007454, 0.188824], [NaN, 11.0, 0.170965, 0.026927, 0.0, 0.008283, 0.206175], [NaN, 12.0, 0.19195, 0.032359, 0.0, 0.009595, 0.233904], [2017.0, NaN, 1.769424, 0.305186, 0.0, 0.084986, 2.159596], [NaN, 1.0, 0.170528, 0.031275, 0.0, 0.008623, 0.210426], [NaN, 2.0, 0.147935, 0.026969, 0.0, 0.007141, 0.182045], [NaN, 3.0, 0.159642, 0.029043, 0.0, 0.008228, 0.196913], [NaN, 4.0, 0.141679, 0.025415, 0.0, 0.006958, 0.174052], [NaN, 5.0, 0.145013, 0.025834, 0.0, 0.006022, 0.176869], [NaN, 6.0, 0.143769, 0.025103, 0.0, 0.007048, 0.17592], [NaN, 7.0, 0.138465, 0.023837, 0.0, 0.006736, 0.169038], [NaN, 8.0, 0.135913, 0.023646, 0.0, 0.00651, 0.166069], [NaN, 9.0, 0.1012, 0.015487, 0.0, 0.004945, 0.121632], [NaN, 10.0, 0.182333, 0.028327, 0.0, 0.008311, 0.218971], [NaN, 11.0, 0.150523, 0.024286, 0.0, 0.007174, 0.181983], [NaN, 12.0, 0.152424, 0.025964, 0.0, 0.00729, 0.185678], [2016.0, NaN, 1.997018, 0.370142, 0.0, 0.099626, 2.466786], [1.0, 0.186888, 0.03756, 0.0, 0.00932, 0.233768, NaN], [2.0, 0.162117, 0.033259, 0.0, 0.008497, 0.203873, NaN], [3.0, 0.172376, 0.034243, 0.0, 0.008972, 0.215591, NaN], [4.0, 0.159159, 0.032011, 0.0, 0.008301, 0.199471, NaN], [5.0, 0.171968, 0.034087, 0.0, 0.008938, 0.214993, NaN], [6.0, 7e-06, 0.0, 0.0, 0.0, 7e-06, NaN], [7.0, 0.179347, 0.027583, 0.0, 0.007567, 0.214497, NaN], [8.0, 0.208554, 0.035611, 0.0, 0.009786, 0.253951, NaN], [9.0, 0.181303, 0.031959, 0.0, 0.009226, 0.222488, NaN], [10.0, 0.192722, 0.033945, 0.0, 0.009758, 0.236425, NaN], [11.0, 0.196358, 0.035367, 0.0, 0.009861, 0.241586, NaN], [12.0, 0.186219, 0.034517, 0.0, 0.0094, 0.230136, NaN]]}, "16": {"index": [0, 1, 2, 3, 4, 5, 6, 7, 8, 9, 10, 11, 12, 13, 14, 15, 16, 17, 18, 19, 20, 21, 22, 23, 24, 25, 26, 27, 28, 29, 30, 31, 32, 33, 34, 35, 36, 37, 38, 39, 40, 41], "columns": {"0": "2015", "1": "Unnamed: 0", "2": "2.402788", "3": "0.436287", "4": "0.000000", "5": "0.123347", "6": "2.962422"}, "data": [[NaN, 1.0, 0.130516, 0.022226, 0.0, 0.006852, 0.159594], [NaN, 2.0, 0.17795, 0.030491, 0.0, 0.008812, 0.217253], [NaN, 3.0, 0.219978, 0.037775, 0.0, 0.01133, 0.269083], [NaN, 4.0, 0.223883, 0.039205, 0.0, 0.011988, 0.275076], [NaN, 5.0, 0.235325, 0.041198, 0.0, 0.012907, 0.28943], [NaN, 6.0, 0.179795, 0.031268, 0.0, 0.008399, 0.219462], [NaN, 7.0, 0.189086, 0.030947, 0.0, 0.009112, 0.229145], [NaN, 8.0, 0.229842, 0.04187, 0.0, 0.011578, 0.28329], [NaN, 9.0, 0.219518, 0.041424, 0.0, 0.011287, 0.272229], [NaN, 10.0, 0.219738, 0.043227, 0.0, 0.011282, 0.274247], [NaN, 11.0, 0.190394, 0.038105, 0.0, 0.009533, 0.238032], [NaN, 12.0, 0.186763, 0.038551, 0.0, 0.010267, 0.235581], [2014.0, NaN, 2.225157, 0.381262, 0.0, 0.114809, 2.721228], [NaN, 1.0, 0.241976, 0.040416, 0.0, 0.011283, 0.293675], [NaN, 2.0, 0.193759, 0.033377, 0.0, 0.00989, 0.237026], [NaN, 3.0, 0.220417, 0.03809, 0.0, 0.011589, 0.270096], [NaN, 4.0, 0.212602, 0.038531, 0.0, 0.01231, 0.263443], [NaN, 5.0, 0.173861, 0.030521, 0.0, 0.00879, 0.213172], [NaN, 6.0, 0.174401, 0.029086, 0.0, 0.008958, 0.212445], [NaN, 7.0, 0.154846, 0.026262, 0.0, 0.007486, 0.188594], [NaN, 8.0, 0.184668, 0.030698, 0.0, 0.009661, 0.225027], [NaN, 9.0, 0.118527, 0.018113, 0.0, 0.005767, 0.142407], [NaN, 10.0, 0.190664, 0.032753, 0.0, 0.010105, 0.233522], [NaN, 11.0, 0.175686, 0.031235, 0.0, 0.009232, 0.216153], [NaN, 12.0, 0.18375, 0.03218, 0.0, 0.009738, 0.225668], [2013.0, NaN, 1.76832, 0.237091, 0.0, 0.075787, 2.081198], [NaN, 1.0, 0.004728, 0.0, 0.0, 0.000217, 0.004945], [NaN, 2.0, 0.049, 0.0, 0.0, 0.000629, 0.049629], [NaN, 3.0, 0.073674, 0.002168, 0.0, 0.000931, 0.076773], [NaN, 4.0, 0.091177, 0.011109, 0.0, 0.004124, 0.10641], [NaN, 5.0, 0.144012, 0.020325, 0.0, 0.006307, 0.170644], [NaN, 6.0, 0.0, 0.0, 0.0, 0.0, 0.0], [NaN, 7.0, 0.199849, 0.02536, 0.0, 0.006164, 0.231373], [NaN, 8.0, 0.27002, 0.037452, 0.0, 0.013012, 0.320484], [NaN, 9.0, 0.238457, 0.036061, 0.0, 0.011988, 0.286506], [NaN, 10.0, 0.243198, 0.035737, 0.0, 0.011844, 0.290779], [NaN, 11.0, 0.200763, 0.0288, 0.0, 0.008686, 0.238249], [NaN, 12.0, 0.253442, 0.040079, 0.0, 0.011885, 0.305406], [2012.0, NaN, 0.963898, 0.13422, 0.0, 0.043472, 1.14159], [1.0, 0.14238, 0.018564, 0.0, 0.005971, 0.166915, NaN], [2.0, 0.142229, 0.019599, 0.0, 0.006241, 0.168069, NaN], [3.0, 0.115904, 0.01694, 0.0, 0.005544, NaN, NaN]]}, "17": {"index": [0, 1, 2, 3, 4, 5, 6, 7, 8, 9, 10, 11, 12, 13, 14, 15, 16, 17, 18, 19, 20, 21, 22, 23, 24, 25, 26, 27, 28, 29, 30, 31, 32, 33, 34, 35, 36, 37, 38, 39, 40, 41], "columns": {"0": "2012", "1": "4", "2": "0.073027", "3": "0.010412", "4": "0.000000", "5": "0.003100", "6": "0.086539"}, "data": [[NaN, 5.0, 0.16963, 0.022555, 0.0, 0.007702, 0.199887], [NaN, 6.0, 0.195358, 0.027074, 0.0, 0.009776, 0.232208], [NaN, 7.0, 0.12537, 0.019076, 0.0, 0.005138, 0.149584], [NaN, 8.0, 0.0, 0.0, 0.0, 0.0, 0.0], [NaN, 9.0, 0.0, 0.0, 0.0, 0.0, 0.0], [NaN, 10.0, 0.0, 0.0, 0.0, 0.0, 0.0], [NaN, 11.0, 0.0, 0.0, 0.0, 0.0, 0.0], [NaN, 12.0, 0.0, 0.0, 0.0, 0.0, 0.0], [2011.0, NaN, 1.642276, 0.249556, 0.0, 0.074233, 1.966065], [NaN, 1.0, 0.18804, 0.031416, 0.0, 0.008762, 0.228218], [NaN, 2.0, 0.177813, 0.029101, 0.0, 0.00788, 0.214794], [NaN, 3.0, 0.162221, 0.023771, 0.0, 0.007561, 0.193553], [NaN, 4.0, 0.190428, 0.029519, 0.0, 0.008138, 0.228085], [NaN, 5.0, 0.175457, 0.029058, 0.0, 0.008367, 0.212882], [NaN, 6.0, 0.142246, 0.022291, 0.0, 0.006342, 0.170879], [NaN, 7.0, 0.073015, 0.011148, 0.0, 0.00325, 0.087413], [NaN, 8.0, 0.0, 0.0, 0.0, 0.0, 0.0], [NaN, 9.0, 0.099218, 0.014647, 0.0, 0.004279, 0.118144], [NaN, 10.0, 0.167983, 0.02224, 0.0, 0.007728, 0.197951], [NaN, 11.0, 0.163425, 0.022272, 0.0, 0.007292, 0.192989], [NaN, 12.0, 0.10243, 0.014093, 0.0, 0.004634, 0.121157], [2010.0, NaN, 2.09018, 0.338291, 0.0, 0.10383, 2.532301], [NaN, 1.0, 0.212035, 0.034272, 0.0, 0.010824, 0.257131], [NaN, 2.0, 0.197802, 0.033518, 0.0, 0.010064, 0.241384], [NaN, 3.0, 0.170277, 0.028302, 0.0, 0.008911, 0.20749], [NaN, 4.0, 0.148324, 0.025602, 0.0, 0.008283, 0.182209], [NaN, 5.0, 0.176234, 0.030309, 0.0, 0.009449, 0.215992], [NaN, 6.0, 0.027093, 0.004146, 0.0, 0.001152, 0.032391], [NaN, 7.0, 0.163559, 0.023973, 0.0, 0.007486, 0.195018], [NaN, 8.0, 0.194597, 0.028088, 0.0, 0.009815, 0.2325], [NaN, 9.0, 0.181219, 0.027927, 0.0, 0.008748, 0.217894], [NaN, 10.0, 0.194503, 0.033189, 0.0, 0.010606, 0.238298], [NaN, 11.0, 0.18255, 0.029798, 0.0, 0.008259, 0.220607], [NaN, 12.0, 0.241987, 0.039167, 0.0, 0.010233, 0.291387], [2009.0, NaN, 2.265921, 0.349154, 0.0, 0.111566, 2.726641], [1.0, 0.241112, 0.040162, 0.0, 0.01337, 0.294644, NaN], [2.0, 0.20795, 0.033772, 0.0, 0.011074, 0.252796, NaN], [3.0, 0.228055, 0.034228, 0.0, 0.011357, 0.27364, NaN], [4.0, 0.006446, 0.00059, 0.0, 0.000348, 0.007384, NaN], [5.0, 0.0, 0.0, 0.0, 0.0, 0.0, NaN], [6.0, 0.127429, 0.015494, 0.0, 0.005613, 0.148536, NaN], [7.0, 0.28627, 0.039039, 0.0, 0.011945, 0.337254, NaN]]}, "18": {"index": [0, 1, 2, 3, 4, 5, 6, 7, 8, 9, 10, 11, 12, 13, 14, 15, 16, 17, 18, 19, 20, 21, 22, 23, 24, 25, 26, 27, 28, 29, 30, 31, 32, 33, 34, 35, 36, 37, 38, 39, 40, 41], "columns": {"0": "2009", "1": "8", "2": "0.256172", "3": "0.037676", "4": "0.000000", "5": "0.013131", "6": "0.306979"}, "data": [[NaN, 9.0, 0.228022, 0.037356, 0.0, 0.011474, 0.276852], [NaN, 10.0, 0.25017, 0.041203, 0.0, 0.012462, 0.303835], [NaN, 11.0, 0.215478, 0.034074, 0.0, 0.010291, 0.259843], [NaN, 12.0, 0.218817, 0.03556, 0.0, 0.010501, 0.264878], [2008.0, NaN, 2.810897, 0.485877, 0.0, 0.14412, 3.440894], [NaN, 1.0, 0.241439, 0.042578, 0.0, 0.012446, 0.296463], [NaN, 2.0, 0.110898, 0.018058, 0.0, 0.005653, 0.134609], [NaN, 3.0, 0.273423, 0.045304, 0.0, 0.014757, 0.333484], [NaN, 4.0, 0.255498, 0.042782, 0.0, 0.013075, 0.311355], [NaN, 5.0, 0.253017, 0.044557, 0.0, 0.012991, 0.310565], [NaN, 6.0, 0.194842, 0.032258, 0.0, 0.009987, 0.237087], [NaN, 7.0, 0.265705, 0.047321, 0.0, 0.012806, 0.325832], [NaN, 8.0, 0.249518, 0.044073, 0.0, 0.011459, 0.30505], [NaN, 9.0, 0.23512, 0.041478, 0.0, 0.012542, 0.28914], [NaN, 10.0, 0.238157, 0.041833, 0.0, 0.011948, 0.291938], [NaN, 11.0, 0.241183, 0.043228, 0.0, 0.012279, 0.29669], [NaN, 12.0, 0.252097, 0.042407, 0.0, 0.014177, 0.308681], [2007.0, NaN, 3.411159, 0.608351, 0.0, 0.165978, 4.185488], [NaN, 1.0, 0.320503, 0.061457, 0.0, 0.016766, 0.398726], [NaN, 2.0, 0.295647, 0.054316, 0.0, 0.013915, 0.363878], [NaN, 3.0, 0.295879, 0.050433, 0.0, 0.013784, 0.360096], [NaN, 4.0, 0.324194, 0.055678, 0.0, 0.01525, 0.395122], [NaN, 5.0, 0.3268, 0.061403, 0.0, 0.016271, 0.404474], [NaN, 6.0, 0.104727, 0.018263, 0.0, 0.003767, 0.126757], [NaN, 7.0, 0.331276, 0.049904, 0.0, 0.01493, 0.39611], [NaN, 8.0, 0.301003, 0.052773, 0.0, 0.015408, 0.369184], [NaN, 9.0, 0.282298, 0.049592, 0.0, 0.013409, 0.345299], [NaN, 10.0, 0.307272, 0.05694, 0.0, 0.015371, 0.379583], [NaN, 11.0, 0.246363, 0.045626, 0.0, 0.012809, 0.304798], [NaN, 12.0, 0.275197, 0.051966, 0.0, 0.014298, 0.341461], [2006.0, NaN, 4.041168, 0.772453, 0.0, 0.210128, 5.023749], [1.0, 0.371958, 0.077956, 0.0, 0.020976, 0.47089, NaN], [2.0, 0.329807, 0.070227, 0.0, 0.018774, 0.418808, NaN], [3.0, 0.337788, 0.068511, 0.0, 0.018681, 0.42498, NaN], [4.0, 0.352002, 0.069902, 0.0, 0.018117, 0.440021, NaN], [5.0, 0.358213, 0.0691, 0.0, 0.019061, 0.446374, NaN], [6.0, 0.345951, 0.065158, 0.0, 0.018188, 0.429297, NaN], [7.0, 0.32793, 0.060754, 0.0, 0.016269, 0.404953, NaN], [8.0, 0.324049, 0.059295, 0.0, 0.015907, 0.399251, NaN], [9.0, 0.34953, 0.064577, 0.0, 0.017083, 0.43119, NaN], [10.0, 0.336821, 0.061548, 0.0, 0.017451, 0.41582, NaN], [11.0, 0.277439, 0.044869, 0.0, 0.012701, 0.335009, NaN]]}, "19": {"index": [0, 1, 2, 3, 4, 5, 6, 7, 8, 9, 10, 11, 12, 13, 14, 15, 16, 17, 18, 19, 20, 21, 22, 23, 24, 25, 26, 27, 28, 29, 30, 31, 32, 33, 34, 35, 36, 37, 38, 39, 40, 41], "columns": {"0": "2006", "1": "12", "2": "0.329680", "3": "0.060556", "4": "0.000000", "5": "0.016920", "6": "Unnamed: 0"}, "data": [[2005.0, NaN, 4.82978, 0.956485, 0.0, 0.232096, 6.018361], [NaN, 1.0, 0.478428, 0.092178, 0.0, 0.024036, 0.594642], [NaN, 2.0, 0.435503, 0.083287, 0.0, 0.021539, 0.540329], [NaN, 3.0, 0.456114, 0.089148, 0.0, 0.023156, 0.568418], [NaN, 4.0, 0.415707, 0.080403, 0.0, 0.020999, 0.517109], [NaN, 5.0, 0.425756, 0.083857, 0.0, 0.017504, 0.527117], [NaN, 6.0, 0.405009, 0.077505, 0.0, 0.015149, 0.497663], [NaN, 7.0, 0.401394, 0.080068, 0.0, 0.018531, 0.499993], [NaN, 8.0, 0.31483, 0.061114, 0.0, 0.01459, 0.390534], [NaN, 9.0, 0.392307, 0.078804, 0.0, 0.019313, 0.490424], [NaN, 10.0, 0.379966, 0.080653, 0.0, 0.019919, 0.480538], [NaN, 11.0, 0.364685, 0.07485, 0.0, 0.018924, 0.458459], [NaN, 12.0, 0.360081, 0.074618, 0.0, 0.018436, 0.453135], [2004.0, NaN, 4.77263, 0.967659, 0.0, 0.233984, 5.974273], [NaN, 1.0, 0.397631, 0.08507, 0.0, 0.020574, 0.503275], [NaN, 2.0, 0.384887, 0.080855, 0.0, 0.01879, 0.484532], [NaN, 3.0, 0.407158, 0.086241, 0.0, 0.021179, 0.514578], [NaN, 4.0, 0.382917, 0.079436, 0.0, 0.019016, 0.481369], [NaN, 5.0, 0.400963, 0.085284, 0.0, 0.01994, 0.506187], [NaN, 6.0, 0.39924, 0.084156, 0.0, 0.019925, 0.503321], [NaN, 7.0, 0.394414, 0.081049, 0.0, 0.018907, 0.49437], [NaN, 8.0, 0.29538, 0.058637, 0.0, 0.014141, 0.368158], [NaN, 9.0, 0.354402, 0.064346, 0.0, 0.017283, 0.436031], [NaN, 10.0, 0.439177, 0.084424, 0.0, 0.020089, 0.54369], [NaN, 11.0, 0.44407, 0.085682, 0.0, 0.020364, 0.550116], [NaN, 12.0, 0.472391, 0.092479, 0.0, 0.023776, 0.588646], [2003.0, NaN, 4.155164, 0.632243, 0.0, 0.197092, 4.984499], [NaN, 1.0, 0.359542, 0.075519, 0.0, 0.016691, 0.451752], [NaN, 2.0, 0.314887, 0.064408, 0.0, 0.013991, 0.393286], [NaN, 3.0, 0.327341, 0.067209, 0.0, 0.015384, 0.409934], [NaN, 4.0, 0.337726, 0.074304, 0.0, 0.016087, 0.428117], [NaN, 5.0, 0.366721, 0.078558, 0.0, 0.018551, 0.46383], [NaN, 6.0, 0.353983, 0.076144, 0.0, 0.017705, 0.447832], [NaN, 7.0, 0.360894, 0.077543, 0.0, 0.016777, 0.455214], [NaN, 8.0, 0.315334, 0.065247, 0.0, 0.015978, 0.396559], [NaN, 9.0, 0.265527, 0.053311, 0.0, 0.011501, 0.330339], [NaN, 10.0, 0.372127, 0.0, 0.0, 0.017368, 0.389495], [NaN, 11.0, 0.393689, 0.0, 0.0, 0.018457, 0.412146], [NaN, 12.0, 0.387393, 0.0, 0.0, 0.018602, 0.405995], [2002.0, NaN, 4.180522, 0.875037, 0.0, 0.199655, 5.255214], [1.0, 0.334821, 0.069323, 0.0, 0.017316, 0.42146, NaN], [2.0, 0.302626, 0.061634, 0.0, 0.015274, 0.379534, NaN]]}, "20": {"index": [0, 1, 2, 3, 4, 5, 6, 7, 8, 9, 10, 11, 12, 13, 14, 15, 16, 17, 18, 19, 20, 21, 22, 23, 24, 25, 26, 27, 28, 29, 30, 31, 32, 33, 34, 35, 36, 37, 38, 39, 40, 41], "columns": {"0": "2002", "1": "3", "2": "0.316092", "3": "0.064271", "4": "0.000000", "5": "0.015534", "6": "0.395897"}, "data": [[NaN, 4.0, 0.330964, 0.065885, 0.0, 0.015564, 0.412413], [NaN, 5.0, 0.325065, 0.066282, 0.0, 0.014769, 0.406116], [NaN, 6.0, 0.356986, 0.073702, 0.0, 0.016047, 0.446735], [NaN, 7.0, 0.3969, 0.087103, 0.0, 0.018576, 0.502579], [NaN, 8.0, 0.354228, 0.073175, 0.0, 0.016702, 0.444105], [NaN, 9.0, 0.395436, 0.085169, 0.0, 0.019667, 0.500272], [NaN, 10.0, 0.379581, 0.083039, 0.0, 0.018073, 0.480693], [NaN, 11.0, 0.327191, 0.068117, 0.0, 0.015804, 0.411112], [NaN, 12.0, 0.360632, 0.077337, 0.0, 0.016329, 0.454298], [2001.0, NaN, 4.362804, 0.882334, 0.0, 0.212904, 5.458042], [NaN, 1.0, 0.413795, 0.082466, 0.0, 0.02194, 0.518201], [NaN, 2.0, 0.359109, 0.071518, 0.0, 0.018674, 0.449301], [NaN, 3.0, 0.374672, 0.075687, 0.0, 0.019566, 0.469925], [NaN, 4.0, 0.361442, 0.068281, 0.0, 0.018046, 0.447769], [NaN, 5.0, 0.388954, 0.077188, 0.0, 0.019384, 0.485526], [NaN, 6.0, 0.372402, 0.074724, 0.0, 0.017578, 0.464704], [NaN, 7.0, 0.376657, 0.07549, 0.0, 0.016926, 0.469073], [NaN, 8.0, 0.22019, 0.046751, 0.0, 0.009061, 0.276002], [NaN, 9.0, 0.398274, 0.076717, 0.0, 0.018059, 0.49305], [NaN, 10.0, 0.403652, 0.084661, 0.0, 0.019534, 0.507847], [NaN, 11.0, 0.353227, 0.076506, 0.0, 0.017421, 0.447154], [NaN, 12.0, 0.34043, 0.072345, 0.0, 0.016715, 0.42949], [2000.0, NaN, 4.577951, 0.889374, 0.0, 0.221597, 5.688922], [NaN, 1.0, 0.392971, 0.073326, 0.0, 0.020071, 0.486368], [NaN, 2.0, 0.368359, 0.070384, 0.0, 0.018965, 0.457708], [NaN, 3.0, 0.414033, 0.083067, 0.0, 0.021315, 0.518415], [NaN, 4.0, 0.383966, 0.076086, 0.0, 0.019869, 0.479921], [NaN, 5.0, 0.332846, 0.066209, 0.0, 0.015689, 0.414744], [NaN, 6.0, 0.401901, 0.078942, 0.0, 0.01939, 0.500233], [NaN, 7.0, 0.404049, 0.08105, 0.0, 0.020282, 0.505381], [NaN, 8.0, 0.319156, 0.06168, 0.0, 0.00952, 0.390356], [NaN, 9.0, 0.286591, 0.050131, 0.0, 0.013317, 0.350039], [NaN, 10.0, 0.440782, 0.085165, 0.0, 0.021411, 0.547358], [NaN, 11.0, 0.404434, 0.078743, 0.0, 0.020751, 0.503928], [NaN, 12.0, 0.428863, 0.084591, 0.0, 0.021017, 0.534471], [1999.0, NaN, 5.310248, 1.036055, 0.0, 0.258336, 6.604639], [1.0, 0.470803, 0.089928, 0.0, 0.01948, 0.580211, NaN], [2.0, 0.428744, 0.082304, 0.0, 0.019456, 0.530504, NaN], [3.0, 0.45402, 0.086719, 0.0, 0.021478, 0.562217, NaN], [4.0, 0.439148, 0.085367, 0.0, 0.020815, 0.54533, NaN], [5.0, 0.435334, 0.08412, 0.0, 0.02145, 0.540904, NaN], [6.0, 0.428944, 0.084535, 0.0, 0.020819, 0.534298, NaN]]}, "21": {"index": [0, 1, 2, 3, 4, 5, 6, 7, 8, 9, 10, 11, 12, 13, 14, 15, 16, 17, 18, 19, 20, 21, 22, 23, 24, 25, 26, 27, 28, 29, 30, 31, 32, 33, 34, 35, 36, 37, 38, 39, 40, 41], "columns": {"0": "1999", "1": "7", "2": "0.450710", "3": "0.091386", "4": "0.000000", "5": "0.022304", "6": "0.564400"}, "data": [[NaN, 8.0, 0.447345, 0.087929, 0.0, 0.023153, 0.558427], [NaN, 9.0, 0.470932, 0.094229, 0.0, 0.024003, 0.589164], [NaN, 10.0, 0.456488, 0.088222, 0.0, 0.023718, 0.568428], [NaN, 11.0, 0.411617, 0.079958, 0.0, 0.020386, 0.511961], [NaN, 12.0, 0.416163, 0.081358, 0.0, 0.021274, 0.518795], [1998.0, NaN, 5.168462, 0.96483, 0.0, 0.24149, 6.374782], [NaN, 1.0, 0.442409, 0.085172, 0.0, 0.025387, 0.552968], [NaN, 2.0, 0.386976, 0.074096, 0.0, 0.021086, 0.482158], [NaN, 3.0, 0.478283, 0.094693, 0.0, 0.02261, 0.595586], [NaN, 4.0, 0.454381, 0.091587, 0.0, 0.024979, 0.570947], [NaN, 5.0, 0.450793, 0.088325, 0.0, 0.023113, 0.562231], [NaN, 6.0, 0.479021, 0.09022, 0.0, 0.024938, 0.594179], [NaN, 7.0, 0.483618, 0.090303, 0.0, 0.024063, 0.597984], [NaN, 8.0, 0.188422, 0.024704, 0.0, 0.005328, 0.218454], [NaN, 9.0, 0.446485, 0.075743, 0.0, 0.017189, 0.539417], [NaN, 10.0, 0.47621, 0.088192, 0.0, 0.018577, 0.582979], [NaN, 11.0, 0.442403, 0.082545, 0.0, 0.016199, 0.541147], [NaN, 12.0, 0.439461, 0.07925, 0.0, 0.018021, 0.536732], [1997.0, NaN, 4.526867, 0.940399, 0.0, 0.251212, 5.718478], [NaN, 1.0, 0.334251, 0.078713, 0.0, 0.019699, 0.432663], [NaN, 2.0, 0.309712, 0.07689, 0.0, 0.019011, 0.405613], [NaN, 3.0, 0.333516, 0.077992, 0.0, 0.019199, 0.430707], [NaN, 4.0, 0.392079, 0.081727, 0.0, 0.021406, 0.495212], [NaN, 5.0, 0.400282, 0.080621, 0.0, 0.022714, 0.503617], [NaN, 6.0, 0.407264, 0.081818, 0.0, 0.021793, 0.510875], [NaN, 7.0, 0.416953, 0.086185, 0.0, 0.023807, 0.526945], [NaN, 8.0, 0.386941, 0.078642, 0.0, 0.019192, 0.484775], [NaN, 9.0, 0.400082, 0.076867, 0.0, 0.022159, 0.499108], [NaN, 10.0, 0.405589, 0.078363, 0.0, 0.02302, 0.506972], [NaN, 11.0, 0.366882, 0.071526, 0.0, 0.020472, 0.45888], [NaN, 12.0, 0.373316, 0.071055, 0.0, 0.01874, 0.463111], [1996.0, NaN, 4.0346, 0.88008, 0.0, 0.226624, 5.141304], [1.0, 0.305444, 0.070537, 0.0, 0.01657, 0.392551, NaN], [2.0, 0.296731, 0.069358, 0.0, 0.01718, 0.383269, NaN], [3.0, 0.30927, 0.071192, 0.0, 0.01786, 0.398322, NaN], [4.0, 0.287338, 0.06608, 0.0, 0.016249, 0.369667, NaN], [5.0, 0.32284, 0.073331, 0.0, 0.018066, 0.414237, NaN], [6.0, 0.327897, 0.072334, 0.0, 0.0177, 0.417931, NaN], [7.0, 0.373435, 0.080592, 0.0, 0.020567, 0.474594, NaN], [8.0, 0.371537, 0.078992, 0.0, 0.021074, 0.471603, NaN], [9.0, 0.371232, 0.079518, 0.0, 0.020823, 0.471573, NaN], [10.0, 0.372164, 0.076903, 0.0, 0.021268, 0.470335, NaN]]}, "22": {"index": [0, 1, 2, 3, 4, 5, 6, 7, 8, 9, 10, 11, 12, 13, 14, 15, 16, 17, 18, 19, 20, 21, 22, 23, 24, 25, 26, 27, 28, 29, 30, 31, 32, 33, 34, 35, 36, 37, 38, 39, 40, 41], "columns": {"0": "1996", "1": "11", "2": "0.332187", "3": "0.065596", "4": "0.000000", "5": "0.018864", "6": "0.416647"}, "data": [[NaN, 12.0, 0.364525, 0.075647, 0.0, 0.020403, 0.460575], [1995.0, NaN, 3.489873, 0.78753, 0.0, 0.190653, 4.468056], [NaN, 1.0, 0.256956, 0.057664, 0.0, 0.013958, 0.328578], [NaN, 2.0, 0.251886, 0.060534, 0.0, 0.013703, 0.326123], [NaN, 3.0, 0.276822, 0.062182, 0.0, 0.014618, 0.353622], [NaN, 4.0, 0.273137, 0.058723, 0.0, 0.014663, 0.346523], [NaN, 5.0, 0.271823, 0.057768, 0.0, 0.014089, 0.34368], [NaN, 6.0, 0.287471, 0.06513, 0.0, 0.015934, 0.368535], [NaN, 7.0, 0.304256, 0.069366, 0.0, 0.016909, 0.390531], [NaN, 8.0, 0.300233, 0.068498, 0.0, 0.016369, 0.3851], [NaN, 9.0, 0.286321, 0.0602, 0.0, 0.015219, 0.36174], [NaN, 10.0, 0.333048, 0.076903, 0.0, 0.017496, 0.427447], [NaN, 11.0, 0.322551, 0.074141, 0.0, 0.018444, 0.415136], [NaN, 12.0, 0.325369, 0.076421, 0.0, 0.019251, 0.421041], [1994.0, NaN, 3.154878, 0.667406, 0.0, 0.165459, 3.987743], [NaN, 1.0, 0.272178, 0.05888, 0.0, 0.01437, 0.345428], [NaN, 2.0, 0.243298, 0.051337, 0.0, 0.01312, 0.307755], [NaN, 3.0, 0.264034, 0.054015, 0.0, 0.014427, 0.332476], [NaN, 4.0, 0.240961, 0.049618, 0.0, 0.013064, 0.303643], [NaN, 5.0, 0.28412, 0.060219, 0.0, 0.014093, 0.358432], [NaN, 6.0, 0.265334, 0.057241, 0.0, 0.01333, 0.335905], [NaN, 7.0, 0.268563, 0.059246, 0.0, 0.013483, 0.341292], [NaN, 8.0, 0.154506, 0.027881, 0.0, 0.007807, 0.190194], [NaN, 9.0, 0.270585, 0.052857, 0.0, 0.013461, 0.336903], [NaN, 10.0, 0.29469, 0.063476, 0.0, 0.015361, 0.373527], [NaN, 11.0, 0.304546, 0.066313, 0.0, 0.017072, 0.387931], [NaN, 12.0, 0.292063, 0.066323, 0.0, 0.015871, 0.374257], [1993.0, NaN, 3.536684, 0.799865, 0.0, 0.190539, 4.527088], [NaN, 1.0, 0.340737, 0.078724, 0.0, 0.018773, 0.438234], [NaN, 2.0, 0.301838, 0.068811, 0.0, 0.01661, 0.387259], [NaN, 3.0, 0.351897, 0.08048, 0.0, 0.018962, 0.451339], [NaN, 4.0, 0.306859, 0.069833, 0.0, 0.015807, 0.392499], [NaN, 5.0, 0.307098, 0.07164, 0.0, 0.016401, 0.395139], [NaN, 6.0, 0.288397, 0.065405, 0.0, 0.015983, 0.369785], [NaN, 7.0, 0.291473, 0.068231, 0.0, 0.016547, 0.376251], [NaN, 8.0, 0.294262, 0.067853, 0.0, 0.016125, 0.37824], [NaN, 9.0, 0.236038, 0.050153, 0.0, 0.012493, 0.298684], [NaN, 10.0, 0.277361, 0.060276, 0.0, 0.01407, 0.351707], [NaN, 11.0, 0.263236, 0.057544, 0.0, 0.013715, 0.334495], [NaN, 12.0, 0.277488, 0.060915, 0.0, 0.015053, 0.353456], [1992.0, NaN, 4.046269, 0.927589, 0.0, 0.228374, 5.202232], [1.0, 0.367371, 0.080006, 0.0, 0.021985, 0.469362, NaN]]}, "23": {"index": [0, 1, 2, 3, 4, 5, 6, 7, 8, 9, 10, 11, 12, 13, 14, 15, 16, 17, 18, 19, 20, 21, 22, 23, 24, 25, 26, 27, 28, 29, 30, 31, 32, 33, 34, 35, 36, 37, 38, 39, 40, 41], "columns": {"0": "1992", "1": "2", "2": "0.306518", "3": "0.069157", "4": "0.000000", "5": "0.017613", "6": "0.393288"}, "data": [[NaN, 3.0, 0.327085, 0.070684, 0.0, 0.018952, 0.416721], [NaN, 4.0, 0.303623, 0.068729, 0.0, 0.017379, 0.389731], [NaN, 5.0, 0.279855, 0.061031, 0.0, 0.015323, 0.356209], [NaN, 6.0, 0.365067, 0.081386, 0.0, 0.021214, 0.467667], [NaN, 7.0, 0.351067, 0.082088, 0.0, 0.019971, 0.453126], [NaN, 8.0, 0.35264, 0.084135, 0.0, 0.020184, 0.456959], [NaN, 9.0, 0.326678, 0.081752, 0.0, 0.01789, 0.42632], [NaN, 10.0, 0.342004, 0.081013, 0.0, 0.018048, 0.441065], [NaN, 11.0, 0.348043, 0.080821, 0.0, 0.019152, 0.448016], [NaN, 12.0, 0.376318, 0.086787, 0.0, 0.020663, 0.483768], [1991.0, NaN, 3.744195, 0.818378, 0.0, 0.248815, 4.811388], [NaN, 1.0, 0.34013, 0.077394, 0.0, 0.026616, 0.44414], [NaN, 2.0, 0.2827, 0.065359, 0.0, 0.019894, 0.367953], [NaN, 3.0, 0.309739, 0.07044, 0.0, 0.023184, 0.403363], [NaN, 4.0, 0.329303, 0.07542, 0.0, 0.023534, 0.428257], [NaN, 5.0, 0.341299, 0.075049, 0.0, 0.023565, 0.439913], [NaN, 6.0, 0.325331, 0.071192, 0.0, 0.022083, 0.418606], [NaN, 7.0, 0.316625, 0.069952, 0.0, 0.019982, 0.406559], [NaN, 8.0, 0.135965, 0.024041, 0.0, 0.005944, 0.16595], [NaN, 9.0, 0.346488, 0.072898, 0.0, 0.022454, 0.44184], [NaN, 10.0, 0.34758, 0.07463, 0.0, 0.021523, 0.443733], [NaN, 11.0, 0.323703, 0.067495, 0.0, 0.020032, 0.41123], [NaN, 12.0, 0.345332, 0.074508, 0.0, 0.020004, 0.439844], [1990.0, NaN, 4.156492, 0.91881, 0.0, 0.375098, 5.4504], [NaN, 1.0, 0.390428, 0.084233, 0.0, 0.035973, 0.510634], [NaN, 2.0, 0.345132, 0.073442, 0.0, 0.033445, 0.452019], [NaN, 3.0, 0.362343, 0.078357, 0.0, 0.033354, 0.474054], [NaN, 4.0, 0.346874, 0.075243, 0.0, 0.033068, 0.455185], [NaN, 5.0, 0.347938, 0.077546, 0.0, 0.033741, 0.459225], [NaN, 6.0, 0.324889, 0.072376, 0.0, 0.034043, 0.431308], [NaN, 7.0, 0.305815, 0.062035, 0.0, 0.024562, 0.392412], [NaN, 8.0, 0.364359, 0.081861, 0.0, 0.032308, 0.478528], [NaN, 9.0, 0.344287, 0.077982, 0.0, 0.030666, 0.452935], [NaN, 10.0, 0.341595, 0.079207, 0.0, 0.028664, 0.449466], [NaN, 11.0, 0.330804, 0.075544, 0.0, 0.027137, 0.433485], [NaN, 12.0, 0.352028, 0.080984, 0.0, 0.028137, 0.461149], [1989.0, NaN, 4.238787, 0.841652, 0.0, 0.376097, 5.456536], [1.0, 0.348456, 0.068876, 0.0, 0.026086, 0.443418, NaN], [2.0, 0.3126, 0.063278, 0.0, 0.025325, 0.401203, NaN], [3.0, 0.343255, 0.067294, 0.0, 0.030066, 0.440615, NaN], [4.0, 0.339103, 0.065974, 0.0, 0.03103, 0.436107, NaN], [5.0, 0.351921, 0.069643, 0.0, 0.032533, 0.454097, NaN]]}, "24": {"index": [0, 1, 2, 3, 4, 5, 6, 7, 8, 9, 10, 11, 12, 13, 14, 15, 16, 17, 18, 19, 20, 21, 22, 23, 24, 25, 26, 27, 28, 29, 30, 31, 32, 33, 34, 35, 36, 37, 38, 39, 40, 41], "columns": {"0": "1989", "1": "6", "2": "0.278209", "3": "0.053684", "4": "0.000000", "5": "0.025009", "6": "0.356902"}, "data": [[NaN, 7.0, 0.377632, 0.070221, 0.0, 0.032045, 0.479898], [NaN, 8.0, 0.388353, 0.080371, 0.0, 0.033469, 0.502193], [NaN, 9.0, 0.368627, 0.073631, 0.0, 0.036468, 0.478726], [NaN, 10.0, 0.379707, 0.076537, 0.0, 0.036678, 0.492922], [NaN, 11.0, 0.355295, 0.071228, 0.0, 0.033533, 0.460056], [NaN, 12.0, 0.395629, 0.080915, 0.0, 0.033855, 0.510399], [1988.0, NaN, 3.698722, 0.709489, 0.0, 0.334486, 4.742697], [NaN, 1.0, 0.316832, 0.056763, 0.0, 0.029584, 0.403179], [NaN, 2.0, 0.296143, 0.055488, 0.0, 0.027649, 0.37928], [NaN, 3.0, 0.312892, 0.058983, 0.0, 0.029042, 0.400917], [NaN, 4.0, 0.301625, 0.065223, 0.0, 0.029627, 0.396475], [NaN, 5.0, 0.31035, 0.058288, 0.0, 0.027472, 0.39611], [NaN, 6.0, 0.277034, 0.050105, 0.0, 0.026295, 0.353434], [NaN, 7.0, 0.306691, 0.056676, 0.0, 0.027586, 0.390953], [NaN, 8.0, 0.313941, 0.058613, 0.0, 0.029673, 0.402227], [NaN, 9.0, 0.301389, 0.057029, 0.0, 0.029133, 0.387551], [NaN, 10.0, 0.313931, 0.060885, 0.0, 0.02739, 0.402206], [NaN, 11.0, 0.313206, 0.063033, 0.0, 0.026072, 0.402311], [NaN, 12.0, 0.334688, 0.068403, 0.0, 0.024963, 0.428054], [1987.0, NaN, 3.478145, 0.621839, 0.0, 0.335952, 4.435936], [NaN, 1.0, 0.288988, 0.046823, 0.0, 0.029383, 0.365194], [NaN, 2.0, 0.27854, 0.046202, 0.0, 0.029277, 0.354019], [NaN, 3.0, 0.302038, 0.050522, 0.0, 0.032145, 0.384705], [NaN, 4.0, 0.287466, 0.047805, 0.0, 0.030916, 0.366187], [NaN, 5.0, 0.304465, 0.051234, 0.0, 0.030722, 0.386421], [NaN, 6.0, 0.298459, 0.053801, 0.0, 0.027517, 0.379777], [NaN, 7.0, 0.327176, 0.059752, 0.0, 0.031104, 0.418032], [NaN, 8.0, 0.092105, 0.016185, 0.0, 0.008814, 0.117104], [NaN, 9.0, 0.330112, 0.051042, 0.0, 0.027422, 0.408576], [NaN, 10.0, 0.336651, 0.071163, 0.0, 0.03198, 0.439794], [NaN, 11.0, 0.321681, 0.06957, 0.0, 0.030508, 0.421759], [NaN, 12.0, 0.310464, 0.05774, 0.0, 0.026164, 0.394368], [1986.0, NaN, 2.53838, 0.429565, 0.0, 0.277149, 3.245094], [1.0, 0.207638, 0.032658, 0.0, 0.023225, 0.263521, NaN], [2.0, 0.202702, 0.032584, 0.0, 0.022792, 0.258078, NaN], [3.0, 0.216025, 0.034504, 0.0, 0.023691, 0.27422, NaN], [4.0, 0.063179, 0.009036, 0.0, 0.006164, 0.078379, NaN], [5.0, 0.217027, 0.035373, 0.0, 0.02427, 0.27667, NaN], [6.0, 0.217655, 0.037034, 0.0, 0.027066, 0.281755, NaN], [7.0, 0.219632, 0.035987, 0.0, 0.024021, 0.27964, NaN], [8.0, 0.224632, 0.036115, 0.0, 0.02502, 0.285767, NaN], [9.0, 0.232185, 0.038267, 0.0, 0.024686, 0.295138, NaN]]}, "25": {"index": [0, 1, 2, 3, 4, 5, 6, 7, 8, 9, 10, 11, 12, 13, 14, 15, 16, 17, 18, 19, 20, 21, 22, 23, 24, 25, 26, 27, 28, 29, 30, 31, 32, 33, 34, 35, 36, 37, 38, 39, 40], "columns": {"0": "1986", "1": "10", "2": "0.246938", "3": "0.049779", "4": "0.000000", "5": "0.024578", "6": "0.321295"}, "data": [[NaN, 11.0, 0.243967, 0.037257, 0.0, 0.024362, 0.305586], [NaN, 12.0, 0.2468, 0.050971, 0.0, 0.027274, 0.325045], [1985.0, NaN, 2.781179, 0.468009, 0.0, 0.312955, 3.562143], [NaN, 1.0, 0.276576, 0.049602, 0.0, 0.021706, 0.347884], [NaN, 2.0, 0.239182, 0.042098, 0.0, 0.021976, 0.303256], [NaN, 3.0, 0.284321, 0.051058, 0.0, 0.03416, 0.369539], [NaN, 4.0, 0.275991, 0.049356, 0.0, 0.031727, 0.357074], [NaN, 5.0, 0.288261, 0.050012, 0.0, 0.032601, 0.370874], [NaN, 6.0, 0.276921, 0.047819, 0.0, 0.029689, 0.354429], [NaN, 7.0, 0.259579, 0.043956, 0.0, 0.032556, 0.336091], [NaN, 8.0, 0.179973, 0.026502, 0.0, 0.02174, 0.228215], [NaN, 9.0, 0.16212, 0.02385, 0.0, 0.019454, 0.205424], [NaN, 10.0, 0.169761, 0.025967, 0.0, 0.019903, 0.215631], [NaN, 11.0, 0.185384, 0.028714, 0.0, 0.023752, 0.23785], [NaN, 12.0, 0.18311, 0.029075, 0.0, 0.023691, 0.235876], [1984.0, NaN, 2.843319, 0.512731, 0.0, 0.241653, 3.597703], [NaN, 1.0, 0.205947, 0.036747, 0.0, 0.015659, 0.258353], [NaN, 2.0, 0.22543, 0.041445, 0.0, 0.018263, 0.285138], [NaN, 3.0, 0.261214, 0.04829, 0.0, 0.021319, 0.330823], [NaN, 4.0, 0.14868, 0.027924, 0.0, 0.013102, 0.189706], [NaN, 5.0, 0.259927, 0.04893, 0.0, 0.023797, 0.332654], [NaN, 6.0, 0.254571, 0.047335, 0.0, 0.022563, 0.324469], [NaN, 7.0, 0.274851, 0.05173, 0.0, 0.021429, 0.34801], [NaN, 8.0, 0.204919, 0.029666, 0.0, 0.016866, 0.251451], [NaN, 9.0, 0.259017, 0.045243, 0.0, 0.022776, 0.327036], [NaN, 10.0, 0.225728, 0.041136, 0.0, 0.021494, 0.288358], [NaN, 11.0, 0.245409, 0.043735, 0.0, 0.020869, 0.310013], [NaN, 12.0, 0.277626, 0.05055, 0.0, 0.023516, 0.351692], [1983.0, NaN, 0.966687, 0.10132, 0.0, 0.066671, 1.134678], [1.0, 0.043255, 0.0, 0.0, 0.001251, 0.044506, NaN], [2.0, 0.03841, 0.0, 0.0, 0.001241, 0.039651, NaN], [3.0, 0.040355, 0.0, 0.0, 0.001946, 0.042301, NaN], [4.0, 0.044735, 0.0, 0.0, 0.002615, 0.04735, NaN], [5.0, 0.049658, 0.0, 0.0, 0.002828, 0.052486, NaN], [6.0, 0.057959, 0.0, 0.0, 0.00452, 0.062479, NaN], [7.0, 0.060172, 0.002632, 0.0, 0.004757, 0.067561, NaN], [8.0, 0.071255, 0.008137, 0.0, 0.005236, 0.084628, NaN], [9.0, 0.106306, 0.015131, 0.0, 0.008336, 0.129773, NaN], [10.0, 0.128191, 0.01931, 0.0, 0.008843, 0.156344, NaN], [11.0, 0.144619, 0.024171, 0.0, 0.012087, 0.180877, NaN], [12.0, 0.181772, 0.031939, 0.0, 0.013011, 0.226722, NaN]]}, "26": {"index": [0, 1, 2], "columns": {"0": "1982", "1": "Unnamed: 0", "2": "0.085409", "3": "0.000000", "4": "0.000000.1", "5": "0.002060", "6": "0.087469"}, "data": [[10, 0.00587, 0.0, 0.0, 0.000163, 0.006033, NaN], [11, 0.032841, 0.0, 0.0, 0.000834, 0.033675, NaN], [12, 0.046698, 0.0, 0.0, 0.001063, NaN, NaN]]}, "27": {"index": [0, 1, 2, 3, 4, 5, 6, 7, 8, 9, 10, 11, 12, 13, 14, 15, 16, 17, 18, 19, 20, 21, 22, 23, 24, 25, 26, 27, 28, 29, 30, 31, 32, 33], "columns": {"0": "Unnamed: 0", "1": "Month", "2": "Gross - oil[mill Sm3]", "3": "Gross - gas[bill Sm3]", "4": "Gross -condensate[mill Sm3]", "5": "Gross - oilequivalents[mill Sm3]"}, "data": [["Sum", NaN, 130.967867, 28.572949, 0.0, 159.540816], ["2023", NaN, 1.177029, 0.095564, 0.0, 1.272593], [NaN, 1.0, 0.188114, -1e-06, 0.0, 0.188113], [NaN, 2.0, 0.185757, -1e-06, 0.0, 0.185756], [NaN, 3.0, 0.215027, -1e-06, 0.0, 0.215026], [NaN, 4.0, 0.186533, 0.02995, 0.0, 0.216483], [NaN, 5.0, 0.211062, 0.034647, 0.0, 0.245709], [NaN, 6.0, 0.190536, 0.03097, 0.0, 0.221506], ["2022", NaN, 2.116368, 0.210922, 0.0, 2.32729], [NaN, 1.0, 0.198757, 0.042223, 0.0, 0.24098], [NaN, 2.0, 0.183175, 0.039068, 0.0, 0.222243], [NaN, 3.0, 0.178291, 0.039614, 0.0, 0.217905], [NaN, 4.0, 0.19224, 0.03181, 0.0, 0.22405], [NaN, 5.0, 0.170139, 0.028389, 0.0, 0.198528], [NaN, 6.0, 0.023186, 0.003476, 0.0, 0.026662], [NaN, 7.0, 0.177355, 0.026342, 0.0, 0.203697], [NaN, 8.0, 0.200851, 0.0, 0.0, 0.200851], [NaN, 9.0, 0.199705, 0.0, 0.0, 0.199705], [NaN, 10.0, 0.195153, 0.0, 0.0, 0.195153], [NaN, 11.0, 0.197158, 0.0, 0.0, 0.197158], [NaN, 12.0, 0.200358, 0.0, 0.0, 0.200358], ["2021", NaN, 2.336608, 0.485638, 0.0, 2.822246], ["1", 0.221964, 0.046466, 0.0, 0.26843, NaN], ["2", 0.190653, 0.039684, 0.0, 0.230337, NaN], ["3", 0.241871, 0.050344, 0.0, 0.292215, NaN], ["4", 0.210581, 0.044913, 0.0, 0.255494, NaN], ["5", 0.189848, 0.042249, 0.0, 0.232097, NaN], ["6", 0.16164, 0.032208, 0.0, 0.193848, NaN], ["7", 0.182434, 0.037374, 0.0, 0.219808, NaN], ["8", 0.169753, 0.034991, 0.0, 0.204744, NaN], ["9", 0.180175, 0.036031, 0.0, 0.216206, NaN], ["10", 0.172807, 0.035792, 0.0, 0.208599, NaN], ["11", 0.19339, 0.04014, 0.0, 0.23353, NaN], ["12", 0.221492, 0.045446, 0.0, 0.266938, NaN]]}, "28": {"index": [0, 1, 2, 3, 4, 5, 6, 7, 8, 9, 10, 11, 12, 13, 14, 15, 16, 17, 18, 19, 20, 21, 22, 23, 24, 25, 26, 27, 28, 29, 30, 31, 32, 33, 34, 35, 36, 37, 38, 39, 40, 41], "columns": {"0": "2020", "1": "Unnamed: 0", "2": "2.567666", "3": "0.500738", "4": "0.000000", "5": "3.068404"}, "data": [[NaN, 1.0, 0.201358, 0.039256, 0.0, 0.240614], [NaN, 2.0, 0.192127, 0.038316, 0.0, 0.230443], [NaN, 3.0, 0.235609, 0.046889, 0.0, 0.282498], [NaN, 4.0, 0.21894, 0.042929, 0.0, 0.261869], [NaN, 5.0, 0.209753, 0.041087, 0.0, 0.25084], [NaN, 6.0, 0.159376, 0.030902, 0.0, 0.190278], [NaN, 7.0, 0.21586, 0.040783, 0.0, 0.256643], [NaN, 8.0, 0.222068, 0.042566, 0.0, 0.264634], [NaN, 9.0, 0.229481, 0.044466, 0.0, 0.273947], [NaN, 10.0, 0.242724, 0.046652, 0.0, 0.289376], [NaN, 11.0, 0.215242, 0.04173, 0.0, 0.256972], [NaN, 12.0, 0.225128, 0.045162, 0.0, 0.27029], [2019.0, NaN, 1.978421, 0.383393, 0.0, 2.361814], [NaN, 1.0, 0.190885, 0.038178, 0.0, 0.229063], [NaN, 2.0, 0.169133, 0.035724, 0.0, 0.204857], [NaN, 3.0, 0.201671, 0.039209, 0.0, 0.24088], [NaN, 4.0, 0.170551, 0.032339, 0.0, 0.20289], [NaN, 5.0, 0.142134, 0.027072, 0.0, 0.169206], [NaN, 6.0, 0.0, 8e-05, 0.0, 8e-05], [NaN, 7.0, 0.155936, 0.027853, 0.0, 0.183789], [NaN, 8.0, 0.196552, 0.0363, 0.0, 0.232852], [NaN, 9.0, 0.175498, 0.033497, 0.0, 0.208995], [NaN, 10.0, 0.17742, 0.034779, 0.0, 0.212199], [NaN, 11.0, 0.191229, 0.038402, 0.0, 0.229631], [NaN, 12.0, 0.207412, 0.03996, 0.0, 0.247372], [2018.0, NaN, 1.792917, 0.370839, 0.0, 2.163756], [NaN, 1.0, 0.15529, 0.033047, 0.0, 0.188337], [NaN, 2.0, 0.140543, 0.030659, 0.0, 0.171202], [NaN, 3.0, 0.123683, 0.026277, 0.0, 0.14996], [NaN, 4.0, 0.141461, 0.030036, 0.0, 0.171497], [NaN, 5.0, 0.150082, 0.031848, 0.0, 0.18193], [NaN, 6.0, 0.122316, 0.025832, 0.0, 0.148148], [NaN, 7.0, 0.151932, 0.030854, 0.0, 0.182786], [NaN, 8.0, 0.156223, 0.031923, 0.0, 0.188146], [NaN, 9.0, 0.150895, 0.030249, 0.0, 0.181144], [NaN, 10.0, 0.151185, 0.029632, 0.0, 0.180817], [NaN, 11.0, 0.164404, 0.032068, 0.0, 0.196472], [NaN, 12.0, 0.184903, 0.038414, 0.0, 0.223317], [2017.0, NaN, 1.702955, 0.364073, 0.0, 2.067028], [1.0, 0.163851, 0.036894, 0.0, 0.200745, NaN], [2.0, 0.142354, 0.031978, 0.0, 0.174332, NaN], [3.0, 0.154041, 0.034337, 0.0, 0.188378, NaN]]}, "29": {"index": [0, 1, 2, 3, 4, 5, 6, 7, 8, 9, 10, 11, 12, 13, 14, 15, 16, 17, 18, 19, 20, 21, 22, 23, 24, 25, 26, 27, 28, 29, 30, 31, 32, 33, 34, 35, 36, 37, 38, 39, 40, 41], "columns": {"0": "2017", "1": "4", "2": "0.136465", "3": "0.030179", "4": "0.000000", "5": "0.166644"}, "data": [[NaN, 5.0, 0.138746, 0.03083, 0.0, 0.169576], [NaN, 6.0, 0.138041, 0.029978, 0.0, 0.168019], [NaN, 7.0, 0.133578, 0.028349, 0.0, 0.161927], [NaN, 8.0, 0.130683, 0.027928, 0.0, 0.158611], [NaN, 9.0, 0.097362, 0.019292, 0.0, 0.116654], [NaN, 10.0, 0.176079, 0.033919, 0.0, 0.209998], [NaN, 11.0, 0.145049, 0.029331, 0.0, 0.17438], [NaN, 12.0, 0.146706, 0.031058, 0.0, 0.177764], [2016.0, NaN, 1.922898, 0.440293, 0.0, 2.363191], [NaN, 1.0, 0.179966, 0.04429, 0.0, 0.224256], [NaN, 2.0, 0.155369, 0.039138, 0.0, 0.194507], [NaN, 3.0, 0.165675, 0.040565, 0.0, 0.20624], [NaN, 4.0, 0.152901, 0.037812, 0.0, 0.190713], [NaN, 5.0, 0.164987, 0.040359, 0.0, 0.205346], [NaN, 6.0, 7e-06, 0.00018, 0.0, 0.000187], [NaN, 7.0, 0.175099, 0.034442, 0.0, 0.209541], [NaN, 8.0, 0.200476, 0.042638, 0.0, 0.243114], [NaN, 9.0, 0.173812, 0.038137, 0.0, 0.211949], [NaN, 10.0, 0.185917, 0.040294, 0.0, 0.226211], [NaN, 11.0, 0.189084, 0.041721, 0.0, 0.230805], [NaN, 12.0, 0.179605, 0.040717, 0.0, 0.220322], [2015.0, NaN, 2.298008, 0.523266, 0.0, 2.821274], [NaN, 1.0, 0.124526, 0.027129, 0.0, 0.151655], [NaN, 2.0, 0.169322, 0.037031, 0.0, 0.206353], [NaN, 3.0, 0.209581, 0.04586, 0.0, 0.255441], [NaN, 4.0, 0.21399, 0.047215, 0.0, 0.261205], [NaN, 5.0, 0.225574, 0.04972, 0.0, 0.275294], [NaN, 6.0, 0.172784, 0.037277, 0.0, 0.210061], [NaN, 7.0, 0.181815, 0.037998, 0.0, 0.219813], [NaN, 8.0, 0.218896, 0.050096, 0.0, 0.268992], [NaN, 9.0, 0.209666, 0.049082, 0.0, 0.258748], [NaN, 10.0, 0.210013, 0.051307, 0.0, 0.26132], [NaN, 11.0, 0.182489, 0.045132, 0.0, 0.227621], [NaN, 12.0, 0.179352, 0.045419, 0.0, 0.224771], [2014.0, NaN, 2.132299, 0.461254, 0.0, 2.593553], [1.0, 0.233211, 0.048902, 0.0, 0.282113, NaN], [2.0, 0.187241, 0.040705, 0.0, 0.227946, NaN], [3.0, 0.21014, 0.045828, 0.0, 0.255968, NaN], [4.0, 0.202358, 0.046427, 0.0, 0.248785, NaN], [5.0, 0.167273, 0.036563, 0.0, 0.203836, NaN], [6.0, 0.166494, 0.035137, 0.0, 0.201631, NaN], [7.0, 0.146795, 0.03171, 0.0, 0.178505, NaN]]}, "30": {"index": [0, 1, 2, 3, 4, 5, 6, 7, 8, 9, 10, 11, 12, 13, 14, 15, 16, 17, 18, 19, 20, 21, 22, 23, 24, 25, 26, 27, 28, 29, 30, 31, 32, 33, 34, 35, 36, 37, 38, 39, 40, 41], "columns": {"0": "2014", "1": "8", "2": "0.176383", "3": "0.037393", "4": "0.000000", "5": "0.213776"}, "data": [[NaN, 9.0, 0.112832, 0.022505, 0.0, 0.135337], [NaN, 10.0, 0.183449, 0.039772, 0.0, 0.223221], [NaN, 11.0, 0.169123, 0.037384, 0.0, 0.206507], [NaN, 12.0, 0.177, 0.038928, 0.0, 0.215928], [2013.0, NaN, 1.709616, 0.319893, 0.0, 2.029509], [NaN, 1.0, 0.004556, 0.001744, 0.0, 0.0063], [NaN, 2.0, 0.047447, 0.010354, 0.0, 0.057801], [NaN, 3.0, 0.071266, 0.013343, 0.0, 0.084609], [NaN, 4.0, 0.087975, 0.016903, 0.0, 0.104878], [NaN, 5.0, 0.137966, 0.025576, 0.0, 0.163542], [NaN, 6.0, 0.0, 5.1e-05, 0.0, 5.1e-05], [NaN, 7.0, 0.197015, 0.032363, 0.0, 0.229378], [NaN, 8.0, 0.260549, 0.046676, 0.0, 0.307225], [NaN, 9.0, 0.230627, 0.044046, 0.0, 0.274673], [NaN, 10.0, 0.233615, 0.044535, 0.0, 0.27815], [NaN, 11.0, 0.194005, 0.035643, 0.0, 0.229648], [NaN, 12.0, 0.244595, 0.048659, 0.0, 0.293254], [2012.0, NaN, 0.933096, 0.206385, 0.0, 1.139481], [NaN, 1.0, 0.13707, 0.029355, 0.0, 0.166425], [NaN, 2.0, 0.137346, 0.030723, 0.0, 0.168069], [NaN, 3.0, 0.112997, 0.026731, 0.0, 0.139728], [NaN, 4.0, 0.070704, 0.015646, 0.0, 0.08635], [NaN, 5.0, 0.164121, 0.035492, 0.0, 0.199613], [NaN, 6.0, 0.189836, 0.039754, 0.0, 0.22959], [NaN, 7.0, 0.121022, 0.028654, 0.0, 0.149676], [NaN, 8.0, 0.0, 3e-05, 0.0, 3e-05], [NaN, 9.0, 0.0, 0.0, 0.0, 0.0], [NaN, 10.0, 0.0, 0.0, 0.0, 0.0], [NaN, 11.0, 0.0, 0.0, 0.0, 0.0], [NaN, 12.0, 0.0, 0.0, 0.0, 0.0], [2011.0, NaN, 1.582693, 0.366162, 0.0, 1.948855], [1.0, 0.180741, 0.044183, 0.0, 0.224924, NaN], [2.0, 0.171387, 0.041038, 0.0, 0.212425, NaN], [3.0, 0.156755, 0.035861, 0.0, 0.192616, NaN], [4.0, 0.182999, 0.042598, 0.0, 0.225597, NaN], [5.0, 0.168809, 0.041245, 0.0, 0.210054, NaN], [6.0, 0.137561, 0.032996, 0.0, 0.170557, NaN], [7.0, 0.070242, 0.016649, 0.0, 0.086891, NaN], [8.0, 0.0, 0.0, 0.0, 0.0, NaN], [9.0, 0.095524, 0.020573, 0.0, 0.116097, NaN], [10.0, 0.162107, 0.034845, 0.0, 0.196952, NaN], [11.0, 0.157387, 0.034606, 0.0, 0.191993, NaN]]}, "31": {"index": [0, 1, 2, 3, 4, 5, 6, 7, 8, 9, 10, 11, 12, 13, 14, 15, 16, 17, 18, 19, 20, 21, 22, 23, 24, 25, 26, 27, 28, 29, 30, 31, 32, 33, 34, 35, 36, 37, 38, 39, 40, 41], "columns": {"0": "2011", "1": "12", "2": "0.099181", "3": "0.021568", "4": "0.000000", "5": "0.120749"}, "data": [[2010.0, NaN, 2.025685, 0.484655, 0.0, 2.51034], [NaN, 1.0, 0.2056, 0.048026, 0.0, 0.253626], [NaN, 2.0, 0.192985, 0.04664, 0.0, 0.239625], [NaN, 3.0, 0.164798, 0.041665, 0.0, 0.206463], [NaN, 4.0, 0.143984, 0.037701, 0.0, 0.181685], [NaN, 5.0, 0.171375, 0.043416, 0.0, 0.214791], [NaN, 6.0, 0.025885, 0.00724, 0.0, 0.033125], [NaN, 7.0, 0.15781, 0.035218, 0.0, 0.193028], [NaN, 8.0, 0.188648, 0.041335, 0.0, 0.229983], [NaN, 9.0, 0.176043, 0.039757, 0.0, 0.2158], [NaN, 10.0, 0.188653, 0.047187, 0.0, 0.23584], [NaN, 11.0, 0.175899, 0.042773, 0.0, 0.218672], [NaN, 12.0, 0.234005, 0.053697, 0.0, 0.287702], [2009.0, NaN, 2.201829, 0.483844, 0.0, 2.685673], [NaN, 1.0, 0.236562, 0.055124, 0.0, 0.291686], [NaN, 2.0, 0.204408, 0.046419, 0.0, 0.250827], [NaN, 3.0, 0.221726, 0.048307, 0.0, 0.270033], [NaN, 4.0, 0.006103, 0.001444, 0.0, 0.007547], [NaN, 5.0, 0.0, 0.0, 0.0, 0.0], [NaN, 6.0, 0.123326, 0.02274, 0.0, 0.146066], [NaN, 7.0, 0.276361, 0.054098, 0.0, 0.330459], [NaN, 8.0, 0.24847, 0.052809, 0.0, 0.301279], [NaN, 9.0, 0.220811, 0.051032, 0.0, 0.271843], [NaN, 10.0, 0.242785, 0.055811, 0.0, 0.298596], [NaN, 11.0, 0.208813, 0.047109, 0.0, 0.255922], [NaN, 12.0, 0.212464, 0.048951, 0.0, 0.261415], [2008.0, NaN, 2.767937, 0.649451, 0.0, 3.417388], [NaN, 1.0, 0.246264, 0.059065, 0.0, 0.305329], [NaN, 2.0, 0.110664, 0.024902, 0.0, 0.135566], [NaN, 3.0, 0.271291, 0.061911, 0.0, 0.333202], [NaN, 4.0, 0.250653, 0.058511, 0.0, 0.309164], [NaN, 5.0, 0.250853, 0.061805, 0.0, 0.312658], [NaN, 6.0, 0.18988, 0.038881, 0.0, 0.228761], [NaN, 7.0, 0.258439, 0.060918, 0.0, 0.319357], [NaN, 8.0, 0.242192, 0.058457, 0.0, 0.300649], [NaN, 9.0, 0.229419, 0.05527, 0.0, 0.284689], [NaN, 10.0, 0.23272, 0.055567, 0.0, 0.288287], [NaN, 11.0, 0.236917, 0.057224, 0.0, 0.294141], [NaN, 12.0, 0.248645, 0.05694, 0.0, 0.305585], [2007.0, NaN, 3.432316, 0.811624, 0.0, 4.24394], [1.0, 0.326242, 0.081704, 0.0, 0.407946, NaN], [2.0, 0.300528, 0.072216, 0.0, 0.372744, NaN]]}, "32": {"index": [0, 1, 2, 3, 4, 5, 6, 7, 8, 9, 10, 11, 12, 13, 14, 15, 16, 17, 18, 19, 20, 21, 22, 23, 24, 25, 26, 27, 28, 29, 30, 31, 32, 33, 34, 35, 36, 37, 38, 39, 40, 41], "columns": {"0": "2007", "1": "3", "2": "0.297212", "3": "0.068019", "4": "0.000000", "5": "0.365231"}, "data": [[NaN, 4.0, 0.320563, 0.07301, 0.0, 0.393573], [NaN, 5.0, 0.32954, 0.08021, 0.0, 0.40975], [NaN, 6.0, 0.104057, 0.02445, 0.0, 0.128507], [NaN, 7.0, 0.329759, 0.067321, 0.0, 0.39708], [NaN, 8.0, 0.302663, 0.070916, 0.0, 0.373579], [NaN, 9.0, 0.287312, 0.067117, 0.0, 0.354429], [NaN, 10.0, 0.304705, 0.074906, 0.0, 0.379611], [NaN, 11.0, 0.250324, 0.061592, 0.0, 0.311916], [NaN, 12.0, 0.279411, 0.070163, 0.0, 0.349574], [2006.0, NaN, 4.051338, 0.98942, 0.0, 5.040758], [NaN, 1.0, 0.365309, 0.094995, 0.0, 0.460304], [NaN, 2.0, 0.323292, 0.087152, 0.0, 0.410444], [NaN, 3.0, 0.333341, 0.08612, 0.0, 0.419461], [NaN, 4.0, 0.344272, 0.087283, 0.0, 0.431555], [NaN, 5.0, 0.350389, 0.086827, 0.0, 0.437216], [NaN, 6.0, 0.352222, 0.082212, 0.0, 0.434434], [NaN, 7.0, 0.333972, 0.080689, 0.0, 0.414661], [NaN, 8.0, 0.330089, 0.078253, 0.0, 0.408342], [NaN, 9.0, 0.358021, 0.08421, 0.0, 0.442231], [NaN, 10.0, 0.342979, 0.080917, 0.0, 0.423896], [NaN, 11.0, 0.281711, 0.061314, 0.0, 0.343025], [NaN, 12.0, 0.335741, 0.079448, 0.0, 0.415189], [2005.0, NaN, 4.729288, 1.155858, 0.0, 5.885146], [NaN, 1.0, 0.469212, 0.108915, 0.0, 0.578127], [NaN, 2.0, 0.424578, 0.099146, 0.0, 0.523724], [NaN, 3.0, 0.447067, 0.10653, 0.0, 0.553597], [NaN, 4.0, 0.407369, 0.097485, 0.0, 0.504854], [NaN, 5.0, 0.41539, 0.100704, 0.0, 0.516094], [NaN, 6.0, 0.393827, 0.094395, 0.0, 0.488222], [NaN, 7.0, 0.398222, 0.096774, 0.0, 0.494996], [NaN, 8.0, 0.309197, 0.073526, 0.0, 0.382723], [NaN, 9.0, 0.383289, 0.094697, 0.0, 0.477986], [NaN, 10.0, 0.372814, 0.098519, 0.0, 0.471333], [NaN, 11.0, 0.355756, 0.093042, 0.0, 0.448798], [NaN, 12.0, 0.352567, 0.092125, 0.0, 0.444692], [2004.0, NaN, 4.677718, 1.159641, 0.0, 5.837359], [1.0, 0.391441, 0.101749, 0.0, 0.49319, NaN], [2.0, 0.378043, 0.096245, 0.0, 0.474288, NaN], [3.0, 0.39761, 0.103985, 0.0, 0.501595, NaN], [4.0, 0.375711, 0.095817, 0.0, 0.471528, NaN], [5.0, 0.393762, 0.100912, 0.0, 0.494674, NaN], [6.0, 0.391699, 0.099445, 0.0, 0.491144, NaN]]}, "33": {"index": [0, 1, 2, 3, 4, 5, 6, 7, 8, 9, 10, 11, 12, 13, 14, 15, 16, 17, 18, 19, 20, 21, 22, 23, 24, 25, 26, 27, 28, 29, 30, 31, 32, 33, 34, 35, 36, 37, 38, 39, 40, 41], "columns": {"0": "2004", "1": "7", "2": "0.387520", "3": "0.096794", "4": "0.000000", "5": "0.484314"}, "data": [[NaN, 8.0, 0.290959, 0.070666, 0.0, 0.361625], [NaN, 9.0, 0.346842, 0.079378, 0.0, 0.42622], [NaN, 10.0, 0.428276, 0.102909, 0.0, 0.531185], [NaN, 11.0, 0.432672, 0.102185, 0.0, 0.534857], [NaN, 12.0, 0.463183, 0.109556, 0.0, 0.572739], [2003.0, NaN, 4.075083, 1.103371, 0.0, 5.178454], [NaN, 1.0, 0.351904, 0.09625, 0.0, 0.448154], [NaN, 2.0, 0.308825, 0.082278, 0.0, 0.391103], [NaN, 3.0, 0.320543, 0.086464, 0.0, 0.407007], [NaN, 4.0, 0.331216, 0.093911, 0.0, 0.425127], [NaN, 5.0, 0.360715, 0.100122, 0.0, 0.460837], [NaN, 6.0, 0.346523, 0.09687, 0.0, 0.443393], [NaN, 7.0, 0.352712, 0.098748, 0.0, 0.45146], [NaN, 8.0, 0.308705, 0.085341, 0.0, 0.394046], [NaN, 9.0, 0.260078, 0.068816, 0.0, 0.328894], [NaN, 10.0, 0.365603, 0.093323, 0.0, 0.458926], [NaN, 11.0, 0.387218, 0.100938, 0.0, 0.488156], [NaN, 12.0, 0.381041, 0.10031, 0.0, 0.481351], [2002.0, NaN, 4.107943, 1.088875, 0.0, 5.196818], [NaN, 1.0, 0.330113, 0.086552, 0.0, 0.416665], [NaN, 2.0, 0.29705, 0.077668, 0.0, 0.374718], [NaN, 3.0, 0.31227, 0.08065, 0.0, 0.39292], [NaN, 4.0, 0.325362, 0.083004, 0.0, 0.408366], [NaN, 5.0, 0.319352, 0.083433, 0.0, 0.402785], [NaN, 6.0, 0.349775, 0.093447, 0.0, 0.443222], [NaN, 7.0, 0.38949, 0.107107, 0.0, 0.496597], [NaN, 8.0, 0.346885, 0.091053, 0.0, 0.437938], [NaN, 9.0, 0.389405, 0.10425, 0.0, 0.493655], [NaN, 10.0, 0.368402, 0.101322, 0.0, 0.469724], [NaN, 11.0, 0.321695, 0.083892, 0.0, 0.405587], [NaN, 12.0, 0.358144, 0.096497, 0.0, 0.454641], [2001.0, NaN, 4.303686, 1.108302, 0.0, 5.411988], [1.0, 0.408432, 0.103123, 0.0, 0.511555, NaN], [2.0, 0.354283, 0.090157, 0.0, 0.44444, NaN], [3.0, 0.368868, 0.094499, 0.0, 0.463367, NaN], [4.0, 0.356928, 0.088205, 0.0, 0.445133, NaN], [5.0, 0.383978, 0.097426, 0.0, 0.481404, NaN], [6.0, 0.367845, 0.09466, 0.0, 0.462505, NaN], [7.0, 0.372089, 0.095718, 0.0, 0.467807, NaN], [8.0, 0.217703, 0.058772, 0.0, 0.276475, NaN], [9.0, 0.394056, 0.09624, 0.0, 0.490296, NaN], [10.0, 0.396924, 0.104538, 0.0, 0.501462, NaN]]}, "34": {"index": [0, 1, 2, 3, 4, 5, 6, 7, 8, 9, 10, 11, 12, 13, 14, 15, 16, 17, 18, 19, 20, 21, 22, 23, 24, 25, 26, 27, 28, 29, 30, 31, 32, 33, 34, 35, 36, 37, 38, 39, 40, 41], "columns": {"0": "2001", "1": "11", "2": "0.347220", "3": "0.094563", "4": "0.000000", "5": "0.441783"}, "data": [[NaN, 12.0, 0.33536, 0.090401, 0.0, 0.425761], [2000.0, NaN, 4.497415, 1.107611, 0.0, 5.605026], [NaN, 1.0, 0.386838, 0.092226, 0.0, 0.479064], [NaN, 2.0, 0.362896, 0.089035, 0.0, 0.451931], [NaN, 3.0, 0.397641, 0.103361, 0.0, 0.501002], [NaN, 4.0, 0.378993, 0.095488, 0.0, 0.474481], [NaN, 5.0, 0.32749, 0.079604, 0.0, 0.407094], [NaN, 6.0, 0.396236, 0.098015, 0.0, 0.494251], [NaN, 7.0, 0.397955, 0.101217, 0.0, 0.499172], [NaN, 8.0, 0.314552, 0.074363, 0.0, 0.388915], [NaN, 9.0, 0.282027, 0.063488, 0.0, 0.345515], [NaN, 10.0, 0.433347, 0.107082, 0.0, 0.540429], [NaN, 11.0, 0.401135, 0.098086, 0.0, 0.499221], [NaN, 12.0, 0.418305, 0.105646, 0.0, 0.523951], [1999.0, NaN, 5.599752, 1.084667, 0.0, 6.684419], [NaN, 1.0, 0.494829, 0.095687, 0.0, 0.590516], [NaN, 2.0, 0.451143, 0.08765, 0.0, 0.538793], [NaN, 3.0, 0.47709, 0.083721, 0.0, 0.560811], [NaN, 4.0, 0.460128, 0.088304, 0.0, 0.548432], [NaN, 5.0, 0.461907, 0.08846, 0.0, 0.550367], [NaN, 6.0, 0.45196, 0.090729, 0.0, 0.542689], [NaN, 7.0, 0.475155, 0.096872, 0.0, 0.572027], [NaN, 8.0, 0.471542, 0.091904, 0.0, 0.563446], [NaN, 9.0, 0.499212, 0.098446, 0.0, 0.597658], [NaN, 10.0, 0.482586, 0.093365, 0.0, 0.575951], [NaN, 11.0, 0.43482, 0.084007, 0.0, 0.518827], [NaN, 12.0, 0.43938, 0.085522, 0.0, 0.524902], [1998.0, NaN, 5.440342, 1.023241, 0.0, 6.463583], [NaN, 1.0, 0.467994, 0.082641, 0.0, 0.550635], [NaN, 2.0, 0.411447, 0.080409, 0.0, 0.491856], [NaN, 3.0, 0.50285, 0.100773, 0.0, 0.603623], [NaN, 4.0, 0.479722, 0.096813, 0.0, 0.576535], [NaN, 5.0, 0.474224, 0.093537, 0.0, 0.567761], [NaN, 6.0, 0.505792, 0.087694, 0.0, 0.593486], [NaN, 7.0, 0.508801, 0.096874, 0.0, 0.605675], [NaN, 8.0, 0.196361, 0.031958, 0.0, 0.228319], [NaN, 9.0, 0.470076, 0.082554, 0.0, 0.55263], [NaN, 10.0, 0.499082, 0.094615, 0.0, 0.593697], [NaN, 11.0, 0.462714, 0.088851, 0.0, 0.551565], [NaN, 12.0, 0.461279, 0.086522, 0.0, 0.547801], [1997.0, NaN, 4.865239, 1.006671, 0.0, 5.87191], [1.0, 0.390506, 0.08341, 0.0, 0.473916, NaN]]}, "35": {"index": [0, 1, 2, 3, 4, 5, 6, 7, 8, 9, 10, 11, 12, 13, 14, 15, 16, 17, 18, 19, 20, 21, 22, 23, 24, 25, 26, 27, 28, 29, 30, 31, 32, 33, 34, 35, 36, 37, 38, 39, 40, 41], "columns": {"0": "1997", "1": "2", "2": "0.362550", "3": "0.080897", "4": "0.000000", "5": "0.443447"}, "data": [[NaN, 3.0, 0.387271, 0.083083, 0.0, 0.470354], [NaN, 4.0, 0.412479, 0.08761, 0.0, 0.500089], [NaN, 5.0, 0.420068, 0.085678, 0.0, 0.505746], [NaN, 6.0, 0.4284, 0.088296, 0.0, 0.516696], [NaN, 7.0, 0.438003, 0.09237, 0.0, 0.530373], [NaN, 8.0, 0.404365, 0.084038, 0.0, 0.488403], [NaN, 9.0, 0.419986, 0.081758, 0.0, 0.501744], [NaN, 10.0, 0.425488, 0.084309, 0.0, 0.509797], [NaN, 11.0, 0.385032, 0.077189, 0.0, 0.462221], [NaN, 12.0, 0.391091, 0.078033, 0.0, 0.469124], [1996.0, NaN, 4.241316, 0.936924, 0.0, 5.17824], [NaN, 1.0, 0.319377, 0.075816, 0.0, 0.395193], [NaN, 2.0, 0.311728, 0.074963, 0.0, 0.386691], [NaN, 3.0, 0.326191, 0.076928, 0.0, 0.403119], [NaN, 4.0, 0.302916, 0.07123, 0.0, 0.374146], [NaN, 5.0, 0.3423, 0.077989, 0.0, 0.420289], [NaN, 6.0, 0.343002, 0.077384, 0.0, 0.420386], [NaN, 7.0, 0.39199, 0.085338, 0.0, 0.477328], [NaN, 8.0, 0.390997, 0.083814, 0.0, 0.474811], [NaN, 9.0, 0.390033, 0.081367, 0.0, 0.4714], [NaN, 10.0, 0.388782, 0.080863, 0.0, 0.469645], [NaN, 11.0, 0.350126, 0.070573, 0.0, 0.420699], [NaN, 12.0, 0.383874, 0.080659, 0.0, 0.464533], [1995.0, NaN, 3.661432, 0.845184, 0.0, 4.506616], [NaN, 1.0, 0.269598, 0.062456, 0.0, 0.332054], [NaN, 2.0, 0.263891, 0.064749, 0.0, 0.32864], [NaN, 3.0, 0.289634, 0.067032, 0.0, 0.356666], [NaN, 4.0, 0.288253, 0.063344, 0.0, 0.351597], [NaN, 5.0, 0.284954, 0.062741, 0.0, 0.347695], [NaN, 6.0, 0.300866, 0.069417, 0.0, 0.370283], [NaN, 7.0, 0.318672, 0.073756, 0.0, 0.392428], [NaN, 8.0, 0.314833, 0.073044, 0.0, 0.387877], [NaN, 9.0, 0.300312, 0.065176, 0.0, 0.365488], [NaN, 10.0, 0.349523, 0.082848, 0.0, 0.432371], [NaN, 11.0, 0.339141, 0.078855, 0.0, 0.417996], [NaN, 12.0, 0.341755, 0.081766, 0.0, 0.423521], [1994.0, NaN, 3.309156, 0.721701, 0.0, 4.030857], [1.0, 0.284578, 0.063949, 0.0, 0.348527, NaN], [2.0, 0.25443, 0.056146, 0.0, 0.310576, NaN], [3.0, 0.27697, 0.058387, 0.0, 0.335357, NaN], [4.0, 0.254129, 0.05404, 0.0, 0.308169, NaN], [5.0, 0.296989, 0.063932, 0.0, 0.360921, NaN]]}, "36": {"index": [0, 1, 2, 3, 4, 5, 6, 7, 8, 9, 10, 11, 12, 13, 14, 15, 16, 17, 18, 19, 20, 21, 22, 23, 24, 25, 26, 27, 28, 29, 30, 31, 32, 33, 34, 35, 36, 37, 38, 39, 40, 41], "columns": {"0": "1994", "1": "6", "2": "0.276848", "3": "0.061902", "4": "0.000000", "5": "0.338750"}, "data": [[NaN, 7.0, 0.280916, 0.064013, 0.0, 0.344929], [NaN, 8.0, 0.162225, 0.03145, 0.0, 0.193675], [NaN, 9.0, 0.28522, 0.057431, 0.0, 0.342651], [NaN, 10.0, 0.308456, 0.068354, 0.0, 0.37681], [NaN, 11.0, 0.320228, 0.070671, 0.0, 0.390899], [NaN, 12.0, 0.308167, 0.071426, 0.0, 0.379593], [1993.0, NaN, 3.699218, 0.844957, 0.0, 4.544175], [NaN, 1.0, 0.359324, 0.081841, 0.0, 0.441165], [NaN, 2.0, 0.316919, 0.072135, 0.0, 0.389054], [NaN, 3.0, 0.369472, 0.084187, 0.0, 0.453659], [NaN, 4.0, 0.32137, 0.073641, 0.0, 0.395011], [NaN, 5.0, 0.321384, 0.075219, 0.0, 0.396603], [NaN, 6.0, 0.302263, 0.070488, 0.0, 0.372751], [NaN, 7.0, 0.305433, 0.071133, 0.0, 0.376566], [NaN, 8.0, 0.307318, 0.070792, 0.0, 0.37811], [NaN, 9.0, 0.244827, 0.053578, 0.0, 0.298405], [NaN, 10.0, 0.287757, 0.064458, 0.0, 0.352215], [NaN, 11.0, 0.27351, 0.061791, 0.0, 0.335301], [NaN, 12.0, 0.289641, 0.065694, 0.0, 0.355335], [1992.0, NaN, 4.230677, 0.973072, 0.0, 5.203749], [NaN, 1.0, 0.383272, 0.084021, 0.0, 0.467293], [NaN, 2.0, 0.321941, 0.073735, 0.0, 0.395676], [NaN, 3.0, 0.341042, 0.073777, 0.0, 0.414819], [NaN, 4.0, 0.31703, 0.071512, 0.0, 0.388542], [NaN, 5.0, 0.290863, 0.064271, 0.0, 0.355134], [NaN, 6.0, 0.381479, 0.085812, 0.0, 0.467291], [NaN, 7.0, 0.367607, 0.085073, 0.0, 0.45268], [NaN, 8.0, 0.368297, 0.087821, 0.0, 0.456118], [NaN, 9.0, 0.342859, 0.085653, 0.0, 0.428512], [NaN, 10.0, 0.356943, 0.085371, 0.0, 0.442314], [NaN, 11.0, 0.36401, 0.085663, 0.0, 0.449673], [NaN, 12.0, 0.395334, 0.090363, 0.0, 0.485697], [1991.0, NaN, 3.935877, 0.875703, 0.0, 4.81158], [1.0, 0.361568, 0.082368, 0.0, 0.443936, NaN], [2.0, 0.297872, 0.07048, 0.0, 0.368352, NaN], [3.0, 0.328142, 0.075783, 0.0, 0.403925, NaN], [4.0, 0.348307, 0.080231, 0.0, 0.428538, NaN], [5.0, 0.360802, 0.080125, 0.0, 0.440927, NaN], [6.0, 0.341089, 0.075821, 0.0, 0.41691, NaN], [7.0, 0.331475, 0.074583, 0.0, 0.406058, NaN], [8.0, 0.141628, 0.027934, 0.0, 0.169562, NaN], [9.0, 0.363588, 0.077022, 0.0, 0.44061, NaN]]}, "37": {"index": [0, 1, 2, 3, 4, 5, 6, 7, 8, 9, 10, 11, 12, 13, 14, 15, 16, 17, 18, 19, 20, 21, 22, 23, 24, 25, 26, 27, 28, 29, 30, 31, 32, 33, 34, 35, 36, 37, 38, 39, 40], "columns": {"0": "1991", "1": "10", "2": "0.363035", "3": "0.078309", "4": "0.000000", "5": "0.441344"}, "data": [[NaN, 11.0, 0.338192, 0.072315, 0.0, 0.410507], [NaN, 12.0, 0.360179, 0.080732, 0.0, 0.440911], [1990.0, NaN, 4.491225, 0.996696, 0.0, 5.487921], [NaN, 1.0, 0.423638, 0.090776, 0.0, 0.514414], [NaN, 2.0, 0.374723, 0.080673, 0.0, 0.455396], [NaN, 3.0, 0.393189, 0.085577, 0.0, 0.478766], [NaN, 4.0, 0.375899, 0.082896, 0.0, 0.458795], [NaN, 5.0, 0.37825, 0.084133, 0.0, 0.462383], [NaN, 6.0, 0.355924, 0.078917, 0.0, 0.434841], [NaN, 7.0, 0.3262, 0.068712, 0.0, 0.394912], [NaN, 8.0, 0.393447, 0.088612, 0.0, 0.482059], [NaN, 9.0, 0.37304, 0.085039, 0.0, 0.458079], [NaN, 10.0, 0.366378, 0.085559, 0.0, 0.451937], [NaN, 11.0, 0.356404, 0.078349, 0.0, 0.434753], [NaN, 12.0, 0.374133, 0.087453, 0.0, 0.461586], [1989.0, NaN, 4.574407, 0.917468, 0.0, 5.491875], [NaN, 1.0, 0.370236, 0.076024, 0.0, 0.44626], [NaN, 2.0, 0.335434, 0.063632, 0.0, 0.399066], [NaN, 3.0, 0.370452, 0.065607, 0.0, 0.436059], [NaN, 4.0, 0.36994, 0.074727, 0.0, 0.444667], [NaN, 5.0, 0.38247, 0.077359, 0.0, 0.459829], [NaN, 6.0, 0.300753, 0.060383, 0.0, 0.361136], [NaN, 7.0, 0.404625, 0.078294, 0.0, 0.482919], [NaN, 8.0, 0.418961, 0.087371, 0.0, 0.506332], [NaN, 9.0, 0.400349, 0.082375, 0.0, 0.482724], [NaN, 10.0, 0.41454, 0.084552, 0.0, 0.499092], [NaN, 11.0, 0.385026, 0.079178, 0.0, 0.464204], [NaN, 12.0, 0.421621, 0.087966, 0.0, 0.509587], [1988.0, NaN, 4.014561, 0.802081, 0.0, 4.816642], [1.0, 0.344102, 0.064909, 0.0, 0.409011, NaN], [2.0, 0.322018, 0.064502, 0.0, 0.38652, NaN], [3.0, 0.338829, 0.068139, 0.0, 0.406968, NaN], [4.0, 0.329195, 0.05429, 0.0, 0.383485, NaN], [5.0, 0.33549, 0.073692, 0.0, 0.409182, NaN], [6.0, 0.302055, 0.059449, 0.0, 0.361504, NaN], [7.0, 0.333584, 0.06773, 0.0, 0.401314, NaN], [8.0, 0.34147, 0.068125, 0.0, 0.409595, NaN], [9.0, 0.328452, 0.065987, 0.0, 0.394439, NaN], [10.0, 0.341015, 0.070322, 0.0, 0.411337, NaN], [11.0, 0.337936, 0.069902, 0.0, 0.407838, NaN], [12.0, 0.360415, 0.075034, 0.0, 0.435449, NaN]]}, "38": {"index": [0, 1, 2, 3, 4, 5, 6, 7, 8, 9, 10, 11, 12, 13, 14, 15, 16, 17, 18, 19, 20, 21, 22, 23, 24, 25, 26, 27, 28, 29, 30, 31, 32, 33, 34, 35, 36, 37, 38, 39, 40, 41], "columns": {"0": "1987", "1": "Unnamed: 0", "2": "3.788829", "3": "0.716244", "4": "0.000000", "5": "4.505073"}, "data": [[NaN, 1.0, 0.316985, 0.057998, 0.0, 0.374983], [NaN, 2.0, 0.30499, 0.056482, 0.0, 0.361472], [NaN, 3.0, 0.331824, 0.062121, 0.0, 0.393945], [NaN, 4.0, 0.310759, 0.057634, 0.0, 0.368393], [NaN, 5.0, 0.332494, 0.060909, 0.0, 0.393403], [NaN, 6.0, 0.324316, 0.076631, 0.0, 0.400947], [NaN, 7.0, 0.357484, 0.068398, 0.0, 0.425882], [NaN, 8.0, 0.099732, 0.019763, 0.0, 0.119495], [NaN, 9.0, 0.355998, 0.067714, 0.0, 0.423712], [NaN, 10.0, 0.368645, 0.061716, 0.0, 0.430361], [NaN, 11.0, 0.351232, 0.060309, 0.0, 0.411541], [NaN, 12.0, 0.33437, 0.066569, 0.0, 0.400939], [1986.0, NaN, 2.784469, 0.495933, 0.0, 3.280402], [NaN, 1.0, 0.229291, 0.043616, 0.0, 0.272907], [NaN, 2.0, 0.223657, 0.041891, 0.0, 0.265548], [NaN, 3.0, 0.238277, 0.044887, 0.0, 0.283164], [NaN, 4.0, 0.06785, 0.013282, 0.0, 0.081132], [NaN, 5.0, 0.238775, 0.045711, 0.0, 0.284486], [NaN, 6.0, 0.241992, 0.047348, 0.0, 0.28934], [NaN, 7.0, 0.242132, 0.046457, 0.0, 0.288589], [NaN, 8.0, 0.247896, 0.046395, 0.0, 0.294291], [NaN, 9.0, 0.255739, 0.04776, 0.0, 0.303499], [NaN, 10.0, 0.271101, 0.040529, 0.0, 0.31163], [NaN, 11.0, 0.256673, 0.037426, 0.0, 0.294099], [NaN, 12.0, 0.271086, 0.040631, 0.0, 0.311717], [1985.0, NaN, 3.052954, 0.591234, 0.0, 3.644188], [NaN, 1.0, 0.294729, 0.063999, 0.0, 0.358728], [NaN, 2.0, 0.262321, 0.053419, 0.0, 0.31574], [NaN, 3.0, 0.31145, 0.061678, 0.0, 0.373128], [NaN, 4.0, 0.301976, 0.059789, 0.0, 0.361765], [NaN, 5.0, 0.317594, 0.052481, 0.0, 0.370075], [NaN, 6.0, 0.304097, 0.059144, 0.0, 0.363241], [NaN, 7.0, 0.287804, 0.05504, 0.0, 0.342844], [NaN, 8.0, 0.19955, 0.037624, 0.0, 0.237174], [NaN, 9.0, 0.178608, 0.034458, 0.0, 0.213066], [NaN, 10.0, 0.186952, 0.03612, 0.0, 0.223072], [NaN, 11.0, 0.203082, 0.038817, 0.0, 0.241899], [NaN, 12.0, 0.204791, 0.038665, 0.0, 0.243456], [1984.0, NaN, 3.049137, 0.635411, 0.0, 3.684548], [1.0, 0.219944, 0.046444, 0.0, 0.266388, NaN], [2.0, 0.240225, 0.051085, 0.0, 0.29131, NaN], [3.0, 0.279731, 0.059542, 0.0, 0.339273, NaN]]}, "39": {"index": [0, 1, 2, 3, 4, 5, 6, 7, 8, 9, 10, 11, 12, 13, 14, 15, 16, 17, 18, 19, 20, 21, 22, 23, 24], "columns": {"0": "1984", "1": "4", "2": "0.163577", "3": "0.035206", "4": "0.000000", "5": "0.198783"}, "data": [[NaN, 5.0, 0.280685, 0.059435, 0.0, 0.34012], [NaN, 6.0, 0.273008, 0.057965, 0.0, 0.330973], [NaN, 7.0, 0.2919, 0.061413, 0.0, 0.353313], [NaN, 8.0, 0.220311, 0.03963, 0.0, 0.259941], [NaN, 9.0, 0.279481, 0.058455, 0.0, 0.337936], [NaN, 10.0, 0.243323, 0.050032, 0.0, 0.293355], [NaN, 11.0, 0.261556, 0.054924, 0.0, 0.31648], [NaN, 12.0, 0.295396, 0.06128, 0.0, 0.356676], [1983.0, NaN, 1.021581, 0.217137, 0.0, 1.238718], [NaN, 1.0, 0.044047, 0.008528, 0.0, 0.052575], [NaN, 2.0, 0.038962, 0.007033, 0.0, 0.045995], [NaN, 3.0, 0.042858, 0.007823, 0.0, 0.050681], [NaN, 4.0, 0.047508, 0.008671, 0.0, 0.056179], [NaN, 5.0, 0.052552, 0.011036, 0.0, 0.063588], [NaN, 6.0, 0.061808, 0.016257, 0.0, 0.078065], [NaN, 7.0, 0.064053, 0.014087, 0.0, 0.07814], [NaN, 8.0, 0.075118, 0.015573, 0.0, 0.090691], [NaN, 9.0, 0.112425, 0.024397, 0.0, 0.136822], [NaN, 10.0, 0.135815, 0.029464, 0.0, 0.165279], [NaN, 11.0, 0.154489, 0.031906, 0.0, 0.186395], [NaN, 12.0, 0.191946, 0.042362, 0.0, 0.234308], [1982.0, NaN, 0.086883, 0.017553, 0.0, 0.104436], [10.0, 0.005922, 0.00247, 0.0, 0.008392, NaN], [11.0, 0.033423, 0.00539, 0.0, 0.038813, NaN], [12.0, 0.047538, 0.009693, 0.0, 0.057231, NaN]]}, "40": {"index": [0, 1, 2, 3, 4, 5, 6, 7], "columns": {"0": "Wellbore name", "1": "Entered date", "2": "Completeddate", "3": "Purpose", "4": "Status", "5": "Content"}, "data": [["2/8-4", "28.04.1973", "07.06.1973", "APPRAISAL", "P&A", "OIL"], ["2/8-6", "07.04.1975", "30.06.1975", "WILDCAT", "P&A", "OIL"], ["2/8-8", "10.11.1975", "15.03.1976", "APPRAISAL", "P&A", "OIL"], ["2/8-9", "09.04.1976", "27.06.1976", "APPRAISAL", "P&A", "OIL"], ["2/8-10", "30.06.1976", "29.08.1976", "APPRAISAL", "P&A", "OIL"], ["2/8-11", "10.08.1976", "11.10.1976", "APPRAISAL", "P&A", "OIL"], ["2/11-1", "14.07.1969", "03.10.1969", "APPRAISAL", "P&A", "OIL"], ["2/11-4", "20.03.1978", "18.05.1978", "APPRAISAL", "P&A", "OIL"]]}, "41": {"index": [0, 1, 2, 3, 4, 5, 6, 7, 8, 9, 10, 11, 12, 13, 14, 15, 16, 17, 18, 19, 20, 21, 22, 23, 24, 25, 26, 27], "columns": {"0": "Wellbore name", "1": "Entered date", "2": "Completeddate", "3": "Purpose", "4": "Content"}, "data": [["2/8-A-1", "21.12.1981", "30.07.1982", "PRODUCTION", "OIL"], ["2/8-A-1 A", "08.10.1993", "05.11.1993", "PRODUCTION", "OIL"], ["2/8-A-2", "29.11.1981", "11.07.1982", "PRODUCTION", "OIL"], ["2/8-A-2 A", "09.07.1995", "25.07.1995", "PRODUCTION", "OIL"], ["2/8-A-3", "15.10.1982", "29.11.1982", "PRODUCTION", "OIL"], ["2/8-A-3 A", "15.11.1986", "09.12.1986", "PRODUCTION", "OIL"], ["2/8-A-3 B", "29.11.1996", "17.12.1996", "PRODUCTION", "OIL"], ["2/8-A-3 C", "08.09.1998", "19.04.1999", "PRODUCTION", "NOTAPPLICABLE"], ["2/8-A-3 D", "30.12.1999", "21.02.2000", "PRODUCTION", "OIL"], ["2/8-A-4", "17.12.1982", "06.07.1984", "PRODUCTION", "OIL"], ["2/8-A-4 A", "12.09.1989", "28.10.1989", "PRODUCTION", "OIL"], ["2/8-A-4 B", "13.05.1995", "18.06.1995", "PRODUCTION", "OIL"], ["2/8-A-5", "03.04.1983", "23.05.1983", "PRODUCTION", "OIL"], ["2/8-A-5 A", "04.01.1992", "16.01.1992", "PRODUCTION", "OIL"], ["2/8-A-5 B", "24.10.1997", "11.12.1997", "PRODUCTION", "OIL"], ["2/8-A-6", "19.07.1983", "05.09.1983", "PRODUCTION", "OIL"], ["2/8-A-6 A", "09.06.1998", "18.07.1998", "PRODUCTION", "OIL"], ["2/8-A-7", "24.08.1983", "25.09.1983", "PRODUCTION", "OIL"], ["2/8-A-7 A", "14.11.1988", "05.12.1988", "PRODUCTION", "OIL"], ["2/8-A-7 B", "03.02.1994", "25.04.1994", "PRODUCTION", "OIL"], ["2/8-A-8", "15.10.1983", "18.11.1983", "PRODUCTION", "OIL"], ["2/8-A-8 A", "26.08.1995", "09.09.1995", "PRODUCTION", "OIL"], ["2/8-A-8 B", "15.11.2003", "29.12.2003", "PRODUCTION", "NOTAPPLICABLE"], ["2/8-A-8 C", "27.01.2004", "05.03.2004", "PRODUCTION", "NOTAPPLICABLE"], ["2/8-A-9", "20.11.1983", "03.01.1984", "PRODUCTION", "OIL"], ["2/8-A-9 A", "27.07.1997", "20.08.1997", "PRODUCTION", "OIL"], ["2/8-A-10", "18.01.1984", "25.02.1984", "PRODUCTION", "OIL"], ["2/8-A-10 A", "15.02.1988", "06.03.1988", "PRODUCTION", "OIL"]]}, "42": {"index": [0, 1, 2, 3, 4, 5, 6, 7, 8, 9, 10, 11, 12, 13, 14, 15, 16, 17, 18, 19, 20, 21, 22, 23, 24, 25, 26, 27, 28, 29, 30, 31, 32, 33, 34, 35, 36, 37, 38, 39, 40], "columns": {"0": "2/8-A-10 B", "1": "22.09.1993", "2": "19.12.1993", "3": "PRODUCTION", "4": "OIL"}, "data": [["2/8-A-11", "19.03.1984", "09.05.1984", "PRODUCTION", "OIL"], ["2/8-A-11 A", "19.06.1986", "05.07.1986", "PRODUCTION", "OIL"], ["2/8-A-11 B", "26.08.2002", "07.11.2002", "PRODUCTION", "OIL"], ["2/8-A-12", "13.07.1984", "17.09.1984", "PRODUCTION", "OIL"], ["2/8-A-12 A", "14.11.1984", "27.11.1984", "PRODUCTION", "OIL"], ["2/8-A-12 B", "02.12.1990", "07.03.1991", "PRODUCTION", "OIL"], ["2/8-A-12 C", "19.03.2003", "25.05.2003", "PRODUCTION", "OIL"], ["2/8-A-13", "23.05.1984", "13.06.1984", "PRODUCTION", "OIL"], ["2/8-A-13 A", "19.01.1987", "31.01.1987", "PRODUCTION", "OIL"], ["2/8-A-13 B", "17.05.1987", "04.06.1987", "PRODUCTION", "OIL"], ["2/8-A-13 C", "15.08.2003", "23.09.2003", "INJECTION", "CUTTINGS"], ["2/8-A-14", "07.12.1984", "01.01.1985", "PRODUCTION", "OIL"], ["2/8-A-14 A", "15.01.1989", "26.01.1989", "PRODUCTION", "OIL"], ["2/8-A-14 B", "09.05.1992", "09.07.1992", "PRODUCTION", "OIL"], ["2/8-A-15", "09.01.1985", "28.01.1985", "PRODUCTION", "OIL"], ["2/8-A-15 A", "11.02.1987", "03.03.1987", "PRODUCTION", "OIL"], ["2/8-A-16", "07.02.1985", "08.03.1985", "PRODUCTION", "OIL"], ["2/8-A-16 A", "29.04.1986", "02.06.1986", "PRODUCTION", "OIL"], ["2/8-A-16 B", "21.06.1990", "10.07.1990", "PRODUCTION", "OIL"], ["2/8-A-16 C", "05.10.1991", "03.12.1991", "PRODUCTION", "OIL"], ["2/8-A-16 D", "03.11.1994", "07.12.1994", "PRODUCTION", "OIL"], ["2/8-A-16 E", "30.10.2001", "29.01.2002", "PRODUCTION", "OIL"], ["2/8-A-17", "15.03.1985", "12.04.1985", "PRODUCTION", "OIL"], ["2/8-A-18", "02.05.1985", "26.06.1985", "PRODUCTION", "OIL"], ["2/8-A-18 A", "13.08.1986", "26.09.1986", "PRODUCTION", "OIL"], ["2/8-A-18 B", "20.02.1989", "06.03.1989", "PRODUCTION", "OIL"], ["2/8-A-19", "26.07.1985", "10.09.1985", "PRODUCTION", "OIL"], ["2/8-A-19 A", "19.01.1998", "19.04.1998", "PRODUCTION", "OIL"], ["2/8-A-20", "17.06.1988", "30.07.1988", "PRODUCTION", "OIL"], ["2/8-A-20 A", "26.05.1989", "09.06.1989", "PRODUCTION", "OIL"], ["2/8-A-20 B", "17.03.1997", "27.04.1997", "PRODUCTION", "OIL"], ["2/8-A-20 C", "10.05.1997", "30.05.1997", "PRODUCTION", "NOTAPPLICABLE"], ["2/8-A-20 D", "31.05.1997", "11.06.1997", "INJECTION", "CUTTINGS"], ["2/8-A-21", "08.02.1986", "12.03.1986", "PRODUCTION", "NOTAPPLICABLE"], ["2/8-A-21 A", "12.10.1986", "21.10.1986", "PRODUCTION", "OIL"], ["2/8-A-22", "09.04.1989", "05.05.1989", "PRODUCTION", "OIL"], ["2/8-A-22 A", "13.05.1999", "28.06.1999", "PRODUCTION", "OIL"], ["2/8-A-23", "26.03.1988", "12.05.1988", "PRODUCTION", "OIL"], ["2/8-A-24", "16.09.1988", "24.10.1988", "PRODUCTION", "OIL"], ["2/8-A-24 A", "12.06.1993", "03.07.1993", "PRODUCTION", "OIL"], ["2/8-A-25", "22.08.1990", "07.07.1991", "PRODUCTION", "OIL"]]}, "43": {"index": [0, 1, 2, 3, 4, 5, 6, 7, 8, 9, 10, 11, 12, 13, 14, 15, 16, 17, 18, 19, 20, 21, 22, 23, 24, 25, 26, 27, 28, 29, 30, 31, 32, 33, 34, 35, 36], "columns": {"0": "2/8-A-25 A", "1": "18.01.1995", "2": "13.02.1995", "3": "OBSERVATION", "4": "NOTAPPLICABLE"}, "data": [["2/8-A-25 B", "30.03.1995", "16.04.1995", "INJECTION", "CUTTINGS"], ["2/8-A-26", "02.02.1992", "19.03.1992", "PRODUCTION", "OIL"], ["2/8-A-26 A", "18.03.1996", "11.04.1996", "PRODUCTION", "OIL"], ["2/8-A-27", "27.08.1990", "28.08.1991", "PRODUCTION", "OIL"], ["2/8-A-28", "02.07.1992", "19.09.1992", "PRODUCTION", "OIL"], ["2/8-A-29", "18.08.1990", "27.12.1992", "PRODUCTION", "OIL"], ["2/8-A-30", "29.01.1993", "07.04.1993", "PRODUCTION", "OIL"], ["2/8-A-30 A", "21.06.1994", "21.08.1994", "OBSERVATION", "NOTAPPLICABLE"], ["2/8-A-30 B", "24.08.1994", "12.09.1994", "PRODUCTION", "OIL"], ["2/8-F-1", "25.12.1995", "26.01.1996", "PRODUCTION", "OIL"], ["2/8-F-2", "20.12.1995", "10.03.1996", "OBSERVATION", "NOTAPPLICABLE"], ["2/8-F-2 A", "12.03.1996", "21.03.1996", "PRODUCTION", "OIL"], ["2/8-F-3", "13.12.1995", "03.10.1996", "PRODUCTION", "OIL"], ["2/8-F-3 A", "14.03.2000", "14.05.2000", "PRODUCTION", "NOTAPPLICABLE"], ["2/8-F-3 B", "15.02.2002", "05.04.2002", "OBSERVATION", "NOTAPPLICABLE"], ["2/8-F-3 C", "06.04.2002", "16.04.2002", "PRODUCTION", "OIL"], ["2/8-F-4", "11.07.1996", "27.11.1996", "PRODUCTION", "OIL"], ["2/8-F-5", "27.06.2001", "24.09.2001", "PRODUCTION", "OIL"], ["2/8-F-6", "07.12.1996", "03.05.1997", "PRODUCTION", "OIL"], ["2/8-F-7", "13.05.1997", "30.06.1997", "PRODUCTION", "OIL"], ["2/8-F-8", "17.07.1997", "20.08.1997", "PRODUCTION", "OIL"], ["2/8-F-9", "01.02.1997", "29.03.1997", "PRODUCTION", "GAS"], ["2/8-F-9 A", "05.04.2001", "10.06.2001", "PRODUCTION", "OIL"], ["2/8-F-10", "24.02.1999", "09.04.1999", "PRODUCTION", "OIL"], ["2/8-F-11", "08.01.1998", "11.02.1998", "PRODUCTION", "OIL"], ["2/8-F-11 A", "19.12.2019", "20.01.2020", "PRODUCTION", "OIL"], ["2/8-F-12", "21.02.1998", "12.04.1998", "PRODUCTION", "OIL"], ["2/8-F-13", "30.05.1998", "13.08.1998", "PRODUCTION", "NOTAPPLICABLE"], ["2/8-F-13 A", "06.10.2001", "22.01.2002", "PRODUCTION", "OIL"], ["2/8-F-14", "26.04.1998", "16.05.1998", "PRODUCTION", "OIL"], ["2/8-F-15", "01.09.2000", "19.02.2001", "PRODUCTION", "OIL"], ["2/8-F-16", "21.04.1999", "18.06.1999", "PRODUCTION", "OIL"], ["2/8-F-17", "21.10.1997", "28.12.1997", "PRODUCTION", "OIL"], ["2/8-F-18", "15.08.1998", "25.01.1999", "PRODUCTION", "OIL"], ["2/8-F-18 A", "12.10.2019", "22.11.2019", "OBSERVATION", "NOTAPPLICABLE"], ["2/8-F-18 B", "24.11.2019", "05.12.2019", "INJECTION", "WATER"], ["2/8-F-19", "25.05.2000", "18.08.2000", "PRODUCTION", "OIL"]]}, "44": {"index": [0, 1, 2, 3, 4, 5, 6, 7, 8, 9, 10, 11, 12, 13, 14, 15, 16, 17, 18, 19, 20, 21, 22, 23, 24, 25, 26, 27, 28, 29, 30, 31, 32, 33, 34, 35, 36], "columns": {"0": "2/8-G-1", "1": "21.09.2013", "2": "25.12.2013", "3": "PRODUCTION", "4": "OIL"}, "data": [["2/8-G-2", "15.08.2014", "30.01.2015", "PRODUCTION", "OIL"], ["2/8-G-3", "19.01.2014", "18.07.2014", "PRODUCTION", "OIL"], ["2/8-G-4", "30.04.2012", "24.07.2012", "PRODUCTION", "OIL"], ["2/8-G-5", "28.01.2013", "13.02.2013", "OBSERVATION", "NOTAPPLICABLE"], ["2/8-G-6", "02.05.2008", "04.07.2008", "PRODUCTION", "OIL"], ["2/8-G-7", "20.07.2008", "08.01.2009", "PRODUCTION", "OIL"], ["2/8-G-8", "01.08.2006", "07.08.2006", "OBSERVATION", "NOTAPPLICABLE"], ["2/8-G-8 A", "24.12.2009", "13.05.2010", "PRODUCTION", "OIL"], ["2/8-G-9", "10.03.2017", "19.05.2017", "PRODUCTION", "OIL"], ["2/8-G-10", "11.03.2004", "10.03.2005", "OBSERVATION", "NOTAPPLICABLE"], ["2/8-G-10 A", "07.02.2019", "09.03.2019", "OBSERVATION", "NOTAPPLICABLE"], ["2/8-G-10 B", "13.03.2019", "23.05.2019", "PRODUCTION", "OIL"], ["2/8-G-11", "20.03.2005", "13.07.2005", "PRODUCTION", "OIL/GAS"], ["2/8-G-11 A", "03.09.2018", "18.11.2018", "PRODUCTION", "OIL"], ["2/8-G-12", "14.10.2009", "28.11.2009", "INJECTION", "WATER"], ["2/8-G-13", "20.09.2005", "18.02.2007", "PRODUCTION", "OIL"], ["2/8-G-14", "08.12.2007", "01.03.2008", "INJECTION", "WATER"], ["2/8-G-15", "27.03.2006", "08.06.2006", "PRODUCTION", "OIL/GAS"], ["2/8-G-16", "31.01.2009", "23.03.2009", "OBSERVATION", "NOTAPPLICABLE"], ["2/8-G-16 A", "26.03.2009", "30.03.2009", "PRODUCTION", "OIL"], ["2/8-G-16 B", "31.03.2009", "20.07.2009", "PRODUCTION", "OIL"], ["2/8-G-17", "01.10.2017", "07.01.2018", "PRODUCTION", "OIL"], ["2/8-G-18", "26.07.2005", "22.12.2005", "INJECTION", "WATER"], ["2/8-G-19", "08.08.2009", "29.09.2009", "INJECTION", "WATER"], ["2/8-G-20", NaN, "13.06.2011", "OBSERVATION", NaN], ["2/8-G-20 A", "05.06.2017", "06.09.2017", "PRODUCTION", "OIL"], ["2/8-G-21", "24.04.2011", "01.05.2011", "OBSERVATION", "NOTAPPLICABLE"], ["2/8-G-21 A", "04.05.2011", "26.11.2011", "INJECTION", "CUTTINGS"], ["2/8-G-22", "13.03.2007", "01.11.2007", "INJECTION", "WATER"], ["2/8-G-22 A", "09.03.2018", "23.05.2018", "PRODUCTION", "OIL"], ["2/8-G-23", "28.02.2013", "13.05.2013", "INJECTION", "WATER"], ["2/8-G-24", "28.08.2005", "01.03.2006", "INJECTION", "WATER"], ["2/8-N-1", "18.01.2012", "21.01.2012", "PRODUCTION", "OIL"], ["2/8-N-1 A", "07.03.2012", "16.05.2012", "PRODUCTION", "OIL"], ["2/8-N-1 B", "21.05.2012", "26.08.2012", "PRODUCTION", "OIL"], ["2/8-N-1 C", "28.05.2021", "18.06.2021", "INJECTION", "WATER"], ["2/8-N-2", "09.08.2003", "14.08.2003", "OBSERVATION", "NOTAPPLICABLE"]]}, "45": {"index": [0, 1, 2, 3, 4, 5, 6, 7, 8, 9, 10, 11, 12, 13, 14, 15, 16, 17, 18, 19, 20, 21, 22, 23, 24, 25, 26, 27, 28, 29, 30, 31, 32, 33, 34, 35, 36, 37, 38, 39, 40], "columns": {"0": "2/8-N-2 A", "1": "26.04.2021", "2": "07.05.2021", "3": "PRODUCTION", "4": "OIL"}, "data": [["2/8-N-3", "05.05.2006", "11.05.2006", "OBSERVATION", "OIL"], ["2/8-N-3 AY1", "25.05.2006", "07.09.2006", "PRODUCTION", "OIL"], ["2/8-N-3 AY2", NaN, NaN, "PRODUCTION", NaN], ["2/8-N-3 B", "13.07.2021", "31.07.2021", "PRODUCTION", "OIL"], ["2/8-N-4", "16.10.2018", "12.11.2018", "INJECTION", "WATER"], ["2/8-N-5", "12.06.2004", "03.08.2004", "PRODUCTION", "OIL"], ["2/8-N-6", "20.06.2006", "05.08.2006", "PRODUCTION", "OIL"], ["2/8-N-7", "22.05.2004", "07.06.2004", "PRODUCTION", "OIL"], ["2/8-N-8", "24.11.2018", "04.01.2019", "PRODUCTION", "OIL"], ["2/8-N-9", "22.04.2013", "05.10.2013", "PRODUCTION", "OIL"], ["2/8-N-10", "21.11.2003", "22.12.2003", "PRODUCTION", "OIL"], ["2/8-N-11", "03.04.2004", "24.04.2004", "PRODUCTION", "OIL"], ["2/8-N-11 A", NaN, NaN, "PRODUCTION", NaN], ["2/8-N-12", "29.12.2003", "15.01.2004", "OBSERVATION", "NOTAPPLICABLE"], ["2/8-N-12 A", "17.01.2004", "20.02.2004", "PRODUCTION", "OIL"], ["2/8-N-13", "17.09.2003", "26.09.2003", "INJECTION", "CUTTINGS"], ["2/8-N-14", "01.03.2004", "25.03.2004", "PRODUCTION", "OIL"], ["2/8-N-15", "29.09.2003", "27.10.2003", "PRODUCTION", "OIL"], ["2/8-N-16", "09.10.2012", "01.04.2013", "PRODUCTION", "OIL"], ["2/8-V-1", NaN, NaN, "PRODUCTION", NaN], ["2/8-V-2", "10.02.2020", "27.02.2020", "PRODUCTION", "OIL"], ["2/8-V-2 Y2", "28.02.2020", "14.03.2020", "PRODUCTION", "OIL"], ["2/8-V-3", "08.11.2019", "09.12.2019", "PRODUCTION", "OIL"], ["2/8-V-4", "04.05.2020", "25.05.2020", "PRODUCTION", "OIL"], ["2/8-V-4 Y2", "26.05.2020", "31.05.2020", "PRODUCTION", "OIL"], ["2/8-V-5", "24.12.2019", "11.01.2020", "PRODUCTION", "OIL"], ["2/8-V-6", "29.08.2019", "21.09.2019", "PRODUCTION", "OIL"], ["2/8-V-7", "17.01.2020", "03.02.2020", "PRODUCTION", "OIL"], ["2/8-V-8", "28.09.2019", "29.10.2019", "PRODUCTION", "OIL"], ["2/8-V-9", "31.07.2019", "22.08.2019", "PRODUCTION", "OIL"], ["2/8-V-10", NaN, NaN, "PRODUCTION", NaN], ["2/8-V-11", "06.04.2022", "25.04.2022", "PRODUCTION", "OIL"], ["2/8-V-12", "27.03.2020", "18.04.2020", "PRODUCTION", "OIL"], ["2/8-V-12 Y2", "19.04.2020", "27.04.2020", "PRODUCTION", "OIL"], ["2/11-S-1", "30.08.2004", "04.09.2004", "OBSERVATION", "NOTAPPLICABLE"], ["2/11-S-1 A", "06.11.2005", "04.12.2005", "PRODUCTION", "OIL"], ["2/11-S-2", "26.09.2005", "30.10.2005", "PRODUCTION", "OIL"], ["2/11-S-3", "26.01.2005", "24.04.2005", "PRODUCTION", "OIL"], ["2/11-S-4 Y1", "13.12.2005", "17.01.2006", "PRODUCTION", "OIL"], ["2/11-S-4 Y2", "18.01.2006", "17.02.2006", "PRODUCTION", "OIL"], ["2/11-S-5", "22.06.2005", "09.08.2005", "PRODUCTION", "OIL"]]}, "46": {"index": [0, 1, 2, 3, 4, 5, 6, 7, 8, 9, 10, 11, 12, 13, 14, 15, 16], "columns": {"0": "2/11-S-6", "1": "05.11.2002", "2": "10.11.2002", "3": "PRODUCTION", "4": "NOTAPPLICABLE"}, "data": [["2/11-S-6 A", "31.01.2019", "26.05.2019", "PRODUCTION", "OIL"], ["2/11-S-7", "05.05.2005", "07.06.2005", "PRODUCTION", "OIL"], ["2/11-S-8 Y1", "27.02.2006", "06.04.2006", "PRODUCTION", "OIL"], ["2/11-S-8 Y2", "07.04.2006", "16.04.2006", "PRODUCTION", "OIL"], ["2/11-S-9", "10.03.2014", "12.03.2014", "OBSERVATION", "NOTAPPLICABLE"], ["2/11-S-9 A", "13.03.2014", "30.05.2014", "PRODUCTION", "OIL"], ["2/11-S-10", "20.11.2004", "18.09.2005", "PRODUCTION", "OIL"], ["2/11-S-11", "07.01.2003", "01.02.2003", "OBSERVATION", "NOTAPPLICABLE"], ["2/11-S-11 A", "02.02.2003", "28.02.2003", "PRODUCTION", "OIL"], ["2/11-S-12", "16.05.2003", "12.06.2003", "PRODUCTION", "OIL"], ["2/11-S-13", "06.12.2002", "03.01.2003", "INJECTION", "CUTTINGS"], ["2/11-S-14", "10.03.2003", "11.04.2003", "OBSERVATION", "NOTAPPLICABLE"], ["2/11-S-14 A", "12.04.2003", "08.05.2003", "PRODUCTION", "OIL"], ["2/11-S-15", "21.06.2003", "20.07.2003", "PRODUCTION", "OIL"], ["2/11-S-16", "11.02.2019", "06.03.2019", "OBSERVATION", "NOTAPPLICABLE"], ["2/11-S-16 A", "07.03.2019", "29.03.2019", "PRODUCTION", "OIL"], ["2/11-S-16 B", "04.04.2019", "24.04.2019", "PRODUCTION", "OIL"]]}, "47": {"index": [0, 1, 2], "columns": {"0": "Wellbore name", "1": "Entered date", "2": "Completeddate", "3": "Purpose", "4": "Status"}, "data": [["2/8-U-2", "10.04.2021", "11.04.2021", "SHALLOWGAS", "PLUGGED"], ["2/8-U-3", "11.04.2021", "12.04.2021", "SHALLOWGAS", "PLUGGED"], ["2/8-U-4", NaN, NaN, "SHALLOWGAS", "WILL NEVERBE DRILLED"]]}, "kind": "osdu:wks:master-data--Field:1.0.0 ", "id": "npd:master-data--Factpages-Field:43548"}