{"0": {"index": [0, 1, 2, 3, 4, 5, 6], "columns": {"0": "Field name", "1": "VOLVE"}, "data": [["Factmaps in new window", "link to map"], ["Current activity status", "Shut down"], ["Discovery wellbore", "15/9-19 SR"], ["Discovery year.", "1993"], ["Main area", "North sea"], ["Main supply base", "Dusavik"], ["NPDID field", "3420717"]]}, "1": {"index": [0, 1, 2, 3], "columns": {"0": "Status", "1": "Status from", "2": "Status to"}, "data": [["Shut down", "22.09.2016", NaN], ["Producing", "12.02.2008", "21.09.2016"], ["Approved for", "22.04.2005", "11.02.2008"], ["production", NaN, NaN]]}, "2": {"index": [0], "columns": {"0": "Unnamed: 0", "1": "Block name", "2": "Prod. licence"}, "data": [["15/9", NaN, 1092]]}, "3": {"index": [0], "columns": {"0": "Owner kind", "1": "Unnamed: 0", "2": "Owner name"}, "data": [["PRODUCTION LICENSE", 1092, NaN]]}, "4": {"index": [0, 1], "columns": {"0": "Unnamed: 0", "1": "Company name", "2": "Nation code", "3": "Company share [%]"}, "data": [["Aker BP ASA", NaN, "NO", 50.0], ["Harbour Energy Norge AS", NaN, "NO", 50.0]]}, "5": {"index": [0, 1, 2], "columns": {"0": "Orig. recoverable", "1": "Orig. recoverable.1", "2": "Orig. recoverable.2", "3": "Orig. recoverable.3", "4": "Orig. recoverable.4"}, "data": [["oil", "gas", "NGL", "cond.", "oil eq."], ["[mill Sm3]", "[bill Sm3]", "[mill tonn]", "[mill Sm3]", "[mill Sm3 o.e]"], ["10.17", "0.81", "0.16", "0.09", "11.37"]]}, "6": {"index": [0, 1], "columns": {"0": "Remaining oil", "1": "Remaining gas", "2": "Remaining NGL", "3": "Remaining cond.", "4": "Remaining oil eq."}, "data": [["[mill Sm3]", "[bill Sm3]", "[mill tonn]", "[mill Sm3]", "[mill Sm3 o.e]"], ["0.00", "0.00", "0.00", "0.00", "0.00"]]}, "7": {"index": [0, 1, 2], "columns": {"0": "Orig. inplace oil", "1": "Orig. inplace ass.", "2": "Orig. inplace ass..1", "3": "Orig. inplace free"}, "data": [["[mill Sm3]", "liquid", "gas", "gas"], [NaN, "[mill Sm3]", "[bill Sm3]", "[bill Sm3]"], ["19.00", "0.00", "3.00", "0.00"]]}, "8": {"index": [0, 1, 2, 3, 4, 5, 6, 7, 8, 9, 10, 11, 12, 13, 14, 15, 16, 17], "columns": {"0": "Type", "1": "Text", "2": "Date"}, "data": [[NaN, NaN, "updated"], ["Development", "Volve is a field in the central part of the North Sea, five", "28.02.2023"], [NaN, "kilometres north of the Sleipner \u00d8st field. The water depth is 80", NaN], [NaN, "metres. Volve was discovered in 1993, and the plan for", NaN], [NaN, "development and operation (PDO) was approved in 2005. The", NaN], [NaN, "field was developed with a jack-up processing and drilling", NaN], [NaN, "facility. The vessel \"Navion Saga\" was used for storing stabilised", NaN], [NaN, "oil. Production started in 2008.", NaN], ["Reservoir", "Volve produced oil from sandstone of Middle Jurassic age in the", "28.02.2023"], [NaN, "Hugin Formation. The reservoir is at a depth of 2,700-3,100", NaN], [NaN, "metres. The western part of the structure is heavily faulted and", NaN], [NaN, "communication across the faults is uncertain.", NaN], ["Recovery strategy", "The field was produced with water injection for pressure", "28.02.2023"], [NaN, "support.", NaN], ["Transport", "The oil was exported by tankers and the rich gas was", "28.02.2023"], [NaN, "transported to the Sleipner A facility for further export.", NaN], ["Status", "The field was shut down in 2016 and the facility was removed in", "28.02.2023"], [NaN, "2018.", NaN]]}, "9": {"index": [0, 1, 2, 3, 4, 5, 6, 7, 8, 9, 10, 11, 12, 13, 14, 15, 16, 17, 18], "columns": {"0": "Unnamed: 0", "1": "Investments"}, "data": [[NaN, "[mill NOK nominal"], [NaN, "values]"], ["Sum", "4689"], ["2020", "0"], ["2019", "0"], ["2018", "0"], ["2017", "0"], ["2016", "-5"], ["2015", "10"], ["2014", "301"], ["2013", "968"], ["2012", "371"], ["2011", "37"], ["2010", "74"], ["2009", "300"], ["2008", "696"], ["2007", "1170"], ["2006", "583"], ["2005", "184"]]}, "10": {"index": [0, 1, 2, 3, 4, 5, 6, 7, 8, 9, 10, 11, 12, 13, 14, 15, 16, 17, 18, 19, 20], "columns": {"0": "Unnamed: 0", "1": "Month", "2": "Net - oil", "3": "Net - gas", "4": "Net -", "5": "Net - NGL", "6": "Net - oil equivalents"}, "data": [[NaN, NaN, "[mill Sm3]", "[bill Sm3]", "condensate", "[mill Sm3]", NaN], [NaN, NaN, NaN, NaN, "[mill Sm3]", NaN, "[mill Sm3]"], ["Sum", NaN, "10.171934", "0.812558", "0.089384", "0.303302", "11.377178"], ["2017", NaN, "0.000000", "0.000000", "0.000000", "0.000000", "0.000000"], [NaN, 1.0, "0.000000", "0.000000", "0.000000", "0.000000", "0.000000"], [NaN, 2.0, "0.000000", "0.000000", "0.000000", "0.000000", "0.000000"], [NaN, 3.0, "0.000000", "0.000000", "0.000000", "0.000000", "0.000000"], [NaN, 4.0, "0.000000", "0.000000", "0.000000", "0.000000", "0.000000"], [NaN, 5.0, "0.000000", "0.000000", "0.000000", "0.000000", "0.000000"], [NaN, 6.0, "0.000000", "0.000000", "0.000000", "0.000000", "0.000000"], [NaN, 7.0, "0.000000", "0.000000", "0.000000", "0.000000", "0.000000"], ["2016", NaN, "0.326674", "0.028020", "0.000000", "0.002613", "0.357307"], [NaN, 1.0, "0.053125", "0.005403", "0.000000", "0.000514", "0.059042"], [NaN, 2.0, "0.048899", "0.004814", "0.000000", "0.000457", "0.054170"], [NaN, 3.0, "0.044487", "0.004284", "0.000000", "0.000426", "0.049197"], [NaN, 4.0, "0.033701", "0.002781", "0.000000", "0.000259", "0.036741"], [NaN, 5.0, "0.040239", "0.003515", "0.000000", "0.000320", "0.044074"], [NaN, 6.0, "0.036950", "0.003236", "0.000000", "0.000281", "0.040467"], [NaN, 7.0, "0.033415", "0.003409", "0.000000", "0.000309", "0.037133"], [NaN, 8.0, "0.026277", "0.000578", "0.000000", "0.000047", "0.026902"], [NaN, 9.0, "0.009581", "0.000000", "0.000000", "0.000000", "0.009581"]]}, "11": {"index": [0, 1, 2, 3, 4, 5, 6, 7, 8, 9, 10, 11, 12, 13, 14, 15, 16, 17, 18, 19, 20, 21, 22, 23, 24, 25, 26, 27, 28, 29, 30, 31, 32, 33, 34, 35, 36, 37, 38, 39, 40], "columns": {"0": "2016", "1": "10", "2": "0.000000", "3": "0.000000.1", "4": "0.000000.2", "5": "0.000000.3", "6": "0.000000.4"}, "data": [[NaN, 11.0, 0.0, 0.0, 0.0, 0.0, 0.0], [NaN, 12.0, 0.0, 0.0, 0.0, 0.0, 0.0], [2015.0, NaN, 0.880751, 0.000458, 0.0, 0.013613, 0.894822], [NaN, 1.0, 0.083903, 9.9e-05, 0.0, 0.002982, 0.086984], [NaN, 2.0, 0.068537, 8.1e-05, 0.0, 0.002267, 0.070885], [NaN, 3.0, 0.082751, 5.2e-05, 0.0, 0.001815, 0.084618], [NaN, 4.0, 0.091128, 3.2e-05, 0.0, 0.000918, 0.092078], [NaN, 5.0, 0.088721, 3.1e-05, 0.0, 0.000916, 0.089668], [NaN, 6.0, 0.085265, 3.1e-05, 0.0, 0.000874, 0.08617], [NaN, 7.0, 0.075967, 2.6e-05, 0.0, 0.000807, 0.0768], [NaN, 8.0, 0.057461, 1.9e-05, 0.0, 0.000583, 0.058063], [NaN, 9.0, 0.064513, 2.2e-05, 0.0, 0.000623, 0.065158], [NaN, 10.0, 0.059443, 2.1e-05, 0.0, 0.000568, 0.060032], [NaN, 11.0, 0.061476, 2.3e-05, 0.0, 0.000631, 0.06213], [NaN, 12.0, 0.061586, 2.1e-05, 0.0, 0.000629, 0.062236], [2014.0, NaN, 0.75984, 0.013841, 0.000389, 0.006786, 0.780856], [NaN, 1.0, 0.062995, 0.004962, 0.000137, 0.000665, 0.068759], [NaN, 2.0, 0.057728, 0.004312, 0.000127, 0.000591, 0.062758], [NaN, 3.0, 0.063665, 0.004388, 0.000125, 0.000635, 0.068813], [NaN, 4.0, 0.077355, 3e-05, 0.0, 0.00077, 0.078155], [NaN, 5.0, 0.084908, 3.1e-05, 0.0, 0.000656, 0.085595], [NaN, 6.0, 0.081902, 3e-05, 0.0, 0.000836, 0.082768], [NaN, 7.0, 0.075734, 2.4e-05, 0.0, 0.000671, 0.076429], [NaN, 8.0, 0.051577, 1e-05, 0.0, 0.000289, 0.051876], [NaN, 9.0, 0.063741, 1.6e-05, 0.0, 0.000482, 0.064239], [NaN, 10.0, 0.065543, 2.1e-05, 0.0, 0.000666, 0.06623], [NaN, 11.0, 0.054452, 1.7e-05, 0.0, 0.000525, 0.054994], [NaN, 12.0, 0.02024, 0.0, 0.0, 0.0, 0.02024], [2013.0, NaN, 0.572317, 0.039964, 0.001221, 0.00552, 0.619022], [1.0, 0.049311, 0.003802, 0.00013, 0.000586, 0.053829, NaN], [2.0, 0.042087, 0.002701, 9.1e-05, 0.000397, 0.045276, NaN], [3.0, 0.025625, 0.001421, 5.3e-05, 0.000208, 0.027307, NaN], [4.0, 0.036811, 0.002471, 8.7e-05, 0.000343, 0.039712, NaN], [5.0, 0.044756, 0.002958, 0.000108, 0.000453, 0.048275, NaN], [6.0, 0.035814, 0.00109, 3.6e-05, 0.000169, 0.037109, NaN], [7.0, 0.040156, 0.002312, 6.5e-05, 0.00031, 0.042843, NaN], [8.0, 0.063179, 0.004621, 0.000133, 0.000605, 0.068538, NaN], [9.0, 0.052124, 0.003992, 0.000111, 0.000508, 0.056735, NaN], [10.0, 0.062119, 0.004889, 0.000144, 0.000663, 0.067815, NaN], [11.0, 0.062927, 0.00508, 0.000138, 0.000665, 0.06881, NaN], [12.0, 0.057408, 0.004627, 0.000125, 0.000613, 0.062773, NaN]]}, "12": {"index": [0, 1, 2, 3, 4, 5, 6, 7, 8, 9, 10, 11, 12, 13, 14, 15, 16, 17, 18, 19, 20, 21, 22, 23, 24, 25, 26, 27, 28, 29, 30, 31, 32, 33, 34, 35, 36, 37, 38, 39, 40, 41], "columns": {"0": "2012", "1": "Unnamed: 0", "2": "0.586592", "3": "0.045468", "4": "0.002652", "5": "0.011310", "6": "0.646022"}, "data": [[NaN, 1.0, 0.046311, 0.00375, 0.00028, 0.001154, 0.051495], [NaN, 2.0, 0.064703, 0.005399, 0.000397, 0.00172, 0.072219], [NaN, 3.0, 0.062862, 0.005135, 0.000381, 0.001582, 0.06996], [NaN, 4.0, 0.06236, 0.005089, 0.000388, 0.001623, 0.06946], [NaN, 5.0, 0.05843, 0.004174, 0.000313, 0.001273, 0.06419], [NaN, 6.0, 0.054095, 0.003652, 0.000271, 0.001076, 0.059094], [NaN, 7.0, 0.054961, 0.004192, 0.000138, 0.000641, 0.059932], [NaN, 8.0, 0.022264, 0.001624, 5.5e-05, 0.000242, 0.024185], [NaN, 9.0, 0.002627, 9.2e-05, 0.0, 2e-06, 0.002721], [NaN, 10.0, 0.053462, 0.004228, 0.000161, 0.000675, 0.058526], [NaN, 11.0, 0.056139, 0.00401, 0.00013, 0.000659, 0.060938], [NaN, 12.0, 0.048378, 0.004123, 0.000138, 0.000663, 0.053302], [2011.0, NaN, 0.859404, 0.076775, 0.006466, 0.02454, 0.967185], [NaN, 1.0, 0.107102, 0.009657, 0.001004, 0.003464, 0.121227], [NaN, 2.0, 0.074705, 0.006649, 0.000729, 0.002378, 0.084461], [NaN, 3.0, 0.095246, 0.009088, 0.000943, 0.003154, 0.108431], [NaN, 4.0, 0.091561, 0.008845, 0.000646, 0.002656, 0.103708], [NaN, 5.0, 0.090186, 0.008741, 0.000657, 0.002715, 0.102299], [NaN, 6.0, 0.053513, 0.00466, 0.000364, 0.001411, 0.059948], [NaN, 7.0, 0.032551, 0.002479, 0.000184, 0.000743, 0.035957], [NaN, 8.0, 0.08729, 0.008024, 0.00058, 0.002389, 0.098283], [NaN, 9.0, 0.082002, 0.006813, 0.000471, 0.001991, 0.091277], [NaN, 10.0, 0.034654, 0.002833, 0.000208, 0.00085, 0.038545], [NaN, 11.0, 0.05825, 0.004668, 0.000357, 0.001436, 0.064711], [NaN, 12.0, 0.052344, 0.004318, 0.000323, 0.001353, 0.058338], [2010.0, NaN, 1.698554, 0.156727, 0.017001, 0.05621, 1.928492], [NaN, 1.0, 0.232164, 0.023782, 0.002506, 0.008209, 0.266661], [NaN, 2.0, 0.165829, 0.016604, 0.001794, 0.005983, 0.19021], [NaN, 3.0, 0.168532, 0.002195, 0.000293, 0.000857, 0.171877], [NaN, 4.0, 0.160318, 0.018862, 0.002055, 0.006946, 0.188181], [NaN, 5.0, 0.16554, 0.018887, 0.002021, 0.006625, 0.193073], [NaN, 6.0, 0.145069, 0.015268, 0.001762, 0.005488, 0.167587], [NaN, 7.0, 0.135476, 0.01404, 0.001473, 0.005145, 0.156134], [NaN, 8.0, 0.06892, 0.006131, 0.000667, 0.002191, 0.077909], [NaN, 9.0, 0.107145, 0.007646, 0.000857, 0.002822, 0.11847], [NaN, 10.0, 0.131608, 0.012902, 0.001374, 0.004597, 0.150481], [NaN, 11.0, 0.107657, 0.00985, 0.001059, 0.00355, 0.122116], [NaN, 12.0, 0.110296, 0.01056, 0.00114, 0.003797, 0.125793], [2009.0, NaN, 2.717402, 0.296534, 0.03545, 0.115534, 3.16492], [1.0, 0.269203, 0.031462, 0.004174, 0.012533, 0.317372, NaN], [2.0, 0.236461, 0.026431, 0.003606, 0.010799, 0.277297, NaN], [3.0, 0.189512, 0.021224, 0.002785, 0.009093, NaN, NaN]]}, "13": {"index": [0, 1, 2, 3, 4, 5, 6, 7, 8, 9, 10, 11, 12, 13, 14, 15, 16, 17, 18, 19], "columns": {"0": "2009", "1": "4", "2": "0.237508", "3": "0.027593", "4": "0.003194", "5": "0.010726", "6": "0.279021"}, "data": [[5, 0.257214, 0.027738, 0.003201, 0.01085, 0.299003, NaN], [6, 0.226573, 0.023379, 0.003076, 0.009922, 0.26295, NaN], [7, 0.185766, 0.017256, 0.001955, 0.00664, 0.211617, NaN], [8, 0.224551, 0.023782, 0.002681, 0.009057, 0.260071, NaN], [9, 0.179757, 0.018584, 0.002172, 0.007184, 0.207697, NaN], [10, 0.224518, 0.025216, 0.002847, 0.009555, 0.262136, NaN], [11, 0.234263, 0.026435, 0.002753, 0.009352, 0.272803, NaN], [12, 0.252076, 0.027434, 0.003006, 0.009823, 0.292339, NaN], [2008, NaN, 1.7704, 0.154771, 0.026205, 0.067176, 2.018552], [2, 0.049091, 0.0, 0.0, 0.0, 0.049091, NaN], [3, 0.084412, 0.002301, 0.000297, 0.000861, 0.087871, NaN], [4, 0.075756, 0.007579, 0.001151, 0.002924, 0.08741, NaN], [5, 0.126891, 0.01393, 0.002015, 0.005387, 0.148223, NaN], [6, 0.144284, 0.000319, 0.002, 0.005324, 0.151927, NaN], [7, 0.165171, 0.017382, 0.00235, 0.00616, 0.191063, NaN], [8, 0.167052, 0.014075, 0.002387, 0.005862, 0.189376, NaN], [9, 0.194135, 0.017705, 0.002824, 0.006781, 0.221445, NaN], [10, 0.236644, 0.022681, 0.003873, 0.009986, 0.273184, NaN], [11, 0.250325, 0.02585, 0.004239, 0.010732, 0.291146, NaN], [12, 0.276639, 0.032949, 0.005069, 0.013159, 0.327816, NaN]]}, "14": {"index": [0, 1, 2, 3, 4, 5, 6, 7, 8, 9, 10, 11, 12, 13, 14, 15, 16, 17], "columns": {"0": "Unnamed: 0", "1": "Month", "2": "Gross - oil[mill Sm3]", "3": "Gross - gas[bill Sm3]", "4": "Gross -condensate[mill Sm3]", "5": "Gross - oilequivalents[mill Sm3]"}, "data": [["Sum", NaN, 10.069554, 1.449491, 0.0, 11.519045], ["2017", NaN, 0.0, 0.0, 0.0, 0.0], [NaN, 1.0, 0.0, 0.0, 0.0, 0.0], [NaN, 2.0, 0.0, 0.0, 0.0, 0.0], [NaN, 3.0, 0.0, 0.0, 0.0, 0.0], [NaN, 4.0, 0.0, 0.0, 0.0, 0.0], [NaN, 5.0, 0.0, 0.0, 0.0, 0.0], [NaN, 6.0, 0.0, 0.0, 0.0, 0.0], [NaN, 7.0, 0.0, 0.0, 0.0, 0.0], ["2016", NaN, 0.313369, 0.050127, 0.0, 0.363496], ["1", 0.051577, 0.008076, 0.0, 0.059653, NaN], ["2", 0.047368, 0.007469, 0.0, 0.054837, NaN], ["3", 0.042802, 0.0069, 0.0, 0.049702, NaN], ["4", 0.03231, 0.005288, 0.0, 0.037598, NaN], ["5", 0.03903, 0.006215, 0.0, 0.045245, NaN], ["6", 0.035659, 0.005739, 0.0, 0.041398, NaN], ["7", 0.031059, 0.00499, 0.0, 0.036049, NaN], ["8", 0.024955, 0.003991, 0.0, 0.028946, NaN]]}, "15": {"index": [0, 1, 2, 3, 4, 5, 6, 7, 8, 9, 10, 11, 12, 13, 14, 15, 16, 17, 18, 19, 20, 21, 22, 23, 24, 25, 26, 27, 28, 29, 30, 31, 32, 33, 34, 35, 36, 37, 38, 39, 40, 41], "columns": {"0": "2016", "1": "9", "2": "0.008609", "3": "0.001459", "4": "0.000000", "5": "0.010068"}, "data": [[NaN, 10.0, 0.0, 0.0, 0.0, 0.0], [NaN, 11.0, 0.0, 0.0, 0.0, 0.0], [NaN, 12.0, 0.0, 0.0, 0.0, 0.0], [2015.0, NaN, 0.861748, 0.128425, 0.0, 0.990173], [NaN, 1.0, 0.081246, 0.01198, 0.0, 0.093226], [NaN, 2.0, 0.066273, 0.010026, 0.0, 0.076299], [NaN, 3.0, 0.081739, 0.012033, 0.0, 0.093772], [NaN, 4.0, 0.090224, 0.013155, 0.0, 0.103379], [NaN, 5.0, 0.087064, 0.012701, 0.0, 0.099765], [NaN, 6.0, 0.083848, 0.012277, 0.0, 0.096125], [NaN, 7.0, 0.073995, 0.011, 0.0, 0.084995], [NaN, 8.0, 0.056296, 0.008525, 0.0, 0.064821], [NaN, 9.0, 0.063097, 0.009518, 0.0, 0.072615], [NaN, 10.0, 0.057681, 0.00879, 0.0, 0.066471], [NaN, 11.0, 0.060469, 0.009256, 0.0, 0.069725], [NaN, 12.0, 0.059816, 0.009164, 0.0, 0.06898], [2014.0, NaN, 0.743108, 0.112472, 0.0, 0.85558], [NaN, 1.0, 0.061911, 0.009207, 0.0, 0.071118], [NaN, 2.0, 0.056956, 0.008535, 0.0, 0.065491], [NaN, 3.0, 0.062163, 0.009349, 0.0, 0.071512], [NaN, 4.0, 0.076199, 0.011257, 0.0, 0.087456], [NaN, 5.0, 0.083827, 0.011826, 0.0, 0.095653], [NaN, 6.0, 0.079538, 0.011708, 0.0, 0.091246], [NaN, 7.0, 0.074981, 0.011183, 0.0, 0.086164], [NaN, 8.0, 0.049376, 0.007647, 0.0, 0.057023], [NaN, 9.0, 0.062389, 0.009788, 0.0, 0.072177], [NaN, 10.0, 0.064515, 0.009978, 0.0, 0.074493], [NaN, 11.0, 0.05292, 0.008273, 0.0, 0.061193], [NaN, 12.0, 0.018333, 0.003721, 0.0, 0.022054], [2013.0, NaN, 0.558012, 0.087589, 0.0, 0.645601], [NaN, 1.0, 0.047593, 0.007716, 0.0, 0.055309], [NaN, 2.0, 0.041683, 0.006658, 0.0, 0.048341], [NaN, 3.0, 0.025122, 0.003837, 0.0, 0.028959], [NaN, 4.0, 0.035227, 0.005732, 0.0, 0.040959], [NaN, 5.0, 0.043975, 0.007284, 0.0, 0.051259], [NaN, 6.0, 0.034198, 0.00569, 0.0, 0.039888], [NaN, 7.0, 0.038387, 0.006064, 0.0, 0.044451], [NaN, 8.0, 0.06231, 0.009486, 0.0, 0.071796], [NaN, 9.0, 0.050869, 0.007816, 0.0, 0.058685], [NaN, 10.0, 0.060861, 0.009313, 0.0, 0.070174], [NaN, 11.0, 0.061806, 0.00937, 0.0, 0.071176], [NaN, 12.0, 0.055981, 0.008623, 0.0, 0.064604]]}, "16": {"index": [0, 1, 2, 3, 4, 5, 6, 7, 8, 9, 10, 11, 12, 13, 14, 15, 16, 17, 18, 19, 20, 21, 22, 23, 24, 25, 26, 27, 28, 29, 30, 31, 32, 33, 34, 35, 36, 37, 38, 39, 40, 41], "columns": {"0": "2012", "1": "Unnamed: 0", "2": "0.574210", "3": "0.090208", "4": "0.000000", "5": "0.664418"}, "data": [[NaN, 1.0, 0.045527, 0.006879, 0.0, 0.052406], [NaN, 2.0, 0.064163, 0.009889, 0.0, 0.074052], [NaN, 3.0, 0.061425, 0.009654, 0.0, 0.071079], [NaN, 4.0, 0.060598, 0.009539, 0.0, 0.070137], [NaN, 5.0, 0.057467, 0.009126, 0.0, 0.066593], [NaN, 6.0, 0.052553, 0.008375, 0.0, 0.060928], [NaN, 7.0, 0.054168, 0.008626, 0.0, 0.062794], [NaN, 8.0, 0.021688, 0.00335, 0.0, 0.025038], [NaN, 9.0, 0.002669, 0.000403, 0.0, 0.003072], [NaN, 10.0, 0.053557, 0.008223, 0.0, 0.06178], [NaN, 11.0, 0.053951, 0.008572, 0.0, 0.062523], [NaN, 12.0, 0.046444, 0.007572, 0.0, 0.054016], [2011.0, NaN, 0.847966, 0.13032, 0.0, 0.978286], [NaN, 1.0, 0.106075, 0.016177, 0.0, 0.122252], [NaN, 2.0, 0.073224, 0.011349, 0.0, 0.084573], [NaN, 3.0, 0.094105, 0.014494, 0.0, 0.108599], [NaN, 4.0, 0.089634, 0.01393, 0.0, 0.103564], [NaN, 5.0, 0.088326, 0.013775, 0.0, 0.102101], [NaN, 6.0, 0.053221, 0.008248, 0.0, 0.061469], [NaN, 7.0, 0.032674, 0.004888, 0.0, 0.037562], [NaN, 8.0, 0.08611, 0.013128, 0.0, 0.099238], [NaN, 9.0, 0.081052, 0.012588, 0.0, 0.09364], [NaN, 10.0, 0.034455, 0.005326, 0.0, 0.039781], [NaN, 11.0, 0.056833, 0.008624, 0.0, 0.065457], [NaN, 12.0, 0.052257, 0.007793, 0.0, 0.06005], [2010.0, NaN, 1.69017, 0.243985, 0.0, 1.934155], [NaN, 1.0, 0.231881, 0.032606, 0.0, 0.264487], [NaN, 2.0, 0.165119, 0.023272, 0.0, 0.188391], [NaN, 3.0, 0.168565, 0.023701, 0.0, 0.192266], [NaN, 4.0, 0.159289, 0.02245, 0.0, 0.181739], [NaN, 5.0, 0.165186, 0.023496, 0.0, 0.188682], [NaN, 6.0, 0.144927, 0.020701, 0.0, 0.165628], [NaN, 7.0, 0.13364, 0.019357, 0.0, 0.152997], [NaN, 8.0, 0.068531, 0.00989, 0.0, 0.078421], [NaN, 9.0, 0.106718, 0.016011, 0.0, 0.122729], [NaN, 10.0, 0.130186, 0.019595, 0.0, 0.149781], [NaN, 11.0, 0.107024, 0.016232, 0.0, 0.123256], [NaN, 12.0, 0.109104, 0.016674, 0.0, 0.125778], [2009.0, NaN, 2.715076, 0.380346, 0.0, 3.095422], [1.0, 0.26925, 0.038974, 0.0, 0.308224, NaN], [2.0, 0.235786, 0.033681, 0.0, 0.269467, NaN], [3.0, 0.188413, 0.026519, 0.0, 0.214932, NaN]]}, "17": {"index": [0, 1, 2, 3, 4, 5, 6, 7, 8, 9, 10, 11, 12, 13, 14, 15, 16, 17, 18, 19], "columns": {"0": "2009", "1": "4", "2": "0.237900", "3": "0.032858", "4": "0.000000", "5": "0.270758"}, "data": [[NaN, 5.0, 0.257214, 0.035311, 0.0, 0.292525], [NaN, 6.0, 0.22669, 0.031027, 0.0, 0.257717], [NaN, 7.0, 0.185317, 0.02587, 0.0, 0.211187], [NaN, 8.0, 0.224908, 0.031341, 0.0, 0.256249], [NaN, 9.0, 0.180449, 0.025118, 0.0, 0.205567], [NaN, 10.0, 0.223647, 0.031376, 0.0, 0.255023], [NaN, 11.0, 0.234644, 0.033087, 0.0, 0.267731], [NaN, 12.0, 0.250858, 0.035184, 0.0, 0.286042], [2008.0, NaN, 1.765895, 0.226019, 0.0, 1.991914], [2.0, 0.049145, 0.0, 0.0, 0.049145, NaN], [3.0, 0.083361, 0.0, 0.0, 0.083361, NaN], [4.0, 0.074925, 0.0, 0.0, 0.074925, NaN], [5.0, 0.125479, 0.019095, 0.0, 0.144574, NaN], [6.0, 0.144081, 0.021502, 0.0, 0.165583, NaN], [7.0, 0.166663, 0.024435, 0.0, 0.191098, NaN], [8.0, 0.16544, 0.023897, 0.0, 0.189337, NaN], [9.0, 0.192663, 0.027526, 0.0, 0.220189, NaN], [10.0, 0.237174, 0.033758, 0.0, 0.270932, NaN], [11.0, 0.250325, 0.035743, 0.0, 0.286068, NaN], [12.0, 0.276639, 0.040063, 0.0, 0.316702, NaN]]}, "18": {"index": [], "columns": {"0": "Unnamed: 0"}, "data": []}, "19": {"index": [0, 1, 2, 3, 4, 5], "columns": {"0": "Wellbore name", "1": "Entered date", "2": "Completed", "3": "Purpose", "4": "Status", "5": "Content"}, "data": [[NaN, NaN, "date", NaN, NaN, NaN], ["15/9-19 A", "25.07.1997", "09.11.1997", "APPRAISAL", "P&A", "OIL"], ["15/9-19 B", "09.11.1997", "02.02.1998", "APPRAISAL", "P&A", "SHOWS"], ["15/9-19 S", "18.11.1992", "31.01.1993", "WILDCAT", "SUSPENDED", "DRY"], ["15/9-19 SR", "17.02.1993", "29.04.1993", "WILDCAT", "SUSPENDED", "OIL"], ["15/9-19 SR2", "18.07.1997", "25.07.1997", "WILDCAT", "P&A", "OIL"]]}, "20": {"index": [0, 1, 2, 3, 4, 5], "columns": {"0": "Wellbore name", "1": "Entered date", "2": "Completed", "3": "Purpose Content"}, "data": [[NaN, NaN, "date", NaN], ["15/9-F-1", "23.07.2013", "21.08.2013", "OBSERVATION OIL"], ["15/9-F-1 A", "23.08.2013", "27.08.2013", "OBSERVATION OIL"], ["15/9-F-1 B", "29.08.2013", "08.09.2013", "INJECTION WATER"], ["15/9-F-1 C", "21.02.2014", "18.03.2014", "PRODUCTION OIL"], ["15/9-F-4", "13.10.2007", "09.03.2008", "INJECTION WATER"]]}, "21": {"index": [0, 1, 2, 3, 4, 5, 6, 7, 8, 9, 10, 11, 12, 13, 14, 15], "columns": {"0": "15/9-F-5", "1": "18.12.2007", "2": "01.08.2008", "3": "INJECTION", "4": "WATER"}, "data": [["15/9-F-7", "16.09.2007", "06.10.2007", "PRODUCTION", "WATER"], ["15/9-F-9", "30.08.2008", "02.09.2008", "PRODUCTION", "WATER"], ["15/9-F-9 A", "01.07.2009", "09.07.2009", "PRODUCTION", "WATER"], ["15/9-F-10", "06.04.2009", "08.06.2009", "OBSERVATION", "NOTAPPLICABLE"], ["15/9-F-10 A", NaN, NaN, "OBSERVATION", NaN], ["15/9-F-10 B", NaN, NaN, "PRODUCTION", NaN], ["15/9-F-11", "07.03.2013", "12.05.2013", "OBSERVATION", "OIL"], ["15/9-F-11 A", "14.05.2013", "26.05.2013", "OBSERVATION", "OIL"], ["15/9-F-11 B", "28.05.2013", "15.06.2013", "PRODUCTION", "OIL"], ["15/9-F-12", "14.06.2007", "27.08.2007", "PRODUCTION", "OIL"], ["15/9-F-14", "05.12.2007", "17.06.2008", "PRODUCTION", "OIL"], ["15/9-F-15", "24.12.2007", "05.12.2008", "OBSERVATION", "NOTAPPLICABLE"], ["15/9-F-15 A", "11.12.2008", "10.01.2009", "OBSERVATION", "NOTAPPLICABLE"], ["15/9-F-15 B", "13.01.2009", "16.01.2009", "OBSERVATION", "NOTAPPLICABLE"], ["15/9-F-15 C", "18.01.2009", "15.02.2009", "PRODUCTION", "OIL"], ["15/9-F-15 D", "10.11.2013", "07.12.2013", "PRODUCTION", "OIL"]]}, "22": {"index": [], "columns": {"0": "Wellbore name", "1": "Entered date", "2": "Completeddate", "3": "Purpose", "4": "Status"}, "data": []}, "kind": "osdu:wks:master-data--Field:1.0.0 ", "id": "npd:master-data--Factpages-Field:3420717"}