{"0": {"index": [0, 1, 2, 3, 4, 5, 6], "columns": {"0": "Field name", "1": "MUNIN"}, "data": [["Factmaps in new window", "link to map"], ["Current activity status", "Approved for production"], ["Discovery wellbore", "30/11-8 S"], ["Discovery year.", "2011"], ["Main area", "North sea"], ["Main supply base", NaN], ["NPDID field", "42002476"]]}, "1": {"index": [0, 1, 2, 3, 4, 5, 6, 7, 8, 9, 10], "columns": {"0": "Discovery name"}, "data": [["30/11-8 S Munin"], ["30/11-14 B (Haraldsplass)"], ["30/11-8 A"], ["30/11-14 (Slemmestad)"], ["30/11-9 S (Askja)"], ["30/11-13 (Beerenberg)"], ["30/11-5 (Steinbit)"], ["30/11-10 (Krafla Nord)"], ["30/11-12 S (Askja S\u00f8r\u00f8st)"], ["30/11-11 S (Madam Felle)"], ["30/11-9 A (Askja \u00d8st)"]]}, "2": {"index": [0, 1], "columns": {"0": "Status", "1": "Status from", "2": "Status to"}, "data": [["Approved for", "27.06.2023", NaN], ["production", NaN, NaN]]}, "3": {"index": [0, 1, 2], "columns": {"0": "Block name", "1": "Prod. licence"}, "data": [["30/11", "272"], ["30/11", "035"], ["30/11", "272 C"]]}, "4": {"index": [0], "columns": {"0": "Owner kind", "1": "Unnamed: 0", "2": "Owner name"}, "data": [["PRODUCTION LICENSE", 35, NaN]]}, "5": {"index": [0, 1], "columns": {"0": "Unnamed: 0", "1": "Company name", "2": "Nation code", "3": "Company share [%]"}, "data": [["Equinor Energy AS", NaN, "NO", 50.0], ["Aker BP ASA", NaN, "NO", 50.0]]}, "6": {"index": [0, 1, 2], "columns": {"0": "Orig. recoverable", "1": "Orig. recoverable.1", "2": "Orig. recoverable.2", "3": "Orig. recoverable.3", "4": "Orig. recoverable.4"}, "data": [["oil", "gas", "NGL", "cond.", "oil eq."], ["[mill Sm3]", "[bill Sm3]", "[mill tonn]", "[mill Sm3]", "[mill Sm3 o.e]"], ["19.49", "22.19", "5.26", "0.00", "51.67"]]}, "7": {"index": [0, 1], "columns": {"0": "Remaining oil", "1": "Remaining gas", "2": "Remaining NGL", "3": "Remaining cond.", "4": "Remaining oil eq."}, "data": [["[mill Sm3]", "[bill Sm3]", "[mill tonn]", "[mill Sm3]", "[mill Sm3 o.e]"], ["19.49", "22.19", "5.26", "0.00", "51.67"]]}, "8": {"index": [0, 1, 2], "columns": {"0": "Orig. inplace oil", "1": "Orig. inplace ass.", "2": "Orig. inplace ass..1", "3": "Orig. inplace free"}, "data": [["[mill Sm3]", "liquid", "gas", "gas"], [NaN, "[mill Sm3]", "[bill Sm3]", "[bill Sm3]"], ["51.00", "7.00", "4.00", "36.00"]]}, "9": {"index": [0, 1, 2, 3, 4, 5, 6, 7, 8, 9, 10, 11, 12, 13, 14, 15, 16, 17, 18, 19], "columns": {"0": "Type", "1": "Text", "2": "Date"}, "data": [[NaN, NaN, "updated"], ["Development", "Munin is located in in the Yggdrasil area in the central North", "23.08.2023"], [NaN, "Sea, 35 kilometres south of the Oseberg field. The water depth", NaN], [NaN, "is 110 metres. The field comprises several discoveries and", NaN], [NaN, "extends over 200 square kilometres. The first discovery was", NaN], [NaN, "made in 1997 with well 30/11-5. Since then, a further ten", NaN], [NaN, "discoveries have been made. The discovery wellbore for Munin", NaN], [NaN, "is 30/11-8 S, drilled in 2011. The plan for development and", NaN], [NaN, "operation (PDO) was approved in June 2023. The development", NaN], [NaN, "concept includes subsea tie-back of the deposits to an", NaN], [NaN, "unmanned processing platform located in the northern part of", NaN], [NaN, "the Yggdrasil area. The PDO includes drilling of several untested", NaN], [NaN, "structures which can be produced through available well slots or", NaN], [NaN, "may trigger more subsea templates in the area. The platform", NaN], [NaN, "will be tied-back to the Hugin A processing platform in the", NaN], [NaN, "southern Yggdrasil area.", NaN], ["Reservoir", "The reservoirs contain gas and oil mainly in Middle Jurassic", "23.08.2023"], [NaN, "sandstone of the Brent Group at depths of 3,200-3,650 metres.", NaN], [NaN, "The Munin area is geologically complex, and the deposits have", NaN], [NaN, "varying reservoir and fluid properties.", NaN]]}, "10": {"index": [0, 1, 2, 3, 4, 5, 6, 7, 8, 9], "columns": {"0": "Recovery strategy", "1": "The deposits will be produced with different recovery strategies.", "2": "23.08.2023"}, "data": [[NaN, "The largest oil deposits will be produced with water injection,", NaN], [NaN, "while gas deposits and smaller oil deposits will be produced by", NaN], [NaN, "pressure depletion. Gas lift will also be utilised for oil deposits.", NaN], ["Transport", "The gas will be exported in a new pipeline from Hugin A via", "23.08.2023"], [NaN, "Statpipe to the K\u00e5rst\u00f8 terminal. The oil will be transported to", NaN], [NaN, "the Hugin A facility for further processing and transport.", NaN], ["Status", "The field is under development. The development of Munin is", "12.08.2023"], [NaN, "coordinated with the development of the Hugin and Fulla fields", NaN], [NaN, "in the Yggdrasil area. The production is planned to start in", NaN], [NaN, "2027.", NaN]]}, "11": {"index": [0, 1, 2], "columns": {"0": "Unnamed: 0", "1": "Investments"}, "data": [[NaN, "[mill NOK nominal"], [NaN, "values]"], ["Sum", NaN]]}, "12": {"index": [0, 1], "columns": {"0": "Month", "1": "Net - oil", "2": "Net - gas", "3": "Net -", "4": "Net - NGL", "5": "Net - oil equivalents"}, "data": [[NaN, "[mill Sm3]", "[bill Sm3]", "condensate", "[mill Sm3]", NaN], [NaN, NaN, NaN, "[mill Sm3]", NaN, "[mill Sm3]"]]}, "13": {"index": [0, 1], "columns": {"0": "Month", "1": "Gross - oil", "2": "Gross - gas", "3": "Gross -", "4": "Gross - oil.1"}, "data": [[NaN, "[mill Sm3]", "[bill Sm3]", "condensate", "equivalents"], [NaN, NaN, NaN, "[mill Sm3]", "[mill Sm3]"]]}, "14": {"index": [0, 1, 2, 3, 4, 5, 6, 7, 8, 9, 10, 11, 12], "columns": {"0": "Wellbore name", "1": "Entered date", "2": "Completeddate", "3": "Purpose", "4": "Status", "5": "Content"}, "data": [["30/11-5", "05.12.1996", "09.01.1997", "WILDCAT", "P&A", "OIL"], ["30/11-8 A", "20.05.2011", "03.07.2011", "WILDCAT", "P&A", "OIL/GAS/CONDENSATE"], ["30/11-8 S", "20.03.2011", "20.05.2011", "WILDCAT", "P&A", "OIL/GAS/CONDENSATE"], ["30/11-9 A", "14.11.2013", "08.01.2014", "WILDCAT", "P&A", "OIL"], ["30/11-9 S", "22.09.2013", "13.11.2013", "WILDCAT", "P&A", "GAS"], ["30/11-10", "01.11.2014", "26.12.2014", "WILDCAT", "P&A", "OIL/GAS/CONDENSATE"], ["30/11-10 A", "28.12.2014", "13.02.2015", "APPRAISAL", "P&A", "OIL"], ["30/11-11 S", "04.03.2016", "19.03.2016", "WILDCAT", "P&A", "OIL"], ["30/11-12 A", "04.05.2016", "20.05.2016", "APPRAISAL", "P&A", "DRY"], ["30/11-12 S", "08.04.2016", "04.05.2016", "WILDCAT", "P&A", "OIL"], ["30/11-13", "22.05.2016", "06.06.2016", "WILDCAT", "P&A", "GAS/CONDENSATE"], ["30/11-14", "07.06.2016", "06.07.2016", "WILDCAT", "P&A", "GAS/CONDENSATE"], ["30/11-14 B", "06.07.2016", "23.07.2016", "WILDCAT", "P&A", "OIL/GAS/CONDENSATE"]]}, "15": {"index": [], "columns": {"0": "Wellbore name", "1": "Entered date", "2": "Completeddate", "3": "Purpose", "4": "Content"}, "data": []}, "16": {"index": [0, 1], "columns": {"0": "Wellbore name", "1": "Entered date", "2": "Completeddate", "3": "Purpose", "4": "Status"}, "data": [["30/11-U-2", "10.06.2021", "13.06.2021", "SHALLOWGAS", "PLUGGED"], ["30/11-U-3", "14.06.2021", "16.06.2021", "SHALLOWGAS", "PLUGGED"]]}, "kind": "osdu:wks:master-data--Field:1.0.0 ", "id": "npd:master-data--Factpages-Field:42002476"}