{"0": {"index": [0, 1, 2], "columns": {"0": "Lithostrat. unit", "1": "\u00d8RRET FM"}, "data": [["NPDID lithostrat. unit", "196"], ["Level", "FORMATION"], ["Lithostrat. unit, parent", "TEMPELFJORDEN GP"]]}, "1": {"index": [0, 1, 2, 3, 4, 5, 6, 7, 8, 9, 10, 11, 12, 13, 14], "columns": {"0": "Wellbore name", "1": "Wellbore", "2": "Top depth", "3": "Bottom"}, "data": [[NaN, "completion", "[m]", "depth [m]"], [NaN, "date", NaN, NaN], ["7120/1-1", "15.11.1985", "2403", "2430"], ["7120/1-1", "15.11.1985", "2458", "2569"], ["7120/1-1 R", "26.12.1985", "2403", "2430"], ["7120/1-1 R", "26.12.1985", "2458", "2604"], ["7120/1-1 R2", "21.07.1986", "2403", "2430"], ["7120/1-1 R2", "21.07.1986", "2458", "2604"], ["7120/12-2", "11.09.1981", "3657", "3920"], ["7120/12-2", "11.09.1981", "3975", "4031"], ["7120/12-2", "11.09.1981", "4076", "4485"], ["7120/12-4", "16.04.1984", "1366", "1469"], ["7120/12-4", "16.04.1984", "1502", "1648"], ["7120/12-4", "16.04.1984", "1688", "1700"], ["7120/12-4", "16.04.1984", "1728", "2003"]]}, "2": {"index": [0, 1, 2, 3, 4, 5], "columns": {"0": "7124/3-1", "1": "20.10.1987", "2": "3475", "3": "3670"}, "data": [["7132/2-2", "07.04.2019", 3405, 3454], ["7225/3-1", "25.09.2011", 3666, 3771], ["7226/11-1", "11.04.1988", 3877, 3966], ["7228/9-1 S", "07.05.1990", 3884, 3966], ["7229/11-1", "15.12.1993", 3879, 3901], ["7322/6-1 S", "28.05.2021", 2519, 3094]]}, "3": {"index": [0, 1, 2, 3], "columns": {"0": "Wellbore name", "1": "Wellbore", "2": "Core length"}, "data": [[NaN, "completion", "[m]"], [NaN, "date", NaN], ["7120/12-2", "11.09.1981", "28"], ["7120/12-4", "16.04.1984", "18"]]}, "kind": "osdu:wks:master-data--Litho:1.0.0 ", "id": "npd:master-data--Factpages-Litho:196"}