{"0": {"index": [0, 1, 2, 3, 4, 5, 6, 7, 8, 9, 10, 11, 12, 13, 14, 15, 16, 17, 18, 19, 20, 21, 22, 23, 24, 25, 26], "columns": {"0": "eneral information", "1": "Unnamed: 0"}, "data": [["Survey name", "ABP21105"], ["Legal basis", "Petroleumsforskriften jf Ressursforskriften"], ["NPDID for survey", "10027"], ["Factmaps - new window", "link to map"], ["Status", "Ferdig"], ["Area", "Nordsj\u00f8en"], ["Market available", "Ja"], ["Category", "Andre unders\u00f8kelser"], ["Main type", "Grunnunders\u00f8kelse"], ["Sub type", "Ikke seismikk"], ["Sampling", "Ja"], ["Shallow drilling", "Ja"], ["Company - responsible", "Aker BP ASA"], ["Source type", NaN], ["Number of sources", NaN], ["Source size", NaN], ["Source pressure", NaN], ["Sensor type", NaN], ["Numbers of sensors", NaN], ["Sensor length [m]", NaN], ["Sensor width [m]", NaN], ["Start date - planned", "29.04.2021"], ["Start date", "03.05.2021"], ["Completed date - planned", "07.05.2021"], ["Completed date", "06.05.2021"], ["Total length [boat km]", NaN], ["Net area - actual 3D/4D [km2]", NaN]]}, "1": {"index": [], "columns": {"0": "Unnamed: 0"}, "data": []}, "2": {"index": [0, 1, 2, 3], "columns": {"0": "Date", "1": "Type of update", "2": "Information"}, "data": [["06.05.2021", "Melding - Unders\u00f8kelsen er ferdig", NaN], ["06.05.2021", "Melding - Unders\u00f8kelsen er sattp\u00e5 pause", NaN], ["06.05.2021", "Status", "Pause"], ["06.05.2021", "Status", "Ferdig"]]}, "3": {"index": [0, 1, 2, 3, 4], "columns": {"0": "03.05.2021", "1": "Oljedirektoratets uttalelse tilendringsmelding", "2": "Oljedirektoratet (OD) viser til melding om endring avtidsrom for unders\u00f8kelsen. P\u00e5 bakgrunn av innmeldtendring og ny uttalelse fra Fiskeridirektoratet, har ODingen ytterligere merknader til at unders\u00f8kelsen kangjennomf\u00f8res som planlagt dersom disse blir fulgt."}, "data": [["03.05.2021", "Status", "P\u00e5g\u00e5ende"], ["03.05.2021", "Melding - Unders\u00f8kelsen startesopp", NaN], ["23.04.2021", "Fiskeridirektoratets uttalelse tilendringsmelding", "Ingen merknad"], ["22.04.2021", "Melding - Endringsmelding - tilinfo", NaN], ["22.04.2021", "Melding - Endringsmelding somkrever saksbehandling", NaN]]}, "4": {"index": [0, 1, 2, 3, 4, 5, 6, 7, 8, 9, 10, 11, 12, 13, 14, 15, 16, 17, 18, 19, 20, 21, 22, 23, 24, 25, 26, 27, 28, 29, 30, 31, 32, 33, 34, 35, 36, 37, 38, 39, 40, 41, 42, 43, 44, 45, 46], "columns": {"0": "10.03.2021", "1": "Oljedirektoratet uttalelse til", "2": "Oljedirektoratet (OD) viser til deres melding vedr\u00f8rende"}, "data": [[NaN, "innmelding", "denne unders\u00f8kelsen."], [NaN, NaN, "OD gj\u00f8r s\u00e6rlig oppmerksom p\u00e5 at fart\u00f8y som foretar en"], [NaN, NaN, "unders\u00f8kelse, skal holde forsvarlig avstand til fart\u00f8y"], [NaN, NaN, "som driver fiske, og til fastst\u00e5ende og flytende"], [NaN, NaN, "fiskeredskap. S\u00e6rlig aktsomhet skal utvises n\u00e5r st\u00f8rre"], [NaN, NaN, "ansamlinger av fiskefart\u00f8y observeres, jf. forskrift om"], [NaN, NaN, "ressursforvaltning innen petroleumsvirksomheten av"], [NaN, NaN, "13.12.2017 (ressursforskriften) \u00a7 8 andre ledd."], [NaN, NaN, "OD viser til uttalelsene som er gitt av adressatene"], [NaN, NaN, "innenfor meldesystemet (jf. petroleumsforskriften \u00a7 6/"], [NaN, NaN, "ressursforskriften \u00a7 6), og har ingen merknader til at"], [NaN, NaN, "unders\u00f8kelsen  gjennomf\u00f8res som planlagt dersom"], [NaN, NaN, "disse tas til etterretning.Det er ikke stilt krav om"], [NaN, NaN, "fiskerikyndig bemanning for denne unders\u00f8kelsen."], [NaN, NaN, "Dersom unders\u00f8kelsen aksepteres gjennomf\u00f8rt slik den"], [NaN, NaN, "er tilr\u00e5dd, stadfestes dette gjennom at det sendes inn"], [NaN, NaN, "melding om oppstart n\u00e5r unders\u00f8kelsen starter, jf."], [NaN, NaN, "ressursforskriften \u00a7 6, 3.ledd."], [NaN, NaN, "Skulle det oppst\u00e5 situasjoner i forbindelse med"], [NaN, NaN, "fiskeriaktiviteten, ber vi om \u00e5 bli underrettet om dette."], [NaN, NaN, "Unders\u00f8kelsen kan bli stanset eller endret p\u00e5 kort varsel"], [NaN, NaN, "dersom det oppst\u00e5r konflikt med fiskeriene."], [NaN, NaN, "OD gj\u00f8r ogs\u00e5 oppmerksom p\u00e5 at ev. endringer m\u00e5"], [NaN, NaN, "meldes inn i henhold til ressursforskriften \u00a7 6. Det er"], [NaN, NaN, "krav om at alle slike regelverkspliktige meldinger,"], [NaN, NaN, "herunder oppstartsmelding, endringsmelding,"], [NaN, NaN, "ukemelding og sluttmelding \u2013 skal rapporteres gjennom"], [NaN, NaN, "ODs innmeldingssystem for unders\u00f8kelser."], [NaN, NaN, "Rettighetshaver og/eller den som st\u00e5r for driften av"], [NaN, NaN, "fart\u00f8yet skal for \u00f8vrig gj\u00f8re relevant regelverk,"], [NaN, NaN, "dokumenter og data tilgjengelig for den fiskerikyndige."], [NaN, NaN, "Regelverk og dokumenter skal foreligge p\u00e5 b\u00e5de norsk"], [NaN, NaN, "og engelsk. Det skal ogs\u00e5 legges til rette for at den"], [NaN, NaN, "fiskerikyndige har tilgang til internett og andre"], [NaN, NaN, "n\u00f8dvendige hjelpemidler jf. ressursforskriften \u00a7 9."], ["10.03.2021", "Status", "Planlagt"], ["09.03.2021", "Havforskningsinstituttets", NaN], [NaN, "uttalelse til innmelding", NaN], ["08.03.2021", "Fiskeridirektoratets uttalelse til", "Utfra en helhetsvurdering av fiskeriaktivitet samt type"], [NaN, "innmelding", "av oms\u00f8kte unders\u00f8kelse, vil ikke Fiskeridirektoratet"], [NaN, NaN, "anmode om fiskerikyndig bemanning."], ["25.02.2021", "Status", "Under behandling"], ["25.02.2021", "Melding - Innmelding", "Det skal utf\u00f8res geotekniske grunnpr\u00f8ver i forbindelse"], [NaN, NaN, "med utbygging av Hanz feltet. geotekniske grunnpr\u00f8ver"], [NaN, NaN, "best\u00e5r av mellomdype grunnboringer med pr\u00f8ve uttak"], [NaN, NaN, "til maximum dybde 25 meter. Fart\u00f8yet er statisk under"], [NaN, NaN, "unders\u00f8kelsen"]]}, "5": {"index": [0], "columns": {"0": "Type of licence", "1": "Licence name"}, "data": [["Utvinningstillatelse", "028 B"]]}, "6": {"index": [], "columns": {"0": "Type data", "1": "Format", "2": "Medium", "3": "Comment"}, "data": []}, "7": {"index": [0, 1, 2, 3], "columns": {"0": "Vessel Name", "1": "Type of vessel", "2": "Phone", "3": "IMO-number", "4": "Call", "5": "Nation"}, "data": [[NaN, NaN, "number", NaN, "signal", NaN], ["Fugro", "Hovedfart\u00f8y", "+311071305", 9452488.0, "C6XR3", "Baham"], ["Synergy", "(innsamlingsfa", "85", NaN, NaN, "as"], [NaN, "rt\u00f8y)", NaN, NaN, NaN, NaN]]}, "8": {"index": [], "columns": {"0": "From date", "1": "To date", "2": "Name", "3": "Phone number"}, "data": []}, "9": {"index": [0, 1, 2, 3, 4], "columns": {"0": "Point", "1": "NS", "2": "NS minutes", "3": "Unnamed: 0", "4": "EW", "5": "EW minutes", "6": "Unnamed: 1"}, "data": [["number", "degrees", "(decimal)", NaN, "degrees", "(decimal)", NaN], ["1", "59", "3.82", "N", "2", "13.10", "E"], ["2", "59", "2.83", "N", "2", "15.86", "E"], ["3", "58", "59.87", "N", "2", "11.93", "E"], ["4", "59", "0.43", "N", "2", "10.15", "E"]]}, "10": {"index": [0, 1, 2, 3], "columns": {"0": "Pointnumber", "1": "NSdegrees", "2": "NSminutes", "3": "NSseconds", "4": "Unnamed: 0", "5": "EWdegrees", "6": "EWminutes", "7": "EWseconds", "8": "Unnamed: 1"}, "data": [[1, 59, 3, 49.07, "N", 2, 13, 5.82, "E"], [2, 59, 2, 50.07, "N", 2, 15, 51.81, "E"], [3, 58, 59, 52.08, "N", 2, 11, 55.81, "E"], [4, 59, 0, 26.08, "N", 2, 10, 8.82, "E"]]}, "kind": "osdu:wks:master-data--Survey:1.0.0 ", "id": "npd:master-data--Factpages-Survey:10027"}