{"0": {"index": [0, 1, 2, 3, 4, 5, 6, 7, 8, 9, 10, 11, 12, 13, 14, 15, 16, 17, 18, 19, 20, 21, 22, 23, 24], "columns": {"0": "eneral information", "1": "Unnamed: 0"}, "data": [["Survey name", "LU21001"], ["Legal basis", "Petroleumsforskriften jf Ressursforskriften"], ["NPDID for survey", "10077"], ["Factmaps - new window", "link to map"], ["Status", "Ferdig"], ["Area", "Barentshavet"], ["Market available", "Nei"], ["Category", "Seismisk unders\u00f8kelse"], ["Main type", "Ordin\u00e6r seismisk unders\u00f8kelse"], ["Sub type", "3D"], ["Company - responsible", "Lundin Energy Norway AS"], ["Source type", "seismicSource"], ["Number of sources", "6"], ["Source size", "820"], ["Source pressure", "2000"], ["Sensor type", "cables"], ["Numbers of sensors", "18"], ["Sensor length [m]", "8025"], ["Sensor width [m]", NaN], ["Start date - planned", "16.05.2021"], ["Start date", "22.05.2021"], ["Completed date - planned", "20.08.2021"], ["Completed date", "18.08.2021"], ["Total length [boat km]", "5994"], ["Net area - actual 3D/4D [km2]", "3596.00"]]}, "1": {"index": [], "columns": {"0": "Unnamed: 0"}, "data": []}, "2": {"index": [0, 1, 2, 3, 4, 5, 6], "columns": {"0": "Date", "1": "Type of update", "2": "Information"}, "data": [["18.08.2021", "Melding - Unders\u00f8kelsen er ferdig", NaN], ["18.08.2021", "Status", "Ferdig"], ["16.08.2021", "Melding - Ordin\u00e6r ukemelding", "-"], ["09.08.2021", "Melding - Ordin\u00e6r ukemelding", "-"], ["03.08.2021", "Melding - Endringsmelding - tilinfo", NaN], ["02.08.2021", "Melding - Endringsmelding - tilinfo", NaN], ["02.08.2021", "Melding - Ordin\u00e6r ukemelding", "-"]]}, "3": {"index": [0, 1, 2, 3, 4, 5, 6, 7, 8, 9, 10, 11, 12, 13, 14, 15, 16, 17, 18, 19, 20], "columns": {"0": "02.08.2021", "1": "Oljedirektoratets uttalelse tilendringsmelding", "2": "Oljedirektoratet (OD) viser til melding om endring avtidsrom for unders\u00f8kelsen. P\u00e5 bakgrunn av innmeldtendring og nye uttalelser fra Havforskningsinstituttet ogFiskeridirektoratet, har OD ingen ytterligere merknadertil at unders\u00f8kelsen kan gjennomf\u00f8res som planlagtdersom disse blir fulgt."}, "data": [["29.07.2021", "Fiskeridirektoratets uttalelse tilendringsmelding", "Vi har ingen merknader p\u00e5 fiskerifaglig grunnlag ogopprettholder v\u00e5r tidligere uttalelse i saken."], ["29.07.2021", "Havforskningsinstituttetsuttalelse til endringsmelding", "Havforskningsinstituttet har ingen merknader tilendringene i den planlagte unders\u00f8kelsen. Vurderingener gjort med hensyn til aktive gytefelt og konsentrertegytevandringer for aktuelle fiskebestander(p\u00e5virkningsavstand 20 nmi) , beiteomr\u00e5der for hval ogforekomst av koraller."], ["28.07.2021", "Melding - Endringsmelding - tilinfo", NaN], ["26.07.2021", "Melding - Ordin\u00e6r ukemelding", "-"], ["22.07.2021", "Melding - Endringsmelding - tilinfo", "P\u00e5 grunn av uforutsette tekniske problemer vedoppstart og at PGS besluttet \u00e5 ta et av fart\u00f8yene tilhavn for crew skift gj\u00f8r at prosjektet vil vare til20.august"], ["22.07.2021", "Melding - Endringsmelding - tilinfo", "P\u00e5 grunn av uforutsette tekniske problemer vedoppstart og at PGS besluttet \u00e5 ta et av fart\u00f8yene tilhavn for crew skift gj\u00f8r at prosjektet vil vare til20.august"], ["22.07.2021", "Melding - Endringsmelding somkrever saksbehandling", "P\u00e5 grunn av uforutsette tekniske problemer vedoppstart og at PGS besluttet \u00e5 ta et av fart\u00f8yene tilhavn for crew skift gj\u00f8r at prosjektet vil vare til20.august"], ["19.07.2021", "Melding - Ordin\u00e6r ukemelding", "-"], ["12.07.2021", "Melding - Ordin\u00e6r ukemelding", "-"], ["05.07.2021", "Melding - Ordin\u00e6r ukemelding", "-"], ["28.06.2021", "Melding - Ordin\u00e6r ukemelding", "-"], ["21.06.2021", "Melding - Ordin\u00e6r ukemelding", "-"], ["14.06.2021", "Melding - Ordin\u00e6r ukemelding", "-"], ["07.06.2021", "Melding - Ordin\u00e6r ukemelding", "-"], ["31.05.2021", "Melding - Ordin\u00e6r ukemelding", "-"], ["22.05.2021", "Status", "P\u00e5g\u00e5ende"], ["22.05.2021", "Melding - Unders\u00f8kelsen startesopp", NaN], ["22.05.2021", "Melding - Endringsmelding - tilinfo", NaN], ["20.05.2021", "Melding - Endringsmelding - tilinfo", "Fart\u00f8yet Sanco Swift f\u00f8lger prosjektet helt frem til slutt,antatt \u00e5 v\u00e6re 7.august.2021"], ["20.05.2021", "Melding - Endringsmelding - tilinfo", "rettet stavefeil i navnet p\u00e5 b\u00e5ten"], ["20.05.2021", "Melding - Endringsmelding - tilinfo", "Arild Vats\u00f8 st\u00e5r ombord hele perioden"]]}, "4": {"index": [0, 1, 2, 3, 4, 5, 6, 7, 8, 9, 10, 11, 12, 13, 14, 15, 16, 17, 18, 19, 20, 21, 22, 23, 24, 25, 26, 27, 28, 29, 30, 31, 32, 33, 34, 35, 36, 37], "columns": {"0": "20.04.2021", "1": "Status", "2": "Planlagt"}, "data": [["20.04.2021", "Oljedirektoratet uttalelse til", "Oljedirektoratet (OD) viser til deres melding vedr\u00f8rende"], [NaN, "innmelding", "denne unders\u00f8kelsen."], [NaN, NaN, "OD gj\u00f8r s\u00e6rlig oppmerksom p\u00e5 at fart\u00f8y som foretar en"], [NaN, NaN, "unders\u00f8kelse, skal holde forsvarlig avstand til fart\u00f8y"], [NaN, NaN, "som driver fiske, og til fastst\u00e5ende og flytende"], [NaN, NaN, "fiskeredskap. S\u00e6rlig aktsomhet skal utvises n\u00e5r st\u00f8rre"], [NaN, NaN, "ansamlinger av fiskefart\u00f8y observeres, jf. forskrift om"], [NaN, NaN, "ressursforvaltning innen petroleumsvirksomheten av"], [NaN, NaN, "13.12.2017 (ressursforskriften) \u00a7 8 andre ledd."], [NaN, NaN, "Det vises for \u00f8vrig til veileder om \"Gjennomf\u00f8ring av"], [NaN, NaN, "seismiske unders\u00f8kelser p\u00e5 norsk kontinentalsokkel\"."], [NaN, NaN, "OD viser til uttalelsene som er gitt av adressatene"], [NaN, NaN, "innenfor meldesystemet (jf. petroleumsforskriften \u00a7 6/"], [NaN, NaN, "ressursforskriften \u00a7 6), og har ingen merknader til at"], [NaN, NaN, "unders\u00f8kelsen  gjennomf\u00f8res som planlagt dersom"], [NaN, NaN, "disse tas til etterretning. Dette gjelder ogs\u00e5 ved krav"], [NaN, NaN, "om fiskerikyndig fra Fiskeridirektoratet."], [NaN, NaN, "Dersom unders\u00f8kelsen aksepteres gjennomf\u00f8rt slik den"], [NaN, NaN, "er tilr\u00e5dd, stadfestes dette gjennom at det sendes inn"], [NaN, NaN, "melding om oppstart n\u00e5r unders\u00f8kelsen starter, jf."], [NaN, NaN, "ressursforskriften \u00a7 6, 3.ledd."], [NaN, NaN, "Skulle det oppst\u00e5 situasjoner i forbindelse med"], [NaN, NaN, "fiskeriaktiviteten, ber vi om \u00e5 bli underrettet om dette."], [NaN, NaN, "Unders\u00f8kelsen kan bli stanset eller endret p\u00e5 kort varsel"], [NaN, NaN, "dersom det oppst\u00e5r konflikt med fiskeriene."], [NaN, NaN, "OD gj\u00f8r ogs\u00e5 oppmerksom p\u00e5 at ev. endringer m\u00e5"], [NaN, NaN, "meldes inn i henhold til ressursforskriften \u00a7 6. Det er"], [NaN, NaN, "krav om at alle slike regelverkspliktige meldinger,"], [NaN, NaN, "herunder oppstartsmelding, endringsmelding,"], [NaN, NaN, "ukemelding og sluttmelding \u2013 skal rapporteres gjennom"], [NaN, NaN, "ODs innmeldingssystem for unders\u00f8kelser."], [NaN, NaN, "Rettighetshaver og/eller den som st\u00e5r for driften av"], [NaN, NaN, "fart\u00f8yet skal for \u00f8vrig gj\u00f8re relevant regelverk,"], [NaN, NaN, "dokumenter og data tilgjengelig for den fiskerikyndige."], [NaN, NaN, "Regelverk og dokumenter skal foreligge p\u00e5 b\u00e5de norsk"], [NaN, NaN, "og engelsk. Det skal ogs\u00e5 legges til rette for at den"], [NaN, NaN, "fiskerikyndige har tilgang til internett og andre"], [NaN, NaN, "n\u00f8dvendige hjelpemidler jf. ressursforskriften \u00a7 9."]]}, "5": {"index": [0, 1, 2, 3, 4, 5, 6, 7, 8, 9, 10, 11, 12, 13, 14, 15, 16, 17, 18, 19, 20, 21, 22, 23, 24, 25, 26, 27, 28, 29, 30, 31, 32, 33, 34, 35, 36, 37, 38, 39, 40, 41, 42], "columns": {"0": "20.04.2021", "1": "Oljedirektoratet uttalelse til", "2": "Oljedirektoratet (OD) viser til deres melding vedr\u00f8rende"}, "data": [[NaN, "innmelding", "denne unders\u00f8kelsen."], [NaN, NaN, "OD gj\u00f8r s\u00e6rlig oppmerksom p\u00e5 at fart\u00f8y som foretar en"], [NaN, NaN, "unders\u00f8kelse, skal holde forsvarlig avstand til fart\u00f8y"], [NaN, NaN, "som driver fiske, og til fastst\u00e5ende og flytende"], [NaN, NaN, "fiskeredskap. S\u00e6rlig aktsomhet skal utvises n\u00e5r st\u00f8rre"], [NaN, NaN, "ansamlinger av fiskefart\u00f8y observeres, jf. forskrift om"], [NaN, NaN, "ressursforvaltning innen petroleumsvirksomheten av"], [NaN, NaN, "13.12.2017 (ressursforskriften) \u00a7 8 andre ledd."], [NaN, NaN, "Det vises for \u00f8vrig til veileder om \"Gjennomf\u00f8ring av"], [NaN, NaN, "seismiske unders\u00f8kelser p\u00e5 norsk kontinentalsokkel\"."], [NaN, NaN, "OD viser til uttalelsene som er gitt av adressatene"], [NaN, NaN, "innenfor meldesystemet (jf. petroleumsforskriften \u00a7 6/"], [NaN, NaN, "ressursforskriften \u00a7 6), og har ingen merknader til at"], [NaN, NaN, "unders\u00f8kelsen  gjennomf\u00f8res som planlagt dersom"], [NaN, NaN, "disse tas til etterretning. Dette gjelder ogs\u00e5 ved krav"], [NaN, NaN, "om fiskerikyndig fra Fiskeridirektoratet."], [NaN, NaN, "Dersom unders\u00f8kelsen aksepteres gjennomf\u00f8rt slik den"], [NaN, NaN, "er tilr\u00e5dd, stadfestes dette gjennom at det sendes inn"], [NaN, NaN, "melding om oppstart n\u00e5r unders\u00f8kelsen starter, jf."], [NaN, NaN, "ressursforskriften \u00a7 6, 3.ledd."], [NaN, NaN, "Skulle det oppst\u00e5 situasjoner i forbindelse med"], [NaN, NaN, "fiskeriaktiviteten, ber vi om \u00e5 bli underrettet om dette."], [NaN, NaN, "Unders\u00f8kelsen kan bli stanset eller endret p\u00e5 kort varsel"], [NaN, NaN, "dersom det oppst\u00e5r konflikt med fiskeriene."], [NaN, NaN, "OD gj\u00f8r ogs\u00e5 oppmerksom p\u00e5 at ev. endringer m\u00e5"], [NaN, NaN, "meldes inn i henhold til ressursforskriften \u00a7 6. Det er"], [NaN, NaN, "krav om at alle slike regelverkspliktige meldinger,"], [NaN, NaN, "herunder oppstartsmelding, endringsmelding,"], [NaN, NaN, "ukemelding og sluttmelding \u2013 skal rapporteres gjennom"], [NaN, NaN, "ODs innmeldingssystem for unders\u00f8kelser."], [NaN, NaN, "Rettighetshaver og/eller den som st\u00e5r for driften av"], [NaN, NaN, "fart\u00f8yet skal for \u00f8vrig gj\u00f8re relevant regelverk,"], [NaN, NaN, "dokumenter og data tilgjengelig for den fiskerikyndige."], [NaN, NaN, "Regelverk og dokumenter skal foreligge p\u00e5 b\u00e5de norsk"], [NaN, NaN, "og engelsk. Det skal ogs\u00e5 legges til rette for at den"], [NaN, NaN, "fiskerikyndige har tilgang til internett og andre"], [NaN, NaN, "n\u00f8dvendige hjelpemidler jf. ressursforskriften \u00a7 9."], ["20.04.2021", "Status", "Planlagt"], ["20.04.2021", "Havforskningsinstituttets", "Havforskningsinstituttet har ingen merknader til den"], [NaN, "uttalelse til innmelding", "planlagte unders\u00f8kelsen. Vurderingen er gjort med"], [NaN, NaN, "hensyn til aktive gytefelt og konsentrerte"], [NaN, NaN, "gytevandringer for aktuelle fiskebestander"], [NaN, NaN, "(p\u00e5virkningsavstand 20 nmi)."]]}, "6": {"index": [0, 1, 2, 3, 4, 5, 6, 7, 8, 9, 10, 11, 12, 13, 14, 15, 16, 17, 18, 19, 20, 21, 22, 23, 24, 25, 26, 27, 28, 29, 30, 31], "columns": {"0": "14.04.2021", "1": "Fiskeridirektoratets uttalelse til", "2": "Det kan forventes noe aktivitet fra autolinefart\u00f8y s\u00f8r,"}, "data": [[NaN, "innmelding", "s\u00f8r-\u00f8st (mai, juni og juli) og nord\u00f8st (juli) i"], [NaN, NaN, "unders\u00f8kelsesomr\u00e5det. Man m\u00e5 v\u00e6re oppmerksom p\u00e5"], [NaN, NaN, "at autolinefart\u00f8y kan drive fiske over relativt store"], [NaN, NaN, "omr\u00e5der, og ha raske forflytninger."], [NaN, NaN, "Det skal v\u00e6re fiskerikyndig bemanning p\u00e5 fart\u00f8yet som"], [NaN, NaN, "ut\u00f8ver unders\u00f8kelsen, med mindre annet fremg\u00e5r av"], [NaN, NaN, "ODs tilbakemelding."], ["09.04.2021", "Melding - Endringsmelding - til", NaN], [NaN, "info", NaN], ["06.04.2021", "Status", "Under behandling"], ["06.04.2021", "Melding - Innmelding", NaN], [NaN, NaN, "2.august.2021"], [NaN, NaN, "Lundin s\u00f8ker \u00e5 samle inn siste del av surveyet"], [NaN, NaN, "LN21001, dvs. 7-8 dager, med et nytt kildeoppsett."], [NaN, NaN, "Kilden p\u00e5 Ramform Hyperion vil bli sl\u00e5tt av og en vil"], [NaN, NaN, "bruke kildene p\u00e5 Sanco Swift til innsamlingen. P\u00e5 Sanco"], [NaN, NaN, "Swift vil vi benytte 12 kilder samtidig med et"], [NaN, NaN, "skuddpunkts-intervall p\u00e5 18,75 m. Totalt 12x 820 cu.in."], [NaN, NaN, "= 9840."], [NaN, NaN, "En mindre felt-test vil bli utf\u00f8rt f\u00f8r en bestemmer den"], [NaN, NaN, "endelige st\u00f8rrelsen p\u00e5 kildene. Dersom testen indikerer"], [NaN, NaN, "at 9840 cu.inch per skuddpunkt er st\u00f8rre enn \u00f8nskelig,"], [NaN, NaN, "vil vi g\u00e5 ned til 12 x 620."], [NaN, NaN, "3.august 2021"], [NaN, NaN, "Vi hadde en gjennomgangsammen med PGS av testen"], [NaN, NaN, "med st\u00f8rre kilder i g\u00e5r og Lundin har besluttet at vi ikke"], [NaN, NaN, "gjennomf\u00f8rer testen med \u00e5 skyte 12 kilder samtidig."], [NaN, NaN, "Dere kan derfor se bort fra Endringsmeldingene relatert"], [NaN, NaN, "til dette."], [NaN, NaN, "Surveyet vil fortsette meden kilde p\u00e5 Hyperion og 6 p\u00e5"], [NaN, NaN, "Sanco Swift hvor de 6 kildene, hver p\u00e5 820 cu.in.,"], [NaN, NaN, "sekvensielt med 6,25 mellom hvert pop."]]}, "7": {"index": [0], "columns": {"0": "Type of licence", "1": "Licence name"}, "data": [["Utvinningstillatelse", 1083]]}, "8": {"index": [], "columns": {"0": "Type data", "1": "Format", "2": "Medium", "3": "Comment"}, "data": []}, "9": {"index": [0, 1, 2, 3, 4, 5, 6, 7, 8, 9], "columns": {"0": "Vessel Name", "1": "Type of vessel", "2": "Phone", "3": "IMO-number", "4": "Call", "5": "Nation"}, "data": [[NaN, NaN, "number", NaN, "signal", NaN], ["Miranda", "F\u00f8lgefart\u00f8y", NaN, 9738258.0, "C6CR7", "Baham"], [NaN, NaN, NaN, NaN, NaN, "as"], ["Sanco Swift", "F\u00f8lgefart\u00f8y", NaN, 9630494.0, "ZDKY8", "Gibralt"], [NaN, NaN, NaN, NaN, NaN, "ar"], ["Thor Omega", "F\u00f8lgefart\u00f8y", NaN, 9487823.0, "OZ2065", "F\u00e6r\u00f8ye"], [NaN, NaN, NaN, NaN, NaN, "ne"], ["Ramform", "Hovedfart\u00f8y", NaN, 9676890.0, "C6DB4", "Baham"], ["Hyperion", "(innsamlingsfa", NaN, NaN, NaN, "as"], [NaN, "rt\u00f8y)", NaN, NaN, NaN, NaN]]}, "10": {"index": [0], "columns": {"0": "From date", "1": "To date", "2": "Name", "3": "Phone number"}, "data": [["16.05.2021", "20.08.2021", "Arild Vats\u00f8", NaN]]}, "11": {"index": [0, 1, 2, 3, 4], "columns": {"0": "Point", "1": "NS", "2": "NS minutes", "3": "Unnamed: 0", "4": "EW", "5": "EW minutes", "6": "Unnamed: 1"}, "data": [["number", "degrees", "(decimal)", NaN, "degrees", "(decimal)", NaN], ["1", "73", "17.31", "N", "28", "57.32", "E"], ["2", "73", "13.52", "N", "30", "52.92", "E"], ["3", "72", "21.60", "N", "30", "2.16", "E"], ["4", "72", "25.05", "N", "28", "11.93", "E"]]}, "12": {"index": [0, 1, 2, 3, 4], "columns": {"0": "Point", "1": "NS", "2": "NS.1", "3": "NS.2", "4": "Unnamed: 0", "5": "EW", "6": "EW.1", "7": "EW.2", "8": "Unnamed: 1"}, "data": [["number", "degrees", "minutes", "seconds", NaN, "degrees", "minutes", "seconds", NaN], ["1", "73", "17", "18.77", "N", "28", "57", "19.36", "E"], ["2", "73", "13", "31.21", "N", "30", "52", "55.41", "E"], ["3", "72", "21", "35.84", "N", "30", "2", "9.42", "E"], ["4", "72", "25", "3.12", "N", "28", "11", "56.00", "E"]]}, "kind": "osdu:wks:master-data--Survey:1.0.0 ", "id": "npd:master-data--Factpages-Survey:10077"}