{"0": {"index": [0, 1, 2], "columns": {"0": "Lithostrat. unit", "1": "ELDFISK FM"}, "data": [["NPDID lithostrat. unit", "34"], ["Level", "FORMATION"], ["Lithostrat. unit, parent", "TYNE GP"]]}, "1": {"index": [0, 1, 2, 3, 4, 5, 6, 7, 8, 9, 10, 11], "columns": {"0": "Wellbore name", "1": "Wellbore", "2": "Top depth", "3": "Bottom"}, "data": [[NaN, "completion", "[m]", "depth [m]"], [NaN, "date", NaN, NaN], ["1/9-3 R", "30.09.1978", "4360", "4387"], ["2/1-17 S", "08.11.2019", "4162", "4168"], ["2/7-3", "11.10.1972", "3626", "3695"], ["2/7-15", "02.06.1980", "4133", "4181"], ["2/7-25 S", "31.03.1991", "4940", "5177"], ["2/7-28", "07.08.1992", "3498", "3518"], ["2/7-29", "06.01.1994", "4473", "4602"], ["2/7-29", "06.01.1994", "4664", "4698"], ["3/5-1", "28.06.1978", "2795", "2817"], ["3/5-2", "20.08.1978", "3172", "3183"]]}, "2": {"index": [0, 1, 2, 3, 4], "columns": {"0": "Wellbore name", "1": "Wellbore", "2": "Core length"}, "data": [[NaN, "completion", "[m]"], [NaN, "date", NaN], ["2/7-25 S", "31.03.1991", "26"], ["2/7-28", "07.08.1992", "4"], ["2/7-29", "06.01.1994", "89"]]}, "kind": "osdu:wks:master-data--Litho:1.0.0 ", "id": "npd:master-data--Factpages-Litho:34"}