{"0": {"index": [0, 1, 2, 3, 4, 5, 6], "columns": {"0": "Field name", "1": "OSEBERG"}, "data": [["Factmaps in new window", "link to map"], ["Current activity status", "Producing"], ["Discovery wellbore", "30/6-1"], ["Discovery year.", "1979"], ["Main area", "North sea"], ["Main supply base", "Mongstad"], ["NPDID field", "43625"]]}, "1": {"index": [0, 1, 2, 3, 4, 5, 6, 7, 8, 9, 10, 11], "columns": {"0": "Discovery name"}, "data": [["30/6-9"], ["30/6-1 Oseberg"], ["30/6-28 S"], ["30/6-26 (Gamma Vest)"], ["30/9-27 S (Parkes)"], ["30/6-29 S (Alfa Nord Cook)"], ["30/6-18 (Kappa)"], ["30/6-27"], ["30/9-21 S"], ["30/9-19"], ["30/6-15 Oseberg Vest"], ["30/6-17 R"]]}, "2": {"index": [0, 1, 2], "columns": {"0": "Status", "1": "Status from", "2": "Status to"}, "data": [["Producing", "01.12.1988", NaN], ["Approved for", "05.06.1984", "30.11.1988"], ["production", NaN, NaN]]}, "3": {"index": [0, 1, 2], "columns": {"0": "Unnamed: 0", "1": "Block name", "2": "Prod. licence"}, "data": [["30/9", NaN, 79], ["30/9", NaN, 104], ["30/6", NaN, 53]]}, "4": {"index": [0, 1], "columns": {"0": "Owner kind", "1": "Owner name"}, "data": [["BUSINESS ARRANGEMENT", "OSEBERG AREA UNIT"], ["AREA", NaN]]}, "5": {"index": [0, 1, 2, 3], "columns": {"0": "Unnamed: 0", "1": "Company name", "2": "Nation code", "3": "Company share [%]"}, "data": [["Equinor Energy AS", NaN, "NO", 49.3], ["Petoro AS", NaN, "NO", 33.6], ["TotalEnergies EP Norge AS", NaN, "NO", 14.7], ["ConocoPhillips Skandinavia AS", NaN, "NO", 2.4]]}, "6": {"index": [0, 1, 2], "columns": {"0": "Orig. recoverable", "1": "Orig. recoverable.1", "2": "Orig. recoverable.2", "3": "Orig. recoverable.3", "4": "Orig. recoverable.4"}, "data": [["oil", "gas", "NGL", "cond.", "oil eq."], ["[mill Sm3]", "[bill Sm3]", "[mill tonn]", "[mill Sm3]", "[mill Sm3 o.e]"], ["400.63", "130.99", "15.05", "0.00", "560.22"]]}, "7": {"index": [0, 1], "columns": {"0": "Remaining oil", "1": "Remaining gas", "2": "Remaining NGL", "3": "Remaining cond.", "4": "Remaining oil eq."}, "data": [["[mill Sm3]", "[bill Sm3]", "[mill tonn]", "[mill Sm3]", "[mill Sm3 o.e]"], ["9.27", "57.78", "3.22", "0.00", "73.17"]]}, "8": {"index": [0, 1, 2], "columns": {"0": "Orig. inplace oil", "1": "Orig. inplace ass.", "2": "Orig. inplace ass..1", "3": "Orig. inplace free"}, "data": [["[mill Sm3]", "liquid", "gas", "gas"], [NaN, "[mill Sm3]", "[bill Sm3]", "[bill Sm3]"], ["676.00", "36.00", "93.00", "116.00"]]}, "9": {"index": [0, 1, 2, 3, 4, 5, 6, 7, 8, 9, 10, 11, 12, 13, 14, 15, 16, 17, 18, 19, 20, 21, 22, 23, 24, 25, 26, 27, 28, 29, 30, 31, 32, 33, 34, 35, 36, 37, 38, 39, 40, 41, 42, 43, 44, 45, 46, 47, 48, 49, 50, 51, 52], "columns": {"0": "Type", "1": "Text", "2": "Date"}, "data": [[NaN, NaN, "updated"], ["Development", "Oseberg is a field in the northern part of the North Sea. The", "28.02.2023"], [NaN, "water depth is 100 metres. Oseberg was discovered in 1979,", NaN], [NaN, "and the plan for development and operation (PDO) was", NaN], [NaN, "approved in 1984. The field was developed in multiple phases", NaN], [NaN, "and production started in 1988. The Oseberg Field Centre in the", NaN], [NaN, "south originally consisted of two facilities: the process and", NaN], [NaN, "accommodation facility Oseberg A and the drilling and water", NaN], [NaN, "injection facility Oseberg B. A PDO for Oseberg C was approved", NaN], [NaN, "in 1988 and included an integrated production, drilling and", NaN], [NaN, "quarters facility (PDQ) in the northern part of the field. A PDO", NaN], [NaN, "for the gas phase was approved in 1996 and included a facility", NaN], [NaN, "for gas processing, Oseberg D. A PDO for the western flank,", NaN], [NaN, "Vestflanken, was approved in 2003 and included a subsea", NaN], [NaN, "template tied-back to Oseberg B. A PDO for Oseberg Delta was", NaN], [NaN, "approved in 2005 and included a subsea template tied-back to", NaN], [NaN, "Oseberg D. A PDO for Oseberg Delta II was approved in 2013", NaN], [NaN, "and included two subsea templates tied-back to the Oseberg", NaN], [NaN, "Field Centre. A PDO for Oseberg Vestflanken II was approved in", NaN], [NaN, "2016 and included an unmanned wellhead platform (UWP),", NaN], [NaN, "Oseberg H, and new wells from the existing G4 template on the", NaN], [NaN, "western flank. A PDO for Oseberg Field Centre low pressure gas", NaN], [NaN, "production and power from shore was approved in 2022. The", NaN], [NaN, "Oseberg \u00d8st, Oseberg S\u00f8r and Tune fields are tied to the", NaN], [NaN, "Oseberg Field Centre.", NaN], ["Reservoir", "Oseberg produces oil and gas from sandstone of Middle Jurassic", "28.02.2023"], [NaN, "age in the Brent Group. The main reservoirs are in the Oseberg", NaN], [NaN, "and Tarbert Formations, but there is also production from the", NaN], [NaN, "Etive and Ness Formations. The reservoirs lie at a depth of", NaN], [NaN, "2,300-2,700 metres and have generally good reservoir quality.", NaN], [NaN, "The field is divided into several structures. The satellite", NaN], [NaN, "structures west of the main structure also produce from the", NaN], [NaN, "Statfjord Group and Cook Formation.", NaN], ["Recovery strategy", "The Oseberg field is produced by pressure maintenance using", "28.02.2023"], [NaN, "gas and water injection, as well as pressure depletion in some", NaN], [NaN, "structures. Massive upflank gas injection in the main field has", NaN], [NaN, "provided excellent oil displacement, and a large gas cap has", NaN], [NaN, "developed. Injection gas was previously imported from Troll \u00d8st", NaN], [NaN, "(TOGI). Gas blowdown has gradually started in main parts of", NaN], [NaN, "the field, while other parts are maintaining injection.", NaN], ["Transport", "The oil is transported through the Oseberg Transport System", "28.02.2023"], [NaN, "(OTS) to the Sture terminal. Gas export began in 2000. The gas", NaN], [NaN, "is transported to the market via the Oseberg Gas Transport", NaN], [NaN, "(OGT) pipeline to the Heimdal Gas Centre and further in the", NaN], [NaN, "Statpipe-system to continental Europe, and via the Vesterled", NaN], [NaN, "pipeline to the UK.", NaN], ["Status", "The strategy for the main Oseberg reservoirs is to balance oil", "28.02.2023"], [NaN, "production with increasing gas offtake. New production wells are", NaN], [NaN, "continuously being drilled to enhance oil recovery. Gas", NaN], [NaN, "blowdown from the Oseberg Delta structure started in 2022. In", NaN], [NaN, "addition, a project to reduce the inlet pressure on the Oseberg", NaN], [NaN, "C facility was initiated in 2022. This project will increase oil", NaN], [NaN, "recovery from the northern part of the field.", NaN]]}, "10": {"index": [0, 1, 2, 3, 4, 5, 6, 7, 8, 9, 10, 11, 12, 13, 14, 15, 16, 17, 18, 19, 20, 21, 22, 23, 24, 25, 26, 27, 28, 29, 30, 31, 32, 33, 34, 35, 36, 37], "columns": {"0": "Unnamed: 0", "1": "Investments"}, "data": [[NaN, "[mill NOK nominal"], [NaN, "values]"], ["Sum", "110863"], ["2021", "4134"], ["2020", "4523"], ["2019", "4088"], ["2018", "3869"], ["2017", "5551"], ["2016", "4958"], ["2015", "5585"], ["2014", "4899"], ["2013", "4199"], ["2012", "2435"], ["2011", "2803"], ["2010", "3044"], ["2009", "2826"], ["2008", "2880"], ["2007", "2605"], ["2006", "2739"], ["2005", "2348"], ["2004", "829"], ["2003", "992"], ["2002", "1322"], ["2001", "568"], ["2000", "554"], ["1999", "1785"], ["1998", "1933"], ["1997", "1489"], ["1996", "867"], ["1995", "912"], ["1994", "958"], ["1993", "1086"], ["1992", "1089"], ["1991", "3060"], ["1990", "3943"], ["1989", "4500"], ["1988", "4777"], ["1987", "5662"]]}, "11": {"index": [0, 1, 2], "columns": {"0": "1986", "1": "6749"}, "data": [[1985, 3411], [1984, 779], [1983, 112]]}, "12": {"index": [0, 1, 2, 3, 4, 5, 6, 7, 8, 9, 10, 11, 12, 13, 14, 15, 16, 17, 18, 19, 20, 21, 22, 23, 24, 25, 26, 27, 28, 29, 30, 31, 32, 33, 34, 35], "columns": {"0": "Unnamed: 0", "1": "Month", "2": "Net - oil", "3": "Net - gas", "4": "Net -", "5": "Net - NGL", "6": "Net - oil equivalents"}, "data": [[NaN, NaN, "[mill Sm3]", "[bill Sm3]", "condensate", "[mill Sm3]", NaN], [NaN, NaN, NaN, NaN, "[mill Sm3]", NaN, "[mill Sm3]"], ["Sum", NaN, "394.303388", "74.704226", "0.000000", "25.088712", "494.096326"], ["2023", NaN, "1.120857", "2.719530", "0.000000", "0.404475", "4.244862"], [NaN, 1.0, "0.200499", "0.539333", "0.000000", "0.062611", "0.802443"], [NaN, 2.0, "0.152668", "0.507082", "0.000000", "0.062066", "0.721816"], [NaN, 3.0, "0.213184", "0.651154", "0.000000", "0.078185", "0.942523"], [NaN, 4.0, "0.181044", "0.616489", "0.000000", "0.069753", "0.867286"], [NaN, 5.0, "0.209306", "0.414505", "0.000000", "0.072467", "0.696278"], [NaN, 6.0, "0.164156", "-0.009033", "0.000000", "0.059393", "0.214516"], ["2022", NaN, "2.644303", "6.523829", "0.000000", "0.756397", "9.924529"], [NaN, 1.0, "0.257943", "0.703297", "0.000000", "0.079912", "1.041152"], [NaN, 2.0, "0.229808", "0.562295", "0.000000", "0.061562", "0.853665"], [NaN, 3.0, "0.257858", "0.733298", "0.000000", "0.076479", "1.067635"], [NaN, 4.0, "0.241001", "0.682280", "0.000000", "0.072325", "0.995606"], [NaN, 5.0, "0.271378", "0.434609", "0.000000", "0.054640", "0.760627"], [NaN, 6.0, "0.262435", "0.638988", "0.000000", "0.062722", "0.964145"], [NaN, 7.0, "0.233767", "0.665695", "0.000000", "0.072794", "0.972256"], [NaN, 8.0, "0.250675", "0.710163", "0.000000", "0.074646", "1.035484"], [NaN, 9.0, "0.028427", "0.100759", "0.000000", "0.008524", "0.137710"], [NaN, 10.0, "0.212592", "0.397350", "0.000000", "0.074480", "0.684422"], [NaN, 11.0, "0.184261", "0.322278", "0.000000", "0.053485", "0.560024"], [NaN, 12.0, "0.214158", "0.572817", "0.000000", "0.064828", "0.851803"], ["2021", NaN, "3.310044", "8.158167", "0.000000", "0.958336", "12.426547"], [NaN, 1.0, "0.327628", "0.795856", "0.000000", "0.099472", "1.222956"], [NaN, 2.0, "0.294769", "0.738295", "0.000000", "0.088598", "1.121662"], [NaN, 3.0, "0.303383", "0.726916", "0.000000", "0.082805", "1.113104"], [NaN, 4.0, "0.270023", "0.747491", "0.000000", "0.080611", "1.098125"], [NaN, 5.0, "0.272122", "0.670387", "0.000000", "0.075526", "1.018035"], [NaN, 6.0, "0.282584", "0.728867", "0.000000", "0.079282", "1.090733"], [NaN, 7.0, "0.270110", "0.512338", "0.000000", "0.066951", "0.849399"], [NaN, 8.0, "0.267746", "0.537028", "0.000000", "0.058585", "0.863359"], [NaN, 9.0, "0.265287", "0.615112", "0.000000", "0.081671", "0.962070"], [NaN, 10.0, "0.244073", "0.670320", "0.000000", "0.080902", "0.995295"], [NaN, 11.0, "0.240480", "0.683198", "0.000000", "0.081314", "1.004992"], [NaN, 12.0, "0.271839", "0.732359", "0.000000", "0.082619", "1.086817"]]}, "13": {"index": [0, 1, 2, 3, 4, 5, 6, 7, 8, 9, 10, 11, 12, 13, 14, 15, 16, 17, 18, 19, 20, 21, 22, 23, 24, 25, 26, 27, 28, 29, 30, 31, 32, 33, 34, 35, 36, 37, 38, 39, 40, 41], "columns": {"0": "2020", "1": "Unnamed: 0", "2": "3.707350", "3": "3.468525", "4": "0.000000", "5": "0.958807", "6": "8.134682"}, "data": [[NaN, 1.0, 0.350611, 0.094169, 0.0, 0.082505, 0.527285], [NaN, 2.0, 0.298799, 0.301665, 0.0, 0.084554, 0.685018], [NaN, 3.0, 0.315795, 0.235232, 0.0, 0.090146, 0.641173], [NaN, 4.0, 0.314905, 0.189406, 0.0, 0.090837, 0.595148], [NaN, 5.0, 0.339497, 0.194985, 0.0, 0.082327, 0.616809], [NaN, 6.0, 0.288886, 0.102542, 0.0, 0.078798, 0.470226], [NaN, 7.0, 0.288225, 0.033579, 0.0, 0.074171, 0.395975], [NaN, 8.0, 0.321388, 0.087091, 0.0, 0.082238, 0.490717], [NaN, 9.0, 0.255664, 0.30749, 0.0, 0.070058, 0.633212], [NaN, 10.0, 0.284559, 0.528466, 0.0, 0.068853, 0.881878], [NaN, 11.0, 0.307205, 0.695132, 0.0, 0.079181, 1.081518], [NaN, 12.0, 0.341816, 0.698768, 0.0, 0.075139, 1.115723], [2019.0, NaN, 3.320804, 3.119836, 0.0, 1.077451, 7.518091], [NaN, 1.0, 0.247144, 0.618202, 0.0, 0.102833, 0.968179], [NaN, 2.0, 0.20616, 0.432904, 0.0, 0.088633, 0.727697], [NaN, 3.0, 0.252435, 0.098977, 0.0, 0.09711, 0.448522], [NaN, 4.0, 0.267445, 0.399584, 0.0, 0.100135, 0.767164], [NaN, 5.0, 0.220512, 0.149783, 0.0, 0.059066, 0.429361], [NaN, 6.0, 0.29915, 0.196311, 0.0, 0.092771, 0.588232], [NaN, 7.0, 0.26166, 0.181903, 0.0, 0.093148, 0.536711], [NaN, 8.0, 0.267643, 0.104878, 0.0, 0.091092, 0.463613], [NaN, 9.0, 0.303988, 0.106003, 0.0, 0.083437, 0.493428], [NaN, 10.0, 0.319085, 0.109247, 0.0, 0.089874, 0.518206], [NaN, 11.0, 0.309453, 0.442242, 0.0, 0.090262, 0.841957], [NaN, 12.0, 0.366129, 0.279802, 0.0, 0.08909, 0.735021], [2018.0, NaN, 2.568378, 2.700778, 0.0, 1.054526, 6.323682], [NaN, 1.0, 0.227582, 0.523894, 0.0, 0.102409, 0.853885], [NaN, 2.0, 0.187552, 0.430463, 0.0, 0.081142, 0.699157], [NaN, 3.0, 0.225681, 0.250361, 0.0, 0.094995, 0.571037], [NaN, 4.0, 0.239954, 0.170246, 0.0, 0.098382, 0.508582], [NaN, 5.0, 0.071301, 0.000431, 0.0, 0.012694, 0.084426], [NaN, 6.0, 0.226052, 0.031149, 0.0, 0.09346, 0.350661], [NaN, 7.0, 0.214695, 0.037626, 0.0, 0.105634, 0.357955], [NaN, 8.0, 0.197374, 0.191155, 0.0, 0.099196, 0.487725], [NaN, 9.0, 0.234439, 0.051427, 0.0, 0.095153, 0.381019], [NaN, 10.0, 0.226504, 0.13119, 0.0, 0.089076, 0.44677], [NaN, 11.0, 0.245283, 0.342163, 0.0, 0.096865, 0.684311], [NaN, 12.0, 0.271961, 0.540673, 0.0, 0.08552, 0.898154], [2017.0, NaN, 3.489938, 3.462576, 0.0, 1.177791, 8.130305], [1.0, 0.345861, 0.544316, 0.0, 0.109299, 0.999476, NaN], [2.0, 0.286049, 0.33516, 0.0, 0.091408, 0.712617, NaN], [3.0, 0.327047, 0.240985, 0.0, 0.099033, NaN, NaN]]}, "14": {"index": [0, 1, 2, 3, 4, 5, 6, 7, 8, 9, 10, 11, 12, 13, 14, 15, 16, 17, 18, 19, 20, 21, 22, 23, 24, 25, 26, 27, 28, 29, 30, 31, 32, 33, 34, 35, 36, 37, 38, 39, 40, 41], "columns": {"0": "2017", "1": "4", "2": "0.347724", "3": "0.205181", "4": "0.000000", "5": "0.100700", "6": "0.653605"}, "data": [[NaN, 5.0, 0.328267, 0.211384, 0.0, 0.103868, 0.643519], [NaN, 6.0, 0.289428, 0.088019, 0.0, 0.104082, 0.481529], [NaN, 7.0, 0.288174, 0.048385, 0.0, 0.102992, 0.439551], [NaN, 8.0, 0.287479, 0.242348, 0.0, 0.108467, 0.638294], [NaN, 9.0, 0.250936, 0.241018, 0.0, 0.092512, 0.584466], [NaN, 10.0, 0.245852, 0.148582, 0.0, 0.081651, 0.476085], [NaN, 11.0, 0.25222, 0.52237, 0.0, 0.085736, 0.860326], [NaN, 12.0, 0.240901, 0.634828, 0.0, 0.098043, 0.973772], [2016.0, NaN, 3.489799, 1.41838, 0.0, 1.161621, 6.0698], [NaN, 1.0, 0.283922, 0.160849, 0.0, 0.093525, 0.538296], [NaN, 2.0, 0.268575, 0.140182, 0.0, 0.098548, 0.507305], [NaN, 3.0, 0.281766, 0.092165, 0.0, 0.1084, 0.482331], [NaN, 4.0, 0.268395, 0.109985, 0.0, 0.101119, 0.479499], [NaN, 5.0, 0.244833, 0.020453, 0.0, 0.102499, 0.367785], [NaN, 6.0, 0.273812, 0.0885, 0.0, 0.104984, 0.467296], [NaN, 7.0, 0.30112, 0.127397, 0.0, 0.105415, 0.533932], [NaN, 8.0, 0.279357, 0.256583, 0.0, 0.097213, 0.633153], [NaN, 9.0, 0.282041, 0.08545, 0.0, 0.063122, 0.430613], [NaN, 10.0, 0.319903, 0.131514, 0.0, 0.082113, 0.53353], [NaN, 11.0, 0.352589, 0.133025, 0.0, 0.099902, 0.585516], [NaN, 12.0, 0.333486, 0.072277, 0.0, 0.104781, 0.510544], [2015.0, NaN, 3.036046, 2.695234, 0.0, 1.119618, 6.850898], [NaN, 1.0, 0.250804, 0.429536, 0.0, 0.09973, 0.78007], [NaN, 2.0, 0.237233, 0.690968, 0.0, 0.096522, 1.024723], [NaN, 3.0, 0.231872, 0.446369, 0.0, 0.088117, 0.766358], [NaN, 4.0, 0.267555, 0.226239, 0.0, 0.095691, 0.589485], [NaN, 5.0, 0.257623, 0.138691, 0.0, 0.100453, 0.496767], [NaN, 6.0, 0.260104, 0.066784, 0.0, 0.089194, 0.416082], [NaN, 7.0, 0.248358, 0.051738, 0.0, 0.096801, 0.396897], [NaN, 8.0, 0.238986, 0.061603, 0.0, 0.090286, 0.390875], [NaN, 9.0, 0.252598, 0.06421, 0.0, 0.084189, 0.400997], [NaN, 10.0, 0.263073, 0.076218, 0.0, 0.080815, 0.420106], [NaN, 11.0, 0.226875, 0.20432, 0.0, 0.09174, 0.522935], [NaN, 12.0, 0.300965, 0.238558, 0.0, 0.10608, 0.645603], [2014.0, NaN, 2.731981, 1.95013, 0.0, 1.098368, 5.780479], [1.0, 0.235684, 0.094001, 0.0, 0.113379, 0.443064, NaN], [2.0, 0.24007, 0.312887, 0.0, 0.106085, 0.659042, NaN], [3.0, 0.239597, 0.093437, 0.0, 0.11482, 0.447854, NaN], [4.0, 0.200952, 0.007361, 0.0, 0.081152, 0.289465, NaN], [5.0, 0.052554, 0.0, 0.0, 0.019901, 0.072455, NaN], [6.0, 0.258515, 0.081136, 0.0, 0.092511, 0.432162, NaN], [7.0, 0.226952, 0.126891, 0.0, 0.093712, 0.447555, NaN]]}, "15": {"index": [0, 1, 2, 3, 4, 5, 6, 7, 8, 9, 10, 11, 12, 13, 14, 15, 16, 17, 18, 19, 20, 21, 22, 23, 24, 25, 26, 27, 28, 29, 30, 31, 32, 33, 34, 35, 36, 37, 38, 39, 40, 41], "columns": {"0": "2014", "1": "8", "2": "0.256482", "3": "0.116266", "4": "0.000000", "5": "0.100461", "6": "0.473209"}, "data": [[NaN, 9.0, 0.276444, 0.049451, 0.0, 0.080426, 0.406321], [NaN, 10.0, 0.25547, 0.040701, 0.0, 0.094805, 0.390976], [NaN, 11.0, 0.235462, 0.474897, 0.0, 0.094845, 0.805204], [NaN, 12.0, 0.253799, 0.553102, 0.0, 0.106271, 0.913172], [2013.0, NaN, 2.998776, 3.690016, 0.0, 1.197539, 7.886331], [NaN, 1.0, 0.256132, 0.62371, 0.0, 0.111582, 0.991424], [NaN, 2.0, 0.222257, 0.621358, 0.0, 0.099652, 0.943267], [NaN, 3.0, 0.217757, 0.55835, 0.0, 0.093659, 0.869766], [NaN, 4.0, 0.262349, 0.399456, 0.0, 0.112054, 0.773859], [NaN, 5.0, 0.248627, 0.121655, 0.0, 0.102025, 0.472307], [NaN, 6.0, 0.246591, 0.058429, 0.0, 0.078702, 0.383722], [NaN, 7.0, 0.250064, 0.167316, 0.0, 0.106189, 0.523569], [NaN, 8.0, 0.250991, 0.16002, 0.0, 0.093875, 0.504886], [NaN, 9.0, 0.241869, 0.15793, 0.0, 0.101812, 0.501611], [NaN, 10.0, 0.295779, 0.0, 0.0, 0.08633, 0.382109], [NaN, 11.0, 0.244761, 0.322798, 0.0, 0.095574, 0.663133], [NaN, 12.0, 0.261599, 0.498994, 0.0, 0.116085, 0.876678], [2012.0, NaN, 3.310547, 4.568561, 0.0, 1.176477, 9.055585], [NaN, 1.0, 0.324628, 0.558028, 0.0, 0.096052, 0.978708], [NaN, 2.0, 0.303127, 0.695789, 0.0, 0.099359, 1.098275], [NaN, 3.0, 0.33146, 0.577054, 0.0, 0.108036, 1.01655], [NaN, 4.0, 0.297658, 0.205352, 0.0, 0.096176, 0.599186], [NaN, 5.0, 0.293896, 0.090901, 0.0, 0.106699, 0.491496], [NaN, 6.0, 0.239037, 0.003037, 0.0, 0.07581, 0.317884], [NaN, 7.0, 0.215765, 0.117027, 0.0, 0.066027, 0.398819], [NaN, 8.0, 0.299632, 0.074929, 0.0, 0.106669, 0.48123], [NaN, 9.0, 0.249165, 0.28265, 0.0, 0.078629, 0.610444], [NaN, 10.0, 0.261336, 0.622234, 0.0, 0.113554, 0.997124], [NaN, 11.0, 0.249068, 0.612327, 0.0, 0.114973, 0.976368], [NaN, 12.0, 0.245775, 0.729233, 0.0, 0.114493, 1.089501], [2011.0, NaN, 3.913687, 1.529918, 0.0, 1.198949, 6.642554], [1.0, 0.265625, 0.443649, 0.0, 0.098669, 0.807943, NaN], [2.0, 0.293304, 0.103207, 0.0, 0.088731, 0.485242, NaN], [3.0, 0.373353, 0.037425, 0.0, 0.104814, 0.515592, NaN], [4.0, 0.380363, 0.031207, 0.0, 0.113761, 0.525331, NaN], [5.0, 0.186658, 0.011973, 0.0, 0.066903, 0.265534, NaN], [6.0, 0.291428, -0.015275, 0.0, 0.071415, 0.347568, NaN], [7.0, 0.357219, -0.02458, 0.0, 0.11677, 0.449409, NaN], [8.0, 0.427961, 0.039849, 0.0, 0.095416, 0.563226, NaN], [9.0, 0.310642, 0.045344, 0.0, 0.095989, 0.451975, NaN], [10.0, 0.349346, 0.035255, 0.0, 0.120823, 0.505424, NaN], [11.0, 0.341208, 0.210606, 0.0, 0.111795, 0.663609, NaN]]}, "16": {"index": [0, 1, 2, 3, 4, 5, 6, 7, 8, 9, 10, 11, 12, 13, 14, 15, 16, 17, 18, 19, 20, 21, 22, 23, 24, 25, 26, 27, 28, 29, 30, 31, 32, 33, 34, 35, 36, 37, 38, 39, 40, 41], "columns": {"0": "2011", "1": "12", "2": "0.336580", "3": "0.611258", "4": "0.000000", "5": "0.113863", "6": "Unnamed: 0"}, "data": [[2010.0, NaN, 4.309418, 3.102971, 0.0, 0.958897, 8.371286], [NaN, 1.0, 0.506045, 0.583073, 0.0, 0.090328, 1.179446], [NaN, 2.0, 0.413199, 0.211373, 0.0, 0.105875, 0.730447], [NaN, 3.0, 0.395236, 0.194232, 0.0, 0.113134, 0.702602], [NaN, 4.0, 0.399463, 0.27474, 0.0, 0.120381, 0.794584], [NaN, 5.0, 0.379695, 0.180323, 0.0, 0.095167, 0.655185], [NaN, 6.0, 0.287045, -0.08134, 0.0, 0.043886, 0.249591], [NaN, 7.0, 0.285894, -0.039125, 0.0, 0.007983, 0.254752], [NaN, 8.0, 0.297337, -0.103859, 0.0, 0.030557, 0.224035], [NaN, 9.0, 0.32835, 0.107177, 0.0, 0.049925, 0.485452], [NaN, 10.0, 0.355808, 0.476858, 0.0, 0.103939, 0.936605], [NaN, 11.0, 0.31098, 0.554501, 0.0, 0.092706, 0.958187], [NaN, 12.0, 0.350366, 0.745018, 0.0, 0.105016, 1.2004], [2009.0, NaN, 5.125387, 2.37968, 0.0, 1.074853, 8.57992], [NaN, 1.0, 0.503426, 0.636569, 0.0, 0.109562, 1.249557], [NaN, 2.0, 0.459181, 0.446683, 0.0, 0.102756, 1.00862], [NaN, 3.0, 0.517442, 0.151359, 0.0, 0.095543, 0.764344], [NaN, 4.0, 0.45979, 0.128574, 0.0, 0.097896, 0.68626], [NaN, 5.0, 0.475351, 0.153745, 0.0, 0.094542, 0.723638], [NaN, 6.0, 0.200424, 0.015123, 0.0, 0.036245, 0.251792], [NaN, 7.0, 0.41684, 0.083691, 0.0, 0.082488, 0.583019], [NaN, 8.0, 0.33199, -0.038229, 0.0, 0.068256, 0.362017], [NaN, 9.0, 0.423619, 0.148376, 0.0, 0.102274, 0.674269], [NaN, 10.0, 0.415147, 0.069213, 0.0, 0.090283, 0.574643], [NaN, 11.0, 0.465457, 0.235852, 0.0, 0.106321, 0.80763], [NaN, 12.0, 0.45672, 0.348724, 0.0, 0.088687, 0.894131], [2008.0, NaN, 5.292512, 3.818438, 0.0, 1.179027, 10.289977], [NaN, 1.0, 0.408554, 0.043891, 0.0, 0.12093, 0.573375], [NaN, 2.0, 0.379516, 0.349263, 0.0, 0.116439, 0.845218], [NaN, 3.0, 0.392355, 0.457453, 0.0, 0.116149, 0.965957], [NaN, 4.0, 0.417463, 0.657447, 0.0, 0.109902, 1.184812], [NaN, 5.0, 0.438529, 0.391034, 0.0, 0.106264, 0.935827], [NaN, 6.0, 0.323895, 0.239225, 0.0, 0.038873, 0.601993], [NaN, 7.0, 0.536795, 0.13749, 0.0, 0.097095, 0.77138], [NaN, 8.0, 0.4386, 0.205762, 0.0, 0.084349, 0.728711], [NaN, 9.0, 0.38904, 0.464689, 0.0, 0.08362, 0.937349], [NaN, 10.0, 0.546859, 0.382659, 0.0, 0.096135, 1.025653], [NaN, 11.0, 0.50202, 0.117674, 0.0, 0.099046, 0.71874], [NaN, 12.0, 0.518886, 0.371851, 0.0, 0.110225, 1.000962], [2007.0, NaN, 5.163588, 1.547516, 0.0, 1.303025, 8.014129], [1.0, 0.507658, 0.142796, 0.0, 0.115613, 0.766067, NaN], [2.0, 0.454793, 0.145168, 0.0, 0.104717, 0.704678, NaN]]}, "17": {"index": [0, 1, 2, 3, 4, 5, 6, 7, 8, 9, 10, 11, 12, 13, 14, 15, 16, 17, 18, 19, 20, 21, 22, 23, 24, 25, 26, 27, 28, 29, 30, 31, 32, 33, 34, 35, 36, 37, 38, 39, 40, 41], "columns": {"0": "2007", "1": "3", "2": "0.440912", "3": "0.149002", "4": "0.000000", "5": "0.086393", "6": "0.676307"}, "data": [[NaN, 4.0, 0.463364, 0.255147, 0.0, 0.11581, 0.834321], [NaN, 5.0, 0.401752, 0.044359, 0.0, 0.105098, 0.551209], [NaN, 6.0, 0.324611, 0.056403, 0.0, 0.075402, 0.456416], [NaN, 7.0, 0.42671, 0.039918, 0.0, 0.112572, 0.5792], [NaN, 8.0, 0.429008, 0.083833, 0.0, 0.117789, 0.63063], [NaN, 9.0, 0.421037, 0.129443, 0.0, 0.10715, 0.65763], [NaN, 10.0, 0.463937, 0.111136, 0.0, 0.120715, 0.695788], [NaN, 11.0, 0.429413, 0.113542, 0.0, 0.119255, 0.66221], [NaN, 12.0, 0.400393, 0.276769, 0.0, 0.122511, 0.799673], [2006.0, NaN, 6.26179, 3.370074, 0.0, 1.255171, 10.887035], [NaN, 1.0, 0.591174, 0.544974, 0.0, 0.120993, 1.257141], [NaN, 2.0, 0.537136, 0.561956, 0.0, 0.105901, 1.204993], [NaN, 3.0, 0.628881, 0.380407, 0.0, 0.077684, 1.086972], [NaN, 4.0, 0.599994, 0.262903, 0.0, 0.087064, 0.949961], [NaN, 5.0, 0.531382, -0.01722, 0.0, 0.09475, 0.608912], [NaN, 6.0, 0.512091, 0.131732, 0.0, 0.109933, 0.753756], [NaN, 7.0, 0.53854, 0.306169, 0.0, 0.119587, 0.964296], [NaN, 8.0, 0.464054, 0.257859, 0.0, 0.112035, 0.833948], [NaN, 9.0, 0.431428, 0.085082, 0.0, 0.097207, 0.613717], [NaN, 10.0, 0.4601, -0.01487, 0.0, 0.099965, 0.545195], [NaN, 11.0, 0.462044, 0.426668, 0.0, 0.117611, 1.006323], [NaN, 12.0, 0.504966, 0.444414, 0.0, 0.112441, 1.061821], [2005.0, NaN, 7.466758, 2.820909, 0.0, 1.164678, 11.452345], [NaN, 1.0, 0.698448, 0.169429, 0.0, 0.106158, 0.974035], [NaN, 2.0, 0.624408, 0.197356, 0.0, 0.103255, 0.925019], [NaN, 3.0, 0.710265, 0.292405, 0.0, 0.116564, 1.119234], [NaN, 4.0, 0.670548, 0.323941, 0.0, 0.097822, 1.092311], [NaN, 5.0, 0.649933, 0.400833, 0.0, 0.106362, 1.157128], [NaN, 6.0, 0.421652, 0.123876, 0.0, 0.038084, 0.583612], [NaN, 7.0, 0.641242, 0.148269, 0.0, 0.094179, 0.88369], [NaN, 8.0, 0.665315, 0.131893, 0.0, 0.115544, 0.912752], [NaN, 9.0, 0.584446, 0.087573, 0.0, 0.098443, 0.770462], [NaN, 10.0, 0.554051, 0.180052, 0.0, 0.102719, 0.836822], [NaN, 11.0, 0.590278, 0.285299, 0.0, 0.084689, 0.960266], [NaN, 12.0, 0.656172, 0.479983, 0.0, 0.100859, 1.237014], [2004.0, NaN, 8.713763, 2.422904, 0.0, 1.183984, 12.320651], [1.0, 0.700655, 0.192722, 0.0, 0.104857, 0.998234, NaN], [2.0, 0.864567, 0.256003, 0.0, 0.083499, 1.204069, NaN], [3.0, 0.797378, 0.158779, 0.0, 0.113397, 1.069554, NaN], [4.0, 0.615711, 0.111596, 0.0, 0.060614, 0.787921, NaN], [5.0, 0.81833, 0.245958, 0.0, 0.067521, 1.131809, NaN], [6.0, 0.714636, 0.196612, 0.0, 0.085103, 0.996351, NaN]]}, "18": {"index": [0, 1, 2, 3, 4, 5, 6, 7, 8, 9, 10, 11, 12, 13, 14, 15, 16, 17, 18, 19, 20, 21, 22, 23, 24, 25, 26, 27, 28, 29, 30, 31, 32, 33, 34, 35, 36, 37, 38, 39, 40, 41], "columns": {"0": "2004", "1": "7", "2": "0.742274", "3": "0.002782", "4": "0.000000", "5": "0.110429", "6": "0.855485"}, "data": [[NaN, 8.0, 0.729689, 0.024012, 0.0, 0.110119, 0.86382], [NaN, 9.0, 0.61837, 0.243536, 0.0, 0.104245, 0.966151], [NaN, 10.0, 0.73553, 0.222763, 0.0, 0.118208, 1.076501], [NaN, 11.0, 0.672679, 0.350285, 0.0, 0.108034, 1.130998], [NaN, 12.0, 0.703944, 0.417856, 0.0, 0.117958, 1.239758], [2003.0, NaN, 9.175111, 1.238797, 0.0, 1.025059, 11.438967], [NaN, 1.0, 0.847622, 0.428988, 0.0, 0.089847, 1.366457], [NaN, 2.0, 0.790038, 0.166833, 0.0, 0.081037, 1.037908], [NaN, 3.0, 0.849264, 0.078611, 0.0, 0.090402, 1.018277], [NaN, 4.0, 0.683116, 0.03867, 0.0, 0.086401, 0.808187], [NaN, 5.0, 0.672417, 0.012182, 0.0, 0.083912, 0.768511], [NaN, 6.0, 0.745919, 0.008336, 0.0, 0.051945, 0.8062], [NaN, 7.0, 0.700584, 0.039501, 0.0, 0.064195, 0.80428], [NaN, 8.0, 0.769531, 0.06785, 0.0, 0.088926, 0.926307], [NaN, 9.0, 0.653384, 0.0529, 0.0, 0.07356, 0.779844], [NaN, 10.0, 0.797811, 0.02597, 0.0, 0.096388, 0.920169], [NaN, 11.0, 0.84216, 0.106465, 0.0, 0.104432, 1.053057], [NaN, 12.0, 0.823265, 0.212491, 0.0, 0.114014, 1.14977], [2002.0, NaN, 10.112527, 2.797595, 0.0, 1.01913, 13.929252], [NaN, 1.0, 1.008762, 0.349575, 0.0, 0.088373, 1.44671], [NaN, 2.0, 0.901646, 0.197572, 0.0, 0.089344, 1.188562], [NaN, 3.0, 0.604973, 0.167095, 0.0, 0.086843, 0.858911], [NaN, 4.0, 0.872068, 0.142086, 0.0, 0.05953, 1.073684], [NaN, 5.0, 0.892611, 0.280299, 0.0, 0.093071, 1.265981], [NaN, 6.0, 0.863455, 0.205726, 0.0, 0.090867, 1.160048], [NaN, 7.0, 0.827707, 0.213246, 0.0, 0.091379, 1.132332], [NaN, 8.0, 0.781009, 0.185918, 0.0, 0.083666, 1.050593], [NaN, 9.0, 0.861257, 0.212074, 0.0, 0.077757, 1.151088], [NaN, 10.0, 0.880864, 0.204172, 0.0, 0.076188, 1.161224], [NaN, 11.0, 0.788036, 0.279902, 0.0, 0.093349, 1.161287], [NaN, 12.0, 0.830139, 0.35993, 0.0, 0.088763, 1.278832], [2001.0, NaN, 10.970315, 3.796675, 0.0, 0.954909, 15.721899], [1.0, 1.052027, 0.269911, 0.0, 0.085896, 1.407834, NaN], [2.0, 0.856882, 0.273693, 0.0, 0.063135, 1.19371, NaN], [3.0, 1.005892, 0.313645, 0.0, 0.089936, 1.409473, NaN], [4.0, 0.975274, 0.308072, 0.0, 0.093674, 1.37702, NaN], [5.0, 0.906197, 0.129145, 0.0, 0.090324, 1.125666, NaN], [6.0, 0.559883, 0.03272, 0.0, 0.026043, 0.618646, NaN], [7.0, 0.92216, 0.215389, 0.0, 0.071407, 1.208956, NaN], [8.0, 0.862225, 0.324605, 0.0, 0.081128, 1.267958, NaN], [9.0, 0.977695, 0.307695, 0.0, 0.083751, 1.369141, NaN], [10.0, 0.941292, 0.460976, 0.0, 0.082912, 1.48518, NaN]]}, "19": {"index": [0, 1, 2, 3, 4, 5, 6, 7, 8, 9, 10, 11, 12, 13, 14, 15, 16, 17, 18, 19, 20, 21, 22, 23, 24, 25, 26, 27, 28, 29, 30, 31, 32, 33, 34, 35, 36, 37, 38, 39, 40, 41], "columns": {"0": "2001", "1": "11", "2": "1.018082", "3": "0.582506", "4": "0.000000", "5": "0.091967", "6": "1.692555"}, "data": [[NaN, 12.0, 0.892706, 0.578318, 0.0, 0.094736, 1.56576], [2000.0, NaN, 15.410819, 1.403187, 0.0, 0.629624, 17.44363], [NaN, 1.0, 1.46859, 0.0, 0.0, 0.008004, 1.476594], [NaN, 2.0, 1.385682, 0.0, 0.0, 0.019727, 1.405409], [NaN, 3.0, 1.545327, 0.0, 0.0, 0.020652, 1.565979], [NaN, 4.0, 1.380636, 0.0, 0.0, 0.057167, 1.437803], [NaN, 5.0, 1.245924, 0.0, 0.0, 0.031505, 1.277429], [NaN, 6.0, 1.300007, 0.0, 0.0, 0.056236, 1.356243], [NaN, 7.0, 1.368352, 0.0, 0.0, 0.073067, 1.441419], [NaN, 8.0, 1.27778, 0.0, 0.0, 0.050903, 1.328683], [NaN, 9.0, 1.063129, 0.02268, 0.0, 0.05434, 1.140149], [NaN, 10.0, 1.222008, 0.463416, 0.0, 0.082234, 1.767658], [NaN, 11.0, 1.050741, 0.470088, 0.0, 0.087078, 1.607907], [NaN, 12.0, 1.102643, 0.447003, 0.0, 0.088711, 1.638357], [1999.0, NaN, 19.435223, 0.0, 0.0, 0.0, 19.435223], [NaN, 1.0, 2.04603, 0.0, 0.0, 0.0, 2.04603], [NaN, 2.0, 1.746824, 0.0, 0.0, 0.0, 1.746824], [NaN, 3.0, 1.883652, 0.0, 0.0, 0.0, 1.883652], [NaN, 4.0, 1.764854, 0.0, 0.0, 0.0, 1.764854], [NaN, 5.0, 1.794274, 0.0, 0.0, 0.0, 1.794274], [NaN, 6.0, 0.845019, 0.0, 0.0, 0.0, 0.845019], [NaN, 7.0, 1.740454, 0.0, 0.0, 0.0, 1.740454], [NaN, 8.0, 1.557874, 0.0, 0.0, 0.0, 1.557874], [NaN, 9.0, 1.413533, 0.0, 0.0, 0.0, 1.413533], [NaN, 10.0, 1.57036, 0.0, 0.0, 0.0, 1.57036], [NaN, 11.0, 1.523831, 0.0, 0.0, 0.0, 1.523831], [NaN, 12.0, 1.548518, 0.0, 0.0, 0.0, 1.548518], [1998.0, NaN, 24.101656, 0.0, 0.0, 0.0, 24.101656], [NaN, 1.0, 2.176478, 0.0, 0.0, 0.0, 2.176478], [NaN, 2.0, 1.957951, 0.0, 0.0, 0.0, 1.957951], [NaN, 3.0, 2.006287, 0.0, 0.0, 0.0, 2.006287], [NaN, 4.0, 1.935731, 0.0, 0.0, 0.0, 1.935731], [NaN, 5.0, 1.942153, 0.0, 0.0, 0.0, 1.942153], [NaN, 6.0, 1.939792, 0.0, 0.0, 0.0, 1.939792], [NaN, 7.0, 2.039246, 0.0, 0.0, 0.0, 2.039246], [NaN, 8.0, 2.087948, 0.0, 0.0, 0.0, 2.087948], [NaN, 9.0, 1.999222, 0.0, 0.0, 0.0, 1.999222], [NaN, 10.0, 2.041852, 0.0, 0.0, 0.0, 2.041852], [NaN, 11.0, 1.838697, 0.0, 0.0, 0.0, 1.838697], [NaN, 12.0, 2.136299, 0.0, 0.0, 0.0, 2.136299], [1997.0, NaN, 27.268265, 0.0, 0.0, 0.0, 27.268265], [1.0, 2.486301, 0.0, 0.0, 0.0, 2.486301, NaN]]}, "20": {"index": [0, 1, 2, 3, 4, 5, 6, 7, 8, 9, 10, 11, 12, 13, 14, 15, 16, 17, 18, 19, 20, 21, 22, 23, 24, 25, 26, 27, 28, 29, 30, 31, 32, 33, 34, 35, 36, 37, 38, 39, 40, 41], "columns": {"0": "1997", "1": "2", "2": "2.247290", "3": "0.000000", "4": "0.000000.1", "5": "0.000000.2", "6": "2.247290.1"}, "data": [[NaN, 3.0, 2.413662, 0.0, 0.0, 0.0, 2.413662], [NaN, 4.0, 2.404638, 0.0, 0.0, 0.0, 2.404638], [NaN, 5.0, 2.407962, 0.0, 0.0, 0.0, 2.407962], [NaN, 6.0, 1.68721, 0.0, 0.0, 0.0, 1.68721], [NaN, 7.0, 2.408654, 0.0, 0.0, 0.0, 2.408654], [NaN, 8.0, 2.373005, 0.0, 0.0, 0.0, 2.373005], [NaN, 9.0, 2.250319, 0.0, 0.0, 0.0, 2.250319], [NaN, 10.0, 2.240736, 0.0, 0.0, 0.0, 2.240736], [NaN, 11.0, 2.132563, 0.0, 0.0, 0.0, 2.132563], [NaN, 12.0, 2.215925, 0.0, 0.0, 0.0, 2.215925], [1996.0, NaN, 29.126488, 0.0, 0.0, 0.0, 29.126488], [NaN, 1.0, 2.503774, 0.0, 0.0, 0.0, 2.503774], [NaN, 2.0, 2.340024, 0.0, 0.0, 0.0, 2.340024], [NaN, 3.0, 2.48842, 0.0, 0.0, 0.0, 2.48842], [NaN, 4.0, 2.419903, 0.0, 0.0, 0.0, 2.419903], [NaN, 5.0, 2.359339, 0.0, 0.0, 0.0, 2.359339], [NaN, 6.0, 2.410032, 0.0, 0.0, 0.0, 2.410032], [NaN, 7.0, 2.49172, 0.0, 0.0, 0.0, 2.49172], [NaN, 8.0, 2.48602, 0.0, 0.0, 0.0, 2.48602], [NaN, 9.0, 2.384878, 0.0, 0.0, 0.0, 2.384878], [NaN, 10.0, 2.492215, 0.0, 0.0, 0.0, 2.492215], [NaN, 11.0, 2.346596, 0.0, 0.0, 0.0, 2.346596], [NaN, 12.0, 2.403567, 0.0, 0.0, 0.0, 2.403567], [1995.0, NaN, 28.98523, 0.0, 0.0, 0.0, 28.98523], [NaN, 1.0, 2.506747, 0.0, 0.0, 0.0, 2.506747], [NaN, 2.0, 2.26089, 0.0, 0.0, 0.0, 2.26089], [NaN, 3.0, 2.506424, 0.0, 0.0, 0.0, 2.506424], [NaN, 4.0, 2.418654, 0.0, 0.0, 0.0, 2.418654], [NaN, 5.0, 2.499679, 0.0, 0.0, 0.0, 2.499679], [NaN, 6.0, 1.98359, 0.0, 0.0, 0.0, 1.98359], [NaN, 7.0, 2.505307, 0.0, 0.0, 0.0, 2.505307], [NaN, 8.0, 2.492821, 0.0, 0.0, 0.0, 2.492821], [NaN, 9.0, 2.420156, 0.0, 0.0, 0.0, 2.420156], [NaN, 10.0, 2.509243, 0.0, 0.0, 0.0, 2.509243], [NaN, 11.0, 2.410924, 0.0, 0.0, 0.0, 2.410924], [NaN, 12.0, 2.470795, 0.0, 0.0, 0.0, 2.470795], [1994.0, NaN, 29.211657, 0.0, 0.0, 0.0, 29.211657], [1.0, 2.488753, 0.0, 0.0, 0.0, 2.488753, NaN], [2.0, 2.258379, 0.0, 0.0, 0.0, 2.258379, NaN], [3.0, 2.449315, 0.0, 0.0, 0.0, 2.449315, NaN], [4.0, 2.336792, 0.0, 0.0, 0.0, 2.336792, NaN], [5.0, 2.505514, 0.0, 0.0, 0.0, 2.505514, NaN]]}, "21": {"index": [0, 1, 2, 3, 4, 5, 6, 7, 8, 9, 10, 11, 12, 13, 14, 15, 16, 17, 18, 19, 20, 21, 22, 23, 24, 25, 26, 27, 28, 29, 30, 31, 32, 33, 34, 35, 36, 37, 38, 39, 40, 41], "columns": {"0": "1994", "1": "6", "2": "2.417214", "3": "0.000000", "4": "0.000000.1", "5": "0.000000.2", "6": "2.417214.1"}, "data": [[NaN, 7.0, 2.494715, 0.0, 0.0, 0.0, 2.494715], [NaN, 8.0, 2.497973, 0.0, 0.0, 0.0, 2.497973], [NaN, 9.0, 2.40389, 0.0, 0.0, 0.0, 2.40389], [NaN, 10.0, 2.452464, 0.0, 0.0, 0.0, 2.452464], [NaN, 11.0, 2.40943, 0.0, 0.0, 0.0, 2.40943], [NaN, 12.0, 2.497218, 0.0, 0.0, 0.0, 2.497218], [1993.0, NaN, 28.462908, 0.0, 0.0, 0.0, 28.462908], [NaN, 1.0, 2.255747, 0.0, 0.0, 0.0, 2.255747], [NaN, 2.0, 2.090891, 0.0, 0.0, 0.0, 2.090891], [NaN, 3.0, 2.40656, 0.0, 0.0, 0.0, 2.40656], [NaN, 4.0, 2.369904, 0.0, 0.0, 0.0, 2.369904], [NaN, 5.0, 2.440525, 0.0, 0.0, 0.0, 2.440525], [NaN, 6.0, 2.116156, 0.0, 0.0, 0.0, 2.116156], [NaN, 7.0, 2.478564, 0.0, 0.0, 0.0, 2.478564], [NaN, 8.0, 2.479825, 0.0, 0.0, 0.0, 2.479825], [NaN, 9.0, 2.418302, 0.0, 0.0, 0.0, 2.418302], [NaN, 10.0, 2.49046, 0.0, 0.0, 0.0, 2.49046], [NaN, 11.0, 2.41139, 0.0, 0.0, 0.0, 2.41139], [NaN, 12.0, 2.504584, 0.0, 0.0, 0.0, 2.504584], [1992.0, NaN, 26.104005, 0.0, 0.0, 0.0, 26.104005], [NaN, 1.0, 2.240974, 0.0, 0.0, 0.0, 2.240974], [NaN, 2.0, 1.44394, 0.0, 0.0, 0.0, 1.44394], [NaN, 3.0, 2.194626, 0.0, 0.0, 0.0, 2.194626], [NaN, 4.0, 2.213778, 0.0, 0.0, 0.0, 2.213778], [NaN, 5.0, 2.293634, 0.0, 0.0, 0.0, 2.293634], [NaN, 6.0, 2.208616, 0.0, 0.0, 0.0, 2.208616], [NaN, 7.0, 2.271163, 0.0, 0.0, 0.0, 2.271163], [NaN, 8.0, 2.268708, 0.0, 0.0, 0.0, 2.268708], [NaN, 9.0, 2.22259, 0.0, 0.0, 0.0, 2.22259], [NaN, 10.0, 2.251608, 0.0, 0.0, 0.0, 2.251608], [NaN, 11.0, 2.190939, 0.0, 0.0, 0.0, 2.190939], [NaN, 12.0, 2.303429, 0.0, 0.0, 0.0, 2.303429], [1991.0, NaN, 20.915879, 0.0, 0.0, 0.0, 20.915879], [1.0, 1.608563, 0.0, 0.0, 0.0, 1.608563, NaN], [2.0, 1.39277, 0.0, 0.0, 0.0, 1.39277, NaN], [3.0, 1.627641, 0.0, 0.0, 0.0, 1.627641, NaN], [4.0, 1.545098, 0.0, 0.0, 0.0, 1.545098, NaN], [5.0, 1.627559, 0.0, 0.0, 0.0, 1.627559, NaN], [6.0, 1.561, 0.0, 0.0, 0.0, 1.561, NaN], [7.0, 1.580939, 0.0, 0.0, 0.0, 1.580939, NaN], [8.0, 1.656428, 0.0, 0.0, 0.0, 1.656428, NaN], [9.0, 1.906997, 0.0, 0.0, 0.0, 1.906997, NaN]]}, "22": {"index": [0, 1, 2, 3, 4, 5, 6, 7, 8, 9, 10, 11, 12, 13, 14, 15, 16, 17, 18, 19, 20, 21, 22, 23, 24, 25, 26, 27, 28, 29, 30, 31, 32, 33, 34, 35, 36, 37, 38, 39, 40], "columns": {"0": "1991", "1": "10", "2": "2.076111", "3": "0.000000", "4": "0.000000.1", "5": "0.000000.2", "6": "2.076111.1"}, "data": [[NaN, 11.0, 2.081272, 0.0, 0.0, 0.0, 2.081272], [NaN, 12.0, 2.251501, 0.0, 0.0, 0.0, 2.251501], [1990.0, NaN, 17.308728, 0.0, 0.0, 0.0, 17.308728], [NaN, 1.0, 1.494818, 0.0, 0.0, 0.0, 1.494818], [NaN, 2.0, 1.335028, 0.0, 0.0, 0.0, 1.335028], [NaN, 3.0, 1.522397, 0.0, 0.0, 0.0, 1.522397], [NaN, 4.0, 1.513762, 0.0, 0.0, 0.0, 1.513762], [NaN, 5.0, 1.577179, 0.0, 0.0, 0.0, 1.577179], [NaN, 6.0, 1.044949, 0.0, 0.0, 0.0, 1.044949], [NaN, 7.0, 1.354977, 0.0, 0.0, 0.0, 1.354977], [NaN, 8.0, 1.254867, 0.0, 0.0, 0.0, 1.254867], [NaN, 9.0, 1.605852, 0.0, 0.0, 0.0, 1.605852], [NaN, 10.0, 1.620157, 0.0, 0.0, 0.0, 1.620157], [NaN, 11.0, 1.580968, 0.0, 0.0, 0.0, 1.580968], [NaN, 12.0, 1.403774, 0.0, 0.0, 0.0, 1.403774], [1989.0, NaN, 13.514304, 0.0, 0.0, 0.0, 13.514304], [NaN, 1.0, 0.72712, 0.0, 0.0, 0.0, 0.72712], [NaN, 2.0, 0.941977, 0.0, 0.0, 0.0, 0.941977], [NaN, 3.0, 0.935612, 0.0, 0.0, 0.0, 0.935612], [NaN, 4.0, 1.201872, 0.0, 0.0, 0.0, 1.201872], [NaN, 5.0, 1.172266, 0.0, 0.0, 0.0, 1.172266], [NaN, 6.0, 1.231104, 0.0, 0.0, 0.0, 1.231104], [NaN, 7.0, 1.281663, 0.0, 0.0, 0.0, 1.281663], [NaN, 8.0, 1.288789, 0.0, 0.0, 0.0, 1.288789], [NaN, 9.0, 1.195745, 0.0, 0.0, 0.0, 1.195745], [NaN, 10.0, 1.293885, 0.0, 0.0, 0.0, 1.293885], [NaN, 11.0, 1.361034, 0.0, 0.0, 0.0, 1.361034], [NaN, 12.0, 0.883237, 0.0, 0.0, 0.0, 0.883237], [1988.0, NaN, 1.125957, 0.0, 0.0, 0.0, 1.125957], [1.0, 0.104316, 0.0, 0.0, 0.0, 0.104316, NaN], [2.0, 0.086928, 0.0, 0.0, 0.0, 0.086928, NaN], [3.0, 0.101135, 0.0, 0.0, 0.0, 0.101135, NaN], [4.0, 0.104211, 0.0, 0.0, 0.0, 0.104211, NaN], [5.0, 0.072703, 0.0, 0.0, 0.0, 0.072703, NaN], [6.0, 0.007263, 0.0, 0.0, 0.0, 0.007263, NaN], [7.0, 0.0, 0.0, 0.0, 0.0, 0.0, NaN], [8.0, 0.0, 0.0, 0.0, 0.0, 0.0, NaN], [9.0, 0.0, 0.0, 0.0, 0.0, 0.0, NaN], [10.0, 0.0, 0.0, 0.0, 0.0, 0.0, NaN], [11.0, 0.0, 0.0, 0.0, 0.0, 0.0, NaN], [12.0, 0.649401, 0.0, 0.0, 0.0, 0.649401, NaN]]}, "23": {"index": [0, 1, 2, 3, 4, 5, 6, 7, 8, 9, 10, 11, 12, 13, 14, 15, 16], "columns": {"0": "1987", "1": "Unnamed: 0", "2": "0.807807", "3": "0.000000", "4": "0.000000.1", "5": "0.000000.2", "6": "0.807807.1"}, "data": [[NaN, 1.0, 0.103966, 0.0, 0.0, 0.0, 0.103966], [NaN, 2.0, 0.100598, 0.0, 0.0, 0.0, 0.100598], [NaN, 3.0, 0.05919, 0.0, 0.0, 0.0, 0.05919], [NaN, 4.0, 0.059046, 0.0, 0.0, 0.0, 0.059046], [NaN, 5.0, 0.061309, 0.0, 0.0, 0.0, 0.061309], [NaN, 6.0, 0.087904, 0.0, 0.0, 0.0, 0.087904], [NaN, 7.0, 0.097462, 0.0, 0.0, 0.0, 0.097462], [NaN, 8.0, 0.079734, 0.0, 0.0, 0.0, 0.079734], [NaN, 9.0, 0.008193, 0.0, 0.0, 0.0, 0.008193], [NaN, 10.0, 0.004751, 0.0, 0.0, 0.0, 0.004751], [NaN, 11.0, 0.055305, 0.0, 0.0, 0.0, 0.055305], [NaN, 12.0, 0.090349, 0.0, 0.0, 0.0, 0.090349], [1986.0, NaN, 0.290783, 0.0, 0.0, 0.0, 0.290783], [9.0, 0.019838, 0.0, 0.0, 0.0, 0.019838, NaN], [10.0, 0.091008, 0.0, 0.0, 0.0, 0.091008, NaN], [11.0, 0.086625, 0.0, 0.0, 0.0, 0.086625, NaN], [12.0, 0.093312, 0.0, 0.0, 0.0, NaN, NaN]]}, "24": {"index": [0, 1, 2, 3, 4, 5, 6, 7, 8, 9, 10, 11, 12, 13, 14, 15, 16, 17, 18, 19, 20], "columns": {"0": "Unnamed: 0", "1": "Month", "2": "Gross - oil[mill Sm3]", "3": "Gross - gas[bill Sm3]", "4": "Gross -condensate[mill Sm3]", "5": "Gross - oilequivalents[mill Sm3]"}, "data": [["Sum", NaN, 418.372447, 337.218035, 0.0, 755.590482], ["2023", NaN, 1.468178, 5.239577, 0.0, 6.707755], [NaN, 1.0, 0.255076, 0.862428, 0.0, 1.117504], [NaN, 2.0, 0.21849, 0.750022, 0.0, 0.968512], [NaN, 3.0, 0.268061, 1.002471, 0.0, 1.270532], [NaN, 4.0, 0.254203, 0.997227, 0.0, 1.25143], [NaN, 5.0, 0.259439, 0.960483, 0.0, 1.219922], [NaN, 6.0, 0.212909, 0.666946, 0.0, 0.879855], ["2022", NaN, 3.279954, 10.868773, 0.0, 14.148727], ["1", 0.315632, 1.087088, 0.0, 1.40272, NaN], ["2", 0.27897, 0.849256, 0.0, 1.128226, NaN], ["3", 0.322403, 1.042306, 0.0, 1.364709, NaN], ["4", 0.302662, 1.025602, 0.0, 1.328264, NaN], ["5", 0.32208, 1.067311, 0.0, 1.389391, NaN], ["6", 0.322331, 1.123392, 0.0, 1.445723, NaN], ["7", 0.29099, 1.0728, 0.0, 1.36379, NaN], ["8", 0.308737, 1.018051, 0.0, 1.326788, NaN], ["9", 0.043129, 0.158054, 0.0, 0.201183, NaN], ["10", 0.274907, 0.79095, 0.0, 1.065857, NaN], ["11", 0.233362, 0.721708, 0.0, 0.95507, NaN], ["12", 0.264751, 0.912255, 0.0, 1.177006, NaN]]}, "25": {"index": [0, 1, 2, 3, 4, 5, 6, 7, 8, 9, 10, 11, 12, 13, 14, 15, 16, 17, 18, 19, 20, 21, 22, 23, 24, 25, 26, 27, 28, 29, 30, 31, 32, 33, 34, 35, 36, 37, 38, 39, 40, 41], "columns": {"0": "2021", "1": "Unnamed: 0", "2": "4.141834", "3": "13.018736", "4": "0.000000", "5": "17.160570"}, "data": [[NaN, 1.0, 0.407032, 1.093722, 0.0, 1.500754], [NaN, 2.0, 0.363627, 1.003816, 0.0, 1.367443], [NaN, 3.0, 0.382082, 1.094971, 0.0, 1.477053], [NaN, 4.0, 0.345491, 1.10304, 0.0, 1.448531], [NaN, 5.0, 0.331952, 0.994024, 0.0, 1.325976], [NaN, 6.0, 0.354487, 1.165154, 0.0, 1.519641], [NaN, 7.0, 0.334456, 1.147768, 0.0, 1.482224], [NaN, 8.0, 0.337886, 1.126639, 0.0, 1.464525], [NaN, 9.0, 0.32694, 1.096358, 0.0, 1.423298], [NaN, 10.0, 0.309434, 1.005007, 0.0, 1.314441], [NaN, 11.0, 0.318182, 1.080528, 0.0, 1.39871], [NaN, 12.0, 0.330265, 1.107709, 0.0, 1.437974], [2020.0, NaN, 4.587461, 12.040965, 0.0, 16.628426], [NaN, 1.0, 0.424913, 1.127355, 0.0, 1.552268], [NaN, 2.0, 0.371874, 1.07944, 0.0, 1.451314], [NaN, 3.0, 0.399738, 1.169505, 0.0, 1.569243], [NaN, 4.0, 0.39904, 1.160039, 0.0, 1.559079], [NaN, 5.0, 0.424181, 1.180145, 0.0, 1.604326], [NaN, 6.0, 0.347824, 0.897365, 0.0, 1.245189], [NaN, 7.0, 0.377897, 0.886752, 0.0, 1.264649], [NaN, 8.0, 0.397926, 0.987325, 0.0, 1.385251], [NaN, 9.0, 0.316696, 0.819691, 0.0, 1.136387], [NaN, 10.0, 0.341601, 0.879839, 0.0, 1.22144], [NaN, 11.0, 0.375288, 0.891633, 0.0, 1.266921], [NaN, 12.0, 0.410483, 0.961876, 0.0, 1.372359], [2019.0, NaN, 4.288935, 13.340183, 0.0, 17.629118], [NaN, 1.0, 0.336116, 1.25929, 0.0, 1.595406], [NaN, 2.0, 0.282654, 1.010233, 0.0, 1.292887], [NaN, 3.0, 0.340493, 1.074827, 0.0, 1.41532], [NaN, 4.0, 0.359374, 1.080008, 0.0, 1.439382], [NaN, 5.0, 0.274841, 0.842562, 0.0, 1.117403], [NaN, 6.0, 0.381169, 1.180111, 0.0, 1.56128], [NaN, 7.0, 0.348815, 1.093745, 0.0, 1.44256], [NaN, 8.0, 0.362836, 1.187203, 0.0, 1.550039], [NaN, 9.0, 0.375976, 1.167161, 0.0, 1.543137], [NaN, 10.0, 0.377992, 1.088129, 0.0, 1.466121], [NaN, 11.0, 0.402432, 1.146514, 0.0, 1.548946], [NaN, 12.0, 0.446237, 1.2104, 0.0, 1.656637], [2018.0, NaN, 3.490281, 12.599958, 0.0, 16.090239], [1.0, 0.314718, 1.248595, 0.0, 1.563313, NaN], [2.0, 0.255874, 1.074702, 0.0, 1.330576, NaN], [3.0, 0.307298, 1.171451, 0.0, 1.478749, NaN]]}, "26": {"index": [0, 1, 2, 3, 4, 5, 6, 7, 8, 9, 10, 11, 12, 13, 14, 15, 16, 17, 18, 19, 20, 21, 22, 23, 24, 25, 26, 27, 28, 29, 30, 31, 32, 33, 34, 35, 36, 37, 38, 39, 40, 41], "columns": {"0": "2018", "1": "4", "2": "0.341897", "3": "1.149067", "4": "0.000000", "5": "1.490964"}, "data": [[NaN, 5.0, 0.060221, 0.128832, 0.0, 0.189053], [NaN, 6.0, 0.317434, 1.063446, 0.0, 1.38088], [NaN, 7.0, 0.303038, 1.142398, 0.0, 1.445436], [NaN, 8.0, 0.290685, 1.089675, 0.0, 1.38036], [NaN, 9.0, 0.313995, 1.123263, 0.0, 1.437258], [NaN, 10.0, 0.319803, 1.168869, 0.0, 1.488672], [NaN, 11.0, 0.329125, 1.126516, 0.0, 1.455641], [NaN, 12.0, 0.336193, 1.113144, 0.0, 1.449337], [2017.0, NaN, 4.508652, 13.248231, 0.0, 17.756883], [NaN, 1.0, 0.440669, 1.25515, 0.0, 1.695819], [NaN, 2.0, 0.374778, 0.950992, 0.0, 1.32577], [NaN, 3.0, 0.4361, 1.129294, 0.0, 1.565394], [NaN, 4.0, 0.409981, 1.105971, 0.0, 1.515952], [NaN, 5.0, 0.407844, 1.183128, 0.0, 1.590972], [NaN, 6.0, 0.382674, 1.142077, 0.0, 1.524751], [NaN, 7.0, 0.388346, 1.221526, 0.0, 1.609872], [NaN, 8.0, 0.365875, 1.218163, 0.0, 1.584038], [NaN, 9.0, 0.329547, 0.814889, 0.0, 1.144436], [NaN, 10.0, 0.318516, 0.881129, 0.0, 1.199645], [NaN, 11.0, 0.322086, 1.122961, 0.0, 1.445047], [NaN, 12.0, 0.332236, 1.222951, 0.0, 1.555187], [2016.0, NaN, 4.476779, 13.989829, 0.0, 18.466608], [NaN, 1.0, 0.366607, 1.116727, 0.0, 1.483334], [NaN, 2.0, 0.360461, 1.119743, 0.0, 1.480204], [NaN, 3.0, 0.376797, 1.140652, 0.0, 1.517449], [NaN, 4.0, 0.353066, 1.123332, 0.0, 1.476398], [NaN, 5.0, 0.357072, 1.202695, 0.0, 1.559767], [NaN, 6.0, 0.363801, 1.216024, 0.0, 1.579825], [NaN, 7.0, 0.386927, 1.231237, 0.0, 1.618164], [NaN, 8.0, 0.383177, 1.22984, 0.0, 1.613017], [NaN, 9.0, 0.325442, 1.043031, 0.0, 1.368473], [NaN, 10.0, 0.390001, 1.159825, 0.0, 1.549826], [NaN, 11.0, 0.384267, 1.179883, 0.0, 1.56415], [NaN, 12.0, 0.429161, 1.22684, 0.0, 1.656001], [2015.0, NaN, 3.908575, 13.209472, 0.0, 17.118047], [1.0, 0.328267, 1.069618, 0.0, 1.397885, NaN], [2.0, 0.311861, 1.077942, 0.0, 1.389803, NaN], [3.0, 0.338227, 1.091403, 0.0, 1.42963, NaN], [4.0, 0.310539, 1.071712, 0.0, 1.382251, NaN], [5.0, 0.353475, 1.142211, 0.0, 1.495686, NaN], [6.0, 0.321053, 1.074524, 0.0, 1.395577, NaN], [7.0, 0.324708, 1.141066, 0.0, 1.465774, NaN]]}, "27": {"index": [0, 1, 2, 3, 4, 5, 6, 7, 8, 9, 10, 11, 12, 13, 14, 15, 16, 17, 18, 19, 20, 21, 22, 23, 24, 25, 26, 27, 28, 29, 30, 31, 32, 33, 34, 35, 36, 37, 38, 39, 40, 41], "columns": {"0": "2015", "1": "8", "2": "0.297860", "3": "1.047686", "4": "0.000000", "5": "1.345546"}, "data": [[NaN, 9.0, 0.320175, 1.075304, 0.0, 1.395479], [NaN, 10.0, 0.314743, 1.046714, 0.0, 1.361457], [NaN, 11.0, 0.323723, 1.131391, 0.0, 1.455114], [NaN, 12.0, 0.363944, 1.239901, 0.0, 1.603845], [2014.0, NaN, 3.623081, 11.941905, 0.0, 15.564986], [NaN, 1.0, 0.34677, 1.139998, 0.0, 1.486768], [NaN, 2.0, 0.304236, 1.028923, 0.0, 1.333159], [NaN, 3.0, 0.332477, 1.073125, 0.0, 1.405602], [NaN, 4.0, 0.263023, 0.859285, 0.0, 1.122308], [NaN, 5.0, 0.084974, 0.25806, 0.0, 0.343034], [NaN, 6.0, 0.319536, 1.094396, 0.0, 1.413932], [NaN, 7.0, 0.331989, 1.096539, 0.0, 1.428528], [NaN, 8.0, 0.335243, 1.039527, 0.0, 1.37477], [NaN, 9.0, 0.329469, 1.070278, 0.0, 1.399747], [NaN, 10.0, 0.323564, 1.052192, 0.0, 1.375756], [NaN, 11.0, 0.311523, 1.085292, 0.0, 1.396815], [NaN, 12.0, 0.340277, 1.14429, 0.0, 1.484567], [2013.0, NaN, 3.939609, 12.337932, 0.0, 16.277541], [NaN, 1.0, 0.335023, 1.107476, 0.0, 1.442499], [NaN, 2.0, 0.286364, 0.985469, 0.0, 1.271833], [NaN, 3.0, 0.305114, 0.957348, 0.0, 1.262462], [NaN, 4.0, 0.346205, 1.028738, 0.0, 1.374943], [NaN, 5.0, 0.373161, 1.077958, 0.0, 1.451119], [NaN, 6.0, 0.267164, 0.860507, 0.0, 1.127671], [NaN, 7.0, 0.343104, 1.139323, 0.0, 1.482427], [NaN, 8.0, 0.331201, 1.040094, 0.0, 1.371295], [NaN, 9.0, 0.344096, 1.052887, 0.0, 1.396983], [NaN, 10.0, 0.332229, 0.995053, 0.0, 1.327282], [NaN, 11.0, 0.315147, 0.919298, 0.0, 1.234445], [NaN, 12.0, 0.360801, 1.173781, 0.0, 1.534582], [2012.0, NaN, 4.307806, 12.214824, 0.0, 16.52263], [1.0, 0.409359, 1.173578, 0.0, 1.582937, NaN], [2.0, 0.398367, 0.971104, 0.0, 1.369471, NaN], [3.0, 0.411742, 1.063125, 0.0, 1.474867, NaN], [4.0, 0.37665, 0.976956, 0.0, 1.353606, NaN], [5.0, 0.382845, 1.029259, 0.0, 1.412104, NaN], [6.0, 0.295715, 0.806691, 0.0, 1.102406, NaN], [7.0, 0.276669, 0.723271, 0.0, 0.99994, NaN], [8.0, 0.391649, 1.115823, 0.0, 1.507472, NaN], [9.0, 0.315511, 1.064328, 0.0, 1.379839, NaN], [10.0, 0.363307, 1.12951, 0.0, 1.492817, NaN], [11.0, 0.329617, 1.038772, 0.0, 1.368389, NaN]]}, "28": {"index": [0, 1, 2, 3, 4, 5, 6, 7, 8, 9, 10, 11, 12, 13, 14, 15, 16, 17, 18, 19, 20, 21, 22, 23, 24, 25, 26, 27, 28, 29, 30, 31, 32, 33, 34, 35, 36, 37, 38, 39, 40, 41], "columns": {"0": "2012", "1": "12", "2": "0.356375", "3": "1.122407", "4": "0.000000", "5": "1.478782"}, "data": [[2011.0, NaN, 4.944943, 11.2934, 0.0, 16.238343], [NaN, 1.0, 0.342874, 0.916473, 0.0, 1.259347], [NaN, 2.0, 0.381492, 0.970897, 0.0, 1.352389], [NaN, 3.0, 0.470586, 1.020785, 0.0, 1.491371], [NaN, 4.0, 0.475775, 0.970314, 0.0, 1.446089], [NaN, 5.0, 0.241405, 0.542318, 0.0, 0.783723], [NaN, 6.0, 0.353399, 0.807456, 0.0, 1.160855], [NaN, 7.0, 0.456967, 1.075115, 0.0, 1.532082], [NaN, 8.0, 0.489485, 0.969421, 0.0, 1.458906], [NaN, 9.0, 0.413209, 0.89901, 0.0, 1.312219], [NaN, 10.0, 0.446482, 0.997572, 0.0, 1.444054], [NaN, 11.0, 0.439343, 1.034562, 0.0, 1.473905], [NaN, 12.0, 0.433926, 1.089477, 0.0, 1.523403], [2010.0, NaN, 5.174434, 10.314608, 0.0, 15.489042], [NaN, 1.0, 0.603452, 1.116159, 0.0, 1.719611], [NaN, 2.0, 0.496132, 0.976172, 0.0, 1.472304], [NaN, 3.0, 0.478872, 0.956905, 0.0, 1.435777], [NaN, 4.0, 0.493923, 0.937615, 0.0, 1.431538], [NaN, 5.0, 0.456959, 0.84515, 0.0, 1.302109], [NaN, 6.0, 0.326019, 0.486277, 0.0, 0.812296], [NaN, 7.0, 0.297435, 0.541151, 0.0, 0.838586], [NaN, 8.0, 0.332201, 0.545735, 0.0, 0.877936], [NaN, 9.0, 0.394667, 0.784071, 0.0, 1.178738], [NaN, 10.0, 0.450708, 1.035825, 0.0, 1.486533], [NaN, 11.0, 0.393913, 0.925054, 0.0, 1.318967], [NaN, 12.0, 0.450153, 1.164494, 0.0, 1.614647], [2009.0, NaN, 6.034396, 11.455597, 0.0, 17.489993], [NaN, 1.0, 0.605288, 1.205258, 0.0, 1.810546], [NaN, 2.0, 0.552931, 1.101351, 0.0, 1.654282], [NaN, 3.0, 0.586603, 1.109225, 0.0, 1.695828], [NaN, 4.0, 0.545072, 1.040429, 0.0, 1.585501], [NaN, 5.0, 0.553679, 1.002404, 0.0, 1.556083], [NaN, 6.0, 0.227444, 0.443665, 0.0, 0.671109], [NaN, 7.0, 0.493491, 0.94419, 0.0, 1.437681], [NaN, 8.0, 0.38418, 0.748394, 0.0, 1.132574], [NaN, 9.0, 0.509892, 1.024335, 0.0, 1.534227], [NaN, 10.0, 0.467732, 0.80451, 0.0, 1.272242], [NaN, 11.0, 0.560606, 1.041884, 0.0, 1.60249], [NaN, 12.0, 0.547478, 0.989952, 0.0, 1.53743], [2008.0, NaN, 6.417968, 12.699158, 0.0, 19.117126], [1.0, 0.521735, 1.11431, 0.0, 1.636045, NaN], [2.0, 0.489351, 1.063185, 0.0, 1.552536, NaN]]}, "29": {"index": [0, 1, 2, 3, 4, 5, 6, 7, 8, 9, 10, 11, 12, 13, 14, 15, 16, 17, 18, 19, 20, 21, 22, 23, 24, 25, 26, 27, 28, 29, 30, 31, 32, 33, 34, 35, 36, 37, 38, 39, 40, 41], "columns": {"0": "2008", "1": "3", "2": "0.505885", "3": "1.164223", "4": "0.000000", "5": "1.670108"}, "data": [[NaN, 4.0, 0.522624, 1.116578, 0.0, 1.639202], [NaN, 5.0, 0.533818, 1.027037, 0.0, 1.560855], [NaN, 6.0, 0.363579, 0.757751, 0.0, 1.12133], [NaN, 7.0, 0.627921, 1.064995, 0.0, 1.692916], [NaN, 8.0, 0.524126, 0.978628, 0.0, 1.502754], [NaN, 9.0, 0.478642, 1.012181, 0.0, 1.490823], [NaN, 10.0, 0.639975, 1.134174, 0.0, 1.774149], [NaN, 11.0, 0.598437, 1.095819, 0.0, 1.694256], [NaN, 12.0, 0.611875, 1.170277, 0.0, 1.782152], [2007.0, NaN, 6.648791, 12.05443, 0.0, 18.703221], [NaN, 1.0, 0.650657, 1.140706, 0.0, 1.791363], [NaN, 2.0, 0.567206, 0.997164, 0.0, 1.56437], [NaN, 3.0, 0.524308, 0.918601, 0.0, 1.442909], [NaN, 4.0, 0.605088, 1.043902, 0.0, 1.64899], [NaN, 5.0, 0.523263, 0.963648, 0.0, 1.486911], [NaN, 6.0, 0.396664, 0.636395, 0.0, 1.033059], [NaN, 7.0, 0.564641, 0.983046, 0.0, 1.547687], [NaN, 8.0, 0.564447, 1.067603, 0.0, 1.63205], [NaN, 9.0, 0.543366, 1.003631, 0.0, 1.546997], [NaN, 10.0, 0.600597, 1.109008, 0.0, 1.709605], [NaN, 11.0, 0.565647, 1.084597, 0.0, 1.650244], [NaN, 12.0, 0.542907, 1.106129, 0.0, 1.649036], [2006.0, NaN, 7.465859, 12.425206, 0.0, 19.891065], [NaN, 1.0, 0.718212, 1.12544, 0.0, 1.843652], [NaN, 2.0, 0.642388, 1.058459, 0.0, 1.700847], [NaN, 3.0, 0.625742, 1.05888, 0.0, 1.684622], [NaN, 4.0, 0.602581, 1.003009, 0.0, 1.60559], [NaN, 5.0, 0.635794, 1.050728, 0.0, 1.686522], [NaN, 6.0, 0.634508, 0.958898, 0.0, 1.593406], [NaN, 7.0, 0.673565, 1.089556, 0.0, 1.763121], [NaN, 8.0, 0.585887, 1.039802, 0.0, 1.625689], [NaN, 9.0, 0.540844, 0.935407, 0.0, 1.476251], [NaN, 10.0, 0.578321, 1.013101, 0.0, 1.591422], [NaN, 11.0, 0.585607, 0.956038, 0.0, 1.541645], [NaN, 12.0, 0.64241, 1.135888, 0.0, 1.778298], [2005.0, NaN, 8.590512, 12.080783, 0.0, 20.671295], [1.0, 0.793224, 1.034285, 0.0, 1.827509, NaN], [2.0, 0.718786, 1.004688, 0.0, 1.723474, NaN], [3.0, 0.836959, 1.084859, 0.0, 1.921818, NaN], [4.0, 0.748364, 0.933089, 0.0, 1.681453, NaN], [5.0, 0.764122, 1.012363, 0.0, 1.776485, NaN], [6.0, 0.445473, 0.552748, 0.0, 0.998221, NaN]]}, "30": {"index": [0, 1, 2, 3, 4, 5, 6, 7, 8, 9, 10, 11, 12, 13, 14, 15, 16, 17, 18, 19, 20, 21, 22, 23, 24, 25, 26, 27, 28, 29, 30, 31, 32, 33, 34, 35, 36, 37, 38, 39, 40, 41], "columns": {"0": "2005", "1": "7", "2": "0.739933", "3": "1.083196", "4": "0.000000", "5": "1.823129"}, "data": [[NaN, 8.0, 0.761517, 1.130832, 0.0, 1.892349], [NaN, 9.0, 0.694008, 1.005168, 0.0, 1.699176], [NaN, 10.0, 0.670648, 1.037144, 0.0, 1.707792], [NaN, 11.0, 0.667041, 1.068072, 0.0, 1.735113], [NaN, 12.0, 0.750437, 1.134339, 0.0, 1.884776], [2004.0, NaN, 9.894029, 12.058314, 0.0, 21.952343], [NaN, 1.0, 0.92727, 1.041268, 0.0, 1.968538], [NaN, 2.0, 0.811573, 0.94765, 0.0, 1.759223], [NaN, 3.0, 0.916857, 1.093022, 0.0, 2.009879], [NaN, 4.0, 0.778163, 0.886933, 0.0, 1.665096], [NaN, 5.0, 0.771096, 0.932029, 0.0, 1.703125], [NaN, 6.0, 0.808547, 0.980714, 0.0, 1.789261], [NaN, 7.0, 0.848829, 1.053649, 0.0, 1.902478], [NaN, 8.0, 0.852562, 1.071457, 0.0, 1.924019], [NaN, 9.0, 0.722049, 0.926117, 0.0, 1.648166], [NaN, 10.0, 0.853992, 1.063583, 0.0, 1.917575], [NaN, 11.0, 0.789496, 0.992053, 0.0, 1.781549], [NaN, 12.0, 0.813595, 1.069839, 0.0, 1.883434], [2003.0, NaN, 10.314523, 10.352217, 0.0, 20.66674], [NaN, 1.0, 0.953714, 0.902149, 0.0, 1.855863], [NaN, 2.0, 0.836142, 0.823089, 0.0, 1.659231], [NaN, 3.0, 0.941364, 0.935868, 0.0, 1.877232], [NaN, 4.0, 0.765707, 0.796601, 0.0, 1.562308], [NaN, 5.0, 0.782133, 0.863303, 0.0, 1.645436], [NaN, 6.0, 0.773884, 0.749793, 0.0, 1.523677], [NaN, 7.0, 0.744851, 0.624856, 0.0, 1.369707], [NaN, 8.0, 0.883918, 0.932498, 0.0, 1.816416], [NaN, 9.0, 0.827579, 0.796794, 0.0, 1.624373], [NaN, 10.0, 0.919012, 0.950747, 0.0, 1.869759], [NaN, 11.0, 0.926941, 0.958187, 0.0, 1.885128], [NaN, 12.0, 0.959278, 1.018332, 0.0, 1.97761], [2002.0, NaN, 11.079266, 10.44435, 0.0, 21.523616], [1.0, 1.017183, 0.943753, 0.0, 1.960936, NaN], [2.0, 0.935696, 0.853146, 0.0, 1.788842, NaN], [3.0, 0.733172, 0.685217, 0.0, 1.418389, NaN], [4.0, 0.949068, 0.778601, 0.0, 1.727669, NaN], [5.0, 1.005062, 0.864706, 0.0, 1.869768, NaN], [6.0, 0.916727, 0.803537, 0.0, 1.720264, NaN], [7.0, 0.935825, 0.968048, 0.0, 1.903873, NaN], [8.0, 0.867601, 0.840644, 0.0, 1.708245, NaN], [9.0, 0.943629, 0.973754, 0.0, 1.917383, NaN], [10.0, 0.939183, 0.931537, 0.0, 1.87072, NaN]]}, "31": {"index": [0, 1, 2, 3, 4, 5, 6, 7, 8, 9, 10, 11, 12, 13, 14, 15, 16, 17, 18, 19, 20, 21, 22, 23, 24, 25, 26, 27, 28, 29, 30, 31, 32, 33, 34, 35, 36, 37, 38, 39, 40, 41], "columns": {"0": "2002", "1": "11", "2": "0.907075", "3": "0.900762", "4": "0.000000", "5": "1.807837"}, "data": [[NaN, 12.0, 0.929045, 0.900645, 0.0, 1.82969], [2001.0, NaN, 12.097059, 10.675404, 0.0, 22.772463], [NaN, 1.0, 1.115822, 0.853086, 0.0, 1.968908], [NaN, 2.0, 0.968277, 0.780059, 0.0, 1.748336], [NaN, 3.0, 1.047662, 0.911174, 0.0, 1.958836], [NaN, 4.0, 1.058608, 0.988068, 0.0, 2.046676], [NaN, 5.0, 1.039085, 0.911627, 0.0, 1.950712], [NaN, 6.0, 0.610915, 0.567438, 0.0, 1.178353], [NaN, 7.0, 0.962092, 0.862843, 0.0, 1.824935], [NaN, 8.0, 1.011875, 1.026422, 0.0, 2.038297], [NaN, 9.0, 1.035471, 0.978886, 0.0, 2.014357], [NaN, 10.0, 1.022497, 0.894993, 0.0, 1.91749], [NaN, 11.0, 1.120971, 0.950886, 0.0, 2.071857], [NaN, 12.0, 1.103784, 0.949922, 0.0, 2.053706], [2000.0, NaN, 16.110129, 10.911722, 0.0, 27.021851], [NaN, 1.0, 1.572667, 0.909283, 0.0, 2.48195], [NaN, 2.0, 1.393294, 0.846632, 0.0, 2.239926], [NaN, 3.0, 1.534688, 0.982015, 0.0, 2.516703], [NaN, 4.0, 1.360212, 0.848569, 0.0, 2.208781], [NaN, 5.0, 1.323422, 0.862172, 0.0, 2.185594], [NaN, 6.0, 1.37622, 0.913038, 0.0, 2.289258], [NaN, 7.0, 1.485853, 1.075513, 0.0, 2.561366], [NaN, 8.0, 1.285574, 0.899272, 0.0, 2.184846], [NaN, 9.0, 1.221367, 0.911108, 0.0, 2.132475], [NaN, 10.0, 1.260031, 0.936965, 0.0, 2.196996], [NaN, 11.0, 1.125656, 0.846319, 0.0, 1.971975], [NaN, 12.0, 1.171145, 0.880836, 0.0, 2.051981], [1999.0, NaN, 19.459404, 8.691096, 0.0, 28.1505], [NaN, 1.0, 2.046329, 0.7763, 0.0, 2.822629], [NaN, 2.0, 1.748464, 0.673713, 0.0, 2.422177], [NaN, 3.0, 1.887277, 0.794908, 0.0, 2.682185], [NaN, 4.0, 1.769828, 0.745885, 0.0, 2.515713], [NaN, 5.0, 1.793129, 0.799734, 0.0, 2.592863], [NaN, 6.0, 0.853247, 0.335973, 0.0, 1.18922], [NaN, 7.0, 1.741463, 0.774519, 0.0, 2.515982], [NaN, 8.0, 1.557058, 0.794362, 0.0, 2.35142], [NaN, 9.0, 1.424099, 0.67166, 0.0, 2.095759], [NaN, 10.0, 1.569381, 0.769224, 0.0, 2.338605], [NaN, 11.0, 1.530562, 0.778082, 0.0, 2.308644], [NaN, 12.0, 1.538567, 0.776736, 0.0, 2.315303], [1998.0, NaN, 24.165734, 7.604217, 0.0, 31.769951], [1.0, 2.171779, 0.649207, 0.0, 2.820986, NaN]]}, "32": {"index": [0, 1, 2, 3, 4, 5, 6, 7, 8, 9, 10, 11, 12, 13, 14, 15, 16, 17, 18, 19, 20, 21, 22, 23, 24, 25, 26, 27, 28, 29, 30, 31, 32, 33, 34, 35, 36, 37, 38, 39, 40, 41], "columns": {"0": "1998", "1": "2", "2": "1.975518", "3": "0.641654", "4": "0.000000", "5": "2.617172"}, "data": [[NaN, 3.0, 2.013075, 0.640878, 0.0, 2.653953], [NaN, 4.0, 1.935147, 0.533395, 0.0, 2.468542], [NaN, 5.0, 1.947312, 0.536357, 0.0, 2.483669], [NaN, 6.0, 1.949661, 0.531783, 0.0, 2.481444], [NaN, 7.0, 2.033975, 0.548096, 0.0, 2.582071], [NaN, 8.0, 2.090276, 0.688758, 0.0, 2.779034], [NaN, 9.0, 2.017031, 0.698682, 0.0, 2.715713], [NaN, 10.0, 2.041646, 0.740364, 0.0, 2.78201], [NaN, 11.0, 1.843337, 0.649261, 0.0, 2.492598], [NaN, 12.0, 2.146977, 0.745782, 0.0, 2.892759], [1997.0, NaN, 27.435735, 7.202407, 0.0, 34.638142], [NaN, 1.0, 2.495678, 0.61625, 0.0, 3.111928], [NaN, 2.0, 2.264996, 0.55623, 0.0, 2.821226], [NaN, 3.0, 2.42706, 0.641106, 0.0, 3.068166], [NaN, 4.0, 2.418379, 0.628468, 0.0, 3.046847], [NaN, 5.0, 2.422474, 0.591829, 0.0, 3.014303], [NaN, 6.0, 1.705805, 0.381713, 0.0, 2.087518], [NaN, 7.0, 2.430006, 0.613088, 0.0, 3.043094], [NaN, 8.0, 2.38386, 0.649321, 0.0, 3.033181], [NaN, 9.0, 2.259433, 0.631091, 0.0, 2.890524], [NaN, 10.0, 2.258565, 0.650232, 0.0, 2.908797], [NaN, 11.0, 2.133502, 0.602652, 0.0, 2.736154], [NaN, 12.0, 2.235977, 0.640427, 0.0, 2.876404], [1996.0, NaN, 29.241046, 6.2221, 0.0, 35.463146], [NaN, 1.0, 2.506957, 0.566054, 0.0, 3.073011], [NaN, 2.0, 2.349016, 0.509118, 0.0, 2.858134], [NaN, 3.0, 2.494247, 0.530677, 0.0, 3.024924], [NaN, 4.0, 2.434516, 0.509018, 0.0, 2.943534], [NaN, 5.0, 2.368965, 0.496898, 0.0, 2.865863], [NaN, 6.0, 2.417356, 0.502474, 0.0, 2.91983], [NaN, 7.0, 2.502129, 0.498234, 0.0, 3.000363], [NaN, 8.0, 2.495809, 0.49613, 0.0, 2.991939], [NaN, 9.0, 2.39512, 0.527964, 0.0, 2.923084], [NaN, 10.0, 2.504961, 0.495086, 0.0, 3.000047], [NaN, 11.0, 2.362601, 0.525003, 0.0, 2.887604], [NaN, 12.0, 2.409369, 0.565444, 0.0, 2.974813], [1995.0, NaN, 29.07209, 5.400609, 0.0, 34.472699], [1.0, 2.5107, 0.47806, 0.0, 2.98876, NaN], [2.0, 2.26455, 0.431918, 0.0, 2.696468, NaN], [3.0, 2.510446, 0.483177, 0.0, 2.993623, NaN], [4.0, 2.426062, 0.436369, 0.0, 2.862431, NaN], [5.0, 2.505217, 0.427233, 0.0, 2.93245, NaN]]}, "33": {"index": [0, 1, 2, 3, 4, 5, 6, 7, 8, 9, 10, 11, 12, 13, 14, 15, 16, 17, 18, 19, 20, 21, 22, 23, 24, 25, 26, 27, 28, 29, 30, 31, 32, 33, 34, 35, 36, 37, 38, 39, 40, 41], "columns": {"0": "1995", "1": "6", "2": "1.994529", "3": "0.350229", "4": "0.000000", "5": "2.344758"}, "data": [[NaN, 7.0, 2.516719, 0.443463, 0.0, 2.960182], [NaN, 8.0, 2.494621, 0.422346, 0.0, 2.916967], [NaN, 9.0, 2.431324, 0.429245, 0.0, 2.860569], [NaN, 10.0, 2.516414, 0.50833, 0.0, 3.024744], [NaN, 11.0, 2.420332, 0.472165, 0.0, 2.892497], [NaN, 12.0, 2.481176, 0.518074, 0.0, 2.99925], [1994.0, NaN, 29.303178, 5.318762, 0.0, 34.62194], [NaN, 1.0, 2.496761, 0.40276, 0.0, 2.899521], [NaN, 2.0, 2.267497, 0.371133, 0.0, 2.63863], [NaN, 3.0, 2.45679, 0.425233, 0.0, 2.882023], [NaN, 4.0, 2.350687, 0.436368, 0.0, 2.787055], [NaN, 5.0, 2.506627, 0.428244, 0.0, 2.934871], [NaN, 6.0, 2.422991, 0.450872, 0.0, 2.873863], [NaN, 7.0, 2.504226, 0.492514, 0.0, 2.99674], [NaN, 8.0, 2.503754, 0.485263, 0.0, 2.989017], [NaN, 9.0, 2.415058, 0.458473, 0.0, 2.873531], [NaN, 10.0, 2.460003, 0.465889, 0.0, 2.925892], [NaN, 11.0, 2.414538, 0.459777, 0.0, 2.874315], [NaN, 12.0, 2.504246, 0.442236, 0.0, 2.946482], [1993.0, NaN, 28.60021, 4.398534, 0.0, 32.998744], [NaN, 1.0, 2.26621, 0.345106, 0.0, 2.611316], [NaN, 2.0, 2.103572, 0.32209, 0.0, 2.425662], [NaN, 3.0, 2.417291, 0.374238, 0.0, 2.791529], [NaN, 4.0, 2.379125, 0.367119, 0.0, 2.746244], [NaN, 5.0, 2.454382, 0.382119, 0.0, 2.836501], [NaN, 6.0, 2.124784, 0.33073, 0.0, 2.455514], [NaN, 7.0, 2.492849, 0.386869, 0.0, 2.879718], [NaN, 8.0, 2.495165, 0.371232, 0.0, 2.866397], [NaN, 9.0, 2.427928, 0.376356, 0.0, 2.804284], [NaN, 10.0, 2.502953, 0.389186, 0.0, 2.892139], [NaN, 11.0, 2.423306, 0.372935, 0.0, 2.796241], [NaN, 12.0, 2.512645, 0.380554, 0.0, 2.893199], [1992.0, NaN, 26.219997, 4.045396, 0.0, 30.265393], [1.0, 2.254869, 0.350788, 0.0, 2.605657, NaN], [2.0, 1.454769, 0.210342, 0.0, 1.665111, NaN], [3.0, 2.202661, 0.317105, 0.0, 2.519766, NaN], [4.0, 2.225774, 0.337915, 0.0, 2.563689, NaN], [5.0, 2.29966, 0.35855, 0.0, 2.65821, NaN], [6.0, 2.220186, 0.351121, 0.0, 2.571307, NaN], [7.0, 2.279671, 0.355179, 0.0, 2.63485, NaN], [8.0, 2.27632, 0.343313, 0.0, 2.619633, NaN], [9.0, 2.230131, 0.339642, 0.0, 2.569773, NaN]]}, "34": {"index": [0, 1, 2, 3, 4, 5, 6, 7, 8, 9, 10, 11, 12, 13, 14, 15, 16, 17, 18, 19, 20, 21, 22, 23, 24, 25, 26, 27, 28, 29, 30, 31, 32, 33, 34, 35, 36, 37, 38, 39, 40], "columns": {"0": "1992", "1": "10", "2": "2.261961", "3": "0.347028", "4": "0.000000", "5": "2.608989"}, "data": [[NaN, 11.0, 2.199225, 0.35701, 0.0, 2.556235], [NaN, 12.0, 2.31477, 0.377403, 0.0, 2.692173], [1991.0, NaN, 20.998341, 2.950924, 0.0, 23.949265], [NaN, 1.0, 1.611241, 0.223348, 0.0, 1.834589], [NaN, 2.0, 1.397888, 0.205183, 0.0, 1.603071], [NaN, 3.0, 1.632406, 0.228404, 0.0, 1.86081], [NaN, 4.0, 1.549535, 0.20885, 0.0, 1.758385], [NaN, 5.0, 1.63726, 0.219641, 0.0, 1.856901], [NaN, 6.0, 1.569449, 0.210905, 0.0, 1.780354], [NaN, 7.0, 1.586135, 0.221633, 0.0, 1.807768], [NaN, 8.0, 1.662119, 0.235413, 0.0, 1.897532], [NaN, 9.0, 1.915905, 0.268808, 0.0, 2.184713], [NaN, 10.0, 2.083491, 0.300669, 0.0, 2.38416], [NaN, 11.0, 2.089901, 0.292599, 0.0, 2.3825], [NaN, 12.0, 2.263011, 0.335471, 0.0, 2.598482], [1990.0, NaN, 17.344807, 2.413573, 0.0, 19.75838], [NaN, 1.0, 1.485484, 0.210081, 0.0, 1.695565], [NaN, 2.0, 1.337806, 0.188129, 0.0, 1.525935], [NaN, 3.0, 1.524095, 0.2119, 0.0, 1.735995], [NaN, 4.0, 1.516425, 0.207713, 0.0, 1.724138], [NaN, 5.0, 1.580102, 0.217237, 0.0, 1.797339], [NaN, 6.0, 1.051322, 0.146004, 0.0, 1.197326], [NaN, 7.0, 1.358903, 0.189225, 0.0, 1.548128], [NaN, 8.0, 1.25893, 0.173198, 0.0, 1.432128], [NaN, 9.0, 1.611034, 0.225267, 0.0, 1.836301], [NaN, 10.0, 1.624556, 0.226746, 0.0, 1.851302], [NaN, 11.0, 1.586487, 0.220804, 0.0, 1.807291], [NaN, 12.0, 1.409663, 0.197269, 0.0, 1.606932], [1989.0, NaN, 13.514304, 1.837117, 0.0, 15.351421], [1.0, 0.72712, 0.099206, 0.0, 0.826326, NaN], [2.0, 0.941977, 0.12371, 0.0, 1.065687, NaN], [3.0, 0.935612, 0.12901, 0.0, 1.064622, NaN], [4.0, 1.201872, 0.165418, 0.0, 1.36729, NaN], [5.0, 1.172266, 0.160187, 0.0, 1.332453, NaN], [6.0, 1.231104, 0.168676, 0.0, 1.39978, NaN], [7.0, 1.281663, 0.175748, 0.0, 1.457411, NaN], [8.0, 1.288789, 0.176949, 0.0, 1.465738, NaN], [9.0, 1.195745, 0.162744, 0.0, 1.358489, NaN], [10.0, 1.293885, 0.17137, 0.0, 1.465255, NaN], [11.0, 1.361034, 0.185833, 0.0, 1.546867, NaN], [12.0, 0.883237, 0.118266, 0.0, 1.001503, NaN]]}, "35": {"index": [0, 1, 2, 3, 4, 5, 6, 7, 8, 9, 10, 11, 12, 13, 14, 15, 16, 17, 18, 19, 20, 21, 22, 23, 24, 25, 26, 27, 28, 29], "columns": {"0": "1988", "1": "Unnamed: 0", "2": "1.125957", "3": "0.151536", "4": "0.000000", "5": "1.277493"}, "data": [[NaN, 1.0, 0.104316, 0.015062, 0.0, 0.119378], [NaN, 2.0, 0.086928, 0.012208, 0.0, 0.099136], [NaN, 3.0, 0.101135, 0.014267, 0.0, 0.115402], [NaN, 4.0, 0.104211, 0.014491, 0.0, 0.118702], [NaN, 5.0, 0.072703, 0.010144, 0.0, 0.082847], [NaN, 6.0, 0.007263, 0.001025, 0.0, 0.008288], [NaN, 7.0, 0.0, 0.0, 0.0, 0.0], [NaN, 8.0, 0.0, 0.0, 0.0, 0.0], [NaN, 9.0, 0.0, 0.0, 0.0, 0.0], [NaN, 10.0, 0.0, 0.0, 0.0, 0.0], [NaN, 11.0, 0.0, 0.0, 0.0, 0.0], [NaN, 12.0, 0.649401, 0.084339, 0.0, 0.73374], [1987.0, NaN, 0.807807, 0.122679, 0.0, 0.930486], [NaN, 1.0, 0.103966, 0.016137, 0.0, 0.120103], [NaN, 2.0, 0.100598, 0.015135, 0.0, 0.115733], [NaN, 3.0, 0.05919, 0.008756, 0.0, 0.067946], [NaN, 4.0, 0.059046, 0.008624, 0.0, 0.06767], [NaN, 5.0, 0.061309, 0.00861, 0.0, 0.069919], [NaN, 6.0, 0.087904, 0.0132, 0.0, 0.101104], [NaN, 7.0, 0.097462, 0.014981, 0.0, 0.112443], [NaN, 8.0, 0.079734, 0.013251, 0.0, 0.092985], [NaN, 9.0, 0.008193, 0.001501, 0.0, 0.009694], [NaN, 10.0, 0.004751, 0.000712, 0.0, 0.005463], [NaN, 11.0, 0.055305, 0.008864, 0.0, 0.064169], [NaN, 12.0, 0.090349, 0.012908, 0.0, 0.103257], [1986.0, NaN, 0.290783, 0.043511, 0.0, 0.334294], [9.0, 0.019838, 0.002085, 0.0, 0.021923, NaN], [10.0, 0.091008, 0.01342, 0.0, 0.104428, NaN], [11.0, 0.086625, 0.013371, 0.0, 0.099996, NaN], [12.0, 0.093312, 0.014635, 0.0, 0.107947, NaN]]}, "36": {"index": [0, 1, 2, 3, 4, 5, 6, 7, 8, 9, 10, 11, 12, 13, 14, 15, 16, 17, 18, 19, 20, 21, 22, 23, 24, 25, 26, 27, 28, 29, 30, 31, 32, 33, 34], "columns": {"0": "Wellbore name", "1": "Entered date", "2": "Completeddate", "3": "Purpose", "4": "Status", "5": "Content"}, "data": [["30/6-1", "18.06.1979", "22.09.1979", "WILDCAT", "P&A", "GAS"], ["30/6-2", "24.09.1979", "11.12.1979", "APPRAISAL", "P&A", "OIL/GAS"], ["30/6-3", "16.12.1979", "07.03.1980", "APPRAISAL", "P&A", "GAS/CONDENSATE"], ["30/6-4", "17.02.1981", "11.05.1981", "APPRAISAL", "P&A", "OIL/GAS"], ["30/6-6", "09.01.1982", "24.03.1982", "APPRAISAL", "P&A", "DRY"], ["30/6-7", "20.05.1982", "24.08.1982", "APPRAISAL", "P&A", "OIL/GAS"], ["30/6-9", "28.08.1982", "16.12.1982", "WILDCAT", "SUSPENDED", "OIL/GAS"], ["30/6-9 R", "09.05.1990", "12.05.1990", "WILDCAT", "P&A", "OIL/GAS"], ["30/6-10", "04.10.1982", "02.12.1982", "APPRAISAL", "P&A", "OIL/GAS"], ["30/6-10 A", "02.12.1982", "03.03.1983", "APPRAISAL", "P&A", "OIL/GAS"], ["30/6-12", "20.02.1983", "09.03.1983", "APPRAISAL", "JUNKED", "NOTAPPLICABLE"], ["30/6-13", "11.03.1983", "14.05.1983", "APPRAISAL", "SUSPENDED", "OIL/GAS"], ["30/6-13 R", "08.09.1986", "11.09.1986", "APPRAISAL", "P&A", "OIL/GAS"], ["30/6-15", "02.05.1984", "05.09.1984", "WILDCAT", "P&A", "OIL/GAS"], ["30/6-17", "12.08.1985", "24.08.1985", "WILDCAT", "SUSPENDED", "NOTAPPLICABLE"], ["30/6-17 A", "04.02.1986", "18.03.1986", "WILDCAT", "P&A", "OIL/GAS"], ["30/6-17 R", "14.11.1985", "04.02.1986", "WILDCAT", "P&A", "OIL/GAS"], ["30/6-18", "01.08.1985", "23.11.1985", "WILDCAT", "P&A", "OIL/GAS"], ["30/6-21", "22.02.1987", "09.04.1987", "APPRAISAL", "SUSPENDED", "OIL"], ["30/6-21 R", "04.06.1994", "12.06.1994", "APPRAISAL", "P&A", "OIL/GAS"], ["30/6-26", "15.09.2001", "07.10.2001", "WILDCAT", "P&A", "OIL/GAS"], ["30/6-27", "08.10.2001", "30.10.2001", "WILDCAT", "P&A", "OIL/GAS"], ["30/6-28 S", "16.01.2012", "29.03.2012", "WILDCAT", "P&A", "OIL"], ["30/6-29 S", "06.01.2015", "03.03.2015", "WILDCAT", "RE-CLASS TODEV", "OIL"], ["30/9-1", "24.10.1982", "29.01.1983", "APPRAISAL", "P&A", "OIL"], ["30/9-2", "01.04.1983", "12.07.1983", "APPRAISAL", "SUSPENDED", "OIL/GAS"], ["30/9-2 R", "01.06.1986", "07.07.1986", "APPRAISAL", "P&A", "OIL/GAS"], ["30/9-12", "07.04.1991", "09.05.1991", "APPRAISAL", "P&A", "OIL"], ["30/9-12 A", "09.05.1991", "04.06.1991", "APPRAISAL", "SUSPENDED", "OIL"], ["30/9-12 AR", "06.07.2002", "11.07.2002", "APPRAISAL", "P&A", "OIL"], ["30/9-19", "09.09.1998", "22.10.1998", "WILDCAT", "P&A", "OIL/GAS"], ["30/9-19 A", "28.10.1998", "21.12.1998", "APPRAISAL", "P&A", "OIL/GAS"], ["30/9-21 S", "13.03.2008", "30.04.2008", "APPRAISAL", "P&A", "OIL/GAS"], ["30/9-26 S", "10.11.2014", "22.11.2014", "APPRAISAL", "P&A", "OIL"], ["30/9-27 S", "20.08.2015", "25.08.2015", "APPRAISAL", "PLUGGED", "OIL"]]}, "37": {"index": [0, 1, 2, 3, 4, 5, 6, 7, 8, 9, 10, 11, 12, 13, 14, 15, 16, 17, 18, 19, 20, 21, 22, 23, 24, 25, 26, 27, 28, 29, 30, 31, 32, 33, 34, 35, 36], "columns": {"0": "Wellbore name", "1": "Entered date", "2": "Completeddate", "3": "Purpose", "4": "Content"}, "data": [["30/6-B-51 H", "14.04.1995", "28.05.1995", "OBSERVATION", "NOTAPPLICABLE"], ["30/6-B-51 AH", "23.01.1996", "26.02.1996", "PRODUCTION", "OIL"], ["30/6-C-1", "03.06.1992", "31.08.1992", "INJECTION", "WATER"], ["30/6-C-1 A", "25.11.2020", "23.03.2021", "PRODUCTION", "OIL"], ["30/6-C-2", "01.09.1994", "18.09.1994", "INJECTION", "WATER"], ["30/6-C-3", "06.05.1992", "26.05.1992", "PRODUCTION", "OIL"], ["30/6-C-3 A", "20.09.2001", "19.10.2001", "PRODUCTION", "OIL"], ["30/6-C-3 B", "11.02.2019", "01.03.2019", "PRODUCTION", "OIL"], ["30/6-C-3 C", NaN, NaN, "PRODUCTION", NaN], ["30/6-C-4", "20.11.1992", "08.01.1993", "INJECTION", "WATER"], ["30/6-C-4 A", "12.06.2010", "19.08.2010", "INJECTION", "CUTTINGS"], ["30/6-C-5", "14.10.1989", "05.12.1989", "INJECTION", "GAS"], ["30/6-C-5 A", "20.09.2018", "30.09.2018", "INJECTION", "GAS"], ["30/6-C-6", "14.03.1990", "23.04.1990", "PRODUCTION", "OIL"], ["30/6-C-6 A", "03.04.1995", "08.04.1995", "OBSERVATION", "NOTAPPLICABLE"], ["30/6-C-6 B", "09.04.1995", "26.04.1995", "PRODUCTION", "OIL"], ["30/6-C-6 C", "15.05.2002", "10.07.2002", "OBSERVATION", "NOTAPPLICABLE"], ["30/6-C-6 D", "17.07.2002", "30.07.2002", "PRODUCTION", "OIL"], ["30/6-C-6 E", "26.10.2015", "05.11.2015", "PRODUCTION", "OIL"], ["30/6-C-7", "08.02.1990", "08.03.1990", "PRODUCTION", "OIL"], ["30/6-C-7 A", "06.08.1996", "30.08.1996", "OBSERVATION", "NOTAPPLICABLE"], ["30/6-C-7 B", "13.11.1996", "19.12.1996", "PRODUCTION", "OIL"], ["30/6-C-7 C", "20.12.1996", "21.01.1997", "PRODUCTION", "OIL"], ["30/6-C-8", "15.08.1989", "06.10.1989", "INJECTION", "WATER"], ["30/6-C-8 A", "31.01.2006", "25.03.2006", "OBSERVATION", "NOTAPPLICABLE"], ["30/6-C-8 B", "29.03.2006", "10.04.2006", "PRODUCTION", "GAS"], ["30/6-C-8 C", "12.04.2006", "18.07.2006", "PRODUCTION", "OIL"], ["30/6-C-8 D", "06.01.2015", "03.03.2015", "PRODUCTION", "OIL"], ["30/6-C-8 E", "18.10.2019", "18.11.2019", "PRODUCTION", "OIL"], ["30/6-C-9", "11.12.1989", "29.01.1990", "PRODUCTION", "OIL"], ["30/6-C-9 A", "21.02.2017", "05.03.2017", "PRODUCTION", "OIL"], ["30/6-C-10", "27.12.1988", "18.02.1989", "PRODUCTION", "OIL"], ["30/6-C-10 A", "14.09.1995", "09.11.1995", "OBSERVATION", "NOTAPPLICABLE"], ["30/6-C-10 B", "11.11.1995", "27.11.1995", "PRODUCTION", "OIL"], ["30/6-C-10 C", "24.05.1996", "31.07.1996", "PRODUCTION", "OIL"], ["30/6-C-10 D", "07.08.2005", "18.10.2005", "PRODUCTION", "OIL"], ["30/6-C-10 E", "03.08.2009", "17.08.2013", "PRODUCTION", "OIL"]]}, "38": {"index": [0, 1, 2, 3, 4, 5, 6, 7, 8, 9, 10, 11, 12, 13, 14, 15, 16, 17, 18, 19, 20, 21, 22, 23, 24, 25, 26, 27, 28, 29, 30, 31, 32, 33, 34], "columns": {"0": "30/6-C-10 EY2", "1": "Unnamed: 0", "2": "Unnamed: 1", "3": "PRODUCTION", "4": "Unnamed: 2"}, "data": [["30/6-C-10 F", "15.11.2018", "10.12.2018", "PRODUCTION", "OIL"], ["30/6-C-10 G", "01.05.2020", "20.05.2020", "PRODUCTION", "OIL"], ["30/6-C-11", "14.10.1988", "06.12.1988", "INJECTION", "GAS"], ["30/6-C-12", "23.02.1989", "22.07.1989", "PRODUCTION", "OIL"], ["30/6-C-12 A", "21.01.1996", "10.02.1996", "OBSERVATION", "NOTAPPLICABLE"], ["30/6-C-12 B", "13.02.1996", "05.03.1996", "PRODUCTION", "OIL"], ["30/6-C-12 C", "06.03.1996", "02.04.1996", "PRODUCTION", "OIL"], ["30/6-C-12 D", "12.09.2017", "01.02.2018", "PRODUCTION", "OIL"], ["30/6-C-13", "26.09.1996", "24.10.1996", "OBSERVATION", "NOTAPPLICABLE"], ["30/6-C-13 A", "09.04.1997", "20.05.1997", "INJECTION", "GAS"], ["30/6-C-14", "01.01.1992", "14.03.1992", "PRODUCTION", "OIL"], ["30/6-C-14 A", "18.07.2001", "25.08.2001", "PRODUCTION", "OIL"], ["30/6-C-14 B", "10.12.2013", "05.03.2014", "INJECTION", "GAS"], ["30/6-C-15", "19.09.1992", "15.10.1992", "OBSERVATION", "NOTAPPLICABLE"], ["30/6-C-15 A", "16.10.1992", "01.11.1992", "PRODUCTION", "OIL"], ["30/6-C-15 B", "28.08.2002", "19.11.2002", "PRODUCTION", "OIL"], ["30/6-C-15 C", "03.04.2007", "26.08.2007", "PRODUCTION", "OIL"], ["30/6-C-15 D", "21.06.2015", "10.08.2015", "PRODUCTION", "OIL"], ["30/6-C-16", "20.05.1995", "02.07.1995", "OBSERVATION", "NOTAPPLICABLE"], ["30/6-C-16 A", "03.07.1995", "20.07.1995", "PRODUCTION", "OIL"], ["30/6-C-17", "07.06.1994", "27.06.1994", "PRODUCTION", "OIL"], ["30/6-C-17 A", "28.06.1994", "14.07.1994", "OBSERVATION", "NOTAPPLICABLE"], ["30/6-C-17 B", "17.07.1994", "21.08.1994", "PRODUCTION", "OIL"], ["30/6-C-17 C", "04.12.2001", "22.01.2002", "OBSERVATION", "NOTAPPLICABLE"], ["30/6-C-17 D", "25.01.2002", "21.02.2002", "PRODUCTION", "OIL"], ["30/6-C-17 E", "14.11.2016", "15.12.2016", "PRODUCTION", "OIL"], ["30/6-C-17 F", "04.08.2020", "22.09.2020", "PRODUCTION", "OIL/GAS"], ["30/6-C-18", "25.09.1993", "27.10.1993", "OBSERVATION", "NOTAPPLICABLE"], ["30/6-C-18 A", "28.10.1993", "22.11.1993", "PRODUCTION", "OIL"], ["30/6-C-18 B", "15.03.2018", "08.04.2018", "PRODUCTION", "OIL"], ["30/6-C-19", "07.10.1994", "09.03.1995", "PRODUCTION", "OIL"], ["30/6-C-19 A", "24.03.2016", "25.03.2016", "OBSERVATION", "NOTAPPLICABLE"], ["30/6-C-19 B", "26.03.2016", "15.05.2016", "PRODUCTION", "OIL"], ["30/6-C-19 C", "07.01.2020", "18.02.2020", "PRODUCTION", "OIL"], ["30/6-C-20", "22.01.1993", "29.03.1993", "OBSERVATION", "NOTAPPLICABLE"]]}, "39": {"index": [0, 1, 2, 3, 4, 5, 6, 7, 8, 9, 10, 11, 12, 13, 14, 15, 16, 17, 18, 19, 20, 21, 22, 23, 24, 25, 26, 27, 28, 29, 30, 31, 32, 33, 34, 35, 36], "columns": {"0": "30/6-C-20 A", "1": "30.03.1993", "2": "29.04.1993", "3": "PRODUCTION", "4": "NOTAPPLICABLE"}, "data": [["30/6-C-20 B", "09.05.1993", "10.07.1993", "PRODUCTION", "OIL"], ["30/6-C-20 CY1", "06.09.2009", "09.04.2011", "PRODUCTION", "OIL"], ["30/6-C-20 CY2", NaN, NaN, "PRODUCTION", NaN], ["30/6-C-21", "10.06.1993", "05.09.1993", "PRODUCTION", "OIL"], ["30/6-C-21 A", "28.11.2007", "15.05.2008", "PRODUCTION", "OIL"], ["30/6-C-21 B", "28.03.2019", "06.05.2019", "PRODUCTION", "OIL"], ["30/6-C-22", "04.12.1993", "11.01.1994", "INJECTION", "GAS"], ["30/6-C-23", "02.05.1994", "27.05.1994", "PRODUCTION", "OIL"], ["30/6-C-23 A", "09.08.2014", "24.08.2014", "PRODUCTION", "OIL"], ["30/6-C-23 B", "29.06.2019", "25.08.2019", "PRODUCTION", "OIL"], ["30/6-C-24", "26.01.1994", "26.03.1994", "OBSERVATION", "NOTAPPLICABLE"], ["30/6-C-24 A", "27.03.1994", "16.04.1994", "PRODUCTION", "OIL"], ["30/6-C-24 BY1", "03.08.2008", "12.12.2008", "PRODUCTION", "OIL"], ["30/6-C-24 BY2", "13.12.2008", "15.01.2009", "PRODUCTION", "OIL"], ["30/6-C-25", "25.03.1992", "30.04.1992", "INJECTION", "GAS"], ["30/6-C-26", "01.10.1994", "17.12.1994", "OBSERVATION", "NOTAPPLICABLE"], ["30/6-C-26 A", "19.12.1994", "09.01.1995", "PRODUCTION", "OIL"], ["30/6-C-26 B", "13.06.2016", "12.07.2017", "PRODUCTION", "OIL"], ["30/6-C-27 H", "03.04.1991", "05.05.1991", "OBSERVATION", "NOTAPPLICABLE"], ["30/6-C-27 AH", "07.05.1991", "10.06.1991", "PRODUCTION", "OIL"], ["30/6-G-41 H", "25.03.2005", "28.12.2005", "PRODUCTION", "OIL/GAS"], ["30/6-G-41 AH", "16.09.2020", "11.10.2020", "PRODUCTION", "OIL"], ["30/6-G-42 AH", "06.07.2020", "20.08.2020", "PRODUCTION", "OIL"], ["30/6-G-43 Y1H", "04.04.2005", "01.05.2006", "PRODUCTION", "OIL"], ["30/6-G-43 Y2H", "02.05.2006", "23.05.2006", "PRODUCTION", "OIL"], ["30/6-G-44 H", "30.03.2005", "25.10.2005", "OBSERVATION", "NOTAPPLICABLE"], ["30/6-G-44 AH", "28.10.2005", "27.11.2005", "PRODUCTION", "OIL/GAS"], ["30/6-G-44 BH", "18.01.2007", "11.03.2007", "PRODUCTION", "GAS"], ["30/6-H-1", "05.11.2019", "08.01.2020", "PRODUCTION", "OIL/GAS"], ["30/6-H-2", "31.03.2018", "20.10.2018", "OBSERVATION", "NOTAPPLICABLE"], ["30/6-H-2 A", "21.10.2018", "28.10.2018", "OBSERVATION", "NOTAPPLICABLE"], ["30/6-H-2 B", "29.10.2018", "07.11.2018", "INJECTION", "GAS"], ["30/6-H-3 Y1", "31.05.2019", "04.09.2019", "PRODUCTION", "OIL/GAS"], ["30/6-H-3 Y2", "05.09.2019", "12.09.2019", "PRODUCTION", "OIL/GAS"], ["30/6-H-4", "25.05.2019", "05.10.2019", "OBSERVATION", "NOTAPPLICABLE"], ["30/6-H-4 A", "07.10.2019", "25.10.2019", "PRODUCTION", "OIL/GAS"], ["30/6-H-5 Y1", "09.04.2018", "01.01.2019", "PRODUCTION", "OIL/GAS"]]}, "40": {"index": [0, 1, 2, 3, 4, 5, 6, 7, 8, 9, 10, 11, 12, 13, 14, 15, 16, 17, 18, 19, 20, 21, 22, 23, 24, 25, 26, 27, 28, 29, 30, 31, 32, 33, 34, 35], "columns": {"0": "30/6-H-5 Y2", "1": "02.01.2019", "2": "10.01.2019", "3": "PRODUCTION", "4": "OIL/GAS"}, "data": [["30/6-H-6 Y2", "27.02.2019", "21.03.2019", "PRODUCTION", "OIL/GAS"], ["30/6-H-6 Y1", "05.05.2018", "26.02.2019", "PRODUCTION", "OIL/GAS"], ["30/6-H-7", "12.11.2019", "11.03.2020", "PRODUCTION", "OIL/GAS"], ["30/6-H-8", "11.05.2018", "16.07.2018", "OBSERVATION", "NOTAPPLICABLE"], ["30/6-H-8 AY1", "23.07.2018", "22.08.2018", "PRODUCTION", "OIL/GAS"], ["30/6-H-8 AY2", "23.08.2018", "28.08.2018", "PRODUCTION", "OIL/GAS"], ["30/6-H-9", "13.04.2018", "02.07.2019", "OBSERVATION", "OIL"], ["30/6-H-9 A", "04.07.2019", "15.07.2019", "PRODUCTION", "OIL/GAS"], ["30/6-H-10", "27.03.2020", "29.04.2020", "PRODUCTION", "OIL"], ["30/9-B-1", "08.05.1992", "31.05.1992", "OBSERVATION", "NOTAPPLICABLE"], ["30/9-B-1 A", "02.06.1992", "17.06.1992", "PRODUCTION", "OIL"], ["30/9-B-1 B", "19.01.2002", "23.02.2002", "OBSERVATION", "NOTAPPLICABLE"], ["30/9-B-1 C", "27.02.2002", "06.03.2002", "PRODUCTION", "OIL"], ["30/9-B-1 D", "08.08.2016", "23.08.2016", "PRODUCTION", "OIL"], ["30/9-B-2", "09.11.1990", "02.01.1991", "INJECTION", "GAS"], ["30/9-B-2 A", "03.02.2023", "12.04.2023", "PRODUCTION", "GAS"], ["30/9-B-3", "23.05.1989", "30.06.1989", "INJECTION", "GAS"], ["30/9-B-4", "14.07.1992", "29.07.1992", "PRODUCTION", "OIL"], ["30/9-B-4 A", "22.12.2004", "28.01.2005", "PRODUCTION", "OIL"], ["30/9-B-4 AY2", "18.10.2020", "24.10.2020", "OBSERVATION", "NOTAPPLICABLE"], ["30/9-B-4 AY3", "25.10.2020", "17.11.2020", "PRODUCTION", "OIL/GAS"], ["30/9-B-5", "03.11.1992", "17.11.1992", "OBSERVATION", "NOTAPPLICABLE"], ["30/9-B-5 A", "28.04.1993", "03.07.1993", "OBSERVATION", "NOTAPPLICABLE"], ["30/9-B-5 B", "04.07.1993", "09.07.1993", "OBSERVATION", "NOTAPPLICABLE"], ["30/9-B-5 C", "10.07.1993", "30.07.1993", "PRODUCTION", "OIL"], ["30/9-B-5 D", "16.11.2001", "20.12.2001", "PRODUCTION", "OIL"], ["30/9-B-5 E", "24.12.2019", "14.02.2020", "PRODUCTION", "OIL"], ["30/9-B-6", "19.12.1993", "26.11.1994", "OBSERVATION", "NOTAPPLICABLE"], ["30/9-B-6 A", "28.11.1994", "14.12.1994", "PRODUCTION", "OIL"], ["30/9-B-6 B", "05.04.2022", "18.04.2022", "PRODUCTION", "OIL/GAS"], ["30/9-B-7", "24.07.1988", "28.10.1990", "PRODUCTION", "OIL"], ["30/9-B-7 A", "31.05.2003", "20.06.2003", "INJECTION", "GAS"], ["30/9-B-7 B", NaN, NaN, NaN, NaN], ["30/9-B-8", "04.02.1991", "04.04.1991", "INJECTION", "GAS"], ["30/9-B-9", "23.01.1993", "11.02.1993", "OBSERVATION", "NOTAPPLICABLE"], ["30/9-B-9 A", "12.02.1993", "06.03.1993", "PRODUCTION", "OIL"]]}, "41": {"index": [0, 1, 2, 3, 4, 5, 6, 7, 8, 9, 10, 11, 12, 13, 14, 15, 16, 17, 18, 19, 20, 21, 22, 23, 24, 25, 26, 27, 28, 29, 30, 31, 32, 33, 34], "columns": {"0": "30/9-B-9 B", "1": "11.03.2003", "2": "27.04.2003", "3": "PRODUCTION", "4": "OIL"}, "data": [["30/9-B-9 C", "05.04.2019", "18.04.2019", "PRODUCTION", "OIL"], ["30/9-B-10", "24.09.1996", "28.10.1996", "OBSERVATION", "NOTAPPLICABLE"], ["30/9-B-10 A", "29.10.1996", "28.11.1996", "PRODUCTION", "OIL"], ["30/9-B-10 BY1", "24.02.2005", "06.09.2005", "PRODUCTION", "OIL"], ["30/9-B-10 BY2", "07.09.2005", "01.11.2005", "PRODUCTION", "OIL"], ["30/9-B-10 C", "08.07.2021", "01.11.2021", "PRODUCTION", "OIL"], ["30/9-B-11", "12.08.1993", "19.09.1993", "OBSERVATION", "NOTAPPLICABLE"], ["30/9-B-11 A", "20.09.1993", "28.09.1993", "PRODUCTION", "OIL"], ["30/9-B-11 B", "07.07.2015", "10.10.2015", "PRODUCTION", "OIL"], ["30/9-B-11 C", "11.10.2015", "27.11.2015", "PRODUCTION", "OIL"], ["30/9-B-12", "14.07.1990", "09.09.1990", "PRODUCTION", "NOTAPPLICABLE"], ["30/9-B-12 A", "18.01.1991", "02.03.1991", "PRODUCTION", "OIL"], ["30/9-B-12 B", "04.05.1999", "11.07.1999", "PRODUCTION", "OIL"], ["30/9-B-12 C", "20.04.2011", "03.05.2011", "PRODUCTION", "OIL"], ["30/9-B-13", "28.08.1989", "27.10.1989", "PRODUCTION", "OIL"], ["30/9-B-13 A", "25.11.1998", "17.01.1999", "INJECTION", "WATER/GAS"], ["30/9-B-14", "26.04.1996", "18.05.1996", "OBSERVATION", "NOTAPPLICABLE"], ["30/9-B-14 A", "19.05.1996", "22.06.1996", "PRODUCTION", "OIL"], ["30/9-B-14 B", "28.08.2002", "06.01.2003", "PRODUCTION", "OIL"], ["30/9-B-14 C", "16.11.2017", "27.11.2017", "OBSERVATION", "NOTAPPLICABLE"], ["30/9-B-14 D", "02.12.2017", "11.12.2017", "PRODUCTION", "NOTAPPLICABLE"], ["30/9-B-14 E", "09.10.2018", "28.10.2018", "PRODUCTION", "OIL"], ["30/9-B-15", "01.05.1990", "30.06.1990", "INJECTION", "GAS"], ["30/9-B-16", "01.05.1995", "05.06.1995", "OBSERVATION", "NOTAPPLICABLE"], ["30/9-B-16 A", "09.07.1996", "07.09.1996", "PRODUCTION", "OIL"], ["30/9-B-16 B", "03.12.2005", "27.01.2006", "INJECTION", "WATER"], ["30/9-B-17", "13.03.1993", "14.04.1993", "PRODUCTION", "OIL"], ["30/9-B-18", "10.07.1992", "25.09.1992", "OBSERVATION", "NOTAPPLICABLE"], ["30/9-B-18 A", "27.09.1992", "23.10.1992", "PRODUCTION", "OIL"], ["30/9-B-18 B", "04.01.2017", "29.01.2017", "PRODUCTION", "OIL"], ["30/9-B-19", "11.04.1987", "15.08.1989", "INJECTION", "NOTAPPLICABLE"], ["30/9-B-19 A", "28.03.2006", "22.11.2006", "OBSERVATION", "NOTAPPLICABLE"], ["30/9-B-19 B", "01.12.2006", "14.02.2007", "INJECTION", "GAS"], ["30/9-B-20", "09.07.1986", "23.08.1986", "INJECTION", "GAS"], ["30/9-B-20 A", "29.11.1997", "12.12.1997", "INJECTION", "GAS"]]}, "42": {"index": [0, 1, 2, 3, 4, 5, 6, 7, 8, 9, 10, 11, 12, 13, 14, 15, 16, 17, 18, 19, 20, 21, 22, 23, 24, 25, 26, 27, 28, 29, 30, 31, 32, 33, 34, 35, 36], "columns": {"0": "30/9-B-21", "1": "22.09.1985", "2": "02.01.1986", "3": "PRODUCTION", "4": "OIL"}, "data": [["30/9-B-21 A", "13.05.1998", "07.06.1998", "OBSERVATION", "NOTAPPLICABLE"], ["30/9-B-21 B", "08.06.1998", "20.06.1998", "PRODUCTION", "OIL"], ["30/9-B-21 C", "05.12.2008", "31.01.2009", "INJECTION", "GAS"], ["30/9-B-23", "29.08.1986", "07.11.1986", "PRODUCTION", "OIL"], ["30/9-B-23 A", "05.11.1999", "02.12.1999", "PRODUCTION", "NOTAPPLICABLE"], ["30/9-B-23 B", "23.05.2000", "02.06.2000", "PRODUCTION", "OIL"], ["30/9-B-23 C", "08.03.2016", "19.04.2016", "PRODUCTION", "OIL"], ["30/9-B-24", "14.11.1986", "15.12.1986", "PRODUCTION", "OIL"], ["30/9-B-24 A", "08.01.1997", "12.03.1997", "PRODUCTION", "OIL"], ["30/9-B-24 B", "16.04.2007", "15.07.2007", "PRODUCTION", "OIL"], ["30/9-B-24 C", "04.03.2018", "30.07.2018", "PRODUCTION", "OIL"], ["30/9-B-25", "19.05.1986", "03.07.1986", "INJECTION", "GAS"], ["30/9-B-26", "21.12.1986", "16.02.1987", "PRODUCTION", "OIL"], ["30/9-B-26 A", "15.08.1997", "03.09.1997", "OBSERVATION", "NOTAPPLICABLE"], ["30/9-B-26 B", "04.09.1997", "17.09.1997", "PRODUCTION", "OIL"], ["30/9-B-26 C", "05.04.2008", "24.05.2008", "INJECTION", "WATER"], ["30/9-B-27", "19.03.1986", "14.05.1986", "PRODUCTION", "OIL"], ["30/9-B-27 A", "04.05.1997", "18.05.1997", "OBSERVATION", "NOTAPPLICABLE"], ["30/9-B-27 B", "19.06.1997", "04.08.1997", "PRODUCTION", "OIL"], ["30/9-B-27 C", "17.12.2009", "19.06.2010", "PRODUCTION", "OIL"], ["30/9-B-27 D", "04.02.2015", "31.03.2015", "PRODUCTION", "OIL"], ["30/9-B-27 E", "14.02.2017", "06.03.2017", "PRODUCTION", "OIL"], ["30/9-B-28", "16.09.2007", "15.02.2008", "PRODUCTION", "OIL"], ["30/9-B-29", "13.01.1986", "13.03.1986", "PRODUCTION", "OIL"], ["30/9-B-29 A", "25.02.1999", "10.03.1999", "OBSERVATION", "NOTAPPLICABLE"], ["30/9-B-29 B", "18.03.1999", "22.04.1999", "PRODUCTION", "OIL"], ["30/9-B-29 C", "18.03.2020", "05.09.2020", "PRODUCTION", "OIL"], ["30/9-B-30", "03.12.1993", "16.09.1994", "INJECTION", "NOTAPPLICABLE"], ["30/9-B-30 A", "22.01.1998", "08.03.1998", "OBSERVATION", "NOTAPPLICABLE"], ["30/9-B-30 B", "10.03.1998", "02.04.1998", "PRODUCTION", "OIL"], ["30/9-B-30 C", "24.07.2008", "16.10.2008", "PRODUCTION", "OIL"], ["30/9-B-30 D", "10.11.2016", "10.12.2016", "PRODUCTION", "OIL"], ["30/9-B-30 E", "10.06.2020", "29.07.2020", "PRODUCTION", "OIL"], ["30/9-B-31", "16.08.1989", "25.01.1990", "INJECTION", "GAS"], ["30/9-B-32", "19.11.1992", "28.12.1992", "OBSERVATION", "NOTAPPLICABLE"], ["30/9-B-32 A", "29.12.1992", "10.01.1993", "PRODUCTION", "OIL"], ["30/9-B-32 B", "20.10.2016", "30.10.2016", "PRODUCTION", "OIL"]]}, "43": {"index": [0, 1, 2, 3, 4, 5, 6, 7, 8, 9, 10, 11, 12, 13, 14, 15, 16, 17, 18, 19, 20, 21, 22, 23, 24, 25, 26, 27, 28, 29, 30, 31, 32, 33, 34, 35, 36], "columns": {"0": "30/9-B-33", "1": "13.08.1999", "2": "18.10.1999", "3": "OBSERVATION", "4": "NOTAPPLICABLE"}, "data": [["30/9-B-33 A", "06.12.1999", "22.12.1999", "PRODUCTION", "OIL"], ["30/9-B-33 B", "10.09.2017", "12.10.2017", "PRODUCTION", "OIL"], ["30/9-B-34", "25.12.1994", "19.04.1995", "INJECTION", "WATER"], ["30/9-B-34 A", "12.07.2022", "23.12.2022", "INJECTION", "WATER"], ["30/9-B-35", "11.10.1993", "29.11.1993", "PRODUCTION", "OIL"], ["30/9-B-35 A", "23.11.2018", "11.01.2019", "OBSERVATION", "NOTAPPLICABLE"], ["30/9-B-35 B", "14.01.2019", "23.02.2019", "PRODUCTION", "OIL"], ["30/9-B-36", "24.01.1996", "26.02.1996", "OBSERVATION", "NOTAPPLICABLE"], ["30/9-B-36 A", "27.02.1996", "16.04.1996", "PRODUCTION", "OIL"], ["30/9-B-36 B", "13.10.2019", "18.11.2019", "PRODUCTION", "OIL"], ["30/9-B-37", "04.12.2000", "21.01.2001", "PRODUCTION", "OIL"], ["30/9-B-38", "16.02.1992", "25.04.1992", "PRODUCTION", "OIL"], ["30/9-B-38 A", "06.02.2000", "15.03.2000", "PRODUCTION", "OIL"], ["30/9-B-38 B", "16.03.2000", "02.05.2000", "PRODUCTION", "OIL"], ["30/9-B-38 C", "20.09.2014", "17.10.2014", "PRODUCTION", "OIL"], ["30/9-B-38 D", "19.10.2014", "15.11.2014", "PRODUCTION", "OIL"], ["30/9-B-38 E", "11.05.2016", "02.07.2016", "OBSERVATION", "NOTAPPLICABLE"], ["30/9-B-38 F", "03.07.2016", "13.07.2016", "PRODUCTION", "OIL"], ["30/9-B-38 G", "13.06.2019", "17.08.2019", "PRODUCTION", "OIL"], ["30/9-B-39", "27.04.1991", "26.09.1991", "PRODUCTION", "OIL"], ["30/9-B-40", "05.02.1990", "18.04.1990", "PRODUCTION", "OIL"], ["30/9-B-40 A", "26.09.2000", "02.12.2000", "PRODUCTION", "NOTAPPLICABLE"], ["30/9-B-40 B", "08.02.2001", "11.07.2001", "PRODUCTION", "OIL"], ["30/9-B-40 C", NaN, NaN, "PRODUCTION", "GAS"], ["30/9-B-41", "25.06.1998", "29.07.1998", "OBSERVATION", "OIL"], ["30/9-B-41 A", "28.09.1998", "23.10.1998", "PRODUCTION", "OIL"], ["30/9-B-41 B", "31.12.2015", "15.02.2016", "PRODUCTION", "OIL"], ["30/9-B-42", "06.08.1988", "29.04.1989", "PRODUCTION", "NOTAPPLICABLE"], ["30/9-B-42 A", "27.07.2001", "02.08.2001", "INJECTION", "CUTTINGS"], ["30/9-B-42 B", "06.10.2022", "18.10.2022", "INJECTION", "CUTTINGS"], ["30/9-B-43", "20.06.2000", "13.08.2000", "OBSERVATION", "NOTAPPLICABLE"], ["30/9-B-43 A", "14.08.2000", "28.08.2000", "PRODUCTION", "OIL"], ["30/9-B-44", "14.06.2000", "15.09.2001", "OBSERVATION", "NOTAPPLICABLE"], ["30/9-B-44 A", "16.09.2001", "10.10.2001", "PRODUCTION", "OIL"], ["30/9-B-44 B", "04.09.2010", "22.11.2010", "OBSERVATION", "OIL"], ["30/9-B-44 C", "26.11.2010", "08.01.2011", "PRODUCTION", "OIL"], ["30/9-B-45", "20.03.2002", "13.07.2002", "INJECTION", "GAS"]]}, "44": {"index": [0, 1, 2, 3, 4, 5, 6, 7, 8, 9, 10, 11, 12, 13, 14, 15, 16, 17, 18, 19, 20, 21, 22, 23, 24, 25, 26, 27, 28, 29, 30, 31], "columns": {"0": "30/9-B-45 A", "1": "26.12.2021", "2": "08.02.2022", "3": "INJECTION", "4": "GAS"}, "data": [["30/9-B-46", "17.10.1991", "22.01.1992", "PRODUCTION", "OIL"], ["30/9-B-46 A", "09.04.2009", "24.07.2009", "PRODUCTION", "OIL"], ["30/9-B-46 B", "28.07.2009", "31.07.2009", "OBSERVATION", "OIL"], ["30/9-B-46 C", "01.08.2009", "05.08.2009", "OBSERVATION", "OIL"], ["30/9-B-46 D", "06.08.2009", "13.08.2009", "PRODUCTION", "OIL"], ["30/9-B-46 E", "29.12.2017", "09.02.2018", "PRODUCTION", "OIL"], ["30/9-B-47", "07.08.2003", "26.11.2004", "PRODUCTION", "OIL"], ["30/9-B-47 A", "02.06.2017", "27.07.2017", "PRODUCTION", "OIL"], ["30/9-B-47 B", NaN, NaN, "PRODUCTION", NaN], ["30/9-B-48", "22.12.1993", "26.05.1994", "INJECTION", "GAS"], ["30/9-B-49 H", "09.07.1986", "17.08.1986", "PRODUCTION", "OIL"], ["30/9-B-50 H", "23.05.1987", "22.06.1987", "PRODUCTION", "OIL"], ["30/9-F-32 A", "09.03.2023", NaN, "PRODUCTION", NaN], ["30/9-L-51 H", "04.12.2007", "21.07.2008", "OBSERVATION", "NOTAPPLICABLE"], ["30/9-L-51 AH", "23.07.2008", "18.08.2008", "PRODUCTION", "OIL"], ["30/9-L-52 H", "28.10.2015", "08.12.2015", "PRODUCTION", "OIL/GAS/CONDENSATE"], ["30/9-L-52 AH", "10.12.2015", "18.12.2015", "PRODUCTION", "OIL/GAS"], ["30/9-L-53 H", "21.11.2007", "18.01.2008", "OBSERVATION", "NOTAPPLICABLE"], ["30/9-L-53 AH", "20.01.2008", "03.03.2008", "PRODUCTION", "OIL"], ["30/9-O-1 H", "05.02.2015", "09.10.2015", "PRODUCTION", "OIL"], ["30/9-O-1 AH", "11.04.2022", "07.05.2022", "OBSERVATION", "NOTAPPLICABLE"], ["30/9-O-1 BH", "02.08.2022", "10.09.2022", "PRODUCTION", "OIL/GAS"], ["30/9-O-2 H", "17.02.2015", "07.09.2015", "INJECTION", "GAS"], ["30/9-O-3 H", "18.05.2021", "26.05.2022", "OBSERVATION", "NOTAPPLICABLE"], ["30/9-O-4 H", "04.10.2014", "10.10.2014", "PRODUCTION", "NOTAPPLICABLE"], ["30/9-P-1 H", "19.10.2014", "10.12.2014", "PRODUCTION", "OIL"], ["30/9-P-1 AH", "14.06.2015", "28.07.2015", "PRODUCTION", "OIL"], ["30/9-P-2 H", "11.01.2015", "04.05.2015", "PRODUCTION", "GAS"], ["30/9-P-2 AH", "22.03.2021", "21.04.2021", "PRODUCTION", "OIL"], ["30/9-P-3 H", "21.01.2015", "21.04.2015", "INJECTION", "GAS"], ["30/9-P-4 H", "04.01.2021", "28.02.2021", "PRODUCTION", "OIL/GAS"], ["30/9-P-4 AH", NaN, NaN, "PRODUCTION", NaN]]}, "45": {"index": [], "columns": {"0": "Wellbore name", "1": "Entered date", "2": "Completeddate", "3": "Purpose", "4": "Status"}, "data": []}, "kind": "osdu:wks:master-data--Field:1.0.0 ", "id": "npd:master-data--Factpages-Field:43625"}