{"0": {"index": [0, 1, 2, 3, 4, 5, 6], "columns": {"0": "Field name", "1": "TORDIS"}, "data": [["Factmaps in new window", "link to map"], ["Current activity status", "Producing"], ["Discovery wellbore", "34/7-12"], ["Discovery year.", "1987"], ["Main area", "North sea"], ["Main supply base", "Flor\u00f8"], ["NPDID field", "43725"]]}, "1": {"index": [0, 1, 2, 3, 4, 5], "columns": {"0": "Discovery name"}, "data": [["34/7-25 S"], ["34/7-22 Tordis \u00d8st"], ["34/7-I-10 AH"], ["34/7-21 Borg"], ["34/7-18"], ["34/7-12 Tordis"]]}, "2": {"index": [0, 1, 2], "columns": {"0": "Status", "1": "Status from", "2": "Status to"}, "data": [["Producing", "03.06.1994", NaN], ["Approved for", "14.05.1991", "02.06.1994"], ["production", NaN, NaN]]}, "3": {"index": [0], "columns": {"0": "Unnamed: 0", "1": "Block name", "2": "Prod. licence"}, "data": [["34/7", NaN, 89]]}, "4": {"index": [0], "columns": {"0": "Owner kind", "1": "Unnamed: 0", "2": "Owner name"}, "data": [["PRODUCTION LICENSE", 89, NaN]]}, "5": {"index": [0, 1, 2, 3, 4], "columns": {"0": "Unnamed: 0", "1": "Company name", "2": "Nation code", "3": "Company share [%]"}, "data": [["Equinor Energy AS", NaN, "NO", 41.5], ["Petoro AS", NaN, "NO", 30.0], ["V\u00e5r Energi ASA", NaN, "NO", 16.1], ["INPEX Idemitsu Norge AS", NaN, "NO", 9.6], ["Wintershall Dea Norge AS", NaN, "NO", 2.8]]}, "6": {"index": [0, 1, 2], "columns": {"0": "Orig. recoverable", "1": "Orig. recoverable.1", "2": "Orig. recoverable.2", "3": "Orig. recoverable.3", "4": "Orig. recoverable.4"}, "data": [["oil", "gas", "NGL", "cond.", "oil eq."], ["[mill Sm3]", "[bill Sm3]", "[mill tonn]", "[mill Sm3]", "[mill Sm3 o.e]"], ["69.93", "4.98", "1.90", "0.00", "78.52"]]}, "7": {"index": [0, 1], "columns": {"0": "Remaining oil", "1": "Remaining gas", "2": "Remaining NGL", "3": "Remaining cond.", "4": "Remaining oil eq."}, "data": [["[mill Sm3]", "[bill Sm3]", "[mill tonn]", "[mill Sm3]", "[mill Sm3 o.e]"], ["5.12", "0.22", "0.09", "0.00", "5.51"]]}, "8": {"index": [0, 1, 2], "columns": {"0": "Orig. inplace oil", "1": "Orig. inplace ass.", "2": "Orig. inplace ass..1", "3": "Orig. inplace free"}, "data": [["[mill Sm3]", "liquid", "gas", "gas"], [NaN, "[mill Sm3]", "[bill Sm3]", "[bill Sm3]"], ["123.00", "0.00", "14.00", "0.00"]]}, "9": {"index": [0, 1, 2, 3, 4, 5, 6, 7, 8, 9, 10, 11, 12, 13, 14, 15, 16, 17, 18, 19], "columns": {"0": "Type", "1": "Text", "2": "Date"}, "data": [[NaN, NaN, "updated"], ["Development", "Tordis is a field in the Tampen area in the northern part of the", "28.02.2023"], [NaN, "North Sea, between the Statfjord and Gullfaks fields. The water", NaN], [NaN, "depth is 150-220 metres. Tordis was discovered in 1987, and", NaN], [NaN, "the plan for development and operation (PDO) was approved in", NaN], [NaN, "1991. The field has been developed with a central subsea", NaN], [NaN, "manifold tied-back to the Gullfaks C facility, which also supplies", NaN], [NaN, "water for injection. Seven single-well satellites and two 4-slots", NaN], [NaN, "subsea templates are tied-back to the manifold. Production", NaN], [NaN, "started in 1994. Tordis comprises four structures: Tordis, Tordis", NaN], [NaN, "\u00d8st, Tordis S\u00f8r\u00f8st (34/7-25 S) and Borg. The PDO for Tordis", NaN], [NaN, "\u00d8st was approved in 1995 and for Borg in 1999. An amended", NaN], [NaN, "PDO for Tordis was approved in 2005.", NaN], ["Reservoir", "Tordis produces oil from Jurassic sandstone. The reservoirs in", "28.02.2023"], [NaN, "Tordis and Tordis \u00d8st are in the Brent and Statfjord Groups, and", NaN], [NaN, "the reservoir in Borg is in Upper Jurassic intra-Draupne", NaN], [NaN, "Formation sandstone. The reservoir in Tordis S\u00f8r\u00f8st is in the", NaN], [NaN, "Brent Group and in Upper Jurassic sandstone. The reservoirs lie", NaN], [NaN, "at a depth of 2000-2500 metres and the reservoir quality is", NaN], [NaN, "good to excellent.", NaN]]}, "10": {"index": [0, 1], "columns": {"0": "Recovery strategy", "1": "The field is produced by pressure support from water injectionand by natural aquifer drive.", "2": "28.02.2023"}, "data": [["Transport", "The well stream from Tordis is transported via two pipelines tothe Gullfaks C facility for processing. The oil is exported bytankers, while the gas is exported via Statpipe to the K\u00e5rst\u00f8terminal.", "28.02.2023"], ["Status", "Production is maintained through pressure support and wellinterventions. A better effectivity of water injection hascontributed to increased production from the Tordis field in2022. 4D seismic acquired in 2021 is being used to identifyfurther infill drilling targets.", NaN]]}, "11": {"index": [], "columns": {"0": "The operators future investments related to the reservers from2022 [mill NOK 2022-kroner]. The stated investment estimate hasnot been corrected for possible investment sharing.", "1": "1056"}, "data": []}, "12": {"index": [0, 1, 2, 3, 4, 5, 6, 7, 8, 9, 10, 11, 12, 13, 14, 15, 16, 17, 18, 19, 20, 21, 22, 23, 24, 25], "columns": {"0": "Unnamed: 0", "1": "Investments[mill NOK nominalvalues]"}, "data": [["Sum", 18956], ["2021", 819], ["2020", 343], ["2019", 54], ["2018", 61], ["2017", 463], ["2016", 944], ["2015", 790], ["2014", 1280], ["2013", 804], ["2012", 1197], ["2011", 1250], ["2010", 475], ["2009", 593], ["2008", 105], ["2007", 1228], ["2006", 1503], ["2005", 191], ["2004", 233], ["2003", 134], ["2002", 636], ["2001", 496], ["2000", 612], ["1999", 640], ["1998", 230], ["1997", 109]]}, "13": {"index": [0, 1, 2, 3, 4], "columns": {"0": "1996", "1": "246"}, "data": [[1995, 358], [1994, 1346], [1993, 1066], [1992, 707], [1991, 43]]}, "14": {"index": [0, 1, 2, 3, 4, 5, 6, 7, 8, 9, 10, 11, 12, 13, 14, 15, 16, 17, 18, 19, 20, 21, 22, 23, 24, 25, 26, 27, 28, 29, 30, 31, 32, 33, 34], "columns": {"0": "Unnamed: 0", "1": "Month", "2": "Net - oil", "3": "Net - gas", "4": "Net -", "5": "Net - NGL", "6": "Net - oil equivalents"}, "data": [[NaN, NaN, "[mill Sm3]", "[bill Sm3]", "condensate", "[mill Sm3]", NaN], [NaN, NaN, NaN, NaN, "[mill Sm3]", NaN, "[mill Sm3]"], ["Sum", NaN, "65.554338", "4.886891", "0.003231", "3.549561", "73.994021"], ["2023", NaN, "0.507804", "0.030403", "0.000000", "0.013186", "0.551393"], [NaN, 1.0, "0.114430", "0.006766", "0.000000", "0.003205", "0.124401"], [NaN, 2.0, "0.085107", "0.004808", "0.000000", "0.001936", "0.091851"], [NaN, 3.0, "0.093566", "0.005330", "0.000000", "0.002182", "0.101078"], [NaN, 4.0, "0.045408", "0.002687", "0.000000", "0.001124", "0.049219"], [NaN, 5.0, "0.074691", "0.004663", "0.000000", "0.002046", "0.081400"], [NaN, 6.0, "0.094602", "0.006149", "0.000000", "0.002693", "0.103444"], ["2022", NaN, "1.331590", "0.085118", "0.000000", "0.043071", "1.459779"], [NaN, 1.0, "0.085056", "0.008587", "0.000000", "0.004676", "0.098319"], [NaN, 2.0, "0.083972", "0.007320", "0.000000", "0.003595", "0.094887"], [NaN, 3.0, "0.121185", "0.006937", "0.000000", "0.004088", "0.132210"], [NaN, 4.0, "0.130691", "0.007645", "0.000000", "0.004390", "0.142726"], [NaN, 5.0, "0.112490", "0.006488", "0.000000", "0.003522", "0.122500"], [NaN, 6.0, "0.087239", "0.006255", "0.000000", "0.002516", "0.096010"], [NaN, 7.0, "0.115328", "0.006537", "0.000000", "0.003104", "0.124969"], [NaN, 8.0, "0.129211", "0.007597", "0.000000", "0.004120", "0.140928"], [NaN, 9.0, "0.119933", "0.007269", "0.000000", "0.003965", "0.131167"], [NaN, 10.0, "0.119507", "0.006951", "0.000000", "0.002963", "0.129421"], [NaN, 11.0, "0.100547", "0.006131", "0.000000", "0.002630", "0.109308"], [NaN, 12.0, "0.126431", "0.007401", "0.000000", "0.003502", "0.137334"], ["2021", NaN, "1.076995", "0.066167", "0.000000", "0.047977", "1.191139"], [NaN, 1.0, "0.043645", "0.002485", "0.000000", "0.002175", "0.048305"], [NaN, 2.0, "0.048769", "0.002884", "0.000000", "0.002504", "0.054157"], [NaN, 3.0, "0.044561", "0.002408", "0.000000", "0.002225", "0.049194"], [NaN, 4.0, "0.038239", "0.002305", "0.000000", "0.001727", "0.042271"], [NaN, 5.0, "0.046659", "0.003361", "0.000000", "0.001711", "0.051731"], [NaN, 6.0, "0.079379", "0.002958", "0.000000", "0.003635", "0.085972"], [NaN, 7.0, "0.095760", "0.004389", "0.000000", "0.004087", "0.104236"], [NaN, 8.0, "0.115927", "0.005118", "0.000000", "0.004580", "0.125625"], [NaN, 9.0, "0.112315", "0.005438", "0.000000", "0.004323", "0.122076"], [NaN, 10.0, "0.197200", "0.012949", "0.000000", "0.007594", "0.217743"], [NaN, 11.0, "0.137994", "0.009991", "0.000000", "0.006325", "0.154310"]]}, "15": {"index": [0, 1, 2, 3, 4, 5, 6, 7, 8, 9, 10, 11, 12, 13, 14, 15, 16, 17, 18, 19, 20, 21, 22, 23, 24, 25, 26, 27, 28, 29, 30, 31, 32, 33, 34, 35, 36, 37, 38, 39, 40, 41], "columns": {"0": "2021", "1": "12", "2": "0.116547", "3": "0.011881", "4": "0.000000", "5": "0.007091", "6": "Unnamed: 0"}, "data": [[2020.0, NaN, 0.618684, 0.04076, 0.0, 0.030014, 0.689458], [NaN, 1.0, 0.057094, 0.003644, 0.0, 0.002971, 0.063709], [NaN, 2.0, 0.055915, 0.003826, 0.0, 0.003014, 0.062755], [NaN, 3.0, 0.053998, 0.003516, 0.0, 0.002825, 0.060339], [NaN, 4.0, 0.066211, 0.004569, 0.0, 0.002748, 0.073528], [NaN, 5.0, 0.045564, 0.003298, 0.0, 0.002019, 0.050881], [NaN, 6.0, 0.044139, 0.002722, 0.0, 0.002144, 0.049005], [NaN, 7.0, 0.047026, 0.002887, 0.0, 0.002049, 0.051962], [NaN, 8.0, 0.056959, 0.003618, 0.0, 0.002827, 0.063404], [NaN, 9.0, 0.043759, 0.003284, 0.0, 0.002304, 0.049347], [NaN, 10.0, 0.053285, 0.003629, 0.0, 0.002798, 0.059712], [NaN, 11.0, 0.040897, 0.00277, 0.0, 0.002, 0.045667], [NaN, 12.0, 0.053837, 0.002997, 0.0, 0.002315, 0.059149], [2019.0, NaN, 0.704396, 0.378251, 0.0, 0.311039, 1.393686], [NaN, 1.0, 0.076789, 0.034495, 0.0, 0.027338, 0.138622], [NaN, 2.0, 0.053265, 0.028922, 0.0, 0.023709, 0.105896], [NaN, 3.0, 0.072852, 0.032781, 0.0, 0.029419, 0.135052], [NaN, 4.0, 0.053502, 0.031026, 0.0, 0.026409, 0.110937], [NaN, 5.0, 0.010014, 0.028395, 0.0, 0.02473, 0.063139], [NaN, 6.0, 0.04666, 0.030321, 0.0, 0.026946, 0.103927], [NaN, 7.0, 0.064943, 0.031796, 0.0, 0.029056, 0.125795], [NaN, 8.0, 0.073072, 0.033233, 0.0, 0.027692, 0.133997], [NaN, 9.0, 0.060058, 0.031457, 0.0, 0.02289, 0.114405], [NaN, 10.0, 0.062526, 0.033, 0.0, 0.023688, 0.119214], [NaN, 11.0, 0.07235, 0.031415, 0.0, 0.023997, 0.127762], [NaN, 12.0, 0.058365, 0.03141, 0.0, 0.025165, 0.11494], [2018.0, NaN, 0.952226, 0.0, 0.0, 0.0, 0.952226], [NaN, 1.0, 0.080593, 0.0, 0.0, 0.0, 0.080593], [NaN, 2.0, 0.076628, 0.0, 0.0, 0.0, 0.076628], [NaN, 3.0, 0.083022, 0.0, 0.0, 0.0, 0.083022], [NaN, 4.0, 0.08695, 0.0, 0.0, 0.0, 0.08695], [NaN, 5.0, 0.084052, 0.0, 0.0, 0.0, 0.084052], [NaN, 6.0, 0.064067, 0.0, 0.0, 0.0, 0.064067], [NaN, 7.0, 0.07265, 0.0, 0.0, 0.0, 0.07265], [NaN, 8.0, 0.0972, 0.0, 0.0, 0.0, 0.0972], [NaN, 9.0, 0.08112, 0.0, 0.0, 0.0, 0.08112], [NaN, 10.0, 0.074282, 0.0, 0.0, 0.0, 0.074282], [NaN, 11.0, 0.073819, 0.0, 0.0, 0.0, 0.073819], [NaN, 12.0, 0.077843, 0.0, 0.0, 0.0, 0.077843], [2017.0, NaN, 1.255344, 0.0, 0.0, 0.0, 1.255344], [1.0, 0.104905, 0.0, 0.0, 0.0, 0.104905, NaN], [2.0, 0.12029, 0.0, 0.0, 0.0, 0.12029, NaN]]}, "16": {"index": [0, 1, 2, 3, 4, 5, 6, 7, 8, 9, 10, 11, 12, 13, 14, 15, 16, 17, 18, 19, 20, 21, 22, 23, 24, 25, 26, 27, 28, 29, 30, 31, 32, 33, 34, 35, 36, 37, 38, 39, 40, 41], "columns": {"0": "2017", "1": "3", "2": "0.130326", "3": "0.000000", "4": "0.000000.1", "5": "0.000000.2", "6": "0.130326.1"}, "data": [[NaN, 4.0, 0.123342, 0.0, 0.0, 0.0, 0.123342], [NaN, 5.0, 0.11287, 0.0, 0.0, 0.0, 0.11287], [NaN, 6.0, 0.11413, 0.0, 0.0, 0.0, 0.11413], [NaN, 7.0, 0.123341, 0.0, 0.0, 0.0, 0.123341], [NaN, 8.0, 0.104949, 0.0, 0.0, 0.0, 0.104949], [NaN, 9.0, 0.085999, 0.0, 0.0, 0.0, 0.085999], [NaN, 10.0, 0.082661, 0.0, 0.0, 0.0, 0.082661], [NaN, 11.0, 0.066303, 0.0, 0.0, 0.0, 0.066303], [NaN, 12.0, 0.086228, 0.0, 0.0, 0.0, 0.086228], [2016.0, NaN, 1.447061, 0.0, 0.0, 0.0, 1.447061], [NaN, 1.0, 0.086454, 0.0, 0.0, 0.0, 0.086454], [NaN, 2.0, 0.100378, 0.0, 0.0, 0.0, 0.100378], [NaN, 3.0, 0.128698, 0.0, 0.0, 0.0, 0.128698], [NaN, 4.0, 0.126355, 0.0, 0.0, 0.0, 0.126355], [NaN, 5.0, 0.11428, 0.0, 0.0, 0.0, 0.11428], [NaN, 6.0, 0.136148, 0.0, 0.0, 0.0, 0.136148], [NaN, 7.0, 0.133943, 0.0, 0.0, 0.0, 0.133943], [NaN, 8.0, 0.123376, 0.0, 0.0, 0.0, 0.123376], [NaN, 9.0, 0.099952, 0.0, 0.0, 0.0, 0.099952], [NaN, 10.0, 0.135545, 0.0, 0.0, 0.0, 0.135545], [NaN, 11.0, 0.131334, 0.0, 0.0, 0.0, 0.131334], [NaN, 12.0, 0.130598, 0.0, 0.0, 0.0, 0.130598], [2015.0, NaN, 1.14714, 0.0, 0.0, 0.0, 1.14714], [NaN, 1.0, 0.09747, 0.0, 0.0, 0.0, 0.09747], [NaN, 2.0, 0.103046, 0.0, 0.0, 0.0, 0.103046], [NaN, 3.0, 0.114263, 0.0, 0.0, 0.0, 0.114263], [NaN, 4.0, 0.092926, 0.0, 0.0, 0.0, 0.092926], [NaN, 5.0, 0.114068, 0.0, 0.0, 0.0, 0.114068], [NaN, 6.0, 0.119069, 0.0, 0.0, 0.0, 0.119069], [NaN, 7.0, 0.105928, 0.0, 0.0, 0.0, 0.105928], [NaN, 8.0, 0.048337, 0.0, 0.0, 0.0, 0.048337], [NaN, 9.0, 0.065029, 0.0, 0.0, 0.0, 0.065029], [NaN, 10.0, 0.110502, 0.0, 0.0, 0.0, 0.110502], [NaN, 11.0, 0.086714, 0.0, 0.0, 0.0, 0.086714], [NaN, 12.0, 0.089788, 0.0, 0.0, 0.0, 0.089788], [2014.0, NaN, 0.74588, 0.017994, 0.000186, 0.016151, 0.780211], [1.0, 0.081101, 0.002879, 3.1e-05, 0.002733, 0.086744, NaN], [2.0, 0.069317, 0.002861, 2.8e-05, 0.002571, 0.074777, NaN], [3.0, 0.065837, 0.002291, 2.4e-05, 0.002, 0.070152, NaN], [4.0, 0.062635, 0.001329, 1.4e-05, 0.001329, 0.065307, NaN], [5.0, 0.048699, 0.00069, 1e-05, 0.000653, 0.050052, NaN], [6.0, 0.035732, 2.3e-05, 0.0, 2.7e-05, 0.035782, NaN]]}, "17": {"index": [0, 1, 2, 3, 4, 5, 6, 7, 8, 9, 10, 11, 12, 13, 14, 15, 16, 17, 18, 19, 20, 21, 22, 23, 24, 25, 26, 27, 28, 29, 30, 31, 32, 33, 34, 35, 36, 37, 38, 39, 40, 41], "columns": {"0": "2014", "1": "7", "2": "0.036243", "3": "0.000000", "4": "0.000000.1", "5": "0.000000.2", "6": "0.036243.1"}, "data": [[NaN, 8.0, 0.07565, 0.005471, 5.2e-05, 0.004718, 0.085891], [NaN, 9.0, 0.057192, 0.00245, 2.7e-05, 0.00212, 0.061789], [NaN, 10.0, 0.041366, 0.0, 0.0, 0.0, 0.041366], [NaN, 11.0, 0.069903, 0.0, 0.0, 0.0, 0.069903], [NaN, 12.0, 0.102205, 0.0, 0.0, 0.0, 0.102205], [2013.0, NaN, 0.508375, 0.036779, 0.000317, 0.031321, 0.576792], [NaN, 1.0, 0.036151, 0.002731, 9e-06, 0.002411, 0.041302], [NaN, 2.0, 0.036471, 0.002802, 9e-06, 0.002355, 0.041637], [NaN, 3.0, 0.051743, 0.004126, 2.9e-05, 0.003428, 0.059326], [NaN, 4.0, 0.055722, 0.004331, 3.9e-05, 0.003633, 0.063725], [NaN, 5.0, 0.061282, 0.004644, 4.7e-05, 0.003703, 0.069676], [NaN, 6.0, 0.045796, 0.003506, 3.9e-05, 0.00308, 0.052421], [NaN, 7.0, 0.040734, 0.00334, 3e-05, 0.00281, 0.046914], [NaN, 8.0, 0.01036, 0.000381, 5e-06, 0.000331, 0.011077], [NaN, 9.0, 0.0, 0.0, 0.0, 0.0, 0.0], [NaN, 10.0, 0.000106, 0.0, 0.0, 0.0, 0.000106], [NaN, 11.0, 0.068523, 0.004516, 3.9e-05, 0.003889, 0.076967], [NaN, 12.0, 0.101487, 0.006402, 7.1e-05, 0.005681, 0.113641], [2012.0, NaN, 0.222755, 0.01788, 0.000101, 0.015031, 0.255767], [NaN, 1.0, 0.043368, 0.003431, 2.8e-05, 0.002711, 0.049538], [NaN, 2.0, 0.051315, 0.00408, 2e-05, 0.00336, 0.058775], [NaN, 3.0, 0.034321, 0.002843, 1.3e-05, 0.002248, 0.039425], [NaN, 4.0, 0.0, 0.000359, 0.0, 0.0, 0.000359], [NaN, 5.0, 0.0, 0.0, 0.0, 0.0, 0.0], [NaN, 6.0, 0.0, 0.0, 0.0, 0.0, 0.0], [NaN, 7.0, 0.0, 0.0, 0.0, 0.0, 0.0], [NaN, 8.0, 0.0, 0.0, 0.0, 0.0, 0.0], [NaN, 9.0, 0.0, 0.0, 0.0, 0.0, 0.0], [NaN, 10.0, 0.0, 0.0, 0.0, 0.0, 0.0], [NaN, 11.0, 0.055085, 0.004212, 2.3e-05, 0.00404, 0.06336], [NaN, 12.0, 0.038666, 0.002955, 1.7e-05, 0.002672, 0.04431], [2011.0, NaN, 0.590311, 0.408465, 0.002252, 0.340065, 1.341093], [1.0, 0.081539, 0.036858, 0.000201, 0.029438, 0.148036, NaN], [2.0, 0.01935, 0.029364, 0.000166, 0.023702, 0.072582, NaN], [3.0, 0.025309, 0.028941, 0.00018, 0.026881, 0.081311, NaN], [4.0, 0.113515, 0.040109, 0.000216, 0.032491, 0.186331, NaN], [5.0, 0.117658, 0.025991, 0.000145, 0.022083, 0.165877, NaN], [6.0, 0.054802, 0.028974, 0.000162, 0.02364, 0.107578, NaN], [7.0, 0.088182, 0.038925, 0.000214, 0.031676, 0.158997, NaN], [8.0, 0.0, 0.03115, 0.000169, 0.02653, 0.057849, NaN], [9.0, 0.024271, 0.036548, 0.000191, 0.03092, 0.09193, NaN], [10.0, 0.025607, 0.047259, 0.000252, 0.039583, 0.112701, NaN]]}, "18": {"index": [0, 1, 2, 3, 4, 5, 6, 7, 8, 9, 10, 11, 12, 13, 14, 15, 16, 17, 18, 19, 20, 21, 22, 23, 24, 25, 26, 27, 28, 29, 30, 31, 32, 33, 34, 35, 36, 37, 38, 39, 40, 41], "columns": {"0": "2011", "1": "11", "2": "0.023895", "3": "0.031883", "4": "0.000179", "5": "0.026672", "6": "0.082629"}, "data": [[NaN, 12.0, 0.016183, 0.032463, 0.000177, 0.026449, 0.075272], [2010.0, NaN, 0.735784, 0.0, 0.00036, 0.004478, 0.740622], [NaN, 1.0, 0.033563, 0.0, 0.0, 0.0, 0.033563], [NaN, 2.0, 0.081534, 0.0, 0.0, 0.0, 0.081534], [NaN, 3.0, 0.076518, 0.0, 0.0, 0.0, 0.076518], [NaN, 4.0, 0.090544, 0.0, 0.0, 0.0, 0.090544], [NaN, 5.0, 0.057159, 0.0, 0.0, 0.0, 0.057159], [NaN, 6.0, 0.0, 0.0, 0.0, 0.0, 0.0], [NaN, 7.0, 0.0, 0.0, 0.0, 0.0, 0.0], [NaN, 8.0, 0.006027, 0.0, 0.0, 0.0, 0.006027], [NaN, 9.0, 0.05453, 0.0, 0.0, 0.0, 0.05453], [NaN, 10.0, 0.116123, 0.0, 0.0, 0.0, 0.116123], [NaN, 11.0, 0.098287, 0.0, 0.00018, 0.002239, 0.100706], [NaN, 12.0, 0.121499, 0.0, 0.00018, 0.002239, 0.123918], [2009.0, NaN, 1.094861, 0.005457, 1.5e-05, 0.004716, 1.105049], [NaN, 1.0, 0.106044, 0.001055, 4e-06, 0.000937, 0.10804], [NaN, 2.0, 0.097853, 0.001105, 5e-06, 0.00094, 0.099903], [NaN, 3.0, 0.108425, 0.001277, 5e-06, 0.001078, 0.110785], [NaN, 4.0, 0.113899, 0.001775, 1e-06, 0.001548, 0.117223], [NaN, 5.0, 0.021945, 0.000245, 0.0, 0.000213, 0.022403], [NaN, 6.0, 0.0787, 0.0, 0.0, 0.0, 0.0787], [NaN, 7.0, 0.097127, 0.0, 0.0, 0.0, 0.097127], [NaN, 8.0, 0.095189, 0.0, 0.0, 0.0, 0.095189], [NaN, 9.0, 0.078688, 0.0, 0.0, 0.0, 0.078688], [NaN, 10.0, 0.11478, 0.0, 0.0, 0.0, 0.11478], [NaN, 11.0, 0.106416, 0.0, 0.0, 0.0, 0.106416], [NaN, 12.0, 0.075795, 0.0, 0.0, 0.0, 0.075795], [2008.0, NaN, 1.608804, 0.002183, 0.0, 0.001682, 1.612669], [NaN, 1.0, 0.193629, 0.001782, 0.0, 0.001357, 0.196768], [NaN, 2.0, 0.170588, 0.000235, 0.0, 0.000189, 0.171012], [NaN, 3.0, 0.166867, 0.0, 0.0, 0.0, 0.166867], [NaN, 4.0, 0.165241, 0.0, 0.0, 0.0, 0.165241], [NaN, 5.0, 0.185354, 0.000166, 0.0, 0.000136, 0.185656], [NaN, 6.0, 0.103585, 0.0, 0.0, 0.0, 0.103585], [NaN, 7.0, 0.10703, 0.0, 0.0, 0.0, 0.10703], [NaN, 8.0, 0.104283, 0.0, 0.0, 0.0, 0.104283], [NaN, 9.0, 0.097526, 0.0, 0.0, 0.0, 0.097526], [NaN, 10.0, 0.105776, 0.0, 0.0, 0.0, 0.105776], [NaN, 11.0, 0.10025, 0.0, 0.0, 0.0, 0.10025], [NaN, 12.0, 0.108675, 0.0, 0.0, 0.0, 0.108675], [2007.0, NaN, 2.429793, 0.091972, 0.0, 0.075743, 2.597508], [1.0, 0.187842, 0.005647, 0.0, 0.004659, 0.198148, NaN]]}, "19": {"index": [0, 1, 2, 3, 4, 5, 6, 7, 8, 9, 10, 11, 12, 13, 14, 15, 16, 17, 18, 19, 20, 21, 22, 23, 24, 25, 26, 27, 28, 29, 30, 31, 32, 33, 34, 35, 36, 37, 38, 39, 40, 41], "columns": {"0": "2007", "1": "2", "2": "0.189963", "3": "0.007070", "4": "0.000000", "5": "0.005622", "6": "0.202655"}, "data": [[NaN, 3.0, 0.220855, 0.009827, 0.0, 0.007581, 0.238263], [NaN, 4.0, 0.226528, 0.010497, 0.0, 0.008274, 0.245299], [NaN, 5.0, 0.215343, 0.007924, 0.0, 0.006697, 0.229964], [NaN, 6.0, 0.22997, 0.009195, 0.0, 0.008138, 0.247303], [NaN, 7.0, 0.223406, 0.009209, 0.0, 0.007814, 0.240429], [NaN, 8.0, 0.229538, 0.009841, 0.0, 0.008274, 0.247653], [NaN, 9.0, 0.190209, 0.006893, 0.0, 0.005612, 0.202714], [NaN, 10.0, 0.182636, 0.006013, 0.0, 0.005086, 0.193735], [NaN, 11.0, 0.164373, 0.00516, 0.0, 0.004201, 0.173734], [NaN, 12.0, 0.16913, 0.004696, 0.0, 0.003785, 0.177611], [2006.0, NaN, 1.667602, 0.107405, 0.0, 0.08886, 1.863867], [NaN, 1.0, 0.260723, 0.020984, 0.0, 0.016949, 0.298656], [NaN, 2.0, 0.213817, 0.017444, 0.0, 0.013756, 0.245017], [NaN, 3.0, 0.213905, 0.015929, 0.0, 0.013006, 0.24284], [NaN, 4.0, 0.162464, 0.012682, 0.0, 0.010897, 0.186043], [NaN, 5.0, 0.16629, 0.01265, 0.0, 0.009826, 0.188766], [NaN, 6.0, 0.137306, 0.007767, 0.0, 0.006822, 0.151895], [NaN, 7.0, 0.120687, 0.0077, 0.0, 0.007031, 0.135418], [NaN, 8.0, 0.02529, 0.001561, 0.0, 0.001508, 0.028359], [NaN, 9.0, 0.0, 0.0, 0.0, 0.0, 0.0], [NaN, 10.0, 0.057443, 0.00181, 0.0, 0.001441, 0.060694], [NaN, 11.0, 0.137243, 0.003552, 0.0, 0.00295, 0.143745], [NaN, 12.0, 0.172434, 0.005326, 0.0, 0.004674, 0.182434], [2005.0, NaN, 3.026323, 0.246865, 0.0, 0.189694, 3.462882], [NaN, 1.0, 0.248241, 0.020186, 0.0, 0.015566, 0.283993], [NaN, 2.0, 0.224464, 0.018109, 0.0, 0.013794, 0.256367], [NaN, 3.0, 0.237386, 0.019363, 0.0, 0.015058, 0.271807], [NaN, 4.0, 0.270115, 0.022376, 0.0, 0.016904, 0.309395], [NaN, 5.0, 0.280453, 0.023265, 0.0, 0.015828, 0.319546], [NaN, 6.0, 0.254335, 0.020468, 0.0, 0.017017, 0.29182], [NaN, 7.0, 0.277625, 0.023175, 0.0, 0.017629, 0.318429], [NaN, 8.0, 0.253586, 0.021262, 0.0, 0.016142, 0.29099], [NaN, 9.0, 0.236202, 0.019251, 0.0, 0.014249, 0.269702], [NaN, 10.0, 0.206896, 0.016686, 0.0, 0.012891, 0.236473], [NaN, 11.0, 0.275535, 0.022002, 0.0, 0.017708, 0.315245], [NaN, 12.0, 0.261485, 0.020722, 0.0, 0.016908, 0.299115], [2004.0, NaN, 3.686026, 0.281083, 0.0, 0.215271, 4.18238], [1.0, 0.345264, 0.028403, 0.0, 0.022263, 0.39593, NaN], [2.0, 0.293765, 0.023967, 0.0, 0.018631, 0.336363, NaN], [3.0, 0.331567, 0.027569, 0.0, 0.021635, 0.380771, NaN], [4.0, 0.327122, 0.026467, 0.0, 0.019814, 0.373403, NaN], [5.0, 0.327665, 0.026989, 0.0, 0.019818, 0.374472, NaN]]}, "20": {"index": [0, 1, 2, 3, 4, 5, 6, 7, 8, 9, 10, 11, 12, 13, 14, 15, 16, 17, 18, 19, 20, 21, 22, 23, 24, 25, 26, 27, 28, 29, 30, 31, 32, 33, 34, 35, 36, 37, 38, 39, 40, 41], "columns": {"0": "2004", "1": "6", "2": "0.321538", "3": "0.026525", "4": "0.000000", "5": "0.020426", "6": "0.368489"}, "data": [[NaN, 7.0, 0.307537, 0.024943, 0.0, 0.020047, 0.352527], [NaN, 8.0, 0.336827, 0.013819, 0.0, 0.010224, 0.36087], [NaN, 9.0, 0.309756, 0.01938, 0.0, 0.013793, 0.342929], [NaN, 10.0, 0.291853, 0.023371, 0.0, 0.017997, 0.333221], [NaN, 11.0, 0.264216, 0.021307, 0.0, 0.016196, 0.301719], [NaN, 12.0, 0.228916, 0.018343, 0.0, 0.014427, 0.261686], [2003.0, NaN, 4.115485, 0.328949, 0.0, 0.261042, 4.705476], [NaN, 1.0, 0.412054, 0.031738, 0.0, 0.027482, 0.471274], [NaN, 2.0, 0.385314, 0.029275, 0.0, 0.025058, 0.439647], [NaN, 3.0, 0.415529, 0.033184, 0.0, 0.027574, 0.476287], [NaN, 4.0, 0.379239, 0.028306, 0.0, 0.022166, 0.429711], [NaN, 5.0, 0.406404, 0.030464, 0.0, 0.023979, 0.460847], [NaN, 6.0, 0.371721, 0.029752, 0.0, 0.023454, 0.424927], [NaN, 7.0, 0.330056, 0.0248, 0.0, 0.019703, 0.374559], [NaN, 8.0, 0.323342, 0.02612, 0.0, 0.019275, 0.368737], [NaN, 9.0, 0.264158, 0.019381, 0.0, 0.017591, 0.30113], [NaN, 10.0, 0.163249, 0.011854, 0.0, 0.009572, 0.184675], [NaN, 11.0, 0.311844, 0.035454, 0.0, 0.022431, 0.369729], [NaN, 12.0, 0.352575, 0.028621, 0.0, 0.022757, 0.403953], [2002.0, NaN, 4.615525, 0.316896, 0.0, 0.319043, 5.251464], [NaN, 1.0, 0.446632, 0.032145, 0.0, 0.031435, 0.510212], [NaN, 2.0, 0.432772, 0.031497, 0.0, 0.030615, 0.494884], [NaN, 3.0, 0.195274, 0.013227, 0.0, 0.013238, 0.221739], [NaN, 4.0, 0.386551, 0.02674, 0.0, 0.026705, 0.439996], [NaN, 5.0, 0.405816, 0.02681, 0.0, 0.02949, 0.462116], [NaN, 6.0, 0.358613, 0.022087, 0.0, 0.024565, 0.405265], [NaN, 7.0, 0.375757, 0.024876, 0.0, 0.024907, 0.42554], [NaN, 8.0, 0.396729, 0.015835, 0.0, 0.014616, 0.42718], [NaN, 9.0, 0.39787, 0.035268, 0.0, 0.03482, 0.467958], [NaN, 10.0, 0.411408, 0.029946, 0.0, 0.028605, 0.469959], [NaN, 11.0, 0.395955, 0.027941, 0.0, 0.029503, 0.453399], [NaN, 12.0, 0.412148, 0.030524, 0.0, 0.030544, 0.473216], [2001.0, NaN, 4.753885, 0.336492, 0.0, 0.322912, 5.413289], [1.0, 0.424821, 0.03242, 0.0, 0.029182, 0.486423, NaN], [2.0, 0.364204, 0.024451, 0.0, 0.019228, 0.407883, NaN], [3.0, 0.422418, 0.030062, 0.0, 0.028145, 0.480625, NaN], [4.0, 0.426259, 0.030683, 0.0, 0.029824, 0.486766, NaN], [5.0, 0.134431, 0.00849, 0.0, 0.009661, 0.152582, NaN], [6.0, 0.424307, 0.029607, 0.0, 0.03093, 0.484844, NaN], [7.0, 0.443507, 0.029843, 0.0, 0.029841, 0.503191, NaN], [8.0, 0.383693, 0.027607, 0.0, 0.024397, 0.435697, NaN], [9.0, 0.424137, 0.029999, 0.0, 0.02856, 0.482696, NaN]]}, "21": {"index": [0, 1, 2, 3, 4, 5, 6, 7, 8, 9, 10, 11, 12, 13, 14, 15, 16, 17, 18, 19, 20, 21, 22, 23, 24, 25, 26, 27, 28, 29, 30, 31, 32, 33, 34, 35, 36, 37, 38, 39, 40], "columns": {"0": "2001", "1": "10", "2": "0.448590", "3": "0.032322", "4": "0.000000", "5": "0.030840", "6": "0.511752"}, "data": [[NaN, 11.0, 0.394209, 0.027054, 0.0, 0.027944, 0.449207], [NaN, 12.0, 0.463309, 0.033954, 0.0, 0.03436, 0.531623], [2000.0, NaN, 3.994316, 0.304298, 0.0, 0.198695, 4.497309], [NaN, 1.0, 0.388542, 0.036675, 0.0, 0.020966, 0.446183], [NaN, 2.0, 0.351161, 0.028929, 0.0, 0.017844, 0.397934], [NaN, 3.0, 0.383765, 0.031071, 0.0, 0.017693, 0.432529], [NaN, 4.0, 0.12063, 0.009511, 0.0, 0.004927, 0.135068], [NaN, 5.0, 0.39543, 0.021587, 0.0, 0.016141, 0.433158], [NaN, 6.0, 0.386481, 0.0072, 0.0, 0.004389, 0.39807], [NaN, 7.0, 0.396092, 0.051941, 0.0, 0.030667, 0.4787], [NaN, 8.0, 0.353585, 0.014336, 0.0, 0.00954, 0.377461], [NaN, 9.0, 0.367128, 0.03489, 0.0, 0.022556, 0.424574], [NaN, 10.0, 0.14157, 0.012441, 0.0, 0.006619, 0.16063], [NaN, 11.0, 0.283945, 0.021154, 0.0, 0.019078, 0.324177], [NaN, 12.0, 0.425987, 0.034563, 0.0, 0.028275, 0.488825], [1999.0, NaN, 4.420496, 0.338093, 0.0, 0.216076, 4.974665], [NaN, 1.0, 0.405307, 0.033046, 0.0, 0.019209, 0.457562], [NaN, 2.0, 0.362445, 0.033128, 0.0, 0.021156, 0.416729], [NaN, 3.0, 0.395741, 0.027702, 0.0, 0.018851, 0.442294], [NaN, 4.0, 0.37784, 0.030053, 0.0, 0.018393, 0.426286], [NaN, 5.0, 0.369703, 0.028119, 0.0, 0.019948, 0.41777], [NaN, 6.0, 0.381261, 0.029191, 0.0, 0.018675, 0.429127], [NaN, 7.0, 0.414687, 0.031222, 0.0, 0.020088, 0.465997], [NaN, 8.0, 0.39195, 0.030357, 0.0, 0.020524, 0.442831], [NaN, 9.0, 0.37577, 0.011501, 0.0, 0.005883, 0.393154], [NaN, 10.0, 0.138431, 0.014022, 0.0, 0.008838, 0.161291], [NaN, 11.0, 0.391707, 0.030299, 0.0, 0.019482, 0.441488], [NaN, 12.0, 0.415654, 0.039453, 0.0, 0.025029, 0.480136], [1998.0, NaN, 3.969652, 0.32045, 0.0, 0.195699, 4.485801], [1.0, 0.349523, 0.024602, 0.0, 0.019673, 0.393798, NaN], [2.0, 0.307048, 0.022673, 0.0, 0.017042, 0.346763, NaN], [3.0, 0.346065, 0.025599, 0.0, 0.016577, 0.388241, NaN], [4.0, 0.317846, 0.023418, 0.0, 0.015073, 0.356337, NaN], [5.0, 0.369889, 0.023757, 0.0, 0.019098, 0.412744, NaN], [6.0, 0.364881, 0.016104, 0.0, 0.010287, 0.391272, NaN], [7.0, 0.35982, 0.043081, 0.0, 0.02096, 0.423861, NaN], [8.0, 0.10208, 0.003863, 0.0, 2.5e-05, 0.105968, NaN], [9.0, 0.3694, 0.038508, 0.0, 0.021676, 0.429584, NaN], [10.0, 0.374575, 0.03946, 0.0, 0.019776, 0.433811, NaN], [11.0, 0.334262, 0.028294, 0.0, 0.017197, 0.379753, NaN], [12.0, 0.374263, 0.031091, 0.0, 0.018315, 0.423669, NaN]]}, "22": {"index": [0, 1, 2, 3, 4, 5, 6, 7, 8, 9, 10, 11, 12, 13, 14, 15, 16, 17, 18, 19, 20, 21, 22, 23, 24, 25, 26, 27, 28, 29, 30, 31, 32, 33, 34, 35, 36, 37, 38, 39, 40, 41], "columns": {"0": "1997", "1": "Unnamed: 0", "2": "4.122334", "3": "0.390058", "4": "0.000000", "5": "0.196909", "6": "4.709301"}, "data": [[NaN, 1.0, 0.416294, 0.032437, 0.0, 0.019696, 0.468427], [NaN, 2.0, 0.337534, 0.026068, 0.0, 0.015457, 0.379059], [NaN, 3.0, 0.328891, 0.026855, 0.0, 0.014871, 0.370617], [NaN, 4.0, 0.285575, 0.032712, 0.0, 0.013767, 0.332054], [NaN, 5.0, 0.364677, 0.04091, 0.0, 0.017518, 0.423105], [NaN, 6.0, 0.334781, 0.039664, 0.0, 0.015983, 0.390428], [NaN, 7.0, 0.358982, 0.041383, 0.0, 0.018002, 0.418367], [NaN, 8.0, 0.352432, 0.039414, 0.0, 0.017327, 0.409173], [NaN, 9.0, 0.320963, 0.024457, 0.0, 0.006379, 0.351799], [NaN, 10.0, 0.330584, 0.030664, 0.0, 0.020342, 0.38159], [NaN, 11.0, 0.334516, 0.026972, 0.0, 0.018196, 0.379684], [NaN, 12.0, 0.357105, 0.028522, 0.0, 0.019371, 0.404998], [1996.0, NaN, 4.503743, 0.363866, 0.0, 0.199399, 5.067008], [NaN, 1.0, 0.452585, 0.040049, 0.0, 0.018294, 0.510928], [NaN, 2.0, 0.407149, 0.030197, 0.0, 0.017271, 0.454617], [NaN, 3.0, 0.420566, 0.027962, 0.0, 0.016787, 0.465315], [NaN, 4.0, 0.37969, 0.028966, 0.0, 0.01558, 0.424236], [NaN, 5.0, 0.346278, 0.031491, 0.0, 0.015082, 0.392851], [NaN, 6.0, 0.377772, 0.031344, 0.0, 0.017019, 0.426135], [NaN, 7.0, 0.373809, 0.033152, 0.0, 0.017552, 0.424513], [NaN, 8.0, 0.370556, 0.036095, 0.0, 0.015846, 0.422497], [NaN, 9.0, 0.354155, 0.024727, 0.0, 0.016939, 0.395821], [NaN, 10.0, 0.149744, 0.017625, 0.0, 0.008197, 0.175566], [NaN, 11.0, 0.442219, 0.031829, 0.0, 0.02089, 0.494938], [NaN, 12.0, 0.42922, 0.030429, 0.0, 0.019942, 0.479591], [1995.0, NaN, 4.145686, 0.278034, 0.0, 0.170571, 4.594291], [NaN, 1.0, 0.36097, 0.031056, 0.0, 0.014826, 0.406852], [NaN, 2.0, 0.310354, 0.022111, 0.0, 0.013138, 0.345603], [NaN, 3.0, 0.368963, 0.024849, 0.0, 0.016165, 0.409977], [NaN, 4.0, 0.369546, 0.021933, 0.0, 0.016642, 0.408121], [NaN, 5.0, 0.38151, 0.02471, 0.0, 0.016864, 0.423084], [NaN, 6.0, 0.359455, 0.021824, 0.0, 0.01563, 0.396909], [NaN, 7.0, 0.36424, 0.024719, 0.0, 0.015417, 0.404376], [NaN, 8.0, 0.204657, 0.012351, 0.0, 0.008033, 0.225041], [NaN, 9.0, 0.320158, 0.018205, 0.0, 0.012147, 0.35051], [NaN, 10.0, 0.368421, 0.02627, 0.0, 0.011883, 0.406574], [NaN, 11.0, 0.340643, 0.027239, 0.0, 0.012373, 0.380255], [NaN, 12.0, 0.396769, 0.022767, 0.0, 0.017453, 0.436989], [1994.0, NaN, 1.555462, 0.092973, 0.0, 0.040916, 1.689351], [6.0, 0.104539, 0.0, 0.0, 0.0, 0.104539, NaN], [7.0, 0.136157, 0.006732, 0.0, 0.0, 0.142889, NaN], [8.0, 0.078797, 0.00567, 0.0, 0.0, NaN, NaN]]}, "23": {"index": [0, 1, 2], "columns": {"0": "1994", "1": "9", "2": "0.229426", "3": "0.006385", "4": "0.000000", "5": "0.000000.1", "6": "0.235811"}, "data": [[10, 0.308607, 0.022785, 0.0, 0.012531, 0.343923, NaN], [11, 0.338542, 0.025272, 0.0, 0.013869, 0.377683, NaN], [12, 0.359394, 0.026129, 0.0, 0.014516, NaN, NaN]]}, "24": {"index": [0, 1, 2, 3, 4, 5, 6, 7, 8, 9, 10, 11, 12, 13, 14, 15, 16, 17, 18, 19, 20, 21, 22, 23, 24, 25, 26, 27, 28, 29, 30, 31, 32, 33], "columns": {"0": "Unnamed: 0", "1": "Month", "2": "Gross - oil[mill Sm3]", "3": "Gross - gas[bill Sm3]", "4": "Gross -condensate[mill Sm3]", "5": "Gross - oilequivalents[mill Sm3]"}, "data": [["Sum", NaN, 65.254809, 7.129135, 0.0, 72.383944], ["2023", NaN, 0.412866, 0.040107, 0.0, 0.452973], [NaN, 1.0, 0.114098, 0.010755, 0.0, 0.124853], [NaN, 2.0, 0.085203, 0.008556, 0.0, 0.093759], [NaN, 3.0, 0.093498, 0.009312, 0.0, 0.10281], [NaN, 4.0, 0.045484, 0.004309, 0.0, 0.049793], [NaN, 5.0, 0.074583, 0.007175, 0.0, 0.081758], [NaN, 6.0, 0.0, 0.0, 0.0, 0.0], ["2022", NaN, 1.327848, 0.131542, 0.0, 1.45939], [NaN, 1.0, 0.085043, 0.011534, 0.0, 0.096577], [NaN, 2.0, 0.083802, 0.011883, 0.0, 0.095685], [NaN, 3.0, 0.121331, 0.011604, 0.0, 0.132935], [NaN, 4.0, 0.12986, 0.012531, 0.0, 0.142391], [NaN, 5.0, 0.112086, 0.010382, 0.0, 0.122468], [NaN, 6.0, 0.087092, 0.008101, 0.0, 0.095193], [NaN, 7.0, 0.115796, 0.010286, 0.0, 0.126082], [NaN, 8.0, 0.129104, 0.012127, 0.0, 0.141231], [NaN, 9.0, 0.119156, 0.011215, 0.0, 0.130371], [NaN, 10.0, 0.118715, 0.011192, 0.0, 0.129907], [NaN, 11.0, 0.100044, 0.009054, 0.0, 0.109098], [NaN, 12.0, 0.125819, 0.011633, 0.0, 0.137452], ["2021", NaN, 1.087568, 0.114699, 0.0, 1.202267], ["1", 0.04393, 0.005581, 0.0, 0.049511, NaN], ["2", 0.049234, 0.006162, 0.0, 0.055396, NaN], ["3", 0.044932, 0.00558, 0.0, 0.050512, NaN], ["4", 0.038478, 0.005036, 0.0, 0.043514, NaN], ["5", 0.047092, 0.006049, 0.0, 0.053141, NaN], ["6", 0.079646, 0.006116, 0.0, 0.085762, NaN], ["7", 0.096256, 0.008771, 0.0, 0.105027, NaN], ["8", 0.116428, 0.010029, 0.0, 0.126457, NaN], ["9", 0.112344, 0.010159, 0.0, 0.122503, NaN], ["10", 0.200224, 0.02029, 0.0, 0.220514, NaN], ["11", 0.140771, 0.015069, 0.0, 0.15584, NaN], ["12", 0.118233, 0.015857, 0.0, 0.13409, NaN]]}, "25": {"index": [0, 1, 2, 3, 4, 5, 6, 7, 8, 9, 10, 11, 12, 13, 14, 15, 16, 17, 18, 19, 20, 21, 22, 23, 24, 25, 26, 27, 28, 29, 30, 31, 32, 33, 34, 35, 36, 37, 38, 39, 40, 41], "columns": {"0": "2020", "1": "Unnamed: 0", "2": "0.621160", "3": "0.078095", "4": "0.000000", "5": "0.699255"}, "data": [[NaN, 1.0, 0.05725, 0.007034, 0.0, 0.064284], [NaN, 2.0, 0.056594, 0.007092, 0.0, 0.063686], [NaN, 3.0, 0.053926, 0.006517, 0.0, 0.060443], [NaN, 4.0, 0.064384, 0.007853, 0.0, 0.072237], [NaN, 5.0, 0.045686, 0.005957, 0.0, 0.051643], [NaN, 6.0, 0.044471, 0.005585, 0.0, 0.050056], [NaN, 7.0, 0.047478, 0.006105, 0.0, 0.053583], [NaN, 8.0, 0.057668, 0.007153, 0.0, 0.064821], [NaN, 9.0, 0.044142, 0.005768, 0.0, 0.04991], [NaN, 10.0, 0.054005, 0.007067, 0.0, 0.061072], [NaN, 11.0, 0.041498, 0.005371, 0.0, 0.046869], [NaN, 12.0, 0.054058, 0.006593, 0.0, 0.060651], [2019.0, NaN, 0.70897, 0.088477, 0.0, 0.797447], [NaN, 1.0, 0.07689, 0.009923, 0.0, 0.086813], [NaN, 2.0, 0.054764, 0.006763, 0.0, 0.061527], [NaN, 3.0, 0.072859, 0.009244, 0.0, 0.082103], [NaN, 4.0, 0.053576, 0.006674, 0.0, 0.06025], [NaN, 5.0, 0.010601, 0.001298, 0.0, 0.011899], [NaN, 6.0, 0.048966, 0.00622, 0.0, 0.055186], [NaN, 7.0, 0.064943, 0.008142, 0.0, 0.073085], [NaN, 8.0, 0.073072, 0.009191, 0.0, 0.082263], [NaN, 9.0, 0.060058, 0.007453, 0.0, 0.067511], [NaN, 10.0, 0.062526, 0.007864, 0.0, 0.07039], [NaN, 11.0, 0.07235, 0.008624, 0.0, 0.080974], [NaN, 12.0, 0.058365, 0.007081, 0.0, 0.065446], [2018.0, NaN, 0.94853, 0.116487, 0.0, 1.065017], [NaN, 1.0, 0.080593, 0.008846, 0.0, 0.089439], [NaN, 2.0, 0.075223, 0.00887, 0.0, 0.084093], [NaN, 3.0, 0.083022, 0.009621, 0.0, 0.092643], [NaN, 4.0, 0.08695, 0.01017, 0.0, 0.09712], [NaN, 5.0, 0.084052, 0.010753, 0.0, 0.094805], [NaN, 6.0, 0.064067, 0.008247, 0.0, 0.072314], [NaN, 7.0, 0.071456, 0.009464, 0.0, 0.08092], [NaN, 8.0, 0.096374, 0.012507, 0.0, 0.108881], [NaN, 9.0, 0.081099, 0.009873, 0.0, 0.090972], [NaN, 10.0, 0.074032, 0.009143, 0.0, 0.083175], [NaN, 11.0, 0.073819, 0.009108, 0.0, 0.082927], [NaN, 12.0, 0.077843, 0.009885, 0.0, 0.087728], [2017.0, NaN, 1.256865, 0.132916, 0.0, 1.389781], [1.0, 0.104905, 0.010883, 0.0, 0.115788, NaN], [2.0, 0.12029, 0.012953, 0.0, 0.133243, NaN], [3.0, 0.130326, 0.013853, 0.0, 0.144179, NaN]]}, "26": {"index": [0, 1, 2, 3, 4, 5, 6, 7, 8, 9, 10, 11, 12, 13, 14, 15, 16, 17, 18, 19, 20, 21, 22, 23, 24, 25, 26, 27, 28, 29, 30, 31, 32, 33, 34, 35, 36, 37, 38, 39, 40, 41], "columns": {"0": "2017", "1": "4", "2": "0.123342", "3": "0.012914", "4": "0.000000", "5": "0.136256"}, "data": [[NaN, 5.0, 0.11287, 0.011769, 0.0, 0.124639], [NaN, 6.0, 0.11413, 0.011908, 0.0, 0.126038], [NaN, 7.0, 0.123341, 0.013212, 0.0, 0.136553], [NaN, 8.0, 0.105321, 0.011321, 0.0, 0.116642], [NaN, 9.0, 0.085999, 0.008997, 0.0, 0.094996], [NaN, 10.0, 0.083826, 0.00864, 0.0, 0.092466], [NaN, 11.0, 0.066287, 0.007223, 0.0, 0.07351], [NaN, 12.0, 0.086228, 0.009243, 0.0, 0.095471], [2016.0, NaN, 1.447061, 0.151694, 0.0, 1.598755], [NaN, 1.0, 0.086454, 0.009225, 0.0, 0.095679], [NaN, 2.0, 0.100378, 0.010629, 0.0, 0.111007], [NaN, 3.0, 0.128698, 0.014157, 0.0, 0.142855], [NaN, 4.0, 0.126355, 0.012983, 0.0, 0.139338], [NaN, 5.0, 0.11428, 0.011655, 0.0, 0.125935], [NaN, 6.0, 0.136148, 0.014196, 0.0, 0.150344], [NaN, 7.0, 0.133943, 0.013921, 0.0, 0.147864], [NaN, 8.0, 0.123376, 0.012937, 0.0, 0.136313], [NaN, 9.0, 0.099952, 0.010298, 0.0, 0.11025], [NaN, 10.0, 0.135545, 0.014313, 0.0, 0.149858], [NaN, 11.0, 0.131334, 0.013684, 0.0, 0.145018], [NaN, 12.0, 0.130598, 0.013696, 0.0, 0.144294], [2015.0, NaN, 1.154364, 0.123226, 0.0, 1.27759], [NaN, 1.0, 0.09747, 0.010061, 0.0, 0.107531], [NaN, 2.0, 0.103046, 0.010493, 0.0, 0.113539], [NaN, 3.0, 0.114263, 0.012101, 0.0, 0.126364], [NaN, 4.0, 0.092926, 0.009935, 0.0, 0.102861], [NaN, 5.0, 0.114068, 0.012454, 0.0, 0.126522], [NaN, 6.0, 0.119069, 0.013095, 0.0, 0.132164], [NaN, 7.0, 0.113146, 0.011474, 0.0, 0.12462], [NaN, 8.0, 0.048343, 0.005371, 0.0, 0.053714], [NaN, 9.0, 0.065029, 0.007181, 0.0, 0.07221], [NaN, 10.0, 0.110502, 0.012101, 0.0, 0.122603], [NaN, 11.0, 0.086714, 0.009511, 0.0, 0.096225], [NaN, 12.0, 0.089788, 0.009449, 0.0, 0.099237], [2014.0, NaN, 0.74582, 0.086885, 0.0, 0.832705], [1.0, 0.081101, 0.009876, 0.0, 0.090977, NaN], [2.0, 0.069317, 0.00846, 0.0, 0.077777, NaN], [3.0, 0.065777, 0.007892, 0.0, 0.073669, NaN], [4.0, 0.062635, 0.00706, 0.0, 0.069695, NaN], [5.0, 0.048699, 0.005545, 0.0, 0.054244, NaN], [6.0, 0.035732, 0.004079, 0.0, 0.039811, NaN], [7.0, 0.036243, 0.004199, 0.0, 0.040442, NaN]]}, "27": {"index": [0, 1, 2, 3, 4, 5, 6, 7, 8, 9, 10, 11, 12, 13, 14, 15, 16, 17, 18, 19, 20, 21, 22, 23, 24, 25, 26, 27, 28, 29, 30, 31, 32, 33, 34, 35, 36, 37, 38, 39, 40, 41], "columns": {"0": "2014", "1": "8", "2": "0.075650", "3": "0.009182", "4": "0.000000", "5": "0.084832"}, "data": [[NaN, 9.0, 0.057192, 0.006928, 0.0, 0.06412], [NaN, 10.0, 0.041366, 0.00489, 0.0, 0.046256], [NaN, 11.0, 0.069903, 0.007955, 0.0, 0.077858], [NaN, 12.0, 0.102205, 0.010819, 0.0, 0.113024], [2013.0, NaN, 0.508494, 0.060219, 0.0, 0.568713], [NaN, 1.0, 0.036151, 0.004299, 0.0, 0.04045], [NaN, 2.0, 0.036471, 0.004229, 0.0, 0.0407], [NaN, 3.0, 0.051743, 0.006287, 0.0, 0.05803], [NaN, 4.0, 0.055722, 0.006628, 0.0, 0.06235], [NaN, 5.0, 0.061282, 0.007026, 0.0, 0.068308], [NaN, 6.0, 0.045796, 0.005262, 0.0, 0.051058], [NaN, 7.0, 0.040853, 0.004861, 0.0, 0.045714], [NaN, 8.0, 0.01036, 0.001226, 0.0, 0.011586], [NaN, 9.0, 0.0, 0.0, 0.0, 0.0], [NaN, 10.0, 0.000106, 1e-05, 0.0, 0.000116], [NaN, 11.0, 0.068523, 0.00799, 0.0, 0.076513], [NaN, 12.0, 0.101487, 0.012401, 0.0, 0.113888], [2012.0, NaN, 0.222732, 0.02696, 0.0, 0.249692], [NaN, 1.0, 0.043368, 0.005124, 0.0, 0.048492], [NaN, 2.0, 0.051292, 0.006277, 0.0, 0.057569], [NaN, 3.0, 0.034321, 0.004248, 0.0, 0.038569], [NaN, 4.0, 0.0, 0.0, 0.0, 0.0], [NaN, 5.0, 0.0, 0.0, 0.0, 0.0], [NaN, 6.0, 0.0, 0.0, 0.0, 0.0], [NaN, 7.0, 0.0, 0.0, 0.0, 0.0], [NaN, 8.0, 0.0, 0.0, 0.0, 0.0], [NaN, 9.0, 0.0, 0.0, 0.0, 0.0], [NaN, 10.0, 0.0, 0.0, 0.0, 0.0], [NaN, 11.0, 0.055085, 0.006698, 0.0, 0.061783], [NaN, 12.0, 0.038666, 0.004613, 0.0, 0.043279], [2011.0, NaN, 0.585948, 0.067625, 0.0, 0.653573], [1.0, 0.081575, 0.00924, 0.0, 0.090815, NaN], [2.0, 0.019465, 0.002128, 0.0, 0.021593, NaN], [3.0, 0.025422, 0.002402, 0.0, 0.027824, NaN], [4.0, 0.11269, 0.013498, 0.0, 0.126188, NaN], [5.0, 0.112724, 0.013284, 0.0, 0.126008, NaN], [6.0, 0.054829, 0.006581, 0.0, 0.06141, NaN], [7.0, 0.088232, 0.009931, 0.0, 0.098163, NaN], [8.0, 0.0, 0.0, 0.0, 0.0, NaN], [9.0, 0.02431, 0.002761, 0.0, 0.027071, NaN], [10.0, 0.026042, 0.003055, 0.0, 0.029097, NaN], [11.0, 0.023888, 0.002849, 0.0, 0.026737, NaN]]}, "28": {"index": [0, 1, 2, 3, 4, 5, 6, 7, 8, 9, 10, 11, 12, 13, 14, 15, 16, 17, 18, 19, 20, 21, 22, 23, 24, 25, 26, 27, 28, 29, 30, 31, 32, 33, 34, 35, 36, 37, 38, 39, 40, 41], "columns": {"0": "2011", "1": "12", "2": "0.016771", "3": "0.001896", "4": "0.000000", "5": "0.018667"}, "data": [[2010.0, NaN, 0.737942, 0.083996, 0.0, 0.821938], [NaN, 1.0, 0.032434, 0.00351, 0.0, 0.035944], [NaN, 2.0, 0.080589, 0.009202, 0.0, 0.089791], [NaN, 3.0, 0.076518, 0.008776, 0.0, 0.085294], [NaN, 4.0, 0.090666, 0.010403, 0.0, 0.101069], [NaN, 5.0, 0.05715, 0.006625, 0.0, 0.063775], [NaN, 6.0, 0.0, 0.0, 0.0, 0.0], [NaN, 7.0, 0.0, 0.0, 0.0, 0.0], [NaN, 8.0, 0.00597, 0.000638, 0.0, 0.006608], [NaN, 9.0, 0.054516, 0.006032, 0.0, 0.060548], [NaN, 10.0, 0.117718, 0.013076, 0.0, 0.130794], [NaN, 11.0, 0.100921, 0.011341, 0.0, 0.112262], [NaN, 12.0, 0.12146, 0.014393, 0.0, 0.135853], [2009.0, NaN, 1.098615, 0.126356, 0.0, 1.224971], [NaN, 1.0, 0.106044, 0.011987, 0.0, 0.118031], [NaN, 2.0, 0.098899, 0.011016, 0.0, 0.109915], [NaN, 3.0, 0.108425, 0.012571, 0.0, 0.120996], [NaN, 4.0, 0.113899, 0.013185, 0.0, 0.127084], [NaN, 5.0, 0.021945, 0.002496, 0.0, 0.024441], [NaN, 6.0, 0.0787, 0.009176, 0.0, 0.087876], [NaN, 7.0, 0.097127, 0.011387, 0.0, 0.108514], [NaN, 8.0, 0.095189, 0.010872, 0.0, 0.106061], [NaN, 9.0, 0.078688, 0.009351, 0.0, 0.088039], [NaN, 10.0, 0.115147, 0.013465, 0.0, 0.128612], [NaN, 11.0, 0.105772, 0.012303, 0.0, 0.118075], [NaN, 12.0, 0.07878, 0.008547, 0.0, 0.087327], [2008.0, NaN, 1.612799, 0.182959, 0.0, 1.795758], [NaN, 1.0, 0.193568, 0.022356, 0.0, 0.215924], [NaN, 2.0, 0.17067, 0.019596, 0.0, 0.190266], [NaN, 3.0, 0.166985, 0.018772, 0.0, 0.185757], [NaN, 4.0, 0.165241, 0.018766, 0.0, 0.184007], [NaN, 5.0, 0.185354, 0.021302, 0.0, 0.206656], [NaN, 6.0, 0.103585, 0.011468, 0.0, 0.115053], [NaN, 7.0, 0.10703, 0.012057, 0.0, 0.119087], [NaN, 8.0, 0.104283, 0.011593, 0.0, 0.115876], [NaN, 9.0, 0.097544, 0.01106, 0.0, 0.108604], [NaN, 10.0, 0.105776, 0.012066, 0.0, 0.117842], [NaN, 11.0, 0.10025, 0.011472, 0.0, 0.111722], [NaN, 12.0, 0.112513, 0.012451, 0.0, 0.124964], [2007.0, NaN, 2.405303, 0.271948, 0.0, 2.677251], [1.0, 0.199578, 0.021098, 0.0, 0.220676, NaN], [2.0, 0.183574, 0.021184, 0.0, 0.204758, NaN]]}, "29": {"index": [0, 1, 2, 3, 4, 5, 6, 7, 8, 9, 10, 11, 12, 13, 14, 15, 16, 17, 18, 19, 20, 21, 22, 23, 24, 25, 26, 27, 28, 29, 30, 31, 32, 33, 34, 35, 36, 37, 38, 39, 40, 41], "columns": {"0": "2007", "1": "3", "2": "0.220855", "3": "0.025514", "4": "0.000000", "5": "0.246369"}, "data": [[NaN, 4.0, 0.227062, 0.02584, 0.0, 0.252902], [NaN, 5.0, 0.215343, 0.02448, 0.0, 0.239823], [NaN, 6.0, 0.229826, 0.025431, 0.0, 0.255257], [NaN, 7.0, 0.223436, 0.024896, 0.0, 0.248332], [NaN, 8.0, 0.230303, 0.026114, 0.0, 0.256417], [NaN, 9.0, 0.191268, 0.021749, 0.0, 0.213017], [NaN, 10.0, 0.182636, 0.021159, 0.0, 0.203795], [NaN, 11.0, 0.131873, 0.015113, 0.0, 0.146986], [NaN, 12.0, 0.169549, 0.01937, 0.0, 0.188919], [2006.0, NaN, 1.65481, 0.193017, 0.0, 1.847827], [NaN, 1.0, 0.252572, 0.029432, 0.0, 0.282004], [NaN, 2.0, 0.213817, 0.024765, 0.0, 0.238582], [NaN, 3.0, 0.212222, 0.025215, 0.0, 0.237437], [NaN, 4.0, 0.162464, 0.019083, 0.0, 0.181547], [NaN, 5.0, 0.16629, 0.019964, 0.0, 0.186254], [NaN, 6.0, 0.137306, 0.016094, 0.0, 0.1534], [NaN, 7.0, 0.117817, 0.013353, 0.0, 0.13117], [NaN, 8.0, 0.02529, 0.00286, 0.0, 0.02815], [NaN, 9.0, 0.0, 0.0, 0.0, 0.0], [NaN, 10.0, 0.056941, 0.006664, 0.0, 0.063605], [NaN, 11.0, 0.137243, 0.016586, 0.0, 0.153829], [NaN, 12.0, 0.172848, 0.019001, 0.0, 0.191849], [2005.0, NaN, 3.004879, 0.347989, 0.0, 3.352868], [NaN, 1.0, 0.248823, 0.028925, 0.0, 0.277748], [NaN, 2.0, 0.224464, 0.026367, 0.0, 0.250831], [NaN, 3.0, 0.202355, 0.02356, 0.0, 0.225915], [NaN, 4.0, 0.270115, 0.031357, 0.0, 0.301472], [NaN, 5.0, 0.280263, 0.03187, 0.0, 0.312133], [NaN, 6.0, 0.266439, 0.030484, 0.0, 0.296923], [NaN, 7.0, 0.278716, 0.032714, 0.0, 0.31143], [NaN, 8.0, 0.253586, 0.029855, 0.0, 0.283441], [NaN, 9.0, 0.236202, 0.02743, 0.0, 0.263632], [NaN, 10.0, 0.206896, 0.023796, 0.0, 0.230692], [NaN, 11.0, 0.275535, 0.031285, 0.0, 0.30682], [NaN, 12.0, 0.261485, 0.030346, 0.0, 0.291831], [2004.0, NaN, 3.678202, 0.428392, 0.0, 4.106594], [1.0, 0.345361, 0.039898, 0.0, 0.385259, NaN], [2.0, 0.293838, 0.034184, 0.0, 0.328022, NaN], [3.0, 0.329767, 0.038974, 0.0, 0.368741, NaN], [4.0, 0.326307, 0.038105, 0.0, 0.364412, NaN], [5.0, 0.32765, 0.037683, 0.0, 0.365333, NaN], [6.0, 0.322221, 0.037321, 0.0, 0.359542, NaN]]}, "30": {"index": [0, 1, 2, 3, 4, 5, 6, 7, 8, 9, 10, 11, 12, 13, 14, 15, 16, 17, 18, 19, 20, 21, 22, 23, 24, 25, 26, 27, 28, 29, 30, 31, 32, 33, 34, 35, 36, 37, 38, 39, 40, 41], "columns": {"0": "2004", "1": "7", "2": "0.307349", "3": "0.036147", "4": "0.000000", "5": "0.343496"}, "data": [[NaN, 8.0, 0.336916, 0.039523, 0.0, 0.376439], [NaN, 9.0, 0.308755, 0.036218, 0.0, 0.344973], [NaN, 10.0, 0.291431, 0.033844, 0.0, 0.325275], [NaN, 11.0, 0.264288, 0.030149, 0.0, 0.294437], [NaN, 12.0, 0.224319, 0.026346, 0.0, 0.250665], [2003.0, NaN, 4.10908, 0.468927, 0.0, 4.578007], [NaN, 1.0, 0.413141, 0.046514, 0.0, 0.459655], [NaN, 2.0, 0.385641, 0.044745, 0.0, 0.430386], [NaN, 3.0, 0.415277, 0.048135, 0.0, 0.463412], [NaN, 4.0, 0.37858, 0.043335, 0.0, 0.421915], [NaN, 5.0, 0.406719, 0.04603, 0.0, 0.452749], [NaN, 6.0, 0.372663, 0.0421, 0.0, 0.414763], [NaN, 7.0, 0.329301, 0.037807, 0.0, 0.367108], [NaN, 8.0, 0.315635, 0.035827, 0.0, 0.351462], [NaN, 9.0, 0.263818, 0.030783, 0.0, 0.294601], [NaN, 10.0, 0.161075, 0.018183, 0.0, 0.179258], [NaN, 11.0, 0.314353, 0.035315, 0.0, 0.349668], [NaN, 12.0, 0.352877, 0.040153, 0.0, 0.39303], [2002.0, NaN, 4.58566, 0.522983, 0.0, 5.108643], [NaN, 1.0, 0.437911, 0.052507, 0.0, 0.490418], [NaN, 2.0, 0.432061, 0.05052, 0.0, 0.482581], [NaN, 3.0, 0.192743, 0.022493, 0.0, 0.215236], [NaN, 4.0, 0.38257, 0.043986, 0.0, 0.426556], [NaN, 5.0, 0.405008, 0.046784, 0.0, 0.451792], [NaN, 6.0, 0.355001, 0.040712, 0.0, 0.395713], [NaN, 7.0, 0.368492, 0.04303, 0.0, 0.411522], [NaN, 8.0, 0.395739, 0.04319, 0.0, 0.438929], [NaN, 9.0, 0.398057, 0.043301, 0.0, 0.441358], [NaN, 10.0, 0.412026, 0.04582, 0.0, 0.457846], [NaN, 11.0, 0.395162, 0.044798, 0.0, 0.43996], [NaN, 12.0, 0.41089, 0.045842, 0.0, 0.456732], [2001.0, NaN, 4.778589, 0.521124, 0.0, 5.299713], [1.0, 0.42488, 0.0449, 0.0, 0.46978, NaN], [2.0, 0.361477, 0.03864, 0.0, 0.400117, NaN], [3.0, 0.422115, 0.044099, 0.0, 0.466214, NaN], [4.0, 0.425896, 0.043935, 0.0, 0.469831, NaN], [5.0, 0.134026, 0.014684, 0.0, 0.14871, NaN], [6.0, 0.426814, 0.046341, 0.0, 0.473155, NaN], [7.0, 0.447682, 0.047643, 0.0, 0.495325, NaN], [8.0, 0.389877, 0.041275, 0.0, 0.431152, NaN], [9.0, 0.425626, 0.046189, 0.0, 0.471815, NaN], [10.0, 0.447753, 0.052189, 0.0, 0.499942, NaN]]}, "31": {"index": [0, 1, 2, 3, 4, 5, 6, 7, 8, 9, 10, 11, 12, 13, 14, 15, 16, 17, 18, 19, 20, 21, 22, 23, 24, 25, 26, 27, 28, 29, 30, 31, 32, 33, 34, 35, 36, 37, 38, 39, 40, 41], "columns": {"0": "2001", "1": "11", "2": "0.409135", "3": "0.046811", "4": "0.000000", "5": "0.455946"}, "data": [[NaN, 12.0, 0.463308, 0.054418, 0.0, 0.517726], [2000.0, NaN, 4.150064, 0.445724, 0.0, 4.595788], [NaN, 1.0, 0.431033, 0.04577, 0.0, 0.476803], [NaN, 2.0, 0.394372, 0.041439, 0.0, 0.435811], [NaN, 3.0, 0.440994, 0.047371, 0.0, 0.488365], [NaN, 4.0, 0.120546, 0.012744, 0.0, 0.13329], [NaN, 5.0, 0.395582, 0.041648, 0.0, 0.43723], [NaN, 6.0, 0.386417, 0.041009, 0.0, 0.427426], [NaN, 7.0, 0.39603, 0.042286, 0.0, 0.438316], [NaN, 8.0, 0.353551, 0.037824, 0.0, 0.391375], [NaN, 9.0, 0.379001, 0.041046, 0.0, 0.420047], [NaN, 10.0, 0.141484, 0.015737, 0.0, 0.157221], [NaN, 11.0, 0.284405, 0.03086, 0.0, 0.315265], [NaN, 12.0, 0.426649, 0.04799, 0.0, 0.474639], [1999.0, NaN, 4.422726, 0.456688, 0.0, 4.879414], [NaN, 1.0, 0.405196, 0.041477, 0.0, 0.446673], [NaN, 2.0, 0.362625, 0.037088, 0.0, 0.399713], [NaN, 3.0, 0.395812, 0.040589, 0.0, 0.436401], [NaN, 4.0, 0.376562, 0.038646, 0.0, 0.415208], [NaN, 5.0, 0.369293, 0.03791, 0.0, 0.407203], [NaN, 6.0, 0.381686, 0.039439, 0.0, 0.421125], [NaN, 7.0, 0.414518, 0.043245, 0.0, 0.457763], [NaN, 8.0, 0.39247, 0.040623, 0.0, 0.433093], [NaN, 9.0, 0.375973, 0.039233, 0.0, 0.415206], [NaN, 10.0, 0.137479, 0.014111, 0.0, 0.15159], [NaN, 11.0, 0.395627, 0.040804, 0.0, 0.436431], [NaN, 12.0, 0.415485, 0.043523, 0.0, 0.459008], [1998.0, NaN, 3.970011, 0.416104, 0.0, 4.386115], [NaN, 1.0, 0.351506, 0.036275, 0.0, 0.387781], [NaN, 2.0, 0.306178, 0.031659, 0.0, 0.337837], [NaN, 3.0, 0.345257, 0.036266, 0.0, 0.381523], [NaN, 4.0, 0.316484, 0.032738, 0.0, 0.349222], [NaN, 5.0, 0.369495, 0.038978, 0.0, 0.408473], [NaN, 6.0, 0.366166, 0.037867, 0.0, 0.404033], [NaN, 7.0, 0.36085, 0.03829, 0.0, 0.39914], [NaN, 8.0, 0.102324, 0.010803, 0.0, 0.113127], [NaN, 9.0, 0.368525, 0.039638, 0.0, 0.408163], [NaN, 10.0, 0.37493, 0.040135, 0.0, 0.415065], [NaN, 11.0, 0.334487, 0.035348, 0.0, 0.369835], [NaN, 12.0, 0.373809, 0.038107, 0.0, 0.411916], [1997.0, NaN, 4.123549, 0.425959, 0.0, 4.549508], [1.0, 0.416107, 0.044398, 0.0, 0.460505, NaN]]}, "32": {"index": [0, 1, 2, 3, 4, 5, 6, 7, 8, 9, 10, 11, 12, 13, 14, 15, 16, 17, 18, 19, 20, 21, 22, 23, 24, 25, 26, 27, 28, 29, 30, 31, 32, 33, 34, 35, 36, 37, 38, 39, 40, 41], "columns": {"0": "1997", "1": "2", "2": "0.336675", "3": "0.034854", "4": "0.000000", "5": "0.371529"}, "data": [[NaN, 3.0, 0.329148, 0.034021, 0.0, 0.363169], [NaN, 4.0, 0.285363, 0.029236, 0.0, 0.314599], [NaN, 5.0, 0.365022, 0.037085, 0.0, 0.402107], [NaN, 6.0, 0.334735, 0.034029, 0.0, 0.368764], [NaN, 7.0, 0.359671, 0.03723, 0.0, 0.396901], [NaN, 8.0, 0.352867, 0.03649, 0.0, 0.389357], [NaN, 9.0, 0.318939, 0.032805, 0.0, 0.351744], [NaN, 10.0, 0.330706, 0.034018, 0.0, 0.364724], [NaN, 11.0, 0.336449, 0.034619, 0.0, 0.371068], [NaN, 12.0, 0.357867, 0.037174, 0.0, 0.395041], [1996.0, NaN, 4.502691, 0.457051, 0.0, 4.959742], [NaN, 1.0, 0.451375, 0.044631, 0.0, 0.496006], [NaN, 2.0, 0.409872, 0.038737, 0.0, 0.448609], [NaN, 3.0, 0.427458, 0.041935, 0.0, 0.469393], [NaN, 4.0, 0.380557, 0.038234, 0.0, 0.418791], [NaN, 5.0, 0.346853, 0.035, 0.0, 0.381853], [NaN, 6.0, 0.378625, 0.038381, 0.0, 0.417006], [NaN, 7.0, 0.373627, 0.03848, 0.0, 0.412107], [NaN, 8.0, 0.368893, 0.037821, 0.0, 0.406714], [NaN, 9.0, 0.345761, 0.037893, 0.0, 0.383654], [NaN, 10.0, 0.149466, 0.015746, 0.0, 0.165212], [NaN, 11.0, 0.442926, 0.04568, 0.0, 0.488606], [NaN, 12.0, 0.427278, 0.044513, 0.0, 0.471791], [1995.0, NaN, 3.836775, 0.407853, 0.0, 4.244628], [NaN, 1.0, 0.361799, 0.03503, 0.0, 0.396829], [NaN, 2.0, 0.310997, 0.030559, 0.0, 0.341556], [NaN, 3.0, 0.370739, 0.036179, 0.0, 0.406918], [NaN, 4.0, 0.368685, 0.03586, 0.0, 0.404545], [NaN, 5.0, 0.360446, 0.037523, 0.0, 0.397969], [NaN, 6.0, 0.360446, 0.035259, 0.0, 0.395705], [NaN, 7.0, 0.360779, 0.034435, 0.0, 0.395214], [NaN, 8.0, 0.208702, 0.019931, 0.0, 0.228633], [NaN, 9.0, 0.031238, 0.031372, 0.0, 0.06261], [NaN, 10.0, 0.366052, 0.038078, 0.0, 0.40413], [NaN, 11.0, 0.342049, 0.033458, 0.0, 0.375507], [NaN, 12.0, 0.394843, 0.040169, 0.0, 0.435012], [1994.0, NaN, 1.554888, 0.153133, 0.0, 1.708021], [6.0, 0.105048, 0.013098, 0.0, 0.118146, NaN], [7.0, 0.133137, 0.015853, 0.0, 0.14899, NaN], [8.0, 0.079103, 0.007602, 0.0, 0.086705, NaN], [9.0, 0.226458, 0.022004, 0.0, 0.248462, NaN], [10.0, 0.309048, 0.029653, 0.0, 0.338701, NaN]]}, "33": {"index": [0], "columns": {"0": "1994", "1": "11", "2": "0.341219", "3": "0.031052", "4": "0.000000", "5": "0.372271"}, "data": [[12, 0.360875, 0.033871, 0.0, 0.394746, NaN]]}, "34": {"index": [], "columns": {"0": "Unnamed: 0"}, "data": []}, "35": {"index": [], "columns": {"0": "Unnamed: 0"}, "data": []}, "36": {"index": [0, 1, 2, 3, 4, 5, 6, 7, 8, 9, 10, 11, 12], "columns": {"0": "Wellbore name", "1": "Entered date", "2": "Completed", "3": "Purpose", "4": "Status", "5": "Content"}, "data": [[NaN, NaN, "date", NaN, NaN, NaN], ["34/7-12", "11.10.1987", "17.12.1987", "WILDCAT", "P&A", "OIL"], ["34/7-14", "28.09.1989", "02.12.1989", "APPRAISAL", "P&A", "OIL"], ["34/7-21", "19.10.1992", "11.12.1992", "WILDCAT", "P&A", "OIL"], ["34/7-21 A", "15.12.1992", "12.02.1993", "APPRAISAL", "P&A", "OIL"], ["34/7-22", "15.08.1993", "01.10.1993", "WILDCAT", "P&A", "OIL"], ["34/7-25 S", "31.07.1996", "14.09.1996", "WILDCAT", "P&A", "OIL"], ["34/7-26 A", "06.02.1998", "26.02.1998", "APPRAISAL", "RE-CLASS TO", "OIL"], [NaN, NaN, NaN, NaN, "TEST", NaN], ["34/7-26 S", "19.08.1997", "13.09.1997", "APPRAISAL", "SUSPENDED", "DRY"], ["34/7-26 SR", "08.01.1998", "02.02.1998", "APPRAISAL", "PLUGGED", "OIL"], ["34/7-30 S", "26.05.1999", "12.06.1999", "APPRAISAL", "P&A", "DRY"], ["34/7-30 SR", "12.11.1999", "02.12.1999", "APPRAISAL", "P&A", "DRY"]]}, "37": {"index": [0, 1, 2, 3, 4, 5, 6, 7, 8, 9, 10, 11, 12, 13], "columns": {"0": "Wellbore name", "1": "Entered date", "2": "Completed", "3": "Purpose Content"}, "data": [[NaN, NaN, "date", NaN], ["34/7-I-1 H", "15.10.1993", "19.12.1993", "PRODUCTION OIL"], ["34/7-I-2 H", "22.11.1994", "12.02.1995", "OBSERVATION NOT"], [NaN, NaN, NaN, "APPLICABLE"], ["34/7-I-2 AH", "05.06.1995", "24.06.1995", "PRODUCTION OIL"], ["34/7-I-2 BH", "27.12.2015", "08.01.2016", "PRODUCTION OIL"], ["34/7-I-3 H", "26.12.1993", "11.02.1994", "PRODUCTION OIL"], ["34/7-I-3 AH", "27.04.1996", "01.07.1996", "OBSERVATION NOT"], [NaN, NaN, NaN, "APPLICABLE"], ["34/7-I-3 BH", "02.07.1996", "04.07.1996", "PRODUCTION OIL"], ["34/7-I-3 CH", "23.03.2016", "01.04.2016", "PRODUCTION OIL"], ["34/7-I-4 H", "21.10.1994", "17.11.1994", "OBSERVATION NOT"], [NaN, NaN, NaN, "APPLICABLE"], ["34/7-I-4 AH", "07.09.1995", "03.10.1995", "PRODUCTION OIL"]]}, "38": {"index": [0, 1, 2, 3, 4, 5, 6, 7, 8, 9, 10, 11, 12, 13, 14, 15, 16, 17, 18, 19, 20, 21, 22], "columns": {"0": "34/7-I-5 H", "1": "03.08.1993", "2": "12.10.1993", "3": "OBSERVATION", "4": "NOTAPPLICABLE"}, "data": [["34/7-I-5 AH", "20.06.1994", "05.08.1994", "PRODUCTION", "OIL"], ["34/7-I-5 BH", "12.01.2001", "09.03.2001", "PRODUCTION", "OIL"], ["34/7-I-5 CH", "27.08.2014", "02.10.2014", "PRODUCTION", "OIL"], ["34/7-I-10 H", "27.06.1999", "31.08.1999", "INJECTION", "WATER"], ["34/7-I-10 AH", "16.05.2020", "28.05.2020", "PRODUCTION", "OIL"], ["34/7-I-11 H", "26.03.1999", "21.04.1999", "INJECTION", "WATER"], ["34/7-J-1 H", "11.09.1998", "30.10.1998", "PRODUCTION", "OIL"], ["34/7-J-1 AH", "15.04.2004", "20.05.2004", "PRODUCTION", "OIL"], ["34/7-J-2 H", "19.10.2001", "07.11.2001", "PRODUCTION", "OIL"], ["34/7-J-2 AH", "18.06.2006", "15.08.2006", "PRODUCTION", "OIL"], ["34/7-J-3 H", "06.02.1998", "26.02.1998", "PRODUCTION", "OIL"], ["34/7-J-3 AH", "03.09.2002", "20.09.2002", "PRODUCTION", "OIL"], ["34/7-J-4 H", "17.08.2000", "19.10.2000", "PRODUCTION", "OIL"], ["34/7-J-4 AH", "24.07.2021", "09.08.2021", "PRODUCTION", "DRY"], ["34/7-J-4 BH", "10.08.2021", "21.08.2021", "PRODUCTION", "OIL"], ["34/7-J-7 H", "02.07.1997", "19.07.1997", "OBSERVATION", "NOTAPPLICABLE"], ["34/7-J-7 AH", "20.07.1997", "09.08.1997", "OBSERVATION", "NOTAPPLICABLE"], ["34/7-K-1 H", "14.07.2002", "04.12.2002", "INJECTION", "WATER"], ["34/7-K-2 H", "04.07.2013", "03.08.2013", "INJECTION", "WATER"], ["34/7-K-3 H", "11.02.2002", "12.04.2002", "INJECTION", "WATER"], ["34/7-K-3 AH", "29.11.2016", "23.01.2017", "INJECTION", "WATER"], ["34/7-K-4 H", "19.03.2000", "11.07.2000", "INJECTION", "WATER"], ["34/7-R-1 H", "14.05.2007", "09.06.2007", "INJECTION", "WATER"]]}, "39": {"index": [0, 1], "columns": {"0": "Wellbore name", "1": "Entered date", "2": "Completeddate", "3": "Purpose", "4": "Status"}, "data": [["34/7-U-16", "11.05.2007", "13.05.2007", "SOILDRILLING", "P&A"], ["34/7-U-20", "12.09.2012", "14.09.2012", "SHALLOWGAS", "P&A"]]}, "kind": "osdu:wks:master-data--Field:1.0.0 ", "id": "npd:master-data--Factpages-Field:43725"}