{"0": {"index": [0, 1, 2, 3, 4, 5, 6, 7, 8, 9, 10, 11, 12, 13, 14, 15, 16, 17, 18, 19, 20, 21, 22, 23, 24, 25, 26], "columns": {"0": "eneral information", "1": "Unnamed: 0"}, "data": [["Survey name", "RE21300"], ["Legal basis", "Petroleumsforskriften jf Ressursforskriften"], ["NPDID for survey", "10182"], ["Factmaps - new window", "link to map"], ["Status", "Avlyst"], ["Area", "Nordsj\u00f8en"], ["Market available", "Nei"], ["Category", "Andre unders\u00f8kelser"], ["Main type", "Borestedunders\u00f8kelse"], ["Sub type", "Ikke seismikk"], ["Sampling", "Ja"], ["Geotechnical measurement", "Ja"], ["Company - responsible", "Repsol Norge AS"], ["Source type", NaN], ["Number of sources", NaN], ["Source size", NaN], ["Source pressure", NaN], ["Sensor type", NaN], ["Numbers of sensors", NaN], ["Sensor length [m]", NaN], ["Sensor width [m]", NaN], ["Start date - planned", "20.08.2021"], ["Start date", NaN], ["Completed date - planned", "10.09.2021"], ["Completed date", NaN], ["Total length [boat km]", NaN], ["Net area - actual 3D/4D [km2]", NaN]]}, "1": {"index": [], "columns": {"0": "Unnamed: 0"}, "data": []}, "2": {"index": [0, 1, 2, 3, 4, 5], "columns": {"0": "Date", "1": "Type of update", "2": "Information"}, "data": [["14.07.2021", "Status", "Avlyst"], ["14.07.2021", "Melding - Unders\u00f8kelsen avlyses", NaN], ["14.07.2021", "Melding - Endringsmelding - tilinfo", NaN], ["14.07.2021", "Melding - Endringsmelding - tilinfo", "Endret Lisensseismikk, siden det ikke er seismikkinnvolvert i unders\u00f8kelsen."], ["14.07.2021", "Melding - Innmelding", "Ross Offshore er innvolvert i planlegging og utf\u00f8relse.Arbeidet med borehullene er planlagt \u00e5 ta ca. 1 uke."], ["14.07.2021", "Status", "Under behandling"]]}, "3": {"index": [0], "columns": {"0": "Type of licence", "1": "Licence name"}, "data": [["Utvinningstillatelse", 316]]}, "4": {"index": [], "columns": {"0": "Type data", "1": "Format", "2": "Medium", "3": "Comment"}, "data": []}, "5": {"index": [0, 1, 2], "columns": {"0": "Vessel Name", "1": "Type of vessel", "2": "Phone", "3": "IMO-number", "4": "Call", "5": "Nation"}, "data": [[NaN, NaN, "number", NaN, "signal", NaN], ["Normand", "Annet fart\u00f8y", "+47 5285", 9249489.0, "LAXN7", "Norge"], ["Flower", NaN, "6020", NaN, NaN, NaN]]}, "6": {"index": [], "columns": {"0": "From date", "1": "To date", "2": "Name", "3": "Phone number"}, "data": []}, "7": {"index": [0, 1, 2, 3, 4], "columns": {"0": "Point", "1": "NS", "2": "NS minutes", "3": "Unnamed: 0", "4": "EW", "5": "EW minutes", "6": "Unnamed: 1"}, "data": [["number", "degrees", "(decimal)", NaN, "degrees", "(decimal)", NaN], ["1", "57", "45.35", "N", "4", "22.02", "E"], ["2", "57", "45.46", "N", "4", "22.02", "E"], ["3", "57", "45.46", "N", "4", "22.22", "E"], ["4", "57", "45.35", "N", "4", "22.22", "E"]]}, "8": {"index": [0, 1], "columns": {"0": "Point", "1": "NS", "2": "NS.1", "3": "NS.2", "4": "Unnamed: 0", "5": "EW", "6": "EW.1", "7": "EW.2", "8": "Unnamed: 1"}, "data": [["number", "degrees", "minutes", "seconds", NaN, "degrees", "minutes", "seconds", NaN], ["1", "57", "45", "21.22", "N", "4", "22", "0.96", "E"]]}, "9": {"index": [0, 1], "columns": {"0": "2", "1": "57", "2": "45", "3": "27.68", "4": "N", "5": "4", "6": "22", "7": "1.21", "8": "E"}, "data": [[3, 57, 45, 27.55, "N", 4, 22, 13.3, "E"], [4, 57, 45, 21.09, "N", 4, 22, 13.06, "E"]]}, "kind": "osdu:wks:master-data--Survey:1.0.0 ", "id": "npd:master-data--Factpages-Survey:10182"}