{"0": {"index": [0, 1, 2, 3, 4, 5, 6], "columns": {"0": "Field name", "1": "TOMMELITEN A"}, "data": [["Factmaps in new window", "link to map"], ["Current activity status", "Approved for production"], ["Discovery wellbore", "1/9-1"], ["Discovery year.", "1977"], ["Main area", "North sea"], ["Main supply base", "Tananger"], ["NPDID field", "40867462"]]}, "1": {"index": [0, 1], "columns": {"0": "Status", "1": "Status from", "2": "Status to"}, "data": [["Approved for", "08.07.2022", NaN], ["production", NaN, NaN]]}, "2": {"index": [0], "columns": {"0": "Unnamed: 0", "1": "Block name", "2": "Prod. licence"}, "data": [["1/9", NaN, 44]]}, "3": {"index": [0, 1], "columns": {"0": "Owner kind", "1": "Owner name"}, "data": [["BUSINESS ARRANGEMENT", "TOMMELITEN A UNIT"], ["AREA", NaN]]}, "4": {"index": [0, 1, 2, 3], "columns": {"0": "Company name", "1": "Nation code", "2": "Company share [%]"}, "data": [["PGNiG Upstream Norway AS", "NO", 42.1978], ["ConocoPhillips Skandinavia AS", "NO", 28.1385], ["TotalEnergies EP Norge AS", "NO", 20.143], ["V\u00e5r Energi ASA", "NO", 9.0907]]}, "5": {"index": [0, 1], "columns": {"0": "ConocoPhillips (U.K) Holdings Limited", "1": "GB", "2": "0.210900"}, "data": [["TotalEnergies E&P UK Limited", "GB", 0.151], ["Eni UK Limited", "GB", 0.0681]]}, "6": {"index": [0], "columns": {"0": "Orig. recoverableoil[mill Sm3]", "1": "Orig. recoverablegas[bill Sm3]", "2": "Orig. recoverableNGL[mill tonn]", "3": "Orig. recoverablecond.[mill Sm3]", "4": "Orig. recoverableoil eq.[mill Sm3 o.e]"}, "data": [[5.79, 14.85, 0.37, 0.0, 21.34]]}, "7": {"index": [0], "columns": {"0": "Remaining oil[mill Sm3]", "1": "Remaining gas[bill Sm3]", "2": "Remaining NGL[mill tonn]", "3": "Remaining cond.[mill Sm3]", "4": "Remaining oil eq.[mill Sm3 o.e]"}, "data": [[5.79, 14.85, 0.37, 0.0, 21.34]]}, "8": {"index": [0], "columns": {"0": "Orig. inplace oil[mill Sm3]", "1": "Orig. inplace ass.liquid[mill Sm3]", "2": "Orig. inplace ass.gas[bill Sm3]", "3": "Orig. inplace freegas[bill Sm3]"}, "data": [[0.0, 34.0, 0.0, 23.0]]}, "9": {"index": [0, 1, 2, 3, 4], "columns": {"0": "Type", "1": "Text", "2": "Dateupdated"}, "data": [["Development", "Tommeliten A is a field in the southern part of the Norwegiansector in the North Sea, 25 kilometres southwest of the Ekofiskfield. The field is located on the border to the UK sector and theNorwegian share of the field is 99.57 per cent. The water depthis 75 metres. Tommeliten A was proven in 1977 and the planfor development and operation (PDO) was approved in July2022. The field is being developed with two subsea templatestied-back to the Ekofisk Comlpex, where a new processingmodule will be installed.", "28.02.2023"], ["Reservoir", "The reservoir contains gas condensate and volatile oil in chalk inthe Paleocene Ekofisk Formation and Upper Cretaceous TorFormation at a depth of about 3000 metres. The reservoirqualities vary across both formations and are affected by faultsand fractures.", "28.02.2023"], ["Recovery strategy", "The field will be produced by pressure depletion.", "28.02.2023"], ["Transport", "The well stream will be transported to Ekofisk Centre bypipelines. Oil and gas are routed to export pipelines via theprocessing facility at Ekofisk to Teesside in the UK and toEmden in Germany.", "28.02.2023"], ["Status", "The field is under development and production is planned tostart in 2024.", NaN]]}, "10": {"index": [0, 1, 2, 3, 4, 5, 6, 7, 8, 9, 10, 11, 12, 13, 14, 15, 16, 17], "columns": {"0": "Unnamed: 0", "1": "Investments"}, "data": [[NaN, "[mill NOK nominal"], [NaN, "values]"], ["Sum", "1210"], ["2021", "1210"], ["2020", "0"], ["2015", "0"], ["2014", "0"], ["2013", "0"], ["2012", "0"], ["2011", "0"], ["2010", "0"], ["2009", "0"], ["2008", "0"], ["2007", "0"], ["2006", "0"], ["2005", "0"], ["2004", "0"], ["1992", "0"]]}, "11": {"index": [0, 1], "columns": {"0": "Month", "1": "Net - oil", "2": "Net - gas", "3": "Net -", "4": "Net - NGL", "5": "Net - oil equivalents"}, "data": [[NaN, "[mill Sm3]", "[bill Sm3]", "condensate", "[mill Sm3]", NaN], [NaN, NaN, NaN, "[mill Sm3]", NaN, "[mill Sm3]"]]}, "12": {"index": [0, 1], "columns": {"0": "Month", "1": "Gross - oil", "2": "Gross - gas", "3": "Gross -", "4": "Gross - oil.1"}, "data": [[NaN, "[mill Sm3]", "[bill Sm3]", "condensate", "equivalents"], [NaN, NaN, NaN, "[mill Sm3]", "[mill Sm3]"]]}, "13": {"index": [0, 1, 2, 3, 4, 5], "columns": {"0": "Wellbore name", "1": "Entered date", "2": "Completeddate", "3": "Purpose", "4": "Status", "5": "Content"}, "data": [["1/9-1", "14.10.1976", "17.02.1977", "WILDCAT", "P&A", "GAS/CONDENSATE"], ["1/9-1 R", "08.05.1987", "17.05.1987", "WILDCAT", "P&A", "GAS/CONDENSATE"], ["1/9-2", "01.06.1977", "12.08.1977", "APPRAISAL", "P&A", "OIL SHOWS"], ["1/9-3", "13.08.1977", "27.11.1977", "APPRAISAL", "SUSPENDED", "DRY"], ["1/9-3 R", "27.05.1978", "30.09.1978", "APPRAISAL", "P&A", "GAS/CONDENSATE"], ["1/9-7", "22.03.2003", "02.08.2003", "WILDCAT", "P&A", "GAS/CONDENSATE"]]}, "14": {"index": [0, 1, 2, 3, 4, 5, 6, 7, 8, 9, 10, 11, 12, 13], "columns": {"0": "Wellbore name", "1": "Entered date", "2": "Completeddate", "3": "Purpose", "4": "Content"}, "data": [["1/9-AB-1 H", "11.12.2022", "23.01.2023", "OBSERVATION", "NOTAPPLICABLE"], ["1/9-AA-1 H", NaN, NaN, "PRODUCTION", NaN], ["1/9-AB-1 AH", "25.01.2023", "01.02.2023", "PRODUCTION", "OIL/GAS"], ["1/9-AB-2 H", "25.03.2023", "14.04.2023", "PRODUCTION", "OIL/GAS"], ["1/9-AA-2 H", NaN, NaN, "PRODUCTION", NaN], ["1/9-AA-3 H", NaN, NaN, "PRODUCTION", NaN], ["1/9-AB-3 H", "25.11.2022", "03.03.2023", "OBSERVATION", "NOTAPPLICABLE"], ["1/9-AB-3 AH", "05.03.2023", "17.03.2023", "PRODUCTION", "OIL/GAS"], ["1/9-AB-4 H", "25.06.2023", "24.07.2023", "PRODUCTION", NaN], ["1/9-AA-4 H", NaN, NaN, "PRODUCTION", NaN], ["1/9-AA-5 H", NaN, NaN, "PRODUCTION", NaN], ["1/9-AB-5 H", "26.04.2023", "18.05.2023", "PRODUCTION", NaN], ["1/9-AB-6 H", "27.05.2023", "16.06.2023", "PRODUCTION", "OIL/GAS"], ["1/9-AA-6 H", NaN, NaN, "PRODUCTION", NaN]]}, "15": {"index": [], "columns": {"0": "Wellbore name", "1": "Entered date", "2": "Completeddate", "3": "Purpose", "4": "Status"}, "data": []}, "kind": "osdu:wks:master-data--Field:1.0.0 ", "id": "npd:master-data--Factpages-Field:40867462"}