{"0": {"index": [0, 1, 2, 3, 4, 5, 6, 7, 8, 9, 10, 11, 12, 13, 14, 15, 16, 17, 18, 19, 20, 21, 22, 23, 24], "columns": {"0": "eneral information", "1": "Unnamed: 0"}, "data": [["Survey name", "ABP22105"], ["Legal basis", "Petroleumsforskriften jf Ressursforskriften"], ["NPDID for survey", "10412"], ["Factmaps - new window", "link to map"], ["Status", "Ferdig"], ["Area", "Nordsj\u00f8en"], ["Market available", "Ja"], ["Category", "Andre unders\u00f8kelser"], ["Main type", "Grunnunders\u00f8kelse"], ["Sub type", "Ikke seismikk"], ["Company - responsible", "Aker BP ASA"], ["Source type", NaN], ["Number of sources", NaN], ["Source size", NaN], ["Source pressure", NaN], ["Sensor type", NaN], ["Numbers of sensors", NaN], ["Sensor length [m]", NaN], ["Sensor width [m]", NaN], ["Start date - planned", "24.06.2022"], ["Start date", "24.06.2022"], ["Completed date - planned", "03.07.2022"], ["Completed date", "26.06.2022"], ["Total length [boat km]", NaN], ["Net area - actual 3D/4D [km2]", NaN]]}, "1": {"index": [], "columns": {"0": "Unnamed: 0"}, "data": []}, "2": {"index": [0, 1, 2, 3, 4, 5], "columns": {"0": "Date", "1": "Type of update", "2": "Information"}, "data": [["26.06.2022", "Melding - Unders\u00f8kelsen er ferdig", NaN], ["26.06.2022", "Status", "Ferdig"], ["24.06.2022", "Fiskeridirektoratets uttalelse tilendringsmelding", "Vi har ingen merknader p\u00e5 fiskerifaglig grunnlag ogopprettholder v\u00e5r tidligere uttalelse i saken."], ["24.06.2022", "Status", "P\u00e5g\u00e5ende"], ["24.06.2022", "Melding - Unders\u00f8kelsen startesopp", NaN], ["22.06.2022", "Melding - Endringsmelding somkrever saksbehandling", "fart\u00f8yet har rapportert ytterliggere forsinkelser men erper siste info i transit til norsk sokkel. Oppstart eravhengig av v\u00e6r og prioritering."]]}, "3": {"index": [0, 1, 2, 3, 4, 5, 6, 7, 8, 9, 10, 11, 12, 13, 14, 15, 16, 17, 18, 19, 20, 21, 22, 23, 24, 25, 26, 27, 28, 29, 30, 31, 32, 33, 34, 35, 36, 37, 38, 39, 40, 41, 42, 43, 44, 45], "columns": {"0": "17.06.2022", "1": "Oljedirektoratets uttalelse til", "2": "Oljedirektoratet (OD) viser til melding om endring av"}, "data": [[NaN, "endringsmelding", "tidsrom for unders\u00f8kelsen. P\u00e5 bakgrunn av innmeldt"], [NaN, NaN, "endring og ny uttalelse fra Fiskeridirektoratet, har OD"], [NaN, NaN, "ingen ytterligere merknader til at unders\u00f8kelsen kan"], [NaN, NaN, "gjennomf\u00f8res som planlagt dersom disse blir fulgt."], ["10.06.2022", "Fiskeridirektoratets uttalelse til", "Vi har ingen merknader p\u00e5 fiskerifaglig grunnlag og"], [NaN, "endringsmelding", "opprettholder v\u00e5r tidligere uttalelse i saken."], ["08.06.2022", "Melding - Endringsmelding som", "Northern Ocean er forsinket fra p\u00e5g\u00e5ende prosjekt"], [NaN, "krever saksbehandling", NaN], ["01.06.2022", "Oljedirektoratet uttalelse til", "Oljedirektoratet (OD) viser til deres melding vedr\u00f8rende"], [NaN, "innmelding", "denne unders\u00f8kelsen."], [NaN, NaN, "OD gj\u00f8r s\u00e6rlig oppmerksom p\u00e5 at fart\u00f8y som foretar en"], [NaN, NaN, "unders\u00f8kelse, skal holde forsvarlig avstand til fart\u00f8y"], [NaN, NaN, "som driver fiske, og til fastst\u00e5ende og flytende"], [NaN, NaN, "fiskeredskap. S\u00e6rlig aktsomhet skal utvises n\u00e5r st\u00f8rre"], [NaN, NaN, "ansamlinger av fiskefart\u00f8y observeres, jf. forskrift om"], [NaN, NaN, "ressursforvaltning innen petroleumsvirksomheten av"], [NaN, NaN, "13.12.2017 (ressursforskriften) \u00a7 8 andre ledd."], [NaN, NaN, "Uttalelser som er gitt av adressatene innenfor"], [NaN, NaN, "meldesystemet (jf. petroleumsforskriften \u00a7 6/"], [NaN, NaN, "ressursforskriften \u00a7 6) f\u00f8lger vedlagt. OD har ingen"], [NaN, NaN, "merknader til at unders\u00f8kelsen gjennomf\u00f8res som"], [NaN, NaN, "planlagt dersom tilr\u00e5dningene som angitt blir fulgt. Det"], [NaN, NaN, "er ikke stilt krav om fiskerikyndig bemanning for denne"], [NaN, NaN, "unders\u00f8kelsen."], [NaN, NaN, "Dersom unders\u00f8kelsen aksepteres gjennomf\u00f8rt slik den"], [NaN, NaN, "er tilr\u00e5dd, stadfestes dette gjennom at det sendes inn"], [NaN, NaN, "oppstartsmelding n\u00e5r unders\u00f8kelsen starter, jf."], [NaN, NaN, "ressursforskriften \u00a7 6, 3.ledd."], [NaN, NaN, "Skulle det oppst\u00e5 situasjoner i forhold til"], [NaN, NaN, "fiskeriaktiviteten, ber vi om \u00e5 bli underrettet om dette."], [NaN, NaN, "Unders\u00f8kelsen kan bli stanset eller endret p\u00e5 kort varsel"], [NaN, NaN, "dersom det oppst\u00e5r konflikt med fiskeriene."], [NaN, NaN, "OD gj\u00f8r ogs\u00e5 oppmerksom p\u00e5 at ev. endringer m\u00e5"], [NaN, NaN, "meldes inn i henhold til ressursforskriften \u00a7 6. Det er"], [NaN, NaN, "krav om at alle slike regelverkspliktige meldinger,"], [NaN, NaN, "herunder oppstartsmelding, endringsmelding,"], [NaN, NaN, "ukemelding og sluttmelding \u2013 skal rapporteres gjennom"], [NaN, NaN, "ODs meldingssystem for unders\u00f8kelser."], [NaN, NaN, "Rettighetshaver og/eller den som st\u00e5r for driften av"], [NaN, NaN, "fart\u00f8yet skal for \u00f8vrig gj\u00f8re relevant regelverk,"], [NaN, NaN, "dokumenter og data tilgjengelig for den fiskerikyndige."], [NaN, NaN, "Regelverk og dokumenter skal foreligge p\u00e5 b\u00e5de norsk"], [NaN, NaN, "og engelsk. Det skal ogs\u00e5 legges til rette for at den"], [NaN, NaN, "fiskerikyndige har tilgang til internett og andre"], [NaN, NaN, "n\u00f8dvendige hjelpemidler jf. ressursforskriften \u00a7 9."], ["01.06.2022", "Status", "Planlagt"]]}, "4": {"index": [0, 1, 2, 3, 4, 5, 6, 7, 8, 9, 10, 11, 12, 13, 14, 15, 16, 17, 18, 19, 20, 21, 22, 23, 24, 25, 26, 27, 28, 29, 30], "columns": {"0": "30.05.2022", "1": "Fiskeridirektoratets uttalelse til", "2": "Innmeldte grunnunders\u00f8kelse ligger like ved Allebanken"}, "data": [[NaN, "innmelding", "og Bergenbanken."], [NaN, NaN, "I den innmeldte perioden kan det her ventes fiske etter"], [NaN, NaN, "hvit fisk med snurrevad, bunntr\u00e5l og garn. Det kan ogs\u00e5"], [NaN, NaN, "ventes fiske etter nordsj\u00f8sild med not og flytetr\u00e5l."], [NaN, NaN, "Dersom silda er tilgjengelig for fangst i omr\u00e5det kan det"], [NaN, NaN, "ventes at mange ringnotfart\u00f8y vil lete og drive fiske, og"], [NaN, NaN, "da kan fart\u00f8yene ligge tett."], [NaN, NaN, "Vi venter stor \u00f8kning i deltakelse av norske fart\u00f8y i fiske"], [NaN, NaN, "etter nordsj\u00f8sild sammenliknet med tidligere \u00e5r, og"], [NaN, NaN, "risikoen for konflikt er tilsvarende st\u00f8rre."], [NaN, NaN, "Annen sporadisk fiskeriaktivitet kan heller ikke"], [NaN, NaN, "utelukkes."], [NaN, NaN, "Vi forutsetter at unders\u00f8kelsen utf\u00f8res med den st\u00f8rste"], [NaN, NaN, "aktsomhet, uten \u00e5 v\u00e6re til hinder for fiskeriaktiviteten i"], [NaN, NaN, "omr\u00e5det som nevnt over. Unders\u00f8kelsen kan bli"], [NaN, NaN, "anmodet endret og stanset dersom det oppst\u00e5r"], [NaN, NaN, "konflikter med fiskeriene."], [NaN, NaN, "Etter en helhetsvurdering, med bakgrunn i type"], [NaN, NaN, "unders\u00f8kelse, og under forutsetning av at det ikke skal"], [NaN, NaN, "slepes utstyr i sj\u00f8en eller samles inn seismikk, vil vi ikke"], [NaN, NaN, "kreve fiskerikyndig for denne unders\u00f8kelsen. Vi r\u00e5der"], [NaN, NaN, "dere imidlertid til \u00e5 planlegge grunnunders\u00f8kelsen godt"], [NaN, NaN, "p\u00e5 forh\u00e5nd ut fra fiskeriaktiviteten som nevnt over."], ["19.05.2022", "Havforskningsinstituttets", "Havforskningsinstituttet har ingen merknader til de"], [NaN, "uttalelse til innmelding", "planlagte unders\u00f8kelsene."], ["06.05.2022", "Status", "Under behandling"], ["06.05.2022", "Melding - Innmelding", "Det planlegges CPT unders\u00f8kelse p\u00e5 borelokasjon."], [NaN, NaN, "Unders\u00f8kelsen gjennomf\u00f8res med bruk at sj\u00f8bunns"], [NaN, NaN, "utstyr hvor m\u00e5let for unders\u00f8kelsen er \u00e5 n\u00e5 minimum"], [NaN, NaN, "20 meter dype CPT penetreringer. Fart\u00f8yet er statisk"], [NaN, NaN, "under unders\u00f8kelsen."]]}, "5": {"index": [0], "columns": {"0": "Type of licence", "1": "Licence name"}, "data": [["Utvinningstillatelse", 873]]}, "6": {"index": [], "columns": {"0": "Type data", "1": "Format", "2": "Medium", "3": "Comment"}, "data": []}, "7": {"index": [0, 1, 2, 3], "columns": {"0": "Vessel Name", "1": "Type of vessel", "2": "Phone", "3": "IMO-number", "4": "Call", "5": "Nation"}, "data": [[NaN, NaN, "number", NaN, "signal", NaN], ["Northern", "Hovedfart\u00f8y", NaN, 9244568.0, "OYOJ2", "Danma"], ["Ocean", "(innsamlingsfa", NaN, NaN, NaN, "rk"], [NaN, "rt\u00f8y)", NaN, NaN, NaN, NaN]]}, "8": {"index": [], "columns": {"0": "From date", "1": "To date", "2": "Name", "3": "Phone number"}, "data": []}, "9": {"index": [0, 1, 2, 3, 4], "columns": {"0": "Point", "1": "NS", "2": "NS minutes", "3": "Unnamed: 0", "4": "EW", "5": "EW minutes", "6": "Unnamed: 1"}, "data": [["number", "degrees", "(decimal)", NaN, "degrees", "(decimal)", NaN], ["1", "59", "53.95", "N", "2", "22.65", "E"], ["2", "59", "54.00", "N", "2", "23.92", "E"], ["3", "59", "53.18", "N", "2", "23.92", "E"], ["4", "59", "53.17", "N", "2", "22.65", "E"]]}, "10": {"index": [0, 1, 2, 3, 4], "columns": {"0": "Point", "1": "NS", "2": "NS.1", "3": "NS.2", "4": "Unnamed: 0", "5": "EW", "6": "EW.1", "7": "EW.2", "8": "Unnamed: 1"}, "data": [["number", "degrees", "minutes", "seconds", NaN, "degrees", "minutes", "seconds", NaN], ["1", "59", "53", "56.95", "N", "2", "22", "38.95", "E"], ["2", "59", "53", "59.95", "N", "2", "23", "54.94", "E"], ["3", "59", "53", "10.95", "N", "2", "23", "54.94", "E"], ["4", "59", "53", "9.96", "N", "2", "22", "38.94", "E"]]}, "kind": "osdu:wks:master-data--Survey:1.0.0 ", "id": "npd:master-data--Factpages-Survey:10412"}