{"0": {"index": [0, 1, 2, 3, 4, 5, 6, 7, 8, 9, 10, 11, 12, 13, 14, 15, 16, 17, 18, 19, 20, 21, 22, 23, 24], "columns": {"0": "eneral information", "1": "Unnamed: 0"}, "data": [["Survey name", "EQ21313"], ["Legal basis", "Petroleumsforskriften jf Ressursforskriften"], ["NPDID for survey", "10088"], ["Factmaps - new window", "link to map"], ["Status", "Ferdig"], ["Area", "Barentshavet"], ["Market available", "Ja"], ["Category", "Andre unders\u00f8kelser"], ["Main type", "Borestedunders\u00f8kelse"], ["Sub type", "Ikke seismikk"], ["Company - responsible", "Equinor Energy AS"], ["Source type", NaN], ["Number of sources", NaN], ["Source size", NaN], ["Source pressure", NaN], ["Sensor type", NaN], ["Numbers of sensors", NaN], ["Sensor length [m]", NaN], ["Sensor width [m]", NaN], ["Start date - planned", "17.08.2021"], ["Start date", "24.08.2021"], ["Completed date - planned", "29.09.2021"], ["Completed date", "16.09.2021"], ["Total length [boat km]", "635"], ["Net area - actual 3D/4D [km2]", NaN]]}, "1": {"index": [], "columns": {"0": "Unnamed: 0"}, "data": []}, "2": {"index": [0, 1, 2, 3, 4, 5, 6], "columns": {"0": "Date", "1": "Type of update", "2": "Information"}, "data": [["16.09.2021", "Melding - Unders\u00f8kelsen er ferdig", NaN], ["16.09.2021", "Status", "Ferdig"], ["14.09.2021", "Fiskeridirektoratets uttalelse tilendringsmelding", "Viser til uttalelse av 14.04.21 og har ingen ytterligerekommentarer"], ["13.09.2021", "Melding - Ordin\u00e6r ukemelding", "Survey i pause modus den aktuelle uken. Tilbakep\u00e5g\u00e5ende modus fra 13 september. -"], ["13.09.2021", "Melding - Unders\u00f8kelsengjenopptas", NaN], ["13.09.2021", "Status", "P\u00e5g\u00e5ende"], ["12.09.2021", "Melding - Endringsmelding - tilinfo", NaN]]}, "3": {"index": [0, 1, 2, 3, 4, 5, 6, 7, 8, 9, 10, 11, 12, 13, 14, 15, 16, 17, 18], "columns": {"0": "12.09.2021", "1": "Melding - Endringsmelding - tilinfo", "2": "Unnamed: 0"}, "data": [["12.09.2021", "Melding - Endringsmelding somkrever saksbehandling", "Grunnet d\u00e5rligere v\u00e6r i Barentshavet enn antatt"], ["06.09.2021", "Melding - Unders\u00f8kelsen er sattp\u00e5 pause", NaN], ["06.09.2021", "Status", "Pause"], ["06.09.2021", "Melding - Ordin\u00e6r ukemelding", "-"], ["30.08.2021", "Melding - Ordin\u00e6r ukemelding", "-"], ["24.08.2021", "Melding - Unders\u00f8kelsen startesopp", NaN], ["24.08.2021", "Status", "P\u00e5g\u00e5ende"], ["24.08.2021", "Melding - Endringsmelding - tilinfo", NaN], ["19.08.2021", "Oljedirektoratets uttalelse tilendringsmelding", "Oljedirektoratet (OD) viser til melding om endring avtidsrom for unders\u00f8kelsen. P\u00e5 bakgrunn av innmeldtendring og nye uttalelser fra Havforskningsinstituttet ogFiskeridirektoratet, har OD ingen ytterligere merknadertil at unders\u00f8kelsen kan gjennomf\u00f8res som planlagtdersom disse blir fulgt."], ["16.08.2021", "Fiskeridirektoratets uttalelse tilendringsmelding", "Fiskeridirektoratet viser til v\u00e5r uttalelse av 19.05.21 oghar ingen ytterlige kommentarer."], ["05.08.2021", "Havforskningsinstituttetsuttalelse til endringsmelding", "Havforskningsinstituttet har ingen merknader tilendringene i den planlagte unders\u00f8kelsen. Vurderingener gjort med hensyn til aktive gytefelt og konsentrertegytevandringer for aktuelle fiskebestander(p\u00e5virkningsavstand 5 nmi) , beiteomr\u00e5der for hval ogforekomst av koraller."], ["04.08.2021", "Melding - Endringsmelding - tilinfo", NaN], ["04.08.2021", "Melding - Endringsmelding - tilinfo", NaN], ["04.08.2021", "Melding - Endringsmelding somkrever saksbehandling", NaN], ["26.07.2021", "Melding - Endringsmelding - tilinfo", NaN], ["26.07.2021", "Melding - Endringsmelding - tilinfo", NaN], ["26.07.2021", "Melding - Endringsmelding - tilinfo", NaN], ["15.07.2021", "Oljedirektoratets uttalelse tilendringsmelding", "Oljedirektoratet (OD) viser til melding om endring av tidog omr\u00e5de for unders\u00f8kelsen. P\u00e5 bakgrunn av innmeldtendring og nye uttalelser fra Havforskningsinstituttet ogFiskeridirektoratet, har OD ingen ytterligere merknadertil at unders\u00f8kelsen kan gjennomf\u00f8res som planlagtdersom disse blir fulgt."], ["13.07.2021", "Fiskeridirektoratets uttalelse tilendringsmelding", "Fiskeridirektoratet viser til v\u00e5r uttalelse av 19.05.21 oghar ingen \u00f8vrige kommentarer."]]}, "4": {"index": [0, 1, 2, 3, 4, 5, 6, 7, 8, 9, 10, 11, 12, 13, 14, 15, 16, 17, 18, 19, 20, 21, 22, 23, 24, 25, 26], "columns": {"0": "12.07.2021", "1": "Havforskningsinstituttets", "2": "Havforskningsinstituttet har ingen merknader til"}, "data": [[NaN, "uttalelse til endringsmelding", "endringene i den planlagte unders\u00f8kelsen. Vurderingen"], [NaN, NaN, "er gjort med hensyn til aktive gytefelt og konsentrerte"], [NaN, NaN, "gytevandringer for aktuelle fiskebestander"], [NaN, NaN, "(p\u00e5virkningsavstand 5 nmi) , beiteomr\u00e5der for hval og"], [NaN, NaN, "forekomst av koraller."], ["07.07.2021", "Melding - Endringsmelding som", NaN], [NaN, "krever saksbehandling", NaN], ["30.06.2021", "Oljedirektoratets uttalelse til", "Oljedirektoratet (OD) viser til melding om endring av"], [NaN, "endringsmelding", "tidsrom for unders\u00f8kelsen. P\u00e5 bakgrunn av innmeldt"], [NaN, NaN, "endring og nye uttalelser fra Havforskningsinstituttet og"], [NaN, NaN, "Fiskeridirektoratet, har OD ingen ytterligere merknader"], [NaN, NaN, "til at unders\u00f8kelsen kan gjennomf\u00f8res som planlagt"], [NaN, NaN, "dersom disse blir fulgt."], ["29.06.2021", "Fiskeridirektoratets uttalelse til", "Fiskeridirektoratet viser til v\u00e5r uttalelse av 14.04.21 og"], [NaN, "endringsmelding", "har ingen ytterlige kommentarer"], ["28.06.2021", "Havforskningsinstituttets", "Havforskningsinstituttet har ingen merknader til"], [NaN, "uttalelse til endringsmelding", "endringen i den planlagte unders\u00f8kelsen. Vurderingen"], [NaN, NaN, "er gjort med hensyn til aktive gytefelt og konsentrerte"], [NaN, NaN, "gytevandringer for aktuelle fiskebestander"], [NaN, NaN, "(p\u00e5virkningsavstand 5 nmi), beiteomr\u00e5der for hval og"], [NaN, NaN, "forekomst av koraller."], ["21.06.2021", "Melding - Endringsmelding - til", NaN], [NaN, "info", NaN], ["21.06.2021", "Melding - Endringsmelding - til", NaN], [NaN, "info", NaN], ["21.06.2021", "Melding - Endringsmelding som", NaN], [NaN, "krever saksbehandling", NaN]]}, "5": {"index": [0, 1, 2, 3, 4, 5, 6, 7, 8, 9, 10, 11, 12, 13, 14, 15, 16, 17, 18, 19, 20, 21, 22, 23, 24, 25, 26, 27, 28, 29, 30, 31, 32, 33, 34, 35, 36, 37, 38, 39, 40, 41, 42], "columns": {"0": "25.05.2021", "1": "Oljedirektoratet uttalelse til", "2": "Oljedirektoratet (OD) viser til deres melding vedr\u00f8rende"}, "data": [[NaN, "innmelding", "denne unders\u00f8kelsen."], [NaN, NaN, "OD gj\u00f8r s\u00e6rlig oppmerksom p\u00e5 at fart\u00f8y som foretar en"], [NaN, NaN, "unders\u00f8kelse, skal holde forsvarlig avstand til fart\u00f8y"], [NaN, NaN, "som driver fiske, og til fastst\u00e5ende og flytende"], [NaN, NaN, "fiskeredskap. S\u00e6rlig aktsomhet skal utvises n\u00e5r st\u00f8rre"], [NaN, NaN, "ansamlinger av fiskefart\u00f8y observeres, jf. forskrift om"], [NaN, NaN, "ressursforvaltning innen petroleumsvirksomheten av"], [NaN, NaN, "13.12.2017 (ressursforskriften) \u00a7 8 andre ledd."], [NaN, NaN, "OD viser til uttalelsene som er gitt av adressatene"], [NaN, NaN, "innenfor meldesystemet (jf. petroleumsforskriften \u00a7 6/"], [NaN, NaN, "ressursforskriften \u00a7 6), og har ingen merknader til at"], [NaN, NaN, "unders\u00f8kelsen  gjennomf\u00f8res som planlagt dersom"], [NaN, NaN, "disse tas til etterretning. Dette gjelder ogs\u00e5 ved krav"], [NaN, NaN, "om fiskerikyndig fra Fiskeridirektoratet."], [NaN, NaN, "Dersom unders\u00f8kelsen aksepteres gjennomf\u00f8rt slik den"], [NaN, NaN, "er tilr\u00e5dd, stadfestes dette gjennom at det sendes inn"], [NaN, NaN, "melding om oppstart n\u00e5r unders\u00f8kelsen starter, jf."], [NaN, NaN, "ressursforskriften \u00a7 6, 3.ledd."], [NaN, NaN, "Skulle det oppst\u00e5 situasjoner i forbindelse med"], [NaN, NaN, "fiskeriaktiviteten, ber vi om \u00e5 bli underrettet om dette."], [NaN, NaN, "Unders\u00f8kelsen kan bli stanset eller endret p\u00e5 kort varsel"], [NaN, NaN, "dersom det oppst\u00e5r konflikt med fiskeriene."], [NaN, NaN, "OD gj\u00f8r ogs\u00e5 oppmerksom p\u00e5 at ev. endringer m\u00e5"], [NaN, NaN, "meldes inn i henhold til ressursforskriften \u00a7 6. Det er"], [NaN, NaN, "krav om at alle slike regelverkspliktige meldinger,"], [NaN, NaN, "herunder oppstartsmelding, endringsmelding,"], [NaN, NaN, "ukemelding og sluttmelding \u2013 skal rapporteres gjennom"], [NaN, NaN, "ODs innmeldingssystem for unders\u00f8kelser."], [NaN, NaN, "Rettighetshaver og/eller den som st\u00e5r for driften av"], [NaN, NaN, "fart\u00f8yet skal for \u00f8vrig gj\u00f8re relevant regelverk,"], [NaN, NaN, "dokumenter og data tilgjengelig for den fiskerikyndige."], [NaN, NaN, "Regelverk og dokumenter skal foreligge p\u00e5 b\u00e5de norsk"], [NaN, NaN, "og engelsk. Det skal ogs\u00e5 legges til rette for at den"], [NaN, NaN, "fiskerikyndige har tilgang til internett og andre"], [NaN, NaN, "n\u00f8dvendige hjelpemidler jf. ressursforskriften \u00a7 9."], ["25.05.2021", "Status", "Planlagt"], ["19.05.2021", "Fiskeridirektoratets uttalelse til", "Basert p\u00e5 blant annet historiske fiskeriaktivitetsdata for"], [NaN, "innmelding", "2020, 2019 og 2018 forventer vi liten eller ingen"], [NaN, NaN, "fiskeriaktivitet i selve unders\u00f8kelsesomr\u00e5det, men vi"], [NaN, NaN, "kan ikke utelukke det helt."], [NaN, NaN, "Det skal v\u00e6re fiskerikyndig bemanning p\u00e5 fart\u00f8yet som"], [NaN, NaN, "ut\u00f8ver unders\u00f8kelsen, med mindre annet fremg\u00e5r av"], [NaN, NaN, "ODs tilbakemelding."]]}, "6": {"index": [0, 1, 2, 3, 4, 5, 6, 7, 8, 9, 10, 11, 12, 13, 14, 15, 16, 17], "columns": {"0": "26.04.2021", "1": "Havforskningsinstituttetsuttalelse til innmelding", "2": "Havforskningsinstituttet har ingen merknader til denplanlagte unders\u00f8kelsen. Vurderingen er gjort medhensyn til aktive gytefelt og konsentrertegytevandringer for aktuelle fiskebestander(p\u00e5virkningsavstand 5 nmi).", "3": "Unnamed: 0"}, "data": [["14.04.2021", "Status", "Under behandling", NaN], ["14.04.2021", "Melding - Innmelding", "Bathymetry Unders\u00f8kelse.", NaN], [NaN, NaN, NaN, NaN], ["icences", NaN, NaN, NaN], ["Type of licence", "Licence name", NaN, NaN], ["Unders\u00f8kelsestillatelse", "701", NaN, NaN], ["Utvinningstillatelse", "537", NaN, NaN], [NaN, NaN, NaN, NaN], ["ompany the acquisition is done for", NaN, NaN, NaN], ["Company name", NaN, NaN, NaN], ["Equinor Energy AS", NaN, NaN, NaN], [NaN, NaN, NaN, NaN], ["ompany doing the acquisition", NaN, NaN, NaN], ["Company name", NaN, NaN, NaN], ["Gardline Geosurvey Ltd", NaN, NaN, NaN], [NaN, NaN, NaN, NaN], ["ata format", NaN, NaN, NaN], ["Type data", "Format", "Medium", "Comment"]]}, "7": {"index": [0, 1, 2, 3, 4, 5, 6], "columns": {"0": "Unnamed: 0", "1": "Unnamed: 1", "2": "Unnamed: 2", "3": "Unnamed: 3", "4": "Unnamed: 4", "5": "Unnamed: 5"}, "data": [["essel", NaN, NaN, NaN, NaN, NaN], ["Vessel Name", "Type of vessel", "Phonenumber", "IMO-number", "Callsignal", "Nation"], ["OceanReliance", "Hovedfart\u00f8y(innsamlingsfart\u00f8y)", "+44 1493236008", "8616609", "HP6391", "Panama"], [NaN, NaN, NaN, NaN, NaN, NaN], ["ishery expert", NaN, NaN, NaN, NaN, NaN], ["From date", "To date", "Name", "Phone number", NaN, NaN], ["17.08.2021", "29.09.2021", "Jens Thorsteinsen", "941 91 160", NaN, NaN]]}, "8": {"index": [], "columns": {"0": "Unnamed: 0"}, "data": []}, "9": {"index": [0, 1], "columns": {"0": "Pointnumber", "1": "NSdegrees", "2": "NS minutes(decimal)", "3": "Unnamed: 0", "4": "EWdegrees", "5": "EW minutes(decimal)", "6": "Unnamed: 1"}, "data": [[1, 73, 32.46, "N", 24, 6.01, "E"], [2, 73, 28.12, "N", 24, 36.22, "E"]]}, "10": {"index": [0, 1], "columns": {"0": "3", "1": "73", "2": "23.57", "3": "N", "4": "24", "5": "30.37", "6": "E"}, "data": [[4, 73, 22.69, "N", 24, 20.69, "E"], [5, 73, 26.56, "N", 24, 1.18, "E"]]}, "11": {"index": [0, 1, 2, 3, 4, 5], "columns": {"0": "Point", "1": "NS", "2": "NS.1", "3": "NS.2", "4": "Unnamed: 0", "5": "EW", "6": "EW.1", "7": "EW.2", "8": "Unnamed: 1"}, "data": [["number", "degrees", "minutes", "seconds", NaN, "degrees", "minutes", "seconds", NaN], ["1", "73", "32", "27.34", "N", "24", "6", "0.34", "E"], ["2", "73", "28", "7.22", "N", "24", "36", "13.00", "E"], ["3", "73", "23", "33.96", "N", "24", "30", "21.97", "E"], ["4", "73", "22", "41.44", "N", "24", "20", "41.44", "E"], ["5", "73", "26", "33.44", "N", "24", "1", "10.93", "E"]]}, "kind": "osdu:wks:master-data--Survey:1.0.0 ", "id": "npd:master-data--Factpages-Survey:10088"}