{"0": {"index": [0, 1, 2, 3, 4, 5, 6, 7, 8, 9, 10, 11, 12, 13, 14, 15, 16, 17, 18, 19, 20, 21, 22, 23, 24], "columns": {"0": "eneral information", "1": "Unnamed: 0"}, "data": [["Survey name", "INE21300"], ["Legal basis", "Petroleumsforskriften jf Ressursforskriften"], ["NPDID for survey", "10199"], ["Factmaps - new window", "link to map"], ["Status", "Avlyst"], ["Area", "Norskehavet"], ["Market available", "Nei"], ["Category", "Seismisk unders\u00f8kelse"], ["Main type", "Borestedunders\u00f8kelse"], ["Sub type", "2D"], ["Company - responsible", "INEOS E&P Norge AS"], ["Source type", "seismicSource"], ["Number of sources", "1"], ["Source size", "750"], ["Source pressure", "2000"], ["Sensor type", "notRelevant"], ["Numbers of sensors", NaN], ["Sensor length [m]", NaN], ["Sensor width [m]", NaN], ["Start date - planned", "02.09.2021"], ["Start date", NaN], ["Completed date - planned", "02.03.2022"], ["Completed date", NaN], ["Total length [boat km]", NaN], ["Net area - actual 3D/4D [km2]", NaN]]}, "1": {"index": [], "columns": {"0": "Unnamed: 0"}, "data": []}, "2": {"index": [0, 1], "columns": {"0": "Date", "1": "Type of update", "2": "Information"}, "data": [["08.09.2021", "Status", "Avlyst"], ["08.09.2021", "Melding - Unders\u00f8kelsen avlyses", NaN]]}, "3": {"index": [0, 1, 2, 3, 4, 5, 6, 7, 8, 9, 10, 11, 12, 13, 14, 15, 16, 17, 18, 19, 20, 21, 22, 23, 24, 25, 26, 27, 28, 29, 30, 31, 32, 33, 34, 35, 36, 37], "columns": {"0": "03.09.2021", "1": "Oljedirektoratet uttalelse til", "2": "Oljedirektoratet (OD) viser til deres melding vedr\u00f8rende"}, "data": [[NaN, "innmelding", "denne unders\u00f8kelsen."], [NaN, NaN, "OD gj\u00f8r s\u00e6rlig oppmerksom p\u00e5 at fart\u00f8y som foretar en"], [NaN, NaN, "unders\u00f8kelse, skal holde forsvarlig avstand til fart\u00f8y"], [NaN, NaN, "som driver fiske, og til fastst\u00e5ende og flytende"], [NaN, NaN, "fiskeredskap. S\u00e6rlig aktsomhet skal utvises n\u00e5r st\u00f8rre"], [NaN, NaN, "ansamlinger av fiskefart\u00f8y observeres, jf. forskrift om"], [NaN, NaN, "ressursforvaltning innen petroleumsvirksomheten av"], [NaN, NaN, "13.12.2017 (ressursforskriften) \u00a7 8 andre ledd."], [NaN, NaN, "Det vises for \u00f8vrig til veileder om \"Gjennomf\u00f8ring av"], [NaN, NaN, "seismiske unders\u00f8kelser p\u00e5 norsk kontinentalsokkel\"."], [NaN, NaN, "OD viser til uttalelsene som er gitt av adressatene"], [NaN, NaN, "innenfor meldesystemet (jf. petroleumsforskriften \u00a7 6/"], [NaN, NaN, "ressursforskriften \u00a7 6), og har ingen merknader til at"], [NaN, NaN, "unders\u00f8kelsen  gjennomf\u00f8res som planlagt dersom"], [NaN, NaN, "disse tas til etterretning. Dette gjelder ogs\u00e5 eventuelt"], [NaN, NaN, "krav om fiskerikyndig fra Fiskeridirektoratet."], [NaN, NaN, "Dersom unders\u00f8kelsen aksepteres gjennomf\u00f8rt slik den"], [NaN, NaN, "er tilr\u00e5dd, stadfestes dette gjennom at det sendes inn"], [NaN, NaN, "melding om oppstart n\u00e5r unders\u00f8kelsen starter, jf."], [NaN, NaN, "ressursforskriften \u00a7 6, 3.ledd."], [NaN, NaN, "Skulle det oppst\u00e5 situasjoner i forbindelse med"], [NaN, NaN, "fiskeriaktiviteten, ber vi om \u00e5 bli underrettet om dette."], [NaN, NaN, "Unders\u00f8kelsen kan bli stanset eller endret p\u00e5 kort varsel"], [NaN, NaN, "dersom det oppst\u00e5r konflikt med fiskeriene."], [NaN, NaN, "OD gj\u00f8r ogs\u00e5 oppmerksom p\u00e5 at ev. endringer m\u00e5"], [NaN, NaN, "meldes inn i henhold til ressursforskriften \u00a7 6. Det er"], [NaN, NaN, "krav om at alle slike regelverkspliktige meldinger,"], [NaN, NaN, "herunder oppstartsmelding, endringsmelding,"], [NaN, NaN, "ukemelding og sluttmelding \u2013 skal rapporteres gjennom"], [NaN, NaN, "ODs innmeldingssystem for unders\u00f8kelser."], [NaN, NaN, "Rettighetshaver og/eller den som st\u00e5r for driften av"], [NaN, NaN, "fart\u00f8yet skal for \u00f8vrig gj\u00f8re relevant regelverk,"], [NaN, NaN, "dokumenter og data tilgjengelig for den fiskerikyndige."], [NaN, NaN, "Regelverk og dokumenter skal foreligge p\u00e5 b\u00e5de norsk"], [NaN, NaN, "og engelsk. Det skal ogs\u00e5 legges til rette for at den"], [NaN, NaN, "fiskerikyndige har tilgang til internett og andre"], [NaN, NaN, "n\u00f8dvendige hjelpemidler jf. ressursforskriften \u00a7 9."], ["03.09.2021", "Status", "Planlagt"]]}, "4": {"index": [0, 1, 2, 3, 4, 5, 6, 7, 8, 9, 10, 11, 12, 13, 14, 15, 16, 17, 18, 19, 20, 21, 22, 23, 24, 25, 26, 27, 28, 29, 30, 31, 32, 33, 34, 35, 36, 37, 38], "columns": {"0": "02.09.2021", "1": "Havforskningsinstituttets", "2": "Vurderinger av s\u00f8knader som gjelder 2022 blir ikke"}, "data": [[NaN, "uttalelse til innmelding", "gjort f\u00f8r etter 15. november siden frar\u00e5dingskartene"], [NaN, NaN, "ikke er oppdaterte enn\u00e5. Frem til 31. desember 2021"], [NaN, NaN, "har"], [NaN, NaN, "Havforskningsinstituttet ingen merknader til den"], [NaN, NaN, "planlagte unders\u00f8kelsen. Vurderingen er gjort med"], [NaN, NaN, "hensyn til aktive gytefelt og konsentrerte"], [NaN, NaN, "gytevandringer for aktuelle fiskebestander"], [NaN, NaN, "(p\u00e5virkningsavstand 5 nmi) , beiteomr\u00e5der for hval og"], [NaN, NaN, "forekomst av koraller."], ["17.08.2021", "Fiskeridirektoratets uttalelse til", "Fiskerifaglig vurdering:"], [NaN, "innmelding", "Unders\u00f8kelsen skal foreg\u00e5 ca. 71 km nord/vest fra"], [NaN, NaN, "n\u00e6rmeste land som er Sm\u00f8la i M\u00f8re og Romsdal."], [NaN, NaN, "Unders\u00f8kelsen skal p\u00e5g\u00e5 mellom 2. september 2021 \u2013"], [NaN, NaN, "2. mars 2022. Fiskeriaktiviteten i unders\u00f8kelsesomr\u00e5det"], [NaN, NaN, "varierer noe fra \u00e5r til \u00e5r. Med grunnlag fra historiske"], [NaN, NaN, "fiskeridata kan det ventes liten til ingen fiskeriaktivitet i"], [NaN, NaN, "unders\u00f8kelsesomr\u00e5det. I den nordlige omr\u00e5det utenfor"], [NaN, NaN, "unders\u00f8kelsesomr\u00e5det kan det p\u00e5g\u00e5 et fiske etter"], [NaN, NaN, "brosme og lange av den havg\u00e5ende konvensjonelle"], [NaN, NaN, "fiskefl\u00e5ten."], [NaN, NaN, "Sammendrag og tilr\u00e5ding:"], [NaN, NaN, "Vi forutsetter at unders\u00f8kelsen utf\u00f8res med den st\u00f8rste"], [NaN, NaN, "aktsomhet, uten \u00e5 v\u00e6re til hinder for fiskeriaktiviteten i"], [NaN, NaN, "omr\u00e5det som nevnt over."], [NaN, NaN, "Det oppfordres til at den fiskerikyndige blir delaktig"], [NaN, NaN, "tidlig i den operative planleggingsfasen av"], [NaN, NaN, "unders\u00f8kelsen, og at det etableres kontakt med"], [NaN, NaN, "Kystvaktsentralen/Kystvakt for \u00e5 orientere seg om"], [NaN, NaN, "fiskeriaktivitet og st\u00e5ende fiskeredskap i omr\u00e5det."], [NaN, NaN, "Unders\u00f8kelsen m\u00e5 stanses eller endres p\u00e5 kort varsel"], [NaN, NaN, "dersom det oppst\u00e5r konflikter med fiskeriene."], [NaN, NaN, "Det skal v\u00e6re fiskerikyndig bemanning p\u00e5 fart\u00f8yet som"], [NaN, NaN, "ut\u00f8ver unders\u00f8kelsen, med mindre annet fremg\u00e5r av"], [NaN, NaN, "ODs tilbakemelding."], ["28.07.2021", "Status", "Under behandling"], ["28.07.2021", "Melding - Innmelding", "Innsamlingen er en VSP unders\u00f8kelse med borerigg-"], [NaN, NaN, "kilde (Rig Source VSP) fra riggen Borgland Dolphin, og"], [NaN, NaN, "mulig b\u00e5t-kilde (Walk-above VSP). Fart\u00f8y for mulig b\u00e5t-"], [NaN, NaN, "kilde er enn\u00e5 ikke identifisert."]]}, "5": {"index": [0], "columns": {"0": "Type of licence", "1": "Licence name"}, "data": [["Utvinningstillatelse", 937]]}, "6": {"index": [], "columns": {"0": "Type data", "1": "Format", "2": "Medium", "3": "Comment"}, "data": []}, "7": {"index": [0], "columns": {"0": "Vessel Name", "1": "Type of vessel", "2": "Phone", "3": "IMO-number", "4": "Call", "5": "Nation"}, "data": [[NaN, NaN, "number", NaN, "signal", NaN]]}, "8": {"index": [], "columns": {"0": "From date", "1": "To date", "2": "Name", "3": "Phone number"}, "data": []}, "9": {"index": [0, 1, 2, 3, 4], "columns": {"0": "Point", "1": "NS", "2": "NS minutes", "3": "Unnamed: 0", "4": "EW", "5": "EW minutes", "6": "Unnamed: 1"}, "data": [["number", "degrees", "(decimal)", NaN, "degrees", "(decimal)", NaN], ["1", "63", "52.06", "N", "6", "46.53", "E"], ["2", "63", "53.58", "N", "6", "40.93", "E"], ["3", "63", "54.96", "N", "6", "42.86", "E"], ["4", "63", "53.43", "N", "6", "48.55", "E"]]}, "10": {"index": [0, 1, 2, 3, 4], "columns": {"0": "Point", "1": "NS", "2": "NS.1", "3": "NS.2", "4": "Unnamed: 0", "5": "EW", "6": "EW.1", "7": "EW.2", "8": "Unnamed: 1"}, "data": [["number", "degrees", "minutes", "seconds", NaN, "degrees", "minutes", "seconds", NaN], ["1", "63", "52", "3.66", "N", "6", "46", "31.74", "E"], ["2", "63", "53", "35.07", "N", "6", "40", "55.58", "E"], ["3", "63", "54", "57.71", "N", "6", "42", "51.76", "E"], ["4", "63", "53", "25.82", "N", "6", "48", "32.87", "E"]]}, "kind": "osdu:wks:master-data--Survey:1.0.0 ", "id": "npd:master-data--Factpages-Survey:10199"}